origin_time,target_time,target_end,label_available_at,gfs_init,gfs_available_at,gfs_wind_u_100m,gfs_wind_v_100m,gfs_wind_speed_100m,gfs_wind_u_10m,gfs_wind_v_10m,gfs_wind_speed_10m,gfs_temperature_2m,gfs_wind_speed_100m_sq,gfs_wind_speed_100m_cu,origin_lead_hours,gfs_lead_hours,gfs_init_hour,target_local_hour,target_local_month,target_local_day_of_year,turbine_id,target_power
2025-08-04T06:00:00Z,2025-08-04T06:00:00Z,2025-08-04T07:00:00Z,2025-08-04T07:00:00Z,2025-08-04T00:00:00Z,2025-08-04T04:04:34Z,0.086481933593750004,-0.39385986328125,0.40324275162988205,-0.20682861328125002,-0.30925048828125001,0.37204023945540676,31.589855957031261,0.16260471674203875,0.065569173407057257,0,6,0,11,8,216,1,0.12166666666666666
2025-08-04T06:00:00Z,2025-08-04T06:00:00Z,2025-08-04T07:00:00Z,2025-08-04T07:00:00Z,2025-08-04T00:00:00Z,2025-08-04T04:04:34Z,0.086481933593750004,-0.39385986328125,0.40324275162988205,-0.20682861328125002,-0.30925048828125001,0.37204023945540676,31.589855957031261,0.16260471674203875,0.065569173407057257,0,6,0,11,8,216,2,0.11333333333333334
2025-08-04T06:00:00Z,2025-08-04T07:00:00Z,2025-08-04T08:00:00Z,2025-08-04T08:00:00Z,2025-08-04T00:00:00Z,2025-08-04T04:04:34Z,3.8132421875000002,-1.1206225585937499,3.9744950496080618,3.4221118164062503,-1.03797607421875,3.5760653817621755,33.094042968750045,15.79661089935899,62.783551820087062,1,7,0,12,8,216,1,0.021666666666666667
2025-08-04T06:00:00Z,2025-08-04T07:00:00Z,2025-08-04T08:00:00Z,2025-08-04T08:00:00Z,2025-08-04T00:00:00Z,2025-08-04T04:04:34Z,3.8132421875000002,-1.1206225585937499,3.9744950496080618,3.4221118164062503,-1.03797607421875,3.5760653817621755,33.094042968750045,15.79661089935899,62.783551820087062,1,7,0,12,8,216,2,0.029999999999999999
2025-08-04T06:00:00Z,2025-08-04T08:00:00Z,2025-08-04T09:00:00Z,2025-08-04T09:00:00Z,2025-08-04T00:00:00Z,2025-08-04T04:04:34Z,6.6592871093750006,-1.476787109375,6.8210706616706602,6.0109448242187504,-1.3241552734374999,6.1550666014247586,33.906005859375057,46.527004971504219,317.3639885865324,2,8,0,13,8,216,1,0.0083333333333333332
2025-08-04T06:00:00Z,2025-08-04T08:00:00Z,2025-08-04T09:00:00Z,2025-08-04T09:00:00Z,2025-08-04T00:00:00Z,2025-08-04T04:04:34Z,6.6592871093750006,-1.476787109375,6.8210706616706602,6.0109448242187504,-1.3241552734374999,6.1550666014247586,33.906005859375057,46.527004971504219,317.3639885865324,2,8,0,13,8,216,2,0.0083333333333333332
2025-08-04T06:00:00Z,2025-08-04T09:00:00Z,2025-08-04T10:00:00Z,2025-08-04T10:00:00Z,2025-08-04T00:00:00Z,2025-08-04T04:04:34Z,9.3391577148437506,-0.74013916015625003,9.3684402543391574,8.10003662109375,-0.57115478515625007,8.1201484624153721,34.350024414062545,87.767672799122337,822.24619888096561,3,9,0,14,8,216,1,0.024999999999999998
2025-08-04T06:00:00Z,2025-08-04T09:00:00Z,2025-08-04T10:00:00Z,2025-08-04T10:00:00Z,2025-08-04T00:00:00Z,2025-08-04T04:04:34Z,9.3391577148437506,-0.74013916015625003,9.3684402543391574,8.10003662109375,-0.57115478515625007,8.1201484624153721,34.350024414062545,87.767672799122337,822.24619888096561,3,9,0,14,8,216,2,0.02
2025-08-04T06:00:00Z,2025-08-04T10:00:00Z,2025-08-04T11:00:00Z,2025-08-04T11:00:00Z,2025-08-04T00:00:00Z,2025-08-04T04:04:34Z,10.9554345703125,0.1920166015625,10.957117184719429,9.25616455078125,0.25341064453125001,9.2596327759744987,34.450024414062568,120.05841699967384,1315.4941440773375,4,10,0,15,8,216,1,0.24666666666666667
2025-08-04T06:00:00Z,2025-08-04T10:00:00Z,2025-08-04T11:00:00Z,2025-08-04T11:00:00Z,2025-08-04T00:00:00Z,2025-08-04T04:04:34Z,10.9554345703125,0.1920166015625,10.957117184719429,9.25616455078125,0.25341064453125001,9.2596327759744987,34.450024414062568,120.05841699967384,1315.4941440773375,4,10,0,15,8,216,2,0.23166666666666669
2025-08-04T06:00:00Z,2025-08-04T11:00:00Z,2025-08-04T12:00:00Z,2025-08-04T12:00:00Z,2025-08-04T00:00:00Z,2025-08-04T04:04:34Z,9.4539965820312499,-1.36851806640625,9.5525333326368909,7.97666259765625,-0.84874755859375006,8.0216905085565973,33.994091796875011,91.250893071138862,871.67719769493863,5,11,0,16,8,216,1,0.40166666666666667
2025-08-04T06:00:00Z,2025-08-04T11:00:00Z,2025-08-04T12:00:00Z,2025-08-04T12:00:00Z,2025-08-04T00:00:00Z,2025-08-04T04:04:34Z,9.4539965820312499,-1.36851806640625,9.5525333326368909,7.97666259765625,-0.84874755859375006,8.0216905085565973,33.994091796875011,91.250893071138862,871.67719769493863,5,11,0,16,8,216,2,0.38833333333333336
2025-08-04T06:00:00Z,2025-08-04T12:00:00Z,2025-08-04T13:00:00Z,2025-08-04T13:00:00Z,2025-08-04T00:00:00Z,2025-08-04T04:04:34Z,6.373779296875,-6.3610083007812506,9.0048591953389447,5.3490527343750003,-4.9391113281250005,7.2806033999070001,33.594030761718784,81.087489127880346,730.18142210014003,6,12,0,17,8,216,1,0.39333333333333331
2025-08-04T06:00:00Z,2025-08-04T12:00:00Z,2025-08-04T13:00:00Z,2025-08-04T13:00:00Z,2025-08-04T00:00:00Z,2025-08-04T04:04:34Z,6.373779296875,-6.3610083007812506,9.0048591953389447,5.3490527343750003,-4.9391113281250005,7.2806033999070001,33.594030761718784,81.087489127880346,730.18142210014003,6,12,0,17,8,216,2,0.40166666666666667
2025-08-04T06:00:00Z,2025-08-04T13:00:00Z,2025-08-04T14:00:00Z,2025-08-04T14:00:00Z,2025-08-04T00:00:00Z,2025-08-04T04:04:34Z,2.8145947265625,-10.8099169921875,11.170328950070248,2.06850341796875,-8.0525415039062498,8.3139720388200207,31.594042968750045,124.77624885277748,1393.7917448413498,7,13,0,18,8,216,1,0.45666666666666672
2025-08-04T06:00:00Z,2025-08-04T13:00:00Z,2025-08-04T14:00:00Z,2025-08-04T14:00:00Z,2025-08-04T00:00:00Z,2025-08-04T04:04:34Z,2.8145947265625,-10.8099169921875,11.170328950070248,2.06850341796875,-8.0525415039062498,8.3139720388200207,31.594042968750045,124.77624885277748,1393.7917448413498,7,13,0,18,8,216,2,0.48166666666666669
2025-08-04T06:00:00Z,2025-08-04T14:00:00Z,2025-08-04T15:00:00Z,2025-08-04T15:00:00Z,2025-08-04T00:00:00Z,2025-08-04T04:04:34Z,1.6139599609374999,-10.5707568359375,10.693258008672041,1.2910522460937501,-7.2347607421875004,7.3490529252986843,29.494042968750023,114.34576684002874,1222.7287870198834,8,14,0,19,8,216,1,0.3116666666666667
2025-08-04T06:00:00Z,2025-08-04T14:00:00Z,2025-08-04T15:00:00Z,2025-08-04T15:00:00Z,2025-08-04T00:00:00Z,2025-08-04T04:04:34Z,1.6139599609374999,-10.5707568359375,10.693258008672041,1.2910522460937501,-7.2347607421875004,7.3490529252986843,29.494042968750023,114.34576684002874,1222.7287870198834,8,14,0,19,8,216,2,0.29166666666666669
2025-08-04T06:00:00Z,2025-08-04T15:00:00Z,2025-08-04T16:00:00Z,2025-08-04T16:00:00Z,2025-08-04T00:00:00Z,2025-08-04T04:04:34Z,0.58688964843750002,-2.0394750976562501,2.1222389435223978,0.52534179687500004,-0.56935791015625004,0.77469505833027374,24.750000000000057,4.5038981334030632,9.5583480163658159,9,15,0,20,8,216,1,0.26166666666666666
2025-08-04T06:00:00Z,2025-08-04T15:00:00Z,2025-08-04T16:00:00Z,2025-08-04T16:00:00Z,2025-08-04T00:00:00Z,2025-08-04T04:04:34Z,0.58688964843750002,-2.0394750976562501,2.1222389435223978,0.52534179687500004,-0.56935791015625004,0.77469505833027374,24.750000000000057,4.5038981334030632,9.5583480163658159,9,15,0,20,8,216,2,0.25666666666666665
2025-08-04T06:00:00Z,2025-08-04T16:00:00Z,2025-08-04T17:00:00Z,2025-08-04T17:00:00Z,2025-08-04T00:00:00Z,2025-08-04T04:04:34Z,2.0935644531249999,2.26713134765625,3.0859190959767924,1.59188720703125,2.1211962890625,2.6520894737248732,25.073034667968784,9.5228966669142228,29.386888673444346,10,16,0,21,8,216,1,0.28999999999999998
2025-08-04T06:00:00Z,2025-08-04T16:00:00Z,2025-08-04T17:00:00Z,2025-08-04T17:00:00Z,2025-08-04T00:00:00Z,2025-08-04T04:04:34Z,2.0935644531249999,2.26713134765625,3.0859190959767924,1.59188720703125,2.1211962890625,2.6520894737248732,25.073034667968784,9.5228966669142228,29.386888673444346,10,16,0,21,8,216,2,0.36166666666666664
2025-08-04T06:00:00Z,2025-08-04T17:00:00Z,2025-08-04T18:00:00Z,2025-08-04T18:00:00Z,2025-08-04T00:00:00Z,2025-08-04T04:04:34Z,2.3106201171875003,1.274677734375,2.6388953470084715,1.6698681640624999,1.06119873046875,1.9785354257374193,23.560913085937557,6.963768652462961,18.376656694627961,11,17,0,22,8,216,1,0.40499999999999997
2025-08-04T06:00:00Z,2025-08-04T17:00:00Z,2025-08-04T18:00:00Z,2025-08-04T18:00:00Z,2025-08-04T00:00:00Z,2025-08-04T04:04:34Z,2.3106201171875003,1.274677734375,2.6388953470084715,1.6698681640624999,1.06119873046875,1.9785354257374193,23.560913085937557,6.963768652462961,18.376656694627961,11,17,0,22,8,216,2,0.40833333333333338
2025-08-04T06:00:00Z,2025-08-04T18:00:00Z,2025-08-04T19:00:00Z,2025-08-04T19:00:00Z,2025-08-04T00:00:00Z,2025-08-04T04:04:34Z,3.1095703125000003,1.8845703125,3.6360738154137762,2.2784790039062499,1.5249877929687501,2.741724701706084,23.207446289062545,13.221032791137695,48.072651144582686,12,18,0,23,8,216,1,0.52666666666666673
2025-08-04T06:00:00Z,2025-08-04T18:00:00Z,2025-08-04T19:00:00Z,2025-08-04T19:00:00Z,2025-08-04T00:00:00Z,2025-08-04T04:04:34Z,3.1095703125000003,1.8845703125,3.6360738154137762,2.2784790039062499,1.5249877929687501,2.741724701706084,23.207446289062545,13.221032791137695,48.072651144582686,12,18,0,23,8,216,2,0.48166666666666669
2025-08-04T06:00:00Z,2025-08-04T19:00:00Z,2025-08-04T20:00:00Z,2025-08-04T20:00:00Z,2025-08-04T00:00:00Z,2025-08-04T04:04:34Z,3.7572680664062501,2.3718505859375001,4.4432801537657092,2.3102270507812501,2.1636694335937499,3.1652194938154494,22.161364746093795,19.742738524848225,87.722518268443807,13,19,0,0,8,217,1,0.81999999999999995
2025-08-04T06:00:00Z,2025-08-04T19:00:00Z,2025-08-04T20:00:00Z,2025-08-04T20:00:00Z,2025-08-04T00:00:00Z,2025-08-04T04:04:34Z,3.7572680664062501,2.3718505859375001,4.4432801537657092,2.3102270507812501,2.1636694335937499,3.1652194938154494,22.161364746093795,19.742738524848225,87.722518268443807,13,19,0,0,8,217,2,0.82333333333333325
2025-08-04T06:00:00Z,2025-08-04T20:00:00Z,2025-08-04T21:00:00Z,2025-08-04T21:00:00Z,2025-08-04T00:00:00Z,2025-08-04T04:04:34Z,3.67191650390625,1.7905419921875001,4.0852186523423537,1.9908593750000001,2.1171411132812499,2.9061671570250671,21.661389160156261,16.689011437445878,68.17826081340877,14,20,0,1,8,217,1,0.47333333333333333
2025-08-04T06:00:00Z,2025-08-04T20:00:00Z,2025-08-04T21:00:00Z,2025-08-04T21:00:00Z,2025-08-04T00:00:00Z,2025-08-04T04:04:34Z,3.67191650390625,1.7905419921875001,4.0852186523423537,1.9908593750000001,2.1171411132812499,2.9061671570250671,21.661389160156261,16.689011437445878,68.17826081340877,14,20,0,1,8,217,2,0.47999999999999998
2025-08-04T06:00:00Z,2025-08-04T21:00:00Z,2025-08-04T22:00:00Z,2025-08-04T22:00:00Z,2025-08-04T00:00:00Z,2025-08-04T04:04:34Z,3.4200683593750001,0.95712890625000002,3.5514734021216219,2.2479638671875,1.5248779296875001,2.7163567970037765,21.257824707031261,12.612963325977328,44.794603774143944,15,21,0,2,8,217,1,0.26833333333333337
2025-08-04T06:00:00Z,2025-08-04T21:00:00Z,2025-08-04T22:00:00Z,2025-08-04T22:00:00Z,2025-08-04T00:00:00Z,2025-08-04T04:04:34Z,3.4200683593750001,0.95712890625000002,3.5514734021216219,2.2479638671875,1.5248779296875001,2.7163567970037765,21.257824707031261,12.612963325977328,44.794603774143944,15,21,0,2,8,217,2,0.26166666666666666
2025-08-04T06:00:00Z,2025-08-04T22:00:00Z,2025-08-04T23:00:00Z,2025-08-04T23:00:00Z,2025-08-04T00:00:00Z,2025-08-04T04:04:34Z,3.4904736328124999,1.1098999023437501,3.6626880804379121,2.3965624999999999,1.1802587890625,2.671427076595116,20.561364746093773,13.415283974581957,49.13600070939107,16,22,0,3,8,217,1,0.065000000000000002
2025-08-04T06:00:00Z,2025-08-04T22:00:00Z,2025-08-04T23:00:00Z,2025-08-04T23:00:00Z,2025-08-04T00:00:00Z,2025-08-04T04:04:34Z,3.4904736328124999,1.1098999023437501,3.6626880804379121,2.3965624999999999,1.1802587890625,2.671427076595116,20.561364746093773,13.415283974581957,49.13600070939107,16,22,0,3,8,217,2,0.059999999999999998
2025-08-04T06:00:00Z,2025-08-04T23:00:00Z,2025-08-05T00:00:00Z,2025-08-05T00:00:00Z,2025-08-04T00:00:00Z,2025-08-04T04:04:34Z,3.3281689453125001,-0.274658203125,3.3394828427596948,2.2264404296875,-0.013093261718750001,2.2264789288132723,19.392553710937534,11.152145657086372,37.242399081796982,17,23,0,4,8,217,1,0.01
2025-08-04T06:00:00Z,2025-08-04T23:00:00Z,2025-08-05T00:00:00Z,2025-08-05T00:00:00Z,2025-08-04T00:00:00Z,2025-08-04T04:04:34Z,3.3281689453125001,-0.274658203125,3.3394828427596948,2.2264404296875,-0.013093261718750001,2.2264789288132723,19.392553710937534,11.152145657086372,37.242399081796982,17,23,0,4,8,217,2,0.01
2025-08-04T06:00:00Z,2025-08-05T00:00:00Z,2025-08-05T01:00:00Z,2025-08-05T01:00:00Z,2025-08-04T00:00:00Z,2025-08-04T04:04:34Z,2.749267578125,1.30793212890625,3.0445293018715618,1.8751318359375,1.5647021484375001,2.4422146129018367,19.692578125000011,9.269158669954539,28.220225174373425,18,24,0,5,8,217,1,0.01
2025-08-04T06:00:00Z,2025-08-05T00:00:00Z,2025-08-05T01:00:00Z,2025-08-05T01:00:00Z,2025-08-04T00:00:00Z,2025-08-04T04:04:34Z,2.749267578125,1.30793212890625,3.0445293018715618,1.8751318359375,1.5647021484375001,2.4422146129018367,19.692578125000011,9.269158669954539,28.220225174373425,18,24,0,5,8,217,2,0.01
2025-08-04T06:00:00Z,2025-08-05T01:00:00Z,2025-08-05T02:00:00Z,2025-08-05T02:00:00Z,2025-08-04T00:00:00Z,2025-08-04T04:04:34Z,3.0474218749999999,1.4209057617187499,3.3624029008900846,2.1611059570312499,1.175576171875,2.4601541198462007,21.892529296875011,11.305753267914056,38.014497584781779,19,25,0,6,8,217,1,0.01
2025-08-04T06:00:00Z,2025-08-05T01:00:00Z,2025-08-05T02:00:00Z,2025-08-05T02:00:00Z,2025-08-04T00:00:00Z,2025-08-04T04:04:34Z,3.0474218749999999,1.4209057617187499,3.3624029008900846,2.1611059570312499,1.175576171875,2.4601541198462007,21.892529296875011,11.305753267914056,38.014497584781779,19,25,0,6,8,217,2,0.01
2025-08-04T06:00:00Z,2025-08-05T02:00:00Z,2025-08-05T03:00:00Z,2025-08-05T03:00:00Z,2025-08-04T00:00:00Z,2025-08-04T04:04:34Z,4.0352832031250001,-0.46849609375000001,4.0623883516081731,3.5400122070312499,-0.61250488281250004,3.5926102846536825,24.292553710937511,16.502999119281771,67.0415913887702,20,26,0,7,8,217,1,0.01
2025-08-04T06:00:00Z,2025-08-05T02:00:00Z,2025-08-05T03:00:00Z,2025-08-05T03:00:00Z,2025-08-04T00:00:00Z,2025-08-04T04:04:34Z,4.0352832031250001,-0.46849609375000001,4.0623883516081731,3.5400122070312499,-0.61250488281250004,3.5926102846536825,24.292553710937511,16.502999119281771,67.0415913887702,20,26,0,7,8,217,2,0.01
2025-08-04T06:00:00Z,2025-08-05T03:00:00Z,2025-08-05T04:00:00Z,2025-08-05T04:00:00Z,2025-08-04T00:00:00Z,2025-08-04T04:04:34Z,3.87548828125,-0.26001953124999999,3.884201278865135,3.5515771484375001,-0.39692382812499999,3.5736883980891294,26.062683105468807,15.08701957473755,58.601020726458913,21,27,0,8,8,217,1,0.0083333333333333332
2025-08-04T06:00:00Z,2025-08-05T03:00:00Z,2025-08-05T04:00:00Z,2025-08-05T04:00:00Z,2025-08-04T00:00:00Z,2025-08-04T04:04:34Z,3.87548828125,-0.26001953124999999,3.884201278865135,3.5515771484375001,-0.39692382812499999,3.5736883980891294,26.062683105468807,15.08701957473755,58.601020726458913,21,27,0,8,8,217,2,0.0083333333333333332
2025-08-04T06:00:00Z,2025-08-05T04:00:00Z,2025-08-05T05:00:00Z,2025-08-05T05:00:00Z,2025-08-04T00:00:00Z,2025-08-04T04:04:34Z,3.5336767578125001,-0.54296142578125006,3.5751473450181979,3.2577954101562501,-0.64507568359375,3.3210470595881465,28.265612792968795,12.781678538590668,45.696384092118507,22,28,0,9,8,217,1,0.028333333333333335
2025-08-04T06:00:00Z,2025-08-05T04:00:00Z,2025-08-05T05:00:00Z,2025-08-05T05:00:00Z,2025-08-04T00:00:00Z,2025-08-04T04:04:34Z,3.5336767578125001,-0.54296142578125006,3.5751473450181979,3.2577954101562501,-0.64507568359375,3.3210470595881465,28.265612792968795,12.781678538590668,45.696384092118507,22,28,0,9,8,217,2,0.011666666666666667
2025-08-04T06:00:00Z,2025-08-05T05:00:00Z,2025-08-05T06:00:00Z,2025-08-05T06:00:00Z,2025-08-04T00:00:00Z,2025-08-04T04:04:34Z,3.0114892578124999,-0.90751953125000007,3.145259806362632,2.8522998046875001,-1.02043701171875,3.02934083105646,30.452514648437557,9.8926592495203014,31.114983515557725,23,29,0,10,8,217,1,0.088333333333333333
2025-08-04T06:00:00Z,2025-08-05T05:00:00Z,2025-08-05T06:00:00Z,2025-08-05T06:00:00Z,2025-08-04T00:00:00Z,2025-08-04T04:04:34Z,3.0114892578124999,-0.90751953125000007,3.145259806362632,2.8522998046875001,-1.02043701171875,3.02934083105646,30.452514648437557,9.8926592495203014,31.114983515557725,23,29,0,10,8,217,2,0.091666666666666674
2025-08-04T06:00:00Z,2025-08-05T06:00:00Z,2025-08-05T07:00:00Z,2025-08-05T07:00:00Z,2025-08-04T00:00:00Z,2025-08-04T04:04:34Z,3.3995532226562499,-0.68162353515624996,3.4672139762857728,3.2840966796875,-0.86485107421875007,3.3960651321951687,32.160864257812534,12.021572757351398,41.68136508122506,24,30,0,11,8,217,1,0.076666666666666661
2025-08-04T06:00:00Z,2025-08-05T06:00:00Z,2025-08-05T07:00:00Z,2025-08-05T07:00:00Z,2025-08-04T00:00:00Z,2025-08-04T04:04:34Z,3.3995532226562499,-0.68162353515624996,3.4672139762857728,3.2840966796875,-0.86485107421875007,3.3960651321951687,32.160864257812534,12.021572757351398,41.68136508122506,24,30,0,11,8,217,2,0.065000000000000002
2025-08-04T06:00:00Z,2025-08-05T07:00:00Z,2025-08-05T08:00:00Z,2025-08-05T08:00:00Z,2025-08-04T00:00:00Z,2025-08-04T04:04:34Z,4.6981640625000001,-1.7538281250000001,5.014843831088613,4.4257641601562501,-1.92522216796875,4.8263722191063811,33.460961914062523,25.148658650207516,126.11659569214645,25,31,0,12,8,217,1,0.070000000000000007
2025-08-04T06:00:00Z,2025-08-05T07:00:00Z,2025-08-05T08:00:00Z,2025-08-05T08:00:00Z,2025-08-04T00:00:00Z,2025-08-04T04:04:34Z,4.6981640625000001,-1.7538281250000001,5.014843831088613,4.4257641601562501,-1.92522216796875,4.8263722191063811,33.460961914062523,25.148658650207516,126.11659569214645,25,31,0,12,8,217,2,0.081666666666666665
2025-08-04T06:00:00Z,2025-08-05T08:00:00Z,2025-08-05T09:00:00Z,2025-08-05T09:00:00Z,2025-08-04T00:00:00Z,2025-08-04T04:04:34Z,7.9827832031249999,-2.05269287109375,8.2424738817380394,7.0329028320312501,-1.8580810546875,7.2742138716552587,34.159326171875023,67.938375691133743,559.98028720187642,26,32,0,13,8,217,1,0.18833333333333332
2025-08-04T06:00:00Z,2025-08-05T08:00:00Z,2025-08-05T09:00:00Z,2025-08-05T09:00:00Z,2025-08-04T00:00:00Z,2025-08-04T04:04:34Z,7.9827832031249999,-2.05269287109375,8.2424738817380394,7.0329028320312501,-1.8580810546875,7.2742138716552587,34.159326171875023,67.938375691133743,559.98028720187642,26,32,0,13,8,217,2,0.22333333333333336
2025-08-04T06:00:00Z,2025-08-05T09:00:00Z,2025-08-05T10:00:00Z,2025-08-05T10:00:00Z,2025-08-04T00:00:00Z,2025-08-04T04:04:34Z,10.82390625,-1.5518505859375,10.934586720579047,9.3634301757812501,-1.0241796875,9.4192764419045734,34.077172851562523,119.56518674986363,1307.3959032786126,27,33,0,14,8,217,1,0.14166666666666666
2025-08-04T06:00:00Z,2025-08-05T09:00:00Z,2025-08-05T10:00:00Z,2025-08-05T10:00:00Z,2025-08-04T00:00:00Z,2025-08-04T04:04:34Z,10.82390625,-1.5518505859375,10.934586720579047,9.3634301757812501,-1.0241796875,9.4192764419045734,34.077172851562523,119.56518674986363,1307.3959032786126,27,33,0,14,8,217,2,0.28666666666666668
2025-08-04T06:00:00Z,2025-08-05T10:00:00Z,2025-08-05T11:00:00Z,2025-08-05T11:00:00Z,2025-08-04T00:00:00Z,2025-08-04T04:04:34Z,7.6945776367187504,-1.552724609375,7.849680166736162,6.7824853515625003,-1.0277050781250001,6.8599041736575161,34.117016601562568,61.617478720051061,483.67750063307233,28,34,0,15,8,217,1,0.44500000000000001
2025-08-04T06:00:00Z,2025-08-05T10:00:00Z,2025-08-05T11:00:00Z,2025-08-05T11:00:00Z,2025-08-04T00:00:00Z,2025-08-04T04:04:34Z,7.6945776367187504,-1.552724609375,7.849680166736162,6.7824853515625003,-1.0277050781250001,6.8599041736575161,34.117016601562568,61.617478720051061,483.67750063307233,28,34,0,15,8,217,2,0.435
2025-08-04T06:00:00Z,2025-08-05T11:00:00Z,2025-08-05T12:00:00Z,2025-08-05T12:00:00Z,2025-08-04T00:00:00Z,2025-08-04T04:04:34Z,6.6459692382812499,-7.6873217773437501,10.161880890101209,5.6051464843750001,-6.5511425781249999,8.6217826573292662,33.222656250000057,103.26382322460414,1049.3546718648943,29,35,0,16,8,217,1,0.39166666666666666
2025-08-04T06:00:00Z,2025-08-05T11:00:00Z,2025-08-05T12:00:00Z,2025-08-05T12:00:00Z,2025-08-04T00:00:00Z,2025-08-04T04:04:34Z,6.6459692382812499,-7.6873217773437501,10.161880890101209,5.6051464843750001,-6.5511425781249999,8.6217826573292662,33.222656250000057,103.26382322460414,1049.3546718648943,29,35,0,16,8,217,2,0.37000000000000005
2025-08-04T06:00:00Z,2025-08-05T12:00:00Z,2025-08-05T13:00:00Z,2025-08-05T13:00:00Z,2025-08-04T00:00:00Z,2025-08-04T04:04:34Z,6.1279541015625005,-6.6113940429687501,9.0145633650365653,5.0748217773437503,-5.5222534179687504,7.499939925364064,32.310546875000057,81.26235266225936,732.54462726588486,30,36,0,17,8,217,1,0.59833333333333327
2025-08-04T06:00:00Z,2025-08-05T12:00:00Z,2025-08-05T13:00:00Z,2025-08-05T13:00:00Z,2025-08-04T00:00:00Z,2025-08-04T04:04:34Z,6.1279541015625005,-6.6113940429687501,9.0145633650365653,5.0748217773437503,-5.5222534179687504,7.499939925364064,32.310546875000057,81.26235266225936,732.54462726588486,30,36,0,17,8,217,2,0.57333333333333336
2025-08-04T06:00:00Z,2025-08-05T13:00:00Z,2025-08-05T14:00:00Z,2025-08-05T14:00:00Z,2025-08-04T00:00:00Z,2025-08-04T04:04:34Z,4.8212548828125001,-6.3399633789062504,7.9649001431854582,3.8102880859375001,-4.8053369140625,6.1326632188217358,31.024511718750034,63.439634290915734,505.29035224734781,31,37,0,18,8,217,1,0.60999999999999999
2025-08-04T06:00:00Z,2025-08-05T13:00:00Z,2025-08-05T14:00:00Z,2025-08-05T14:00:00Z,2025-08-04T00:00:00Z,2025-08-04T04:04:34Z,4.8212548828125001,-6.3399633789062504,7.9649001431854582,3.8102880859375001,-4.8053369140625,6.1326632188217358,31.024511718750034,63.439634290915734,505.29035224734781,31,37,0,18,8,217,2,0.67499999999999993
2025-08-04T06:00:00Z,2025-08-05T14:00:00Z,2025-08-05T15:00:00Z,2025-08-05T15:00:00Z,2025-08-04T00:00:00Z,2025-08-04T04:04:34Z,3.7786547851562502,-3.4530493164062501,5.1187675828189247,2.7218798828124999,-1.8793359375000001,3.3076477536821227,27.252600097656284,26.201781566917898,134.12083009684179,32,38,0,19,8,217,1,0.42499999999999999
2025-08-04T06:00:00Z,2025-08-05T14:00:00Z,2025-08-05T15:00:00Z,2025-08-05T15:00:00Z,2025-08-04T00:00:00Z,2025-08-04T04:04:34Z,3.7786547851562502,-3.4530493164062501,5.1187675828189247,2.7218798828124999,-1.8793359375000001,3.3076477536821227,27.252600097656284,26.201781566917898,134.12083009684179,32,38,0,19,8,217,2,0.46666666666666662
2025-08-04T06:00:00Z,2025-08-05T15:00:00Z,2025-08-05T16:00:00Z,2025-08-05T16:00:00Z,2025-08-04T00:00:00Z,2025-08-04T04:04:34Z,4.3004516601562504,-2.3633447265625001,4.9070645785348521,3.0201074218750001,-0.50947753906250004,3.062779163190458,25.499792480468784,24.079282777911427,118.15859559601346,33,39,0,20,8,217,1,0.13333333333333333
2025-08-04T06:00:00Z,2025-08-05T15:00:00Z,2025-08-05T16:00:00Z,2025-08-05T16:00:00Z,2025-08-04T00:00:00Z,2025-08-04T04:04:34Z,4.3004516601562504,-2.3633447265625001,4.9070645785348521,3.0201074218750001,-0.50947753906250004,3.062779163190458,25.499792480468784,24.079282777911427,118.15859559601346,33,39,0,20,8,217,2,0.15166666666666667
2025-08-04T06:00:00Z,2025-08-05T16:00:00Z,2025-08-05T17:00:00Z,2025-08-05T17:00:00Z,2025-08-04T00:00:00Z,2025-08-04T04:04:34Z,5.4848510742187502,1.3619653320312499,5.6514193679122391,3.8293432617187499,2.3282153320312502,4.4815685254580435,23.733020019531295,31.938540872013572,180.49808846695416,34,40,0,21,8,217,1,0.11166666666666668
2025-08-04T06:00:00Z,2025-08-05T16:00:00Z,2025-08-05T17:00:00Z,2025-08-05T17:00:00Z,2025-08-04T00:00:00Z,2025-08-04T04:04:34Z,5.4848510742187502,1.3619653320312499,5.6514193679122391,3.8293432617187499,2.3282153320312502,4.4815685254580435,23.733020019531295,31.938540872013572,180.49808846695416,34,40,0,21,8,217,2,0.12333333333333334
2025-08-04T06:00:00Z,2025-08-05T17:00:00Z,2025-08-05T18:00:00Z,2025-08-05T18:00:00Z,2025-08-04T00:00:00Z,2025-08-04T04:04:34Z,8.2984204101562504,3.02962158203125,8.8341603015797361,4.9593505859375,2.6248510742187499,5.6111497392304504,22.208520507812523,78.042388234007376,689.43896797734146,35,41,0,22,8,217,1,0.29333333333333333
2025-08-04T06:00:00Z,2025-08-05T17:00:00Z,2025-08-05T18:00:00Z,2025-08-05T18:00:00Z,2025-08-04T00:00:00Z,2025-08-04T04:04:34Z,8.2984204101562504,3.02962158203125,8.8341603015797361,4.9593505859375,2.6248510742187499,5.6111497392304504,22.208520507812523,78.042388234007376,689.43896797734146,35,41,0,22,8,217,2,0.28666666666666668
2025-08-04T06:00:00Z,2025-08-05T18:00:00Z,2025-08-05T19:00:00Z,2025-08-05T19:00:00Z,2025-08-04T00:00:00Z,2025-08-04T04:04:34Z,8.1650634765624996,1.4404467773437499,8.291148804276455,4.9343603515624999,1.2837670898437501,5.0986243262313309,21.473352050781273,68.743148494654889,569.9596734436567,36,42,0,23,8,217,1,0.42999999999999999
2025-08-04T06:00:00Z,2025-08-05T18:00:00Z,2025-08-05T19:00:00Z,2025-08-05T19:00:00Z,2025-08-04T00:00:00Z,2025-08-04T04:04:34Z,8.1650634765624996,1.4404467773437499,8.291148804276455,4.9343603515624999,1.2837670898437501,5.0986243262313309,21.473352050781273,68.743148494654889,569.9596734436567,36,42,0,23,8,217,2,0.41833333333333328
2025-08-04T06:00:00Z,2025-08-05T19:00:00Z,2025-08-05T20:00:00Z,2025-08-05T20:00:00Z,2025-08-04T00:00:00Z,2025-08-04T04:04:34Z,8.0601733398437503,2.0643286132812499,8.3203273308169585,4.6779418945312505,1.6231201171875,4.9515310039854734,20.461914062500057,69.227846891939649,575.99834654861729,37,43,0,0,8,218,1,0.55000000000000004
2025-08-04T06:00:00Z,2025-08-05T19:00:00Z,2025-08-05T20:00:00Z,2025-08-05T20:00:00Z,2025-08-04T00:00:00Z,2025-08-04T04:04:34Z,8.0601733398437503,2.0643286132812499,8.3203273308169585,4.6779418945312505,1.6231201171875,4.9515310039854734,20.461914062500057,69.227846891939649,575.99834654861729,37,43,0,0,8,218,2,0.49333333333333335
2025-08-04T06:00:00Z,2025-08-05T20:00:00Z,2025-08-05T21:00:00Z,2025-08-05T21:00:00Z,2025-08-04T00:00:00Z,2025-08-04T04:04:34Z,8.1521777343749999,1.699423828125,8.3274271633223265,4.7305737304687501,0.95860839843750001,4.826723306856934,19.834472656250057,69.346043160438526,577.47412348315822,38,44,0,1,8,218,1,0.50833333333333341
2025-08-04T06:00:00Z,2025-08-05T20:00:00Z,2025-08-05T21:00:00Z,2025-08-05T21:00:00Z,2025-08-04T00:00:00Z,2025-08-04T04:04:34Z,8.1521777343749999,1.699423828125,8.3274271633223265,4.7305737304687501,0.95860839843750001,4.826723306856934,19.834472656250057,69.346043160438526,577.47412348315822,38,44,0,1,8,218,2,0.47833333333333333
2025-08-04T06:00:00Z,2025-08-05T21:00:00Z,2025-08-05T22:00:00Z,2025-08-05T22:00:00Z,2025-08-04T00:00:00Z,2025-08-04T04:04:34Z,8.5547631835937494,0.46096923828125003,8.5671737326852817,5.2848022460937498,-0.033591308593750001,5.2849090017076534,18.991845703125023,73.396465766012668,628.80027358251823,39,45,0,2,8,218,1,0.038333333333333337
2025-08-04T06:00:00Z,2025-08-05T21:00:00Z,2025-08-05T22:00:00Z,2025-08-05T22:00:00Z,2025-08-04T00:00:00Z,2025-08-04T04:04:34Z,8.5547631835937494,0.46096923828125003,8.5671737326852817,5.2848022460937498,-0.033591308593750001,5.2849090017076534,18.991845703125023,73.396465766012668,628.80027358251823,39,45,0,2,8,218,2,0.030000000000000002
2025-08-04T06:00:00Z,2025-08-05T22:00:00Z,2025-08-05T23:00:00Z,2025-08-05T23:00:00Z,2025-08-04T00:00:00Z,2025-08-04T04:04:34Z,7.4891650390624998,-0.061293945312500001,7.4894158604024641,4.3148608398437505,-0.13142089843749999,4.3168617675069507,17.821020507812534,56.091349930047983,420.09144579748602,40,46,0,3,8,218,1,0.01
2025-08-04T06:00:00Z,2025-08-05T22:00:00Z,2025-08-05T23:00:00Z,2025-08-05T23:00:00Z,2025-08-04T00:00:00Z,2025-08-04T04:04:34Z,7.4891650390624998,-0.061293945312500001,7.4894158604024641,4.3148608398437505,-0.13142089843749999,4.3168617675069507,17.821020507812534,56.091349930047983,420.09144579748602,40,46,0,3,8,218,2,0.01
2025-08-04T06:00:00Z,2025-08-05T23:00:00Z,2025-08-06T00:00:00Z,2025-08-06T00:00:00Z,2025-08-04T00:00:00Z,2025-08-04T04:04:34Z,6.3735717773437504,1.2997119140625,6.5047419826238135,3.2423437499999999,1.0301586914062499,3.4020611285871833,17.124243164062534,42.311668260508782,275.22648488898295,41,47,0,4,8,218,1,0.01
2025-08-04T06:00:00Z,2025-08-05T23:00:00Z,2025-08-06T00:00:00Z,2025-08-06T00:00:00Z,2025-08-04T00:00:00Z,2025-08-04T04:04:34Z,6.3735717773437504,1.2997119140625,6.5047419826238135,3.2423437499999999,1.0301586914062499,3.4020611285871833,17.124243164062534,42.311668260508782,275.22648488898295,41,47,0,4,8,218,2,0.01
2025-08-04T06:00:00Z,2025-08-06T00:00:00Z,2025-08-06T01:00:00Z,2025-08-06T01:00:00Z,2025-08-04T00:00:00Z,2025-08-04T04:04:34Z,5.1406323242187497,1.3537866210937499,5.3159043358825686,2.3990649414062499,0.95517089843750003,2.5822207570822591,16.519653320312557,28.258838908255093,150.22128427940029,42,48,0,5,8,218,1,0.01
2025-08-04T06:00:00Z,2025-08-06T00:00:00Z,2025-08-06T01:00:00Z,2025-08-06T01:00:00Z,2025-08-04T00:00:00Z,2025-08-04T04:04:34Z,5.1406323242187497,1.3537866210937499,5.3159043358825686,2.3990649414062499,0.95517089843750003,2.5822207570822591,16.519653320312557,28.258838908255093,150.22128427940029,42,48,0,5,8,218,2,0.01
2025-08-04T06:00:00Z,2025-08-06T01:00:00Z,2025-08-06T02:00:00Z,2025-08-06T02:00:00Z,2025-08-04T00:00:00Z,2025-08-04T04:04:34Z,3.6590942382812499,0.19982421875,3.6645464061766346,1.98862548828125,-0.095471191406250003,1.9909158899939416,18.542504882812523,13.428900363022088,49.210828564216698,43,49,0,6,8,218,1,0.016666666666666666
2025-08-04T06:00:00Z,2025-08-06T01:00:00Z,2025-08-06T02:00:00Z,2025-08-06T02:00:00Z,2025-08-04T00:00:00Z,2025-08-04T04:04:34Z,3.6590942382812499,0.19982421875,3.6645464061766346,1.98862548828125,-0.095471191406250003,1.9909158899939416,18.542504882812523,13.428900363022088,49.210828564216698,43,49,0,6,8,218,2,0.011666666666666667
2025-08-04T06:00:00Z,2025-08-06T02:00:00Z,2025-08-06T03:00:00Z,2025-08-06T03:00:00Z,2025-08-04T00:00:00Z,2025-08-04T04:04:34Z,1.90721435546875,-0.19125976562499999,1.9167803462194122,1.5450683593750001,-0.18340332031250001,1.5559154903282517,20.997778320312534,3.6740468956530097,7.0423408806761323,44,50,0,7,8,218,1,0.028333333333333335
2025-08-04T06:00:00Z,2025-08-06T02:00:00Z,2025-08-06T03:00:00Z,2025-08-06T03:00:00Z,2025-08-04T00:00:00Z,2025-08-04T04:04:34Z,1.90721435546875,-0.19125976562499999,1.9167803462194122,1.5450683593750001,-0.18340332031250001,1.5559154903282517,20.997778320312534,3.6740468956530097,7.0423408806761323,44,50,0,7,8,218,2,0.021666666666666667
2025-08-04T06:00:00Z,2025-08-06T03:00:00Z,2025-08-06T04:00:00Z,2025-08-06T04:00:00Z,2025-08-04T00:00:00Z,2025-08-04T04:04:34Z,0.66046875000000005,-0.31029541015625001,0.72972749111610014,0.57446533203125005,-0.18480224609375001,0.60345860493249193,23.203686523437511,0.53250221129059805,0.38858150265886354,45,51,0,8,8,218,1,0.01
2025-08-04T06:00:00Z,2025-08-06T03:00:00Z,2025-08-06T04:00:00Z,2025-08-06T04:00:00Z,2025-08-04T00:00:00Z,2025-08-04T04:04:34Z,0.66046875000000005,-0.31029541015625001,0.72972749111610014,0.57446533203125005,-0.18480224609375001,0.60345860493249193,23.203686523437511,0.53250221129059805,0.38858150265886354,45,51,0,8,8,218,2,0.01
2025-08-04T06:00:00Z,2025-08-06T04:00:00Z,2025-08-06T05:00:00Z,2025-08-06T05:00:00Z,2025-08-04T00:00:00Z,2025-08-04T04:04:34Z,0.0130517578125,-0.14920166015625,0.14977143844998375,0.022709960937499999,0.01497314453125,0.027201790068605368,25.621411132812511,0.022431483775377271,0.0033595955916057262,46,52,0,9,8,218,1,0.01
2025-08-04T06:00:00Z,2025-08-06T04:00:00Z,2025-08-06T05:00:00Z,2025-08-06T05:00:00Z,2025-08-04T00:00:00Z,2025-08-04T04:04:34Z,0.0130517578125,-0.14920166015625,0.14977143844998375,0.022709960937499999,0.01497314453125,0.027201790068605368,25.621411132812511,0.022431483775377271,0.0033595955916057262,46,52,0,9,8,218,2,0.01
2025-08-04T06:00:00Z,2025-08-06T05:00:00Z,2025-08-06T06:00:00Z,2025-08-06T06:00:00Z,2025-08-04T00:00:00Z,2025-08-04T04:04:34Z,-0.53890625000000003,0.18474365234375001,0.56969304311214031,-0.48622070312499999,0.35186767578125,0.60018449947251074,27.827587890625011,0.32455016337037096,0.18489397021300893,47,53,0,10,8,218,1,0.01
2025-08-04T06:00:00Z,2025-08-06T05:00:00Z,2025-08-06T06:00:00Z,2025-08-06T06:00:00Z,2025-08-04T00:00:00Z,2025-08-04T04:04:34Z,-0.53890625000000003,0.18474365234375001,0.56969304311214031,-0.48622070312499999,0.35186767578125,0.60018449947251074,27.827587890625011,0.32455016337037096,0.18489397021300893,47,53,0,10,8,218,2,0.01
2025-08-11T06:00:00Z,2025-08-11T06:00:00Z,2025-08-11T07:00:00Z,2025-08-11T07:00:00Z,2025-08-11T00:00:00Z,2025-08-11T04:06:13Z,4.1324438476562504,-1.1557763671875001,4.2910268194199315,3.8544189453125002,-1.2251708984375,4.0444516484144151,34.728515625000057,18.412911164981132,79.010295632530728,0,6,0,11,8,223,1,0.21166666666666667
2025-08-11T06:00:00Z,2025-08-11T06:00:00Z,2025-08-11T07:00:00Z,2025-08-11T07:00:00Z,2025-08-11T00:00:00Z,2025-08-11T04:06:13Z,4.1324438476562504,-1.1557763671875001,4.2910268194199315,3.8544189453125002,-1.2251708984375,4.0444516484144151,34.728515625000057,18.412911164981132,79.010295632530728,0,6,0,11,8,223,2,0.22333333333333336
2025-08-11T06:00:00Z,2025-08-11T07:00:00Z,2025-08-11T08:00:00Z,2025-08-11T08:00:00Z,2025-08-11T00:00:00Z,2025-08-11T04:06:13Z,5.0680102539062499,-1.4335302734374999,5.2668526634566764,4.5419335937500005,-1.2543603515624999,4.7119614452589476,36.162646484375045,27.739736978560686,146.10110758912001,1,7,0,12,8,223,1,0.26166666666666666
2025-08-11T06:00:00Z,2025-08-11T07:00:00Z,2025-08-11T08:00:00Z,2025-08-11T08:00:00Z,2025-08-11T00:00:00Z,2025-08-11T04:06:13Z,5.0680102539062499,-1.4335302734374999,5.2668526634566764,4.5419335937500005,-1.2543603515624999,4.7119614452589476,36.162646484375045,27.739736978560686,146.10110758912001,1,7,0,12,8,223,2,0.24333333333333332
2025-08-11T06:00:00Z,2025-08-11T08:00:00Z,2025-08-11T09:00:00Z,2025-08-11T09:00:00Z,2025-08-11T00:00:00Z,2025-08-11T04:06:13Z,6.8767822265624998,-1.0293237304687499,6.9533906213927024,6.1677978515624998,-0.69907958984374996,6.2072894737296647,37.266650390625045,48.349641133671994,336.19394120657768,2,8,0,13,8,223,1,0.42333333333333334
2025-08-11T06:00:00Z,2025-08-11T08:00:00Z,2025-08-11T09:00:00Z,2025-08-11T09:00:00Z,2025-08-11T00:00:00Z,2025-08-11T04:06:13Z,6.8767822265624998,-1.0293237304687499,6.9533906213927024,6.1677978515624998,-0.69907958984374996,6.2072894737296647,37.266650390625045,48.349641133671994,336.19394120657768,2,8,0,13,8,223,2,0.435
2025-08-11T06:00:00Z,2025-08-11T09:00:00Z,2025-08-11T10:00:00Z,2025-08-11T10:00:00Z,2025-08-11T00:00:00Z,2025-08-11T04:06:13Z,8.5279858398437494,-0.076418457031249998,8.5283282221752312,7.4913671874999999,0.23822265625,7.4951539258311746,37.365014648437523,72.732382265150534,620.28562833792057,3,9,0,14,8,223,1,0.54000000000000004
2025-08-11T06:00:00Z,2025-08-11T09:00:00Z,2025-08-11T10:00:00Z,2025-08-11T10:00:00Z,2025-08-11T00:00:00Z,2025-08-11T04:06:13Z,8.5279858398437494,-0.076418457031249998,8.5283282221752312,7.4913671874999999,0.23822265625,7.4951539258311746,37.365014648437523,72.732382265150534,620.28562833792057,3,9,0,14,8,223,2,0.54000000000000004
2025-08-11T06:00:00Z,2025-08-11T10:00:00Z,2025-08-11T11:00:00Z,2025-08-11T11:00:00Z,2025-08-11T00:00:00Z,2025-08-11T04:06:13Z,9.5977636718750006,0.016638183593750001,9.5977780934087438,8.3365429687500008,0.38242431640625002,8.3453098820591354,37.247460937500023,92.117344330316783,884.12182943650453,4,10,0,15,8,223,1,0.40166666666666667
2025-08-11T06:00:00Z,2025-08-11T10:00:00Z,2025-08-11T11:00:00Z,2025-08-11T11:00:00Z,2025-08-11T00:00:00Z,2025-08-11T04:06:13Z,9.5977636718750006,0.016638183593750001,9.5977780934087438,8.3365429687500008,0.38242431640625002,8.3453098820591354,37.247460937500023,92.117344330316783,884.12182943650453,4,10,0,15,8,223,2,0.45000000000000001
2025-08-11T06:00:00Z,2025-08-11T11:00:00Z,2025-08-11T12:00:00Z,2025-08-11T12:00:00Z,2025-08-11T00:00:00Z,2025-08-11T04:06:13Z,10.002045898437499,-0.34117431640625001,10.007863012083332,8.54351806640625,0.085927734374999995,8.5439501711178547,36.751538085937568,100.15732206862566,1002.3607589199164,5,11,0,16,8,223,1,0.33833333333333332
2025-08-11T06:00:00Z,2025-08-11T11:00:00Z,2025-08-11T12:00:00Z,2025-08-11T12:00:00Z,2025-08-11T00:00:00Z,2025-08-11T04:06:13Z,10.002045898437499,-0.34117431640625001,10.007863012083332,8.54351806640625,0.085927734374999995,8.5439501711178547,36.751538085937568,100.15732206862566,1002.3607589199164,5,11,0,16,8,223,2,0.375
2025-08-11T06:00:00Z,2025-08-11T12:00:00Z,2025-08-11T13:00:00Z,2025-08-11T13:00:00Z,2025-08-11T00:00:00Z,2025-08-11T04:06:13Z,9.3579736328125005,-1.3528198242187501,9.4552520849109705,7.7270166015625001,-0.76151611328125002,7.7644505505289603,36.206176757812557,89.401791989213251,845.3164801007855,6,12,0,17,8,223,1,0.40999999999999998
2025-08-11T06:00:00Z,2025-08-11T12:00:00Z,2025-08-11T13:00:00Z,2025-08-11T13:00:00Z,2025-08-11T00:00:00Z,2025-08-11T04:06:13Z,9.3579736328125005,-1.3528198242187501,9.4552520849109705,7.7270166015625001,-0.76151611328125002,7.7644505505289603,36.206176757812557,89.401791989213251,845.3164801007855,6,12,0,17,8,223,2,0.44666666666666671
2025-08-11T06:00:00Z,2025-08-11T13:00:00Z,2025-08-11T14:00:00Z,2025-08-11T14:00:00Z,2025-08-11T00:00:00Z,2025-08-11T04:06:13Z,4.8147680664062502,-5.5550244140625002,7.3512099530700254,3.8438769531250001,-4.0751635742187498,5.6019950185094656,35.202099609375068,54.040287774115804,397.26150135184849,7,13,0,18,8,223,1,0.44833333333333331
2025-08-11T06:00:00Z,2025-08-11T13:00:00Z,2025-08-11T14:00:00Z,2025-08-11T14:00:00Z,2025-08-11T00:00:00Z,2025-08-11T04:06:13Z,4.8147680664062502,-5.5550244140625002,7.3512099530700254,3.8438769531250001,-4.0751635742187498,5.6019950185094656,35.202099609375068,54.040287774115804,397.26150135184849,7,13,0,18,8,223,2,0.48166666666666669
2025-08-11T06:00:00Z,2025-08-11T14:00:00Z,2025-08-11T15:00:00Z,2025-08-11T15:00:00Z,2025-08-11T00:00:00Z,2025-08-11T04:06:13Z,3.1532568359374999,-6.5251000976562503,7.2470656101500959,2.1793383789062499,-3.7763623046874999,4.3600949560804763,31.256616210937523,52.519959957820184,380.61559565677874,8,14,0,19,8,223,1,0.37666666666666665
2025-08-11T06:00:00Z,2025-08-11T14:00:00Z,2025-08-11T15:00:00Z,2025-08-11T15:00:00Z,2025-08-11T00:00:00Z,2025-08-11T04:06:13Z,3.1532568359374999,-6.5251000976562503,7.2470656101500959,2.1793383789062499,-3.7763623046874999,4.3600949560804763,31.256616210937523,52.519959957820184,380.61559565677874,8,14,0,19,8,223,2,0.39333333333333331
2025-08-11T06:00:00Z,2025-08-11T15:00:00Z,2025-08-11T16:00:00Z,2025-08-11T16:00:00Z,2025-08-11T00:00:00Z,2025-08-11T04:06:13Z,2.8020507812500002,-2.081318359375,3.4904691223065099,2.27750732421875,-0.39169677734375002,2.3109448234978545,28.453222656250034,12.183374693775177,42.525693174112781,9,15,0,20,8,223,1,0.63
2025-08-11T06:00:00Z,2025-08-11T15:00:00Z,2025-08-11T16:00:00Z,2025-08-11T16:00:00Z,2025-08-11T00:00:00Z,2025-08-11T04:06:13Z,2.8020507812500002,-2.081318359375,3.4904691223065099,2.27750732421875,-0.39169677734375002,2.3109448234978545,28.453222656250034,12.183374693775177,42.525693174112781,9,15,0,20,8,223,2,0.6333333333333333
2025-08-11T06:00:00Z,2025-08-11T16:00:00Z,2025-08-11T17:00:00Z,2025-08-11T17:00:00Z,2025-08-11T00:00:00Z,2025-08-11T04:06:13Z,3.6706787109375001,2.9563305664062502,4.7131489067074561,2.6694848632812502,2.73992919921875,3.8253576894218946,27.911279296875023,22.213772616797687,104.69681812270805,10,16,0,21,8,223,1,0.45500000000000002
2025-08-11T06:00:00Z,2025-08-11T16:00:00Z,2025-08-11T17:00:00Z,2025-08-11T17:00:00Z,2025-08-11T00:00:00Z,2025-08-11T04:06:13Z,3.6706787109375001,2.9563305664062502,4.7131489067074561,2.6694848632812502,2.73992919921875,3.8253576894218946,27.911279296875023,22.213772616797687,104.69681812270805,10,16,0,21,8,223,2,0.44500000000000001
2025-08-11T06:00:00Z,2025-08-11T17:00:00Z,2025-08-11T18:00:00Z,2025-08-11T18:00:00Z,2025-08-11T00:00:00Z,2025-08-11T04:06:13Z,4.2583959960937499,2.2789013671875002,4.8298372540817915,3.0518481445312502,1.5682348632812499,3.4312006183972388,26.651000976562557,23.327327900916341,112.66719733402735,11,17,0,22,8,223,1,0.21666666666666667
2025-08-11T06:00:00Z,2025-08-11T17:00:00Z,2025-08-11T18:00:00Z,2025-08-11T18:00:00Z,2025-08-11T00:00:00Z,2025-08-11T04:06:13Z,4.2583959960937499,2.2789013671875002,4.8298372540817915,3.0518481445312502,1.5682348632812499,3.4312006183972388,26.651000976562557,23.327327900916341,112.66719733402735,11,17,0,22,8,223,2,0.21666666666666667
2025-08-11T06:00:00Z,2025-08-11T18:00:00Z,2025-08-11T19:00:00Z,2025-08-11T19:00:00Z,2025-08-11T00:00:00Z,2025-08-11T04:06:13Z,4.4994970703124997,0.56666992187499998,4.5350400975193796,3.2993627929687501,0.57496337890625004,3.3490861032093284,25.733642578125057,20.566588686108584,93.270304360690844,12,18,0,23,8,223,1,0.27166666666666667
2025-08-11T06:00:00Z,2025-08-11T18:00:00Z,2025-08-11T19:00:00Z,2025-08-11T19:00:00Z,2025-08-11T00:00:00Z,2025-08-11T04:06:13Z,4.4994970703124997,0.56666992187499998,4.5350400975193796,3.2993627929687501,0.57496337890625004,3.3490861032093284,25.733642578125057,20.566588686108584,93.270304360690844,12,18,0,23,8,223,2,0.26000000000000001
2025-08-11T06:00:00Z,2025-08-11T19:00:00Z,2025-08-11T20:00:00Z,2025-08-11T20:00:00Z,2025-08-11T00:00:00Z,2025-08-11T04:06:13Z,4.0426782226562503,1.0692895507812501,4.1817014904640271,2.6599487304687499,1.37924072265625,2.9962697174579676,24.849487304687557,17.486627355349064,73.123855675052212,13,19,0,0,8,224,1,0.34666666666666668
2025-08-11T06:00:00Z,2025-08-11T19:00:00Z,2025-08-11T20:00:00Z,2025-08-11T20:00:00Z,2025-08-11T00:00:00Z,2025-08-11T04:06:13Z,4.0426782226562503,1.0692895507812501,4.1817014904640271,2.6599487304687499,1.37924072265625,2.9962697174579676,24.849487304687557,17.486627355349064,73.123855675052212,13,19,0,0,8,224,2,0.33333333333333331
2025-08-11T06:00:00Z,2025-08-11T20:00:00Z,2025-08-11T21:00:00Z,2025-08-11T21:00:00Z,2025-08-11T00:00:00Z,2025-08-11T04:06:13Z,5.227255859375,1.0649658203125001,5.3346373839094392,3.3644335937500003,1.31016845703125,3.6105338653103902,23.899975585937511,28.458356017804146,151.81500989718216,14,20,0,1,8,224,1,0.33333333333333331
2025-08-11T06:00:00Z,2025-08-11T20:00:00Z,2025-08-11T21:00:00Z,2025-08-11T21:00:00Z,2025-08-11T00:00:00Z,2025-08-11T04:06:13Z,5.227255859375,1.0649658203125001,5.3346373839094392,3.3644335937500003,1.31016845703125,3.6105338653103902,23.899975585937511,28.458356017804146,151.81500989718216,14,20,0,1,8,224,2,0.32666666666666666
2025-08-11T06:00:00Z,2025-08-11T21:00:00Z,2025-08-11T22:00:00Z,2025-08-11T22:00:00Z,2025-08-11T00:00:00Z,2025-08-11T04:06:13Z,5.4751123046875003,0.95633056640625003,5.5580052987725166,3.00095703125,0.71082763671875004,3.0839940065655083,22.469335937500034,30.891422901183372,171.69469217139985,15,21,0,2,8,224,1,0.10166666666666667
2025-08-11T06:00:00Z,2025-08-11T21:00:00Z,2025-08-11T22:00:00Z,2025-08-11T22:00:00Z,2025-08-11T00:00:00Z,2025-08-11T04:06:13Z,5.4751123046875003,0.95633056640625003,5.5580052987725166,3.00095703125,0.71082763671875004,3.0839940065655083,22.469335937500034,30.891422901183372,171.69469217139985,15,21,0,2,8,224,2,0.098333333333333328
2025-08-11T06:00:00Z,2025-08-11T22:00:00Z,2025-08-11T23:00:00Z,2025-08-11T23:00:00Z,2025-08-11T00:00:00Z,2025-08-11T04:06:13Z,6.1846435546874998,0.94713623046875006,6.2567469932548967,2.9662841796874999,0.72166992187500001,3.0528100679215884,21.969360351562557,39.14688293760419,244.93214211515644,16,22,0,3,8,224,1,0.01
2025-08-11T06:00:00Z,2025-08-11T22:00:00Z,2025-08-11T23:00:00Z,2025-08-11T23:00:00Z,2025-08-11T00:00:00Z,2025-08-11T04:06:13Z,6.1846435546874998,0.94713623046875006,6.2567469932548967,2.9662841796874999,0.72166992187500001,3.0528100679215884,21.969360351562557,39.14688293760419,244.93214211515644,16,22,0,3,8,224,2,0.01
2025-08-11T06:00:00Z,2025-08-11T23:00:00Z,2025-08-12T00:00:00Z,2025-08-12T00:00:00Z,2025-08-11T00:00:00Z,2025-08-11T04:06:13Z,6.0396752929687505,0.98728271484375008,6.1198369915812636,3.19307373046875,0.60072021484375004,3.2490898148145337,21.688671875000011,37.452404803526413,229.20261234029675,17,23,0,4,8,224,1,0.01
2025-08-11T06:00:00Z,2025-08-11T23:00:00Z,2025-08-12T00:00:00Z,2025-08-12T00:00:00Z,2025-08-11T00:00:00Z,2025-08-11T04:06:13Z,6.0396752929687505,0.98728271484375008,6.1198369915812636,3.19307373046875,0.60072021484375004,3.2490898148145337,21.688671875000011,37.452404803526413,229.20261234029675,17,23,0,4,8,224,2,0.0066666666666666671
2025-08-11T06:00:00Z,2025-08-12T00:00:00Z,2025-08-12T01:00:00Z,2025-08-12T01:00:00Z,2025-08-11T00:00:00Z,2025-08-11T04:06:13Z,5.1301147460937502,1.1610864257812501,5.2598668230499923,2.8729174804687498,0.73606933593750001,2.9657128851071173,21.560620117187511,27.666198996222018,145.52052222012719,18,24,0,5,8,224,1,0.01
2025-08-11T06:00:00Z,2025-08-12T00:00:00Z,2025-08-12T01:00:00Z,2025-08-12T01:00:00Z,2025-08-11T00:00:00Z,2025-08-11T04:06:13Z,5.1301147460937502,1.1610864257812501,5.2598668230499923,2.8729174804687498,0.73606933593750001,2.9657128851071173,21.560620117187511,27.666198996222018,145.52052222012719,18,24,0,5,8,224,2,0.01
2025-08-11T06:00:00Z,2025-08-12T01:00:00Z,2025-08-12T02:00:00Z,2025-08-12T02:00:00Z,2025-08-11T00:00:00Z,2025-08-11T04:06:13Z,3.7667919921875002,0.68723144531250002,3.8289697010859443,2.1244555664062501,0.17389892578124999,2.1315609984287041,23.013232421875045,14.661008971834185,56.136559140502285,19,25,0,6,8,224,1,0.01
2025-08-11T06:00:00Z,2025-08-12T01:00:00Z,2025-08-12T02:00:00Z,2025-08-12T02:00:00Z,2025-08-11T00:00:00Z,2025-08-11T04:06:13Z,3.7667919921875002,0.68723144531250002,3.8289697010859443,2.1244555664062501,0.17389892578124999,2.1315609984287041,23.013232421875045,14.661008971834185,56.136559140502285,19,25,0,6,8,224,2,0.01
2025-08-11T06:00:00Z,2025-08-12T02:00:00Z,2025-08-12T03:00:00Z,2025-08-12T03:00:00Z,2025-08-11T00:00:00Z,2025-08-11T04:06:13Z,3.39741943359375,0.080803222656250007,3.3983801977636512,2.8524267578125002,-0.29593261718750002,2.8677368293830896,26.244580078125011,11.548987968552114,39.247852016538161,20,26,0,7,8,224,1,0.01
2025-08-11T06:00:00Z,2025-08-12T02:00:00Z,2025-08-12T03:00:00Z,2025-08-12T03:00:00Z,2025-08-11T00:00:00Z,2025-08-11T04:06:13Z,3.39741943359375,0.080803222656250007,3.3983801977636512,2.8524267578125002,-0.29593261718750002,2.8677368293830896,26.244580078125011,11.548987968552114,39.247852016538161,20,26,0,7,8,224,2,0.01
2025-08-11T06:00:00Z,2025-08-12T03:00:00Z,2025-08-12T04:00:00Z,2025-08-12T04:00:00Z,2025-08-11T00:00:00Z,2025-08-11T04:06:13Z,3.7239599609375,1.0193994140625,3.8609652881185808,3.38688232421875,0.65029052734375004,3.4487460979402957,28.376660156250011,14.907052956056596,57.555614011479996,21,27,0,8,8,224,1,0.01
2025-08-11T06:00:00Z,2025-08-12T03:00:00Z,2025-08-12T04:00:00Z,2025-08-12T04:00:00Z,2025-08-11T00:00:00Z,2025-08-11T04:06:13Z,3.7239599609375,1.0193994140625,3.8609652881185808,3.38688232421875,0.65029052734375004,3.4487460979402957,28.376660156250011,14.907052956056596,57.555614011479996,21,27,0,8,8,224,2,0.01
2025-08-11T06:00:00Z,2025-08-12T04:00:00Z,2025-08-12T05:00:00Z,2025-08-12T05:00:00Z,2025-08-11T00:00:00Z,2025-08-11T04:06:13Z,3.8273364257812501,0.56219726562500005,3.8684066334329721,3.3679321289062503,0.28798095703124998,3.380221864986324,30.917724609375057,14.96456988158822,57.889041396407137,22,28,0,9,8,224,1,0.01
2025-08-11T06:00:00Z,2025-08-12T04:00:00Z,2025-08-12T05:00:00Z,2025-08-12T05:00:00Z,2025-08-11T00:00:00Z,2025-08-11T04:06:13Z,3.8273364257812501,0.56219726562500005,3.8684066334329721,3.3679321289062503,0.28798095703124998,3.380221864986324,30.917724609375057,14.96456988158822,57.889041396407137,22,28,0,9,8,224,2,0.01
2025-08-11T06:00:00Z,2025-08-12T05:00:00Z,2025-08-12T06:00:00Z,2025-08-12T06:00:00Z,2025-08-11T00:00:00Z,2025-08-11T04:06:13Z,3.9234716796875002,0.033803710937500002,3.9236172994040843,3.58066650390625,-0.18866943359374999,3.5856336632970178,32.998999023437534,15.394772712183,60.403196533915157,23,29,0,10,8,224,1,0.0066666666666666671
2025-08-11T06:00:00Z,2025-08-12T05:00:00Z,2025-08-12T06:00:00Z,2025-08-12T06:00:00Z,2025-08-11T00:00:00Z,2025-08-11T04:06:13Z,3.9234716796875002,0.033803710937500002,3.9236172994040843,3.58066650390625,-0.18866943359374999,3.5856336632970178,32.998999023437534,15.394772712183,60.403196533915157,23,29,0,10,8,224,2,0.0050000000000000001
2025-08-11T06:00:00Z,2025-08-12T06:00:00Z,2025-08-12T07:00:00Z,2025-08-12T07:00:00Z,2025-08-11T00:00:00Z,2025-08-11T04:06:13Z,4.8579931640625,-0.7722216796875,4.9189860646943657,4.3173315429687502,-1.077119140625,4.4496670993472831,35.726489257812545,24.196423904657362,119.0218720024472,24,30,0,11,8,224,1,0.01
2025-08-11T06:00:00Z,2025-08-12T06:00:00Z,2025-08-12T07:00:00Z,2025-08-12T07:00:00Z,2025-08-11T00:00:00Z,2025-08-11T04:06:13Z,4.8579931640625,-0.7722216796875,4.9189860646943657,4.3173315429687502,-1.077119140625,4.4496670993472831,35.726489257812545,24.196423904657362,119.0218720024472,24,30,0,11,8,224,2,0.0050000000000000001
2025-08-11T06:00:00Z,2025-08-12T07:00:00Z,2025-08-12T08:00:00Z,2025-08-12T08:00:00Z,2025-08-11T00:00:00Z,2025-08-11T04:06:13Z,6.3665185546875005,-1.4927587890625,6.5391809356756267,5.7441699218749998,-1.4881958007812501,5.9338195820935091,37.413671875000034,42.760887309503566,279.62117908687958,25,31,0,12,8,224,1,0.01
2025-08-11T06:00:00Z,2025-08-12T07:00:00Z,2025-08-12T08:00:00Z,2025-08-12T08:00:00Z,2025-08-11T00:00:00Z,2025-08-11T04:06:13Z,6.3665185546875005,-1.4927587890625,6.5391809356756267,5.7441699218749998,-1.4881958007812501,5.9338195820935091,37.413671875000034,42.760887309503566,279.62117908687958,25,31,0,12,8,224,2,0.01
2025-08-11T06:00:00Z,2025-08-12T08:00:00Z,2025-08-12T09:00:00Z,2025-08-12T09:00:00Z,2025-08-11T00:00:00Z,2025-08-11T04:06:13Z,8.1334912109374997,-1.3609521484375,8.2465671663264946,7.0737475585937499,-0.99172363281249998,7.1429279911384977,38.337890625000057,68.005870028734194,560.81497489642641,26,32,0,13,8,224,1,0.01
2025-08-11T06:00:00Z,2025-08-12T08:00:00Z,2025-08-12T09:00:00Z,2025-08-12T09:00:00Z,2025-08-11T00:00:00Z,2025-08-11T04:06:13Z,8.1334912109374997,-1.3609521484375,8.2465671663264946,7.0737475585937499,-0.99172363281249998,7.1429279911384977,38.337890625000057,68.005870028734194,560.81497489642641,26,32,0,13,8,224,2,0.02
2025-08-11T06:00:00Z,2025-08-12T09:00:00Z,2025-08-12T10:00:00Z,2025-08-12T10:00:00Z,2025-08-11T00:00:00Z,2025-08-11T04:06:13Z,10.5179248046875,-1.6585058593749999,10.647881661750462,8.8260839843749999,-1.0858251953125,8.8926247449229692,38.603955078125068,113.37738388264179,1207.228966701224,27,33,0,14,8,224,1,0.01
2025-08-11T06:00:00Z,2025-08-12T09:00:00Z,2025-08-12T10:00:00Z,2025-08-12T10:00:00Z,2025-08-11T00:00:00Z,2025-08-11T04:06:13Z,10.5179248046875,-1.6585058593749999,10.647881661750462,8.8260839843749999,-1.0858251953125,8.8926247449229692,38.603955078125068,113.37738388264179,1207.228966701224,27,33,0,14,8,224,2,0.025000000000000005
2025-08-11T06:00:00Z,2025-08-12T10:00:00Z,2025-08-12T11:00:00Z,2025-08-12T11:00:00Z,2025-08-11T00:00:00Z,2025-08-11T04:06:13Z,9.5280883789062507,-2.1790478515625002,9.7740839824327015,7.7865234375000005,-1.6234667968750001,7.9539670406214533,38.750781250000045,95.532717695647491,933.74480582729325,28,34,0,15,8,224,1,0.01
2025-08-11T06:00:00Z,2025-08-12T10:00:00Z,2025-08-12T11:00:00Z,2025-08-12T11:00:00Z,2025-08-11T00:00:00Z,2025-08-11T04:06:13Z,9.5280883789062507,-2.1790478515625002,9.7740839824327015,7.7865234375000005,-1.6234667968750001,7.9539670406214533,38.750781250000045,95.532717695647491,933.74480582729325,28,34,0,15,8,224,2,0.21166666666666667
2025-08-11T06:00:00Z,2025-08-12T11:00:00Z,2025-08-12T12:00:00Z,2025-08-12T12:00:00Z,2025-08-11T00:00:00Z,2025-08-11T04:06:13Z,7.5358984375000002,-0.63058349609374997,7.5622351726100634,6.2197534179687501,-0.34872314453125003,6.2295216840352774,38.790722656250068,57.187400805860754,432.4645738042293,29,35,0,16,8,224,1,0.01
2025-08-11T06:00:00Z,2025-08-12T11:00:00Z,2025-08-12T12:00:00Z,2025-08-12T12:00:00Z,2025-08-11T00:00:00Z,2025-08-11T04:06:13Z,7.5358984375000002,-0.63058349609374997,7.5622351726100634,6.2197534179687501,-0.34872314453125003,6.2295216840352774,38.790722656250068,57.187400805860754,432.4645738042293,29,35,0,16,8,224,2,0.056666666666666664
2025-08-11T06:00:00Z,2025-08-12T12:00:00Z,2025-08-12T13:00:00Z,2025-08-12T13:00:00Z,2025-08-11T00:00:00Z,2025-08-11T04:06:13Z,8.2251708984375007,-6.0221972656250005,10.194130478594259,6.6601586914062505,-4.5410839843749997,8.060965050653758,38.552587890625034,103.92029621460441,1059.3770589858423,30,36,0,17,8,224,1,0.01
2025-08-11T06:00:00Z,2025-08-12T12:00:00Z,2025-08-12T13:00:00Z,2025-08-12T13:00:00Z,2025-08-11T00:00:00Z,2025-08-11T04:06:13Z,8.2251708984375007,-6.0221972656250005,10.194130478594259,6.6601586914062505,-4.5410839843749997,8.060965050653758,38.552587890625034,103.92029621460441,1059.3770589858423,30,36,0,17,8,224,2,0.14333333333333334
2025-08-11T06:00:00Z,2025-08-12T13:00:00Z,2025-08-12T14:00:00Z,2025-08-12T14:00:00Z,2025-08-11T00:00:00Z,2025-08-11T04:06:13Z,6.2085205078125005,-3.6571997070312499,7.2056114655897074,4.5479199218749997,-2.4734741210937501,5.1770309873042102,37.251269531250045,51.920836593037855,374.1213754578032,31,37,0,18,8,224,1,0.13999999999999999
2025-08-11T06:00:00Z,2025-08-12T13:00:00Z,2025-08-12T14:00:00Z,2025-08-12T14:00:00Z,2025-08-11T00:00:00Z,2025-08-11T04:06:13Z,6.2085205078125005,-3.6571997070312499,7.2056114655897074,4.5479199218749997,-2.4734741210937501,5.1770309873042102,37.251269531250045,51.920836593037855,374.1213754578032,31,37,0,18,8,224,2,0.18166666666666664
2025-08-11T06:00:00Z,2025-08-12T14:00:00Z,2025-08-12T15:00:00Z,2025-08-12T15:00:00Z,2025-08-11T00:00:00Z,2025-08-11T04:06:13Z,6.5792480468750005,-4.13100341796875,7.7686352792223428,4.8557861328124998,-2.0722509765625001,5.2794775383060779,34.950000000000045,60.351694101578005,468.85029995835384,32,38,0,19,8,224,1,0.42999999999999999
2025-08-11T06:00:00Z,2025-08-12T14:00:00Z,2025-08-12T15:00:00Z,2025-08-12T15:00:00Z,2025-08-11T00:00:00Z,2025-08-11T04:06:13Z,6.5792480468750005,-4.13100341796875,7.7686352792223428,4.8557861328124998,-2.0722509765625001,5.2794775383060779,34.950000000000045,60.351694101578005,468.85029995835384,32,38,0,19,8,224,2,0.47500000000000003
2025-08-11T06:00:00Z,2025-08-12T15:00:00Z,2025-08-12T16:00:00Z,2025-08-12T16:00:00Z,2025-08-11T00:00:00Z,2025-08-11T04:06:13Z,6.3761254882812501,-2.68276123046875,6.9175273083679265,4.7718212890625002,-0.69505371093750001,4.822175657920198,32.650000000000034,47.852184062016008,331.01879001404421,33,39,0,20,8,224,1,0.65000000000000002
2025-08-11T06:00:00Z,2025-08-12T15:00:00Z,2025-08-12T16:00:00Z,2025-08-12T16:00:00Z,2025-08-11T00:00:00Z,2025-08-11T04:06:13Z,6.3761254882812501,-2.68276123046875,6.9175273083679265,4.7718212890625002,-0.69505371093750001,4.822175657920198,32.650000000000034,47.852184062016008,331.01879001404421,33,39,0,20,8,224,2,0.66666666666666663
2025-08-11T06:00:00Z,2025-08-12T16:00:00Z,2025-08-12T17:00:00Z,2025-08-12T17:00:00Z,2025-08-11T00:00:00Z,2025-08-11T04:06:13Z,2.5931372070312499,-2.2567016601562502,3.4375955197553139,2.1434985351562501,-0.14143310546875001,2.1481595130575206,29.851342773437523,11.817062957441806,40.622282679168428,34,40,0,21,8,224,1,0.73166666666666658
2025-08-11T06:00:00Z,2025-08-12T16:00:00Z,2025-08-12T17:00:00Z,2025-08-12T17:00:00Z,2025-08-11T00:00:00Z,2025-08-11T04:06:13Z,2.5931372070312499,-2.2567016601562502,3.4375955197553139,2.1434985351562501,-0.14143310546875001,2.1481595130575206,29.851342773437523,11.817062957441806,40.622282679168428,34,40,0,21,8,224,2,0.7466666666666667
2025-08-11T06:00:00Z,2025-08-12T17:00:00Z,2025-08-12T18:00:00Z,2025-08-12T18:00:00Z,2025-08-11T00:00:00Z,2025-08-11T04:06:13Z,6.3411865234375,1.9731811523437501,6.641091053809606,3.6689184570312499,1.69093017578125,4.0398276576745422,28.451342773437545,44.104090384989981,292.8992800921672,35,41,0,22,8,224,1,0.98999999999999988
2025-08-11T06:00:00Z,2025-08-12T17:00:00Z,2025-08-12T18:00:00Z,2025-08-12T18:00:00Z,2025-08-11T00:00:00Z,2025-08-11T04:06:13Z,6.3411865234375,1.9731811523437501,6.641091053809606,3.6689184570312499,1.69093017578125,4.0398276576745422,28.451342773437545,44.104090384989981,292.8992800921672,35,41,0,22,8,224,2,0.96666666666666667
2025-08-11T06:00:00Z,2025-08-12T18:00:00Z,2025-08-12T19:00:00Z,2025-08-12T19:00:00Z,2025-08-11T00:00:00Z,2025-08-11T04:06:13Z,7.9357788085937502,2.6036206054687501,8.351971357478849,4.12929443359375,2.1897631835937501,4.6739849507172107,26.351293945312534,69.755425556147088,582.59531627368858,36,42,0,23,8,224,1,0.53666666666666663
2025-08-11T06:00:00Z,2025-08-12T18:00:00Z,2025-08-12T19:00:00Z,2025-08-12T19:00:00Z,2025-08-11T00:00:00Z,2025-08-11T04:06:13Z,7.9357788085937502,2.6036206054687501,8.351971357478849,4.12929443359375,2.1897631835937501,4.6739849507172107,26.351293945312534,69.755425556147088,582.59531627368858,36,42,0,23,8,224,2,0.52000000000000002
2025-08-11T06:00:00Z,2025-08-12T19:00:00Z,2025-08-12T20:00:00Z,2025-08-12T20:00:00Z,2025-08-11T00:00:00Z,2025-08-11T04:06:13Z,8.5344531250000006,3.2371191406249999,9.1277505702896491,4.8643505859375002,2.5900732421875001,5.5109333168535226,25.816796875000023,83.31583047342302,760.48611911794274,37,43,0,0,8,225,1,0.96833333333333327
2025-08-11T06:00:00Z,2025-08-12T19:00:00Z,2025-08-12T20:00:00Z,2025-08-12T20:00:00Z,2025-08-11T00:00:00Z,2025-08-11T04:06:13Z,8.5344531250000006,3.2371191406249999,9.1277505702896491,4.8643505859375002,2.5900732421875001,5.5109333168535226,25.816796875000023,83.31583047342302,760.48611911794274,37,43,0,0,8,225,2,0.93499999999999994
2025-08-11T06:00:00Z,2025-08-12T20:00:00Z,2025-08-12T21:00:00Z,2025-08-12T21:00:00Z,2025-08-11T00:00:00Z,2025-08-11T04:06:13Z,8.9959619140624998,2.9394384765625001,9.4640176097025037,5.34613037109375,2.03426025390625,5.7200808320646761,25.372241210937545,89.567629316759096,847.66962111311432,38,44,0,1,8,225,1,0.98999999999999988
2025-08-11T06:00:00Z,2025-08-12T20:00:00Z,2025-08-12T21:00:00Z,2025-08-12T21:00:00Z,2025-08-11T00:00:00Z,2025-08-11T04:06:13Z,8.9959619140624998,2.9394384765625001,9.4640176097025037,5.34613037109375,2.03426025390625,5.7200808320646761,25.372241210937545,89.567629316759096,847.66962111311432,38,44,0,1,8,225,2,0.97000000000000008
2025-08-11T06:00:00Z,2025-08-12T21:00:00Z,2025-08-12T22:00:00Z,2025-08-12T22:00:00Z,2025-08-11T00:00:00Z,2025-08-11T04:06:13Z,8.4827807617187503,2.6714794921875002,8.8935016797976782,4.9012768554687502,1.71409912109375,5.1923646454084871,24.619287109375023,79.094372128564132,703.42593138792779,39,45,0,2,8,225,1,0.98833333333333329
2025-08-11T06:00:00Z,2025-08-12T21:00:00Z,2025-08-12T22:00:00Z,2025-08-12T22:00:00Z,2025-08-11T00:00:00Z,2025-08-11T04:06:13Z,8.4827807617187503,2.6714794921875002,8.8935016797976782,4.9012768554687502,1.71409912109375,5.1923646454084871,24.619287109375023,79.094372128564132,703.42593138792779,39,45,0,2,8,225,2,0.97000000000000008
2025-08-11T06:00:00Z,2025-08-12T22:00:00Z,2025-08-12T23:00:00Z,2025-08-12T23:00:00Z,2025-08-11T00:00:00Z,2025-08-11T04:06:13Z,8.0702832031249994,2.2128759765625001,8.3681713095687122,4.1969384765625,1.3943359375,4.4224953683022399,23.924145507812511,70.026291066288934,585.99199981642687,40,46,0,3,8,225,1,0.84166666666666667
2025-08-11T06:00:00Z,2025-08-12T22:00:00Z,2025-08-12T23:00:00Z,2025-08-12T23:00:00Z,2025-08-11T00:00:00Z,2025-08-11T04:06:13Z,8.0702832031249994,2.2128759765625001,8.3681713095687122,4.1969384765625,1.3943359375,4.4224953683022399,23.924145507812511,70.026291066288934,585.99199981642687,40,46,0,3,8,225,2,0.83166666666666667
2025-08-11T06:00:00Z,2025-08-12T23:00:00Z,2025-08-13T00:00:00Z,2025-08-13T00:00:00Z,2025-08-11T00:00:00Z,2025-08-11T04:06:13Z,7.4043994140625005,1.1145776367187501,7.487817705529606,3.6815234375000001,0.88190429687500005,3.7856795968106449,23.086889648437534,56.067413991242653,419.8225751868851,41,47,0,4,8,225,1,0.97333333333333327
2025-08-11T06:00:00Z,2025-08-12T23:00:00Z,2025-08-13T00:00:00Z,2025-08-13T00:00:00Z,2025-08-11T00:00:00Z,2025-08-11T04:06:13Z,7.4043994140625005,1.1145776367187501,7.487817705529606,3.6815234375000001,0.88190429687500005,3.7856795968106449,23.086889648437534,56.067413991242653,419.8225751868851,41,47,0,4,8,225,2,0.95333333333333325
2025-08-11T06:00:00Z,2025-08-13T00:00:00Z,2025-08-13T01:00:00Z,2025-08-13T01:00:00Z,2025-08-11T00:00:00Z,2025-08-11T04:06:13Z,7.2009130859375006,0.75839355468750003,7.2407396069060157,3.54622314453125,0.45169433593750002,3.5748743144238126,22.489477539062534,52.428310055017484,379.61974113851403,42,48,0,5,8,225,1,0.97833333333333339
2025-08-11T06:00:00Z,2025-08-13T00:00:00Z,2025-08-13T01:00:00Z,2025-08-13T01:00:00Z,2025-08-11T00:00:00Z,2025-08-11T04:06:13Z,7.2009130859375006,0.75839355468750003,7.2407396069060157,3.54622314453125,0.45169433593750002,3.5748743144238126,22.489477539062534,52.428310055017484,379.61974113851403,42,48,0,5,8,225,2,0.95666666666666667
2025-08-11T06:00:00Z,2025-08-13T01:00:00Z,2025-08-13T02:00:00Z,2025-08-13T02:00:00Z,2025-08-11T00:00:00Z,2025-08-11T04:06:13Z,6.5745483398437505,0.30726806640624998,6.5817246628505552,3.67083740234375,0.15163330078125001,3.6739678676264478,23.789501953125011,43.319099537575255,285.11438579893712,43,49,0,6,8,225,1,0.96333333333333337
2025-08-11T06:00:00Z,2025-08-13T01:00:00Z,2025-08-13T02:00:00Z,2025-08-13T02:00:00Z,2025-08-11T00:00:00Z,2025-08-11T04:06:13Z,6.5745483398437505,0.30726806640624998,6.5817246628505552,3.67083740234375,0.15163330078125001,3.6739678676264478,23.789501953125011,43.319099537575255,285.11438579893712,43,49,0,6,8,225,2,0.93166666666666664
2025-08-11T06:00:00Z,2025-08-13T02:00:00Z,2025-08-13T03:00:00Z,2025-08-13T03:00:00Z,2025-08-11T00:00:00Z,2025-08-11T04:06:13Z,6.3767797851562502,0.43403808593749998,6.3915342045882602,5.1335351562499998,0.12221679687500001,5.1349897902423427,26.305249023437511,40.851709488421683,261.10509851114995,44,50,0,7,8,225,1,0.65500000000000003
2025-08-11T06:00:00Z,2025-08-13T02:00:00Z,2025-08-13T03:00:00Z,2025-08-13T03:00:00Z,2025-08-11T00:00:00Z,2025-08-11T04:06:13Z,6.3767797851562502,0.43403808593749998,6.3915342045882602,5.1335351562499998,0.12221679687500001,5.1349897902423427,26.305249023437511,40.851709488421683,261.10509851114995,44,50,0,7,8,225,2,0.59500000000000008
2025-08-11T06:00:00Z,2025-08-13T03:00:00Z,2025-08-13T04:00:00Z,2025-08-13T04:00:00Z,2025-08-11T00:00:00Z,2025-08-11T04:06:13Z,5.8018798828125,0.46676757812500003,5.820625580345558,4.85589599609375,0.087802734374999997,4.8566897414847325,29.086621093750011,33.879682146573067,197.20094455631991,45,51,0,8,8,225,1,0.28833333333333333
2025-08-11T06:00:00Z,2025-08-13T03:00:00Z,2025-08-13T04:00:00Z,2025-08-13T04:00:00Z,2025-08-11T00:00:00Z,2025-08-11T04:06:13Z,5.8018798828125,0.46676757812500003,5.820625580345558,4.85589599609375,0.087802734374999997,4.8566897414847325,29.086621093750011,33.879682146573067,197.20094455631991,45,51,0,8,8,225,2,0.3666666666666667
2025-08-11T06:00:00Z,2025-08-13T04:00:00Z,2025-08-13T05:00:00Z,2025-08-13T05:00:00Z,2025-08-11T00:00:00Z,2025-08-11T04:06:13Z,5.5741259765624998,-0.21238281250000002,5.5781705658427345,4.8923901367187499,-0.4666748046875,4.9145973002060934,31.666210937500011,31.115986861634251,173.57028203871744,46,52,0,9,8,225,1,0.27499999999999997
2025-08-11T06:00:00Z,2025-08-13T04:00:00Z,2025-08-13T05:00:00Z,2025-08-13T05:00:00Z,2025-08-11T00:00:00Z,2025-08-11T04:06:13Z,5.5741259765624998,-0.21238281250000002,5.5781705658427345,4.8923901367187499,-0.4666748046875,4.9145973002060934,31.666210937500011,31.115986861634251,173.57028203871744,46,52,0,9,8,225,2,0.28333333333333333
2025-08-11T06:00:00Z,2025-08-13T05:00:00Z,2025-08-13T06:00:00Z,2025-08-13T06:00:00Z,2025-08-11T00:00:00Z,2025-08-11T04:06:13Z,5.3358740234375004,-0.17112792968750001,5.3386174579486614,4.9085864257812499,-0.42005859374999999,4.9265271664273991,34.004565429687545,28.500836362314228,152.15506256998876,47,53,0,10,8,225,1,0.23999999999999999
2025-08-11T06:00:00Z,2025-08-13T05:00:00Z,2025-08-13T06:00:00Z,2025-08-13T06:00:00Z,2025-08-11T00:00:00Z,2025-08-11T04:06:13Z,5.3358740234375004,-0.17112792968750001,5.3386174579486614,4.9085864257812499,-0.42005859374999999,4.9265271664273991,34.004565429687545,28.500836362314228,152.15506256998876,47,53,0,10,8,225,2,0.28499999999999998
2025-08-18T06:00:00Z,2025-08-18T06:00:00Z,2025-08-18T07:00:00Z,2025-08-18T07:00:00Z,2025-08-18T00:00:00Z,2025-08-18T04:03:27Z,0.69468750000000001,0.30045898437500002,0.75687933248828143,0.82332519531250004,0.1028857421875,0.82972878290549801,23.201342773437545,0.57286632394790649,0.43359068087470704,0,6,0,11,8,230,1,0.011666666666666667
2025-08-18T06:00:00Z,2025-08-18T06:00:00Z,2025-08-18T07:00:00Z,2025-08-18T07:00:00Z,2025-08-18T00:00:00Z,2025-08-18T04:03:27Z,0.69468750000000001,0.30045898437500002,0.75687933248828143,0.82332519531250004,0.1028857421875,0.82972878290549801,23.201342773437545,0.57286632394790649,0.43359068087470704,0,6,0,11,8,230,2,0.0083333333333333332
2025-08-18T06:00:00Z,2025-08-18T07:00:00Z,2025-08-18T08:00:00Z,2025-08-18T08:00:00Z,2025-08-18T00:00:00Z,2025-08-18T04:03:27Z,1.2763916015625001,1.8015045166015626,2.2078482837086235,1.1468066406249999,1.68525146484375,2.0384400826954918,24.579394531250045,4.8745940438751143,10.762364093545949,1,7,0,12,8,230,1,0.41666666666666669
2025-08-18T06:00:00Z,2025-08-18T07:00:00Z,2025-08-18T08:00:00Z,2025-08-18T08:00:00Z,2025-08-18T00:00:00Z,2025-08-18T04:03:27Z,1.2763916015625001,1.8015045166015626,2.2078482837086235,1.1468066406249999,1.68525146484375,2.0384400826954918,24.579394531250045,4.8745940438751143,10.762364093545949,1,7,0,12,8,230,2,0.40166666666666667
2025-08-18T06:00:00Z,2025-08-18T08:00:00Z,2025-08-18T09:00:00Z,2025-08-18T09:00:00Z,2025-08-18T00:00:00Z,2025-08-18T04:03:27Z,0.58722167968750005,3.1125048828124999,3.1674147102371459,0.30727539062500003,3.1075146484375002,3.122669604030722,26.521264648437523,10.032515946626663,31.777138590034038,2,8,0,13,8,230,1,0.27999999999999997
2025-08-18T06:00:00Z,2025-08-18T08:00:00Z,2025-08-18T09:00:00Z,2025-08-18T09:00:00Z,2025-08-18T00:00:00Z,2025-08-18T04:03:27Z,0.58722167968750005,3.1125048828124999,3.1674147102371459,0.30727539062500003,3.1075146484375002,3.122669604030722,26.521264648437523,10.032515946626663,31.777138590034038,2,8,0,13,8,230,2,0.33333333333333331
2025-08-18T06:00:00Z,2025-08-18T09:00:00Z,2025-08-18T10:00:00Z,2025-08-18T10:00:00Z,2025-08-18T00:00:00Z,2025-08-18T04:03:27Z,0.060903320312500002,3.2085546874999999,3.2091326549557451,-0.43498535156250001,3.3303735351562502,3.3586604680650725,27.981958007812523,10.298532397103308,33.049356613663896,3,9,0,14,8,230,1,0.041666666666666664
2025-08-18T06:00:00Z,2025-08-18T09:00:00Z,2025-08-18T10:00:00Z,2025-08-18T10:00:00Z,2025-08-18T00:00:00Z,2025-08-18T04:03:27Z,0.060903320312500002,3.2085546874999999,3.2091326549557451,-0.43498535156250001,3.3303735351562502,3.3586604680650725,27.981958007812523,10.298532397103308,33.049356613663896,3,9,0,14,8,230,2,0.055
2025-08-18T06:00:00Z,2025-08-18T10:00:00Z,2025-08-18T11:00:00Z,2025-08-18T11:00:00Z,2025-08-18T00:00:00Z,2025-08-18T04:03:27Z,3.3207373046874999,0.56983886718749999,3.3692747856624479,2.6879833984374999,0.84050537109375001,2.8163281110540108,28.774243164062511,11.352012581300734,38.248049756699444,4,10,0,15,8,230,1,0.17833333333333334
2025-08-18T06:00:00Z,2025-08-18T10:00:00Z,2025-08-18T11:00:00Z,2025-08-18T11:00:00Z,2025-08-18T00:00:00Z,2025-08-18T04:03:27Z,3.3207373046874999,0.56983886718749999,3.3692747856624479,2.6879833984374999,0.84050537109375001,2.8163281110540108,28.774243164062511,11.352012581300734,38.248049756699444,4,10,0,15,8,230,2,0.19166666666666665
2025-08-18T06:00:00Z,2025-08-18T11:00:00Z,2025-08-18T12:00:00Z,2025-08-18T12:00:00Z,2025-08-18T00:00:00Z,2025-08-18T04:03:27Z,6.6957812500000005,-1.25407958984375,6.8122097857827484,5.4718994140625004,-0.49668945312500001,5.4943956547069988,27.185205078125023,46.406202165514237,316.12878451292863,5,11,0,16,8,230,1,0.081666666666666665
2025-08-18T06:00:00Z,2025-08-18T11:00:00Z,2025-08-18T12:00:00Z,2025-08-18T12:00:00Z,2025-08-18T00:00:00Z,2025-08-18T04:03:27Z,6.6957812500000005,-1.25407958984375,6.8122097857827484,5.4718994140625004,-0.49668945312500001,5.4943956547069988,27.185205078125023,46.406202165514237,316.12878451292863,5,11,0,16,8,230,2,0.08666666666666667
2025-08-18T06:00:00Z,2025-08-18T12:00:00Z,2025-08-18T13:00:00Z,2025-08-18T13:00:00Z,2025-08-18T00:00:00Z,2025-08-18T04:03:27Z,8.3500048828125006,6.5150854492187502,10.590982955024264,5.9092041015625005,4.9330957031249998,7.6976701884475025,23.759765625000057,112.16891995361451,1187.9791193122123,6,12,0,17,8,230,1,0.024999999999999998
2025-08-18T06:00:00Z,2025-08-18T12:00:00Z,2025-08-18T13:00:00Z,2025-08-18T13:00:00Z,2025-08-18T00:00:00Z,2025-08-18T04:03:27Z,8.3500048828125006,6.5150854492187502,10.590982955024264,5.9092041015625005,4.9330957031249998,7.6976701884475025,23.759765625000057,112.16891995361451,1187.9791193122123,6,12,0,17,8,230,2,0.021666666666666667
2025-08-18T06:00:00Z,2025-08-18T13:00:00Z,2025-08-18T14:00:00Z,2025-08-18T14:00:00Z,2025-08-18T00:00:00Z,2025-08-18T04:03:27Z,2.2121337890624999,5.1938183593750002,5.645288748230052,1.4153808593750001,4.0186645507812502,4.2606299708835289,24.882592773437523,31.869285050892827,179.91131631194148,7,13,0,18,8,230,1,0.014999999999999999
2025-08-18T06:00:00Z,2025-08-18T13:00:00Z,2025-08-18T14:00:00Z,2025-08-18T14:00:00Z,2025-08-18T00:00:00Z,2025-08-18T04:03:27Z,2.2121337890624999,5.1938183593750002,5.645288748230052,1.4153808593750001,4.0186645507812502,4.2606299708835289,24.882592773437523,31.869285050892827,179.91131631194148,7,13,0,18,8,230,2,0.01
2025-08-18T06:00:00Z,2025-08-18T14:00:00Z,2025-08-18T15:00:00Z,2025-08-18T15:00:00Z,2025-08-18T00:00:00Z,2025-08-18T04:03:27Z,0.061459960937500002,5.6279760742187497,5.6283116490451315,-0.7041015625,3.8038598632812501,3.8684762982079897,21.592602539062511,31.677892018777126,178.29304866647709,8,14,0,19,8,230,1,0.18166666666666667
2025-08-18T06:00:00Z,2025-08-18T14:00:00Z,2025-08-18T15:00:00Z,2025-08-18T15:00:00Z,2025-08-18T00:00:00Z,2025-08-18T04:03:27Z,0.061459960937500002,5.6279760742187497,5.6283116490451315,-0.7041015625,3.8038598632812501,3.8684762982079897,21.592602539062511,31.677892018777126,178.29304866647709,8,14,0,19,8,230,2,0.18000000000000002
2025-08-18T06:00:00Z,2025-08-18T15:00:00Z,2025-08-18T16:00:00Z,2025-08-18T16:00:00Z,2025-08-18T00:00:00Z,2025-08-18T04:03:27Z,-0.32024414062500001,4.3755468750000004,4.3872504789363136,-0.71247558593750004,2.6651953124999999,2.7587837019833499,19.519262695312534,19.247966764926915,84.445651407975859,9,15,0,20,8,230,1,0.18833333333333332
2025-08-18T06:00:00Z,2025-08-18T15:00:00Z,2025-08-18T16:00:00Z,2025-08-18T16:00:00Z,2025-08-18T00:00:00Z,2025-08-18T04:03:27Z,-0.32024414062500001,4.3755468750000004,4.3872504789363136,-0.71247558593750004,2.6651953124999999,2.7587837019833499,19.519262695312534,19.247966764926915,84.445651407975859,9,15,0,20,8,230,2,0.18166666666666667
2025-08-18T06:00:00Z,2025-08-18T16:00:00Z,2025-08-18T17:00:00Z,2025-08-18T17:00:00Z,2025-08-18T00:00:00Z,2025-08-18T04:03:27Z,-1.1559716796874999,3.2265771484374999,3.4273999794390217,-1.131640625,2.1675854492187501,2.4452069817942288,19.685009765625011,11.747070619058606,40.261909598230204,10,16,0,21,8,230,1,0.21166666666666667
2025-08-18T06:00:00Z,2025-08-18T16:00:00Z,2025-08-18T17:00:00Z,2025-08-18T17:00:00Z,2025-08-18T00:00:00Z,2025-08-18T04:03:27Z,-1.1559716796874999,3.2265771484374999,3.4273999794390217,-1.131640625,2.1675854492187501,2.4452069817942288,19.685009765625011,11.747070619058606,40.261909598230204,10,16,0,21,8,230,2,0.19499999999999998
2025-08-18T06:00:00Z,2025-08-18T17:00:00Z,2025-08-18T18:00:00Z,2025-08-18T18:00:00Z,2025-08-18T00:00:00Z,2025-08-18T04:03:27Z,-2.1577490234374999,2.6743408203125001,3.4362740972360193,-1.730673828125,1.7035791015625001,2.4284591111726255,19.775292968750023,11.80797967133522,40.575454685298702,11,17,0,22,8,230,1,0.45999999999999996
2025-08-18T06:00:00Z,2025-08-18T17:00:00Z,2025-08-18T18:00:00Z,2025-08-18T18:00:00Z,2025-08-18T00:00:00Z,2025-08-18T04:03:27Z,-2.1577490234374999,2.6743408203125001,3.4362740972360193,-1.730673828125,1.7035791015625001,2.4284591111726255,19.775292968750023,11.80797967133522,40.575454685298702,11,17,0,22,8,230,2,0.38833333333333336
2025-08-18T06:00:00Z,2025-08-18T18:00:00Z,2025-08-18T19:00:00Z,2025-08-18T19:00:00Z,2025-08-18T00:00:00Z,2025-08-18T04:03:27Z,-2.5962451171874998,1.4781298828125,2.9875335410641384,-2.0990673828125002,0.66616210937499998,2.2022388230058674,19.613452148437545,8.9253566589832296,26.664802384672555,12,18,0,23,8,230,1,0.72000000000000008
2025-08-18T06:00:00Z,2025-08-18T18:00:00Z,2025-08-18T19:00:00Z,2025-08-18T19:00:00Z,2025-08-18T00:00:00Z,2025-08-18T04:03:27Z,-2.5962451171874998,1.4781298828125,2.9875335410641384,-2.0990673828125002,0.66616210937499998,2.2022388230058674,19.613452148437545,8.9253566589832296,26.664802384672555,12,18,0,23,8,230,2,0.69666666666666666
2025-08-18T06:00:00Z,2025-08-18T19:00:00Z,2025-08-18T20:00:00Z,2025-08-18T20:00:00Z,2025-08-18T00:00:00Z,2025-08-18T04:03:27Z,-3.7271240234375003,0.0045849609375000003,3.727126843555467,-2.9061767578125002,-0.27494140625000002,2.9191533232292377,19.835205078125057,13.891474507951738,51.775287535153396,13,19,0,0,8,231,1,0.31666666666666665
2025-08-18T06:00:00Z,2025-08-18T19:00:00Z,2025-08-18T20:00:00Z,2025-08-18T20:00:00Z,2025-08-18T00:00:00Z,2025-08-18T04:03:27Z,-3.7271240234375003,0.0045849609375000003,3.727126843555467,-2.9061767578125002,-0.27494140625000002,2.9191533232292377,19.835205078125057,13.891474507951738,51.775287535153396,13,19,0,0,8,231,2,0.27333333333333337
2025-08-18T06:00:00Z,2025-08-18T20:00:00Z,2025-08-18T21:00:00Z,2025-08-18T21:00:00Z,2025-08-18T00:00:00Z,2025-08-18T04:03:27Z,-3.8924926757812504,-0.55916748046874998,3.9324505721273151,-2.9333007812500003,-0.44960937500000003,2.9675582662131088,19.626684570312534,15.464167502224448,60.812074341595164,14,20,0,1,8,231,1,0.29166666666666669
2025-08-18T06:00:00Z,2025-08-18T20:00:00Z,2025-08-18T21:00:00Z,2025-08-18T21:00:00Z,2025-08-18T00:00:00Z,2025-08-18T04:03:27Z,-3.8924926757812504,-0.55916748046874998,3.9324505721273151,-2.9333007812500003,-0.44960937500000003,2.9675582662131088,19.626684570312534,15.464167502224448,60.812074341595164,14,20,0,1,8,231,2,0.27000000000000002
2025-08-18T06:00:00Z,2025-08-18T21:00:00Z,2025-08-18T22:00:00Z,2025-08-18T22:00:00Z,2025-08-18T00:00:00Z,2025-08-18T04:03:27Z,-3.9094177246093751,-0.4273834228515625,3.9327094395109157,-2.9266601562500001,-0.18881835937499999,2.9327447967762796,19.448608398437557,15.466203535618261,60.824084637923036,15,21,0,2,8,231,1,0.5116666666666666
2025-08-18T06:00:00Z,2025-08-18T21:00:00Z,2025-08-18T22:00:00Z,2025-08-18T22:00:00Z,2025-08-18T00:00:00Z,2025-08-18T04:03:27Z,-3.9094177246093751,-0.4273834228515625,3.9327094395109157,-2.9266601562500001,-0.18881835937499999,2.9327447967762796,19.448608398437557,15.466203535618261,60.824084637923036,15,21,0,2,8,231,2,0.54999999999999993
2025-08-18T06:00:00Z,2025-08-18T22:00:00Z,2025-08-18T23:00:00Z,2025-08-18T23:00:00Z,2025-08-18T00:00:00Z,2025-08-18T04:03:27Z,-5.2328759765625001,-0.98213378906250004,5.3242443375283974,-3.8024169921875002,-0.65482910156249996,3.8583903554110988,19.495092773437534,28.347577765703203,150.92943040169118,16,22,0,3,8,231,1,0.48999999999999999
2025-08-18T06:00:00Z,2025-08-18T22:00:00Z,2025-08-18T23:00:00Z,2025-08-18T23:00:00Z,2025-08-18T00:00:00Z,2025-08-18T04:03:27Z,-5.2328759765625001,-0.98213378906250004,5.3242443375283974,-3.8024169921875002,-0.65482910156249996,3.8583903554110988,19.495092773437534,28.347577765703203,150.92943040169118,16,22,0,3,8,231,2,0.48166666666666669
2025-08-18T06:00:00Z,2025-08-18T23:00:00Z,2025-08-19T00:00:00Z,2025-08-19T00:00:00Z,2025-08-18T00:00:00Z,2025-08-18T04:03:27Z,-8.1694763183593757,-1.9689575195312501,8.4034003254607192,-5.3523925781250004,-1.2300170898437501,5.4919075330594627,18.413378906250045,70.617137029953327,593.42407230061394,17,23,0,4,8,231,1,0.46833333333333332
2025-08-18T06:00:00Z,2025-08-18T23:00:00Z,2025-08-19T00:00:00Z,2025-08-19T00:00:00Z,2025-08-18T00:00:00Z,2025-08-18T04:03:27Z,-8.1694763183593757,-1.9689575195312501,8.4034003254607192,-5.3523925781250004,-1.2300170898437501,5.4919075330594627,18.413378906250045,70.617137029953327,593.42407230061394,17,23,0,4,8,231,2,0.52666666666666673
2025-08-18T06:00:00Z,2025-08-19T00:00:00Z,2025-08-19T01:00:00Z,2025-08-19T01:00:00Z,2025-08-18T00:00:00Z,2025-08-18T04:03:27Z,-8.8208691406249997,-2.5146386718750002,9.1723028758387439,-5.8828613281250002,-1.5160009765625,6.0750569023579599,17.134765625000057,84.131140046119697,771.67629779261586,18,24,0,5,8,231,1,0.51500000000000001
2025-08-18T06:00:00Z,2025-08-19T00:00:00Z,2025-08-19T01:00:00Z,2025-08-19T01:00:00Z,2025-08-18T00:00:00Z,2025-08-18T04:03:27Z,-8.8208691406249997,-2.5146386718750002,9.1723028758387439,-5.8828613281250002,-1.5160009765625,6.0750569023579599,17.134765625000057,84.131140046119697,771.67629779261586,18,24,0,5,8,231,2,0.55333333333333334
2025-08-18T06:00:00Z,2025-08-19T01:00:00Z,2025-08-19T02:00:00Z,2025-08-19T02:00:00Z,2025-08-18T00:00:00Z,2025-08-18T04:03:27Z,-7.910927734375,-4.5969580078124999,9.1495792550310764,-5.4286962890624997,-3.6197436523437503,6.5248208793470974,17.863745117187534,83.714800544095027,765.95520239731616,19,25,0,6,8,231,1,0.3833333333333333
2025-08-18T06:00:00Z,2025-08-19T01:00:00Z,2025-08-19T02:00:00Z,2025-08-19T02:00:00Z,2025-08-18T00:00:00Z,2025-08-18T04:03:27Z,-7.910927734375,-4.5969580078124999,9.1495792550310764,-5.4286962890624997,-3.6197436523437503,6.5248208793470974,17.863745117187534,83.714800544095027,765.95520239731616,19,25,0,6,8,231,2,0.46333333333333337
2025-08-18T06:00:00Z,2025-08-19T02:00:00Z,2025-08-19T03:00:00Z,2025-08-19T03:00:00Z,2025-08-18T00:00:00Z,2025-08-18T04:03:27Z,-10.3803369140625,-4.2206445312500005,11.205589440480992,-8.0827148437500007,-3.7688500976562502,8.9182122818410257,19.884106445312511,125.56523470861912,1407.0324681424197,20,26,0,7,8,231,1,0.58666666666666667
2025-08-18T06:00:00Z,2025-08-19T02:00:00Z,2025-08-19T03:00:00Z,2025-08-19T03:00:00Z,2025-08-18T00:00:00Z,2025-08-18T04:03:27Z,-10.3803369140625,-4.2206445312500005,11.205589440480992,-8.0827148437500007,-3.7688500976562502,8.9182122818410257,19.884106445312511,125.56523470861912,1407.0324681424197,20,26,0,7,8,231,2,0.61833333333333329
2025-08-18T06:00:00Z,2025-08-19T03:00:00Z,2025-08-19T04:00:00Z,2025-08-19T04:00:00Z,2025-08-18T00:00:00Z,2025-08-18T04:03:27Z,-10.725556640624999,-3.8238208007812502,11.386798091111583,-8.4713281249999994,-3.47383544921875,9.1559233794120871,21.940185546875057,129.65917076774238,1476.4027981932397,21,27,0,8,8,231,1,0.95166666666666666
2025-08-18T06:00:00Z,2025-08-19T03:00:00Z,2025-08-19T04:00:00Z,2025-08-19T04:00:00Z,2025-08-18T00:00:00Z,2025-08-18T04:03:27Z,-10.725556640624999,-3.8238208007812502,11.386798091111583,-8.4713281249999994,-3.47383544921875,9.1559233794120871,21.940185546875057,129.65917076774238,1476.4027981932397,21,27,0,8,8,231,2,0.95166666666666666
2025-08-18T06:00:00Z,2025-08-19T04:00:00Z,2025-08-19T05:00:00Z,2025-08-19T05:00:00Z,2025-08-18T00:00:00Z,2025-08-18T04:03:27Z,-10.516074218750001,-3.8006445312500001,11.181802888048912,-8.6203710937500002,-3.6355419921875001,9.3556380525819414,23.996777343750011,125.03271582717899,1398.0911829369488,22,28,0,9,8,231,1,0.97666666666666657
2025-08-18T06:00:00Z,2025-08-19T04:00:00Z,2025-08-19T05:00:00Z,2025-08-19T05:00:00Z,2025-08-18T00:00:00Z,2025-08-18T04:03:27Z,-10.516074218750001,-3.8006445312500001,11.181802888048912,-8.6203710937500002,-3.6355419921875001,9.3556380525819414,23.996777343750011,125.03271582717899,1398.0911829369488,22,28,0,9,8,231,2,0.96666666666666667
2025-08-18T06:00:00Z,2025-08-19T05:00:00Z,2025-08-19T06:00:00Z,2025-08-19T06:00:00Z,2025-08-18T00:00:00Z,2025-08-18T04:03:27Z,-9.837895507812501,-3.3616210937500002,10.396378427153483,-8.3168505859374999,-3.2616284179687502,8.933544851049346,25.950000000000045,108.08468440058232,1123.6892812079066,23,29,0,10,8,231,1,0.89666666666666661
2025-08-18T06:00:00Z,2025-08-19T05:00:00Z,2025-08-19T06:00:00Z,2025-08-19T06:00:00Z,2025-08-18T00:00:00Z,2025-08-18T04:03:27Z,-9.837895507812501,-3.3616210937500002,10.396378427153483,-8.3168505859374999,-3.2616284179687502,8.933544851049346,25.950000000000045,108.08468440058232,1123.6892812079066,23,29,0,10,8,231,2,0.91999999999999993
2025-08-18T06:00:00Z,2025-08-19T06:00:00Z,2025-08-19T07:00:00Z,2025-08-19T07:00:00Z,2025-08-18T00:00:00Z,2025-08-18T04:03:27Z,-8.6140771484375005,-3.148701171875,9.1715126445423465,-7.4347460937500003,-2.9544555664062502,8.0002660688504452,27.850000000000023,84.116644189000141,771.47686579588424,24,30,0,11,8,231,1,0.74833333333333341
2025-08-18T06:00:00Z,2025-08-19T06:00:00Z,2025-08-19T07:00:00Z,2025-08-19T07:00:00Z,2025-08-18T00:00:00Z,2025-08-18T04:03:27Z,-8.6140771484375005,-3.148701171875,9.1715126445423465,-7.4347460937500003,-2.9544555664062502,8.0002660688504452,27.850000000000023,84.116644189000141,771.47686579588424,24,30,0,11,8,231,2,0.79166666666666663
2025-08-18T06:00:00Z,2025-08-19T07:00:00Z,2025-08-19T08:00:00Z,2025-08-19T08:00:00Z,2025-08-18T00:00:00Z,2025-08-18T04:03:27Z,-6.871337890625,-2.5393408203124999,7.3255399943515549,-6.1731738281249999,-2.3154589843750002,6.5931347188246026,29.518310546875057,53.663536208844178,393.11438073622082,25,31,0,12,8,231,1,0.46666666666666662
2025-08-18T06:00:00Z,2025-08-19T07:00:00Z,2025-08-19T08:00:00Z,2025-08-19T08:00:00Z,2025-08-18T00:00:00Z,2025-08-18T04:03:27Z,-6.871337890625,-2.5393408203124999,7.3255399943515549,-6.1731738281249999,-2.3154589843750002,6.5931347188246026,29.518310546875057,53.663536208844178,393.11438073622082,25,31,0,12,8,231,2,0.5116666666666666
2025-08-18T06:00:00Z,2025-08-19T08:00:00Z,2025-08-19T09:00:00Z,2025-08-19T09:00:00Z,2025-08-18T00:00:00Z,2025-08-18T04:03:27Z,-3.6147558593750002,-1.6162792968749999,3.9596488087193591,-3.6650830078125001,-1.4212011718749999,3.9309854012823293,30.626464843750057,15.67881868839264,62.082615741620742,26,32,0,13,8,231,1,0.23666666666666666
2025-08-18T06:00:00Z,2025-08-19T08:00:00Z,2025-08-19T09:00:00Z,2025-08-19T09:00:00Z,2025-08-18T00:00:00Z,2025-08-18T04:03:27Z,-3.6147558593750002,-1.6162792968749999,3.9596488087193591,-3.6650830078125001,-1.4212011718749999,3.9309854012823293,30.626464843750057,15.67881868839264,62.082615741620742,26,32,0,13,8,231,2,0.26166666666666666
2025-08-18T06:00:00Z,2025-08-19T09:00:00Z,2025-08-19T10:00:00Z,2025-08-19T10:00:00Z,2025-08-18T00:00:00Z,2025-08-18T04:03:27Z,-0.49159667968750004,-0.094111328125000004,0.50052396302397539,-0.77460449218750005,0.010170898437500001,0.77467126349960913,31.199243164062523,0.25052423756122588,0.12539338421770466,27,33,0,14,8,231,1,0.080000000000000002
2025-08-18T06:00:00Z,2025-08-19T09:00:00Z,2025-08-19T10:00:00Z,2025-08-19T10:00:00Z,2025-08-18T00:00:00Z,2025-08-18T04:03:27Z,-0.49159667968750004,-0.094111328125000004,0.50052396302397539,-0.77460449218750005,0.010170898437500001,0.77467126349960913,31.199243164062523,0.25052423756122588,0.12539338421770466,27,33,0,14,8,231,2,0.068333333333333343
2025-08-18T06:00:00Z,2025-08-19T10:00:00Z,2025-08-19T11:00:00Z,2025-08-19T11:00:00Z,2025-08-18T00:00:00Z,2025-08-18T04:03:27Z,0.28903320312500003,1.2225390625000001,1.2562411997093061,-0.033420410156250004,1.2892822265625001,1.2897153110454143,31.550000000000011,1.5781419518470767,1.9825269388999578,28,34,0,15,8,231,1,0.013333333333333334
2025-08-18T06:00:00Z,2025-08-19T10:00:00Z,2025-08-19T11:00:00Z,2025-08-19T11:00:00Z,2025-08-18T00:00:00Z,2025-08-18T04:03:27Z,0.28903320312500003,1.2225390625000001,1.2562411997093061,-0.033420410156250004,1.2892822265625001,1.2897153110454143,31.550000000000011,1.5781419518470767,1.9825269388999578,28,34,0,15,8,231,2,0.011666666666666667
2025-08-18T06:00:00Z,2025-08-19T11:00:00Z,2025-08-19T12:00:00Z,2025-08-19T12:00:00Z,2025-08-18T00:00:00Z,2025-08-18T04:03:27Z,0.85727050781250003,1.4224414062499999,1.6607986867105775,0.59062500000000007,1.4412158203125001,1.5575432357864203,31.786621093750057,2.758252277779579,4.5809017605527842,29,35,0,16,8,231,1,0.01
2025-08-18T06:00:00Z,2025-08-19T11:00:00Z,2025-08-19T12:00:00Z,2025-08-19T12:00:00Z,2025-08-18T00:00:00Z,2025-08-18T04:03:27Z,0.85727050781250003,1.4224414062499999,1.6607986867105775,0.59062500000000007,1.4412158203125001,1.5575432357864203,31.786621093750057,2.758252277779579,4.5809017605527842,29,35,0,16,8,231,2,0.0083333333333333332
2025-08-18T06:00:00Z,2025-08-19T12:00:00Z,2025-08-19T13:00:00Z,2025-08-19T13:00:00Z,2025-08-18T00:00:00Z,2025-08-18T04:03:27Z,1.9168896484375,0.94772949218750002,2.1383772152379521,1.779775390625,0.79336425781249997,1.9485962348954569,31.750000000000057,4.5726571146488189,9.7780657870607506,30,36,0,17,8,231,1,0.01
2025-08-18T06:00:00Z,2025-08-19T12:00:00Z,2025-08-19T13:00:00Z,2025-08-19T13:00:00Z,2025-08-18T00:00:00Z,2025-08-18T04:03:27Z,1.9168896484375,0.94772949218750002,2.1383772152379521,1.779775390625,0.79336425781249997,1.9485962348954569,31.750000000000057,4.5726571146488189,9.7780657870607506,30,36,0,17,8,231,2,0.0083333333333333332
2025-08-18T06:00:00Z,2025-08-19T13:00:00Z,2025-08-19T14:00:00Z,2025-08-19T14:00:00Z,2025-08-18T00:00:00Z,2025-08-18T04:03:27Z,1.9401123046875,0.4384130859375,1.9890303639515121,1.62738037109375,0.16190673828124999,1.6354145236367765,29.357934570312523,3.9562417887210848,7.8690850449000802,31,37,0,18,8,231,1,0.01
2025-08-18T06:00:00Z,2025-08-19T13:00:00Z,2025-08-19T14:00:00Z,2025-08-19T14:00:00Z,2025-08-18T00:00:00Z,2025-08-18T04:03:27Z,1.9401123046875,0.4384130859375,1.9890303639515121,1.62738037109375,0.16190673828124999,1.6354145236367765,29.357934570312523,3.9562417887210848,7.8690850449000802,31,37,0,18,8,231,2,0.01
2025-08-18T06:00:00Z,2025-08-19T14:00:00Z,2025-08-19T15:00:00Z,2025-08-19T15:00:00Z,2025-08-18T00:00:00Z,2025-08-18T04:03:27Z,2.3240429687500002,0.78078613281249998,2.4516938442204834,2.0973168945312501,0.59964355468749997,2.1813552092138657,25.584277343750045,6.0108027057886124,14.736647992605766,32,38,0,19,8,231,1,0.031666666666666669
2025-08-18T06:00:00Z,2025-08-19T14:00:00Z,2025-08-19T15:00:00Z,2025-08-19T15:00:00Z,2025-08-18T00:00:00Z,2025-08-18T04:03:27Z,2.3240429687500002,0.78078613281249998,2.4516938442204834,2.0973168945312501,0.59964355468749997,2.1813552092138657,25.584277343750045,6.0108027057886124,14.736647992605766,32,38,0,19,8,231,2,0.034999999999999996
2025-08-18T06:00:00Z,2025-08-19T15:00:00Z,2025-08-19T16:00:00Z,2025-08-19T16:00:00Z,2025-08-18T00:00:00Z,2025-08-18T04:03:27Z,3.6693554687500001,1.9978564453125001,4.1779899392078761,2.6658251953124998,1.7111791992187499,3.1677686506122651,24.494091796875011,17.455599932122233,72.929320899244374,33,39,0,20,8,231,1,0.036666666666666667
2025-08-18T06:00:00Z,2025-08-19T15:00:00Z,2025-08-19T16:00:00Z,2025-08-19T16:00:00Z,2025-08-18T00:00:00Z,2025-08-18T04:03:27Z,3.6693554687500001,1.9978564453125001,4.1779899392078761,2.6658251953124998,1.7111791992187499,3.1677686506122651,24.494091796875011,17.455599932122233,72.929320899244374,33,39,0,20,8,231,2,0.033333333333333333
2025-08-18T06:00:00Z,2025-08-19T16:00:00Z,2025-08-19T17:00:00Z,2025-08-19T17:00:00Z,2025-08-18T00:00:00Z,2025-08-18T04:03:27Z,3.2908837890625002,1.865712890625,3.7829618955731834,2.0152685546875002,1.1627148437500001,2.3266312890934895,22.728198242187545,14.310800703358654,54.137213755947698,34,40,0,21,8,231,1,0.02
2025-08-18T06:00:00Z,2025-08-19T16:00:00Z,2025-08-19T17:00:00Z,2025-08-19T17:00:00Z,2025-08-18T00:00:00Z,2025-08-18T04:03:27Z,3.2908837890625002,1.865712890625,3.7829618955731834,2.0152685546875002,1.1627148437500001,2.3266312890934895,22.728198242187545,14.310800703358654,54.137213755947698,34,40,0,21,8,231,2,0.016666666666666666
2025-08-18T06:00:00Z,2025-08-19T17:00:00Z,2025-08-19T18:00:00Z,2025-08-19T18:00:00Z,2025-08-18T00:00:00Z,2025-08-18T04:03:27Z,2.1758209228515626,-0.094354248046875006,2.177865793028376,1.3338330078125,-0.62038085937499998,1.4710482328628807,21.785131835937534,4.7430994124431169,10.329833963292852,35,41,0,22,8,231,1,0.01
2025-08-18T06:00:00Z,2025-08-19T17:00:00Z,2025-08-19T18:00:00Z,2025-08-19T18:00:00Z,2025-08-18T00:00:00Z,2025-08-18T04:03:27Z,2.1758209228515626,-0.094354248046875006,2.177865793028376,1.3338330078125,-0.62038085937499998,1.4710482328628807,21.785131835937534,4.7430994124431169,10.329833963292852,35,41,0,22,8,231,2,0.0083333333333333332
2025-08-18T06:00:00Z,2025-08-19T18:00:00Z,2025-08-19T19:00:00Z,2025-08-19T19:00:00Z,2025-08-18T00:00:00Z,2025-08-18T04:03:27Z,0.89351806640625009,-0.7072601318359375,1.1395575584756357,0.39767578125000003,-0.86473388671875007,0.9517934239279624,20.764672851562523,1.2985914290789518,1.4798196783785968,36,42,0,23,8,231,1,0.01
2025-08-18T06:00:00Z,2025-08-19T18:00:00Z,2025-08-19T19:00:00Z,2025-08-19T19:00:00Z,2025-08-18T00:00:00Z,2025-08-18T04:03:27Z,0.89351806640625009,-0.7072601318359375,1.1395575584756357,0.39767578125000003,-0.86473388671875007,0.9517934239279624,20.764672851562523,1.2985914290789518,1.4798196783785968,36,42,0,23,8,231,2,0.01
2025-08-18T06:00:00Z,2025-08-19T19:00:00Z,2025-08-19T20:00:00Z,2025-08-19T20:00:00Z,2025-08-18T00:00:00Z,2025-08-18T04:03:27Z,-0.69057006835937507,0.17256774902343752,0.71180520321004126,-0.65607910156250004,0.30732421874999999,0.72449152026601049,20.450000000000045,0.50666664731688815,0.36064795585314785,37,43,0,0,8,232,1,0.01
2025-08-18T06:00:00Z,2025-08-19T19:00:00Z,2025-08-19T20:00:00Z,2025-08-19T20:00:00Z,2025-08-18T00:00:00Z,2025-08-18T04:03:27Z,-0.69057006835937507,0.17256774902343752,0.71180520321004126,-0.65607910156250004,0.30732421874999999,0.72449152026601049,20.450000000000045,0.50666664731688815,0.36064795585314785,37,43,0,0,8,232,2,0.01
2025-08-18T06:00:00Z,2025-08-19T20:00:00Z,2025-08-19T21:00:00Z,2025-08-19T21:00:00Z,2025-08-18T00:00:00Z,2025-08-18T04:03:27Z,-1.9781127929687501,0.13808593750000001,1.9829266118144371,-1.5508935546875,0.3648681640625,1.5932355742694075,20.925781250000057,3.9319979478418832,7.7968633683754254,38,44,0,1,8,232,1,0.033333333333333333
2025-08-18T06:00:00Z,2025-08-19T20:00:00Z,2025-08-19T21:00:00Z,2025-08-19T21:00:00Z,2025-08-18T00:00:00Z,2025-08-18T04:03:27Z,-1.9781127929687501,0.13808593750000001,1.9829266118144371,-1.5508935546875,0.3648681640625,1.5932355742694075,20.925781250000057,3.9319979478418832,7.7968633683754254,38,44,0,1,8,232,2,0.028333333333333332
2025-08-18T06:00:00Z,2025-08-19T21:00:00Z,2025-08-19T22:00:00Z,2025-08-19T22:00:00Z,2025-08-18T00:00:00Z,2025-08-18T04:03:27Z,-4.6130187988281248,-0.98375549316406252,4.7167485950251944,-3.6224462890625002,-0.47593505859375002,3.6535778761566471,22.237890625000034,22.247717308672144,104.93688935819704,39,45,0,2,8,232,1,0.29333333333333333
2025-08-18T06:00:00Z,2025-08-19T21:00:00Z,2025-08-19T22:00:00Z,2025-08-19T22:00:00Z,2025-08-18T00:00:00Z,2025-08-18T04:03:27Z,-4.6130187988281248,-0.98375549316406252,4.7167485950251944,-3.6224462890625002,-0.47593505859375002,3.6535778761566471,22.237890625000034,22.247717308672144,104.93688935819704,39,45,0,2,8,232,2,0.26000000000000001
2025-08-18T06:00:00Z,2025-08-19T22:00:00Z,2025-08-19T23:00:00Z,2025-08-19T23:00:00Z,2025-08-18T00:00:00Z,2025-08-18T04:03:27Z,-7.7761474609375005,-2.6159942626953128,8.2043826895568159,-4.6631103515625005,-1.56336669921875,4.9182022718749048,20.962109375000011,67.311895316699534,552.25254873759013,40,46,0,3,8,232,1,0.19166666666666665
2025-08-18T06:00:00Z,2025-08-19T22:00:00Z,2025-08-19T23:00:00Z,2025-08-19T23:00:00Z,2025-08-18T00:00:00Z,2025-08-18T04:03:27Z,-7.7761474609375005,-2.6159942626953128,8.2043826895568159,-4.6631103515625005,-1.56336669921875,4.9182022718749048,20.962109375000011,67.311895316699534,552.25254873759013,40,46,0,3,8,232,2,0.16500000000000001
2025-08-18T06:00:00Z,2025-08-19T23:00:00Z,2025-08-20T00:00:00Z,2025-08-20T00:00:00Z,2025-08-18T00:00:00Z,2025-08-18T04:03:27Z,-8.8646728515625011,-3.443511962890625,9.5100052262761707,-5.1442041015625,-1.9514892578125,5.5019220425129642,20.130566406250011,90.440199403800079,860.08676899559782,41,47,0,4,8,232,1,0.33499999999999996
2025-08-18T06:00:00Z,2025-08-19T23:00:00Z,2025-08-20T00:00:00Z,2025-08-20T00:00:00Z,2025-08-18T00:00:00Z,2025-08-18T04:03:27Z,-8.8646728515625011,-3.443511962890625,9.5100052262761707,-5.1442041015625,-1.9514892578125,5.5019220425129642,20.130566406250011,90.440199403800079,860.08676899559782,41,47,0,4,8,232,2,0.28999999999999998
2025-08-18T06:00:00Z,2025-08-20T00:00:00Z,2025-08-20T01:00:00Z,2025-08-20T01:00:00Z,2025-08-18T00:00:00Z,2025-08-18T04:03:27Z,-9.5162841796875011,-3.3563568115234377,10.090827301803872,-5.6993017578125,-2.3001757812500001,6.1459620199976586,19.915771484375057,101.82479563483041,1027.4964277925465,42,48,0,5,8,232,1,0.23166666666666666
2025-08-18T06:00:00Z,2025-08-20T00:00:00Z,2025-08-20T01:00:00Z,2025-08-20T01:00:00Z,2025-08-18T00:00:00Z,2025-08-18T04:03:27Z,-9.5162841796875011,-3.3563568115234377,10.090827301803872,-5.6993017578125,-2.3001757812500001,6.1459620199976586,19.915771484375057,101.82479563483041,1027.4964277925465,42,48,0,5,8,232,2,0.16666666666666666
2025-08-18T06:00:00Z,2025-08-20T01:00:00Z,2025-08-20T02:00:00Z,2025-08-20T02:00:00Z,2025-08-18T00:00:00Z,2025-08-18T04:03:27Z,-9.6919433593750011,-3.9389923095703128,10.461807993658995,-6.3359179687500005,-2.73923828125,6.9027011284130353,20.643872070312511,109.44942649618726,1145.0388850192046,43,49,0,6,8,232,1,0.44166666666666665
2025-08-18T06:00:00Z,2025-08-20T01:00:00Z,2025-08-20T02:00:00Z,2025-08-20T02:00:00Z,2025-08-18T00:00:00Z,2025-08-18T04:03:27Z,-9.6919433593750011,-3.9389923095703128,10.461807993658995,-6.3359179687500005,-2.73923828125,6.9027011284130353,20.643872070312511,109.44942649618726,1145.0388850192046,43,49,0,6,8,232,2,0.31666666666666671
2025-08-18T06:00:00Z,2025-08-20T02:00:00Z,2025-08-20T03:00:00Z,2025-08-20T03:00:00Z,2025-08-18T00:00:00Z,2025-08-18T04:03:27Z,-10.852258300781251,-4.8236877441406252,11.87600411248868,-8.0803857421875005,-4.1105078124999999,9.0658098490521279,22.709936523437534,141.03947367984804,1674.9853694451142,44,50,0,7,8,232,1,0.15666666666666665
2025-08-18T06:00:00Z,2025-08-20T02:00:00Z,2025-08-20T03:00:00Z,2025-08-20T03:00:00Z,2025-08-18T00:00:00Z,2025-08-18T04:03:27Z,-10.852258300781251,-4.8236877441406252,11.87600411248868,-8.0803857421875005,-4.1105078124999999,9.0658098490521279,22.709936523437534,141.03947367984804,1674.9853694451142,44,50,0,7,8,232,2,0.10833333333333334
2025-08-18T06:00:00Z,2025-08-20T03:00:00Z,2025-08-20T04:00:00Z,2025-08-20T04:00:00Z,2025-08-18T00:00:00Z,2025-08-18T04:03:27Z,-11.83768310546875,-4.722421264648438,12.744881478707601,-9.1600439453125002,-4.1886499023437498,10.072298301999425,24.850000000000023,162.43200390630403,2070.1766381348148,45,51,0,8,8,232,1,0.65000000000000002
2025-08-18T06:00:00Z,2025-08-20T03:00:00Z,2025-08-20T04:00:00Z,2025-08-20T04:00:00Z,2025-08-18T00:00:00Z,2025-08-18T04:03:27Z,-11.83768310546875,-4.722421264648438,12.744881478707601,-9.1600439453125002,-4.1886499023437498,10.072298301999425,24.850000000000023,162.43200390630403,2070.1766381348148,45,51,0,8,8,232,2,0.68999999999999995
2025-08-18T06:00:00Z,2025-08-20T04:00:00Z,2025-08-20T05:00:00Z,2025-08-20T05:00:00Z,2025-08-18T00:00:00Z,2025-08-18T04:03:27Z,-11.349810791015626,-4.0770507812500005,12.059873468023866,-9.0639013671874995,-3.6941479492187499,9.7878004201567439,26.743896484375057,145.440548064746,1753.9946067808801,46,52,0,9,8,232,1,0.97000000000000008
2025-08-18T06:00:00Z,2025-08-20T04:00:00Z,2025-08-20T05:00:00Z,2025-08-20T05:00:00Z,2025-08-18T00:00:00Z,2025-08-18T04:03:27Z,-11.349810791015626,-4.0770507812500005,12.059873468023866,-9.0639013671874995,-3.6941479492187499,9.7878004201567439,26.743896484375057,145.440548064746,1753.9946067808801,46,52,0,9,8,232,2,0.97166666666666668
2025-08-18T06:00:00Z,2025-08-20T05:00:00Z,2025-08-20T06:00:00Z,2025-08-20T06:00:00Z,2025-08-18T00:00:00Z,2025-08-18T04:03:27Z,-9.891265869140625,-3.2517913818359379,10.412074129826809,-8.2173681640625009,-2.9902734375,8.7445339941454847,28.795117187500011,108.41128768500872,1128.7863638862909,47,53,0,10,8,232,1,0.97666666666666657
2025-08-18T06:00:00Z,2025-08-20T05:00:00Z,2025-08-20T06:00:00Z,2025-08-20T06:00:00Z,2025-08-18T00:00:00Z,2025-08-18T04:03:27Z,-9.891265869140625,-3.2517913818359379,10.412074129826809,-8.2173681640625009,-2.9902734375,8.7445339941454847,28.795117187500011,108.41128768500872,1128.7863638862909,47,53,0,10,8,232,2,0.96333333333333326
2025-08-25T06:00:00Z,2025-08-25T06:00:00Z,2025-08-25T07:00:00Z,2025-08-25T07:00:00Z,2025-08-25T00:00:00Z,2025-08-25T04:05:43Z,2.8948339843749999,-1.1806469726562501,3.1263382848205672,2.6004150390625003,-1.35149169921875,2.9306463772416502,29.165332031250045,9.7739910711348053,30.556802481183126,0,6,0,11,8,237,1,0.026666666666666668
2025-08-25T06:00:00Z,2025-08-25T06:00:00Z,2025-08-25T07:00:00Z,2025-08-25T07:00:00Z,2025-08-25T00:00:00Z,2025-08-25T04:05:43Z,2.8948339843749999,-1.1806469726562501,3.1263382848205672,2.6004150390625003,-1.35149169921875,2.9306463772416502,29.165332031250045,9.7739910711348053,30.556802481183126,0,6,0,11,8,237,2,0.029999999999999999
2025-08-25T06:00:00Z,2025-08-25T07:00:00Z,2025-08-25T08:00:00Z,2025-08-25T08:00:00Z,2025-08-25T00:00:00Z,2025-08-25T04:05:43Z,3.1950781250000002,-0.98196289062499997,3.3425701703057968,2.9387353515624999,-1.08945556640625,3.1341791425661572,30.189550781250034,11.172775343418124,37.345785582437529,1,7,0,12,8,237,1,0.024999999999999998
2025-08-25T06:00:00Z,2025-08-25T07:00:00Z,2025-08-25T08:00:00Z,2025-08-25T08:00:00Z,2025-08-25T00:00:00Z,2025-08-25T04:05:43Z,3.1950781250000002,-0.98196289062499997,3.3425701703057968,2.9387353515624999,-1.08945556640625,3.1341791425661572,30.189550781250034,11.172775343418124,37.345785582437529,1,7,0,12,8,237,2,0.024999999999999998
2025-08-25T06:00:00Z,2025-08-25T08:00:00Z,2025-08-25T09:00:00Z,2025-08-25T09:00:00Z,2025-08-25T00:00:00Z,2025-08-25T04:05:43Z,3.4546020507812503,-0.59004150390624999,3.504628982587739,3.1877685546875001,-0.65065429687499998,3.2534934105198881,31.110546875000011,12.28242430559397,43.045340197824714,2,8,0,13,8,237,1,0.026666666666666668
2025-08-25T06:00:00Z,2025-08-25T08:00:00Z,2025-08-25T09:00:00Z,2025-08-25T09:00:00Z,2025-08-25T00:00:00Z,2025-08-25T04:05:43Z,3.4546020507812503,-0.59004150390624999,3.504628982587739,3.1877685546875001,-0.65065429687499998,3.2534934105198881,31.110546875000011,12.28242430559397,43.045340197824714,2,8,0,13,8,237,2,0.026666666666666668
2025-08-25T06:00:00Z,2025-08-25T09:00:00Z,2025-08-25T10:00:00Z,2025-08-25T10:00:00Z,2025-08-25T00:00:00Z,2025-08-25T04:05:43Z,3.15919921875,-0.11264648437500001,3.1612068793726009,2.9545947265625001,-0.1111279296875,2.9566838544199419,31.714721679687557,9.9932289341926577,31.590664053915155,3,9,0,14,8,237,1,0.036666666666666667
2025-08-25T06:00:00Z,2025-08-25T09:00:00Z,2025-08-25T10:00:00Z,2025-08-25T10:00:00Z,2025-08-25T00:00:00Z,2025-08-25T04:05:43Z,3.15919921875,-0.11264648437500001,3.1612068793726009,2.9545947265625001,-0.1111279296875,2.9566838544199419,31.714721679687557,9.9932289341926577,31.590664053915155,3,9,0,14,8,237,2,0.041666666666666664
2025-08-25T06:00:00Z,2025-08-25T10:00:00Z,2025-08-25T11:00:00Z,2025-08-25T11:00:00Z,2025-08-25T00:00:00Z,2025-08-25T04:05:43Z,2.7291113281250001,0.12353271484375,2.7319057401266371,2.6587988281250001,0.11980224609375001,2.6614965313913115,32.114721679687534,7.4633089729368693,20.389056623504871,4,10,0,15,8,237,1,0.048333333333333332
2025-08-25T06:00:00Z,2025-08-25T10:00:00Z,2025-08-25T11:00:00Z,2025-08-25T11:00:00Z,2025-08-25T00:00:00Z,2025-08-25T04:05:43Z,2.7291113281250001,0.12353271484375,2.7319057401266371,2.6587988281250001,0.11980224609375001,2.6614965313913115,32.114721679687534,7.4633089729368693,20.389056623504871,4,10,0,15,8,237,2,0.040000000000000001
2025-08-25T06:00:00Z,2025-08-25T11:00:00Z,2025-08-25T12:00:00Z,2025-08-25T12:00:00Z,2025-08-25T00:00:00Z,2025-08-25T04:05:43Z,3.4743359375000002,-0.67160400390624997,3.5386525888630143,3.3727465820312501,-0.70690673828125006,3.4460320142492749,32.431542968750023,12.522062144666913,44.311227626129124,5,11,0,16,8,237,1,0.11166666666666668
2025-08-25T06:00:00Z,2025-08-25T11:00:00Z,2025-08-25T12:00:00Z,2025-08-25T12:00:00Z,2025-08-25T00:00:00Z,2025-08-25T04:05:43Z,3.4743359375000002,-0.67160400390624997,3.5386525888630143,3.3727465820312501,-0.70690673828125006,3.4460320142492749,32.431542968750023,12.522062144666913,44.311227626129124,5,11,0,16,8,237,2,0.10833333333333334
2025-08-25T06:00:00Z,2025-08-25T12:00:00Z,2025-08-25T13:00:00Z,2025-08-25T13:00:00Z,2025-08-25T00:00:00Z,2025-08-25T04:05:43Z,4.99302001953125,-0.49633056640625001,5.0176282192475155,4.5643652343749999,-0.68731689453125,4.6158243582570631,31.938891601562545,25.176592946588993,126.3267832333129,6,12,0,17,8,237,1,0.20833333333333334
2025-08-25T06:00:00Z,2025-08-25T12:00:00Z,2025-08-25T13:00:00Z,2025-08-25T13:00:00Z,2025-08-25T00:00:00Z,2025-08-25T04:05:43Z,4.99302001953125,-0.49633056640625001,5.0176282192475155,4.5643652343749999,-0.68731689453125,4.6158243582570631,31.938891601562545,25.176592946588993,126.3267832333129,6,12,0,17,8,237,2,0.21833333333333335
2025-08-25T06:00:00Z,2025-08-25T13:00:00Z,2025-08-25T14:00:00Z,2025-08-25T14:00:00Z,2025-08-25T00:00:00Z,2025-08-25T04:05:43Z,5.72760009765625,0.10984619140625,5.7286533377782902,3.99240966796875,-0.11446289062500001,3.994050163708585,29.935180664062557,32.817469064438342,187.9999036934305,7,13,0,18,8,237,1,0.26499999999999996
2025-08-25T06:00:00Z,2025-08-25T13:00:00Z,2025-08-25T14:00:00Z,2025-08-25T14:00:00Z,2025-08-25T00:00:00Z,2025-08-25T04:05:43Z,5.72760009765625,0.10984619140625,5.7286533377782902,3.99240966796875,-0.11446289062500001,3.994050163708585,29.935180664062557,32.817469064438342,187.9999036934305,7,13,0,18,8,237,2,0.26000000000000001
2025-08-25T06:00:00Z,2025-08-25T14:00:00Z,2025-08-25T15:00:00Z,2025-08-25T15:00:00Z,2025-08-25T00:00:00Z,2025-08-25T04:05:43Z,7.1289111328125001,1.3184863281250001,7.2498124208141101,3.5977099609375003,1.1612573242187501,3.7804808604304032,26.616137695312545,52.559780136990547,381.04854687241283,8,14,0,19,8,237,1,0.29499999999999998
2025-08-25T06:00:00Z,2025-08-25T14:00:00Z,2025-08-25T15:00:00Z,2025-08-25T15:00:00Z,2025-08-25T00:00:00Z,2025-08-25T04:05:43Z,7.1289111328125001,1.3184863281250001,7.2498124208141101,3.5977099609375003,1.1612573242187501,3.7804808604304032,26.616137695312545,52.559780136990547,381.04854687241283,8,14,0,19,8,237,2,0.29999999999999999
2025-08-25T06:00:00Z,2025-08-25T15:00:00Z,2025-08-25T16:00:00Z,2025-08-25T16:00:00Z,2025-08-25T00:00:00Z,2025-08-25T04:05:43Z,5.4847607421875004,1.7599609375,5.7602137894844718,2.8374291992187501,2.1383398437499999,3.5529567613394808,24.904907226562557,33.180062900567059,191.12425585580851,9,15,0,20,8,237,1,0.31833333333333336
2025-08-25T06:00:00Z,2025-08-25T15:00:00Z,2025-08-25T16:00:00Z,2025-08-25T16:00:00Z,2025-08-25T00:00:00Z,2025-08-25T04:05:43Z,5.4847607421875004,1.7599609375,5.7602137894844718,2.8374291992187501,2.1383398437499999,3.5529567613394808,24.904907226562557,33.180062900567059,191.12425585580851,9,15,0,20,8,237,2,0.31
2025-08-25T06:00:00Z,2025-08-25T16:00:00Z,2025-08-25T17:00:00Z,2025-08-25T17:00:00Z,2025-08-25T00:00:00Z,2025-08-25T04:05:43Z,4.8561572265624999,2.2025537109375,5.3323077423063028,2.8921386718750002,2.4420043945312502,3.7852148631570213,24.342138671875034,28.433505858659739,151.61620343104295,10,16,0,21,8,237,1,0.16166666666666665
2025-08-25T06:00:00Z,2025-08-25T16:00:00Z,2025-08-25T17:00:00Z,2025-08-25T17:00:00Z,2025-08-25T00:00:00Z,2025-08-25T04:05:43Z,4.8561572265624999,2.2025537109375,5.3323077423063028,2.8921386718750002,2.4420043945312502,3.7852148631570213,24.342138671875034,28.433505858659739,151.61620343104295,10,16,0,21,8,237,2,0.098333333333333328
2025-08-25T06:00:00Z,2025-08-25T17:00:00Z,2025-08-25T18:00:00Z,2025-08-25T18:00:00Z,2025-08-25T00:00:00Z,2025-08-25T04:05:43Z,4.5875634765625,2.2104174804687502,5.0923161812138131,2.9332836914062499,2.2926708984375002,3.7229683134311107,23.621923828125034,25.931684089452034,132.05233449484138,11,17,0,22,8,237,1,0.043333333333333335
2025-08-25T06:00:00Z,2025-08-25T17:00:00Z,2025-08-25T18:00:00Z,2025-08-25T18:00:00Z,2025-08-25T00:00:00Z,2025-08-25T04:05:43Z,4.5875634765625,2.2104174804687502,5.0923161812138131,2.9332836914062499,2.2926708984375002,3.7229683134311107,23.621923828125034,25.931684089452034,132.05233449484138,11,17,0,22,8,237,2,0.046666666666666669
2025-08-25T06:00:00Z,2025-08-25T18:00:00Z,2025-08-25T19:00:00Z,2025-08-25T19:00:00Z,2025-08-25T00:00:00Z,2025-08-25T04:05:43Z,4.9562646484375001,2.3281274414062501,5.475832050819319,3.2490698242187501,2.1262963867187499,3.8829873868996887,22.840185546875034,29.98473664878011,164.19138197676679,12,18,0,23,8,237,1,0.056666666666666671
2025-08-25T06:00:00Z,2025-08-25T18:00:00Z,2025-08-25T19:00:00Z,2025-08-25T19:00:00Z,2025-08-25T00:00:00Z,2025-08-25T04:05:43Z,4.9562646484375001,2.3281274414062501,5.475832050819319,3.2490698242187501,2.1262963867187499,3.8829873868996887,22.840185546875034,29.98473664878011,164.19138197676679,12,18,0,23,8,237,2,0.051666666666666666
2025-08-25T06:00:00Z,2025-08-25T19:00:00Z,2025-08-25T20:00:00Z,2025-08-25T20:00:00Z,2025-08-25T00:00:00Z,2025-08-25T04:05:43Z,5.19985107421875,2.0722949218750002,5.5975760322913706,3.1813647460937502,1.9178637695312499,3.7147386295900775,21.895092773437511,31.332857437282804,175.38805181413665,13,19,0,0,8,238,1,0.028333333333333335
2025-08-25T06:00:00Z,2025-08-25T19:00:00Z,2025-08-25T20:00:00Z,2025-08-25T20:00:00Z,2025-08-25T00:00:00Z,2025-08-25T04:05:43Z,5.19985107421875,2.0722949218750002,5.5975760322913706,3.1813647460937502,1.9178637695312499,3.7147386295900775,21.895092773437511,31.332857437282804,175.38805181413665,13,19,0,0,8,238,2,0.024999999999999998
2025-08-25T06:00:00Z,2025-08-25T20:00:00Z,2025-08-25T21:00:00Z,2025-08-25T21:00:00Z,2025-08-25T00:00:00Z,2025-08-25T04:05:43Z,4.8952612304687504,0.90567138671875003,4.978335381957657,3.1790698242187503,1.1282275390625001,3.3733340076484066,21.118334960937545,24.783823175251491,123.38218381353667,14,20,0,1,8,238,1,0.01
2025-08-25T06:00:00Z,2025-08-25T20:00:00Z,2025-08-25T21:00:00Z,2025-08-25T21:00:00Z,2025-08-25T00:00:00Z,2025-08-25T04:05:43Z,4.8952612304687504,0.90567138671875003,4.978335381957657,3.1790698242187503,1.1282275390625001,3.3733340076484066,21.118334960937545,24.783823175251491,123.38218381353667,14,20,0,1,8,238,2,0.0083333333333333332
2025-08-25T06:00:00Z,2025-08-25T21:00:00Z,2025-08-25T22:00:00Z,2025-08-25T22:00:00Z,2025-08-25T00:00:00Z,2025-08-25T04:05:43Z,5.0092431640625001,0.72093994140625006,5.0608567926608767,3.1941259765624999,0.99500122070312502,3.3455146365472759,19.954882812500045,25.612271475821736,129.62003807388686,15,21,0,2,8,238,1,0.01
2025-08-25T06:00:00Z,2025-08-25T21:00:00Z,2025-08-25T22:00:00Z,2025-08-25T22:00:00Z,2025-08-25T00:00:00Z,2025-08-25T04:05:43Z,5.0092431640625001,0.72093994140625006,5.0608567926608767,3.1941259765624999,0.99500122070312502,3.3455146365472759,19.954882812500045,25.612271475821736,129.62003807388686,15,21,0,2,8,238,2,0.01
2025-08-25T06:00:00Z,2025-08-25T22:00:00Z,2025-08-25T23:00:00Z,2025-08-25T23:00:00Z,2025-08-25T00:00:00Z,2025-08-25T04:05:43Z,4.9530517578125002,0.73541259765625,5.0073499382768336,2.6820117187500001,0.90625732421875005,2.8309873184478342,18.622460937500023,25.073553404361011,125.552056091708,16,22,0,3,8,238,1,0.01
2025-08-25T06:00:00Z,2025-08-25T22:00:00Z,2025-08-25T23:00:00Z,2025-08-25T23:00:00Z,2025-08-25T00:00:00Z,2025-08-25T04:05:43Z,4.9530517578125002,0.73541259765625,5.0073499382768336,2.6820117187500001,0.90625732421875005,2.8309873184478342,18.622460937500023,25.073553404361011,125.552056091708,16,22,0,3,8,238,2,0.01
2025-08-25T06:00:00Z,2025-08-25T23:00:00Z,2025-08-26T00:00:00Z,2025-08-26T00:00:00Z,2025-08-25T00:00:00Z,2025-08-25T04:05:43Z,4.8264208984375001,-0.15004394531250001,4.8287526209570091,2.4423364257812499,-0.065114746093749995,2.4432042785769643,18.345092773437557,23.316851874399184,112.59130960097141,17,23,0,4,8,238,1,0.01
2025-08-25T06:00:00Z,2025-08-25T23:00:00Z,2025-08-26T00:00:00Z,2025-08-26T00:00:00Z,2025-08-25T00:00:00Z,2025-08-25T04:05:43Z,4.8264208984375001,-0.15004394531250001,4.8287526209570091,2.4423364257812499,-0.065114746093749995,2.4432042785769643,18.345092773437557,23.316851874399184,112.59130960097141,17,23,0,4,8,238,2,0.0066666666666666671
2025-08-25T06:00:00Z,2025-08-26T00:00:00Z,2025-08-26T01:00:00Z,2025-08-26T01:00:00Z,2025-08-25T00:00:00Z,2025-08-25T04:05:43Z,4.2053417968750004,-0.17622314453125001,4.2090324571345779,2.0868652343749998,0.085712890624999996,2.0886247164252167,17.832958984375011,17.715954225212343,74.567026343029212,18,24,0,5,8,238,1,0.01
2025-08-25T06:00:00Z,2025-08-26T00:00:00Z,2025-08-26T01:00:00Z,2025-08-26T01:00:00Z,2025-08-25T00:00:00Z,2025-08-25T04:05:43Z,4.2053417968750004,-0.17622314453125001,4.2090324571345779,2.0868652343749998,0.085712890624999996,2.0886247164252167,17.832958984375011,17.715954225212343,74.567026343029212,18,24,0,5,8,238,2,0.01
2025-08-25T06:00:00Z,2025-08-26T01:00:00Z,2025-08-26T02:00:00Z,2025-08-26T02:00:00Z,2025-08-25T00:00:00Z,2025-08-25T04:05:43Z,3.6737744140625002,0.017094726562499999,3.6738141862506484,1.9878784179687501,0.26216064453124999,2.0050907231761315,18.958496093750057,13.496910675096514,49.585141908727387,19,25,0,6,8,238,1,0.011666666666666667
2025-08-25T06:00:00Z,2025-08-26T01:00:00Z,2025-08-26T02:00:00Z,2025-08-26T02:00:00Z,2025-08-25T00:00:00Z,2025-08-25T04:05:43Z,3.6737744140625002,0.017094726562499999,3.6738141862506484,1.9878784179687501,0.26216064453124999,2.0050907231761315,18.958496093750057,13.496910675096514,49.585141908727387,19,25,0,6,8,238,2,0.0083333333333333332
2025-08-25T06:00:00Z,2025-08-26T02:00:00Z,2025-08-26T03:00:00Z,2025-08-26T03:00:00Z,2025-08-25T00:00:00Z,2025-08-25T04:05:43Z,2.9106958007812502,-0.22984375000000001,2.919756529935273,2.3329565429687502,-0.16458984374999999,2.3387552347448315,21.327050781250023,8.524978194099667,24.890860749778312,20,26,0,7,8,238,1,0.043333333333333335
2025-08-25T06:00:00Z,2025-08-26T02:00:00Z,2025-08-26T03:00:00Z,2025-08-26T03:00:00Z,2025-08-25T00:00:00Z,2025-08-25T04:05:43Z,2.9106958007812502,-0.22984375000000001,2.919756529935273,2.3329565429687502,-0.16458984374999999,2.3387552347448315,21.327050781250023,8.524978194099667,24.890860749778312,20,26,0,7,8,238,2,0.024999999999999998
2025-08-25T06:00:00Z,2025-08-26T03:00:00Z,2025-08-26T04:00:00Z,2025-08-26T04:00:00Z,2025-08-25T00:00:00Z,2025-08-25T04:05:43Z,2.2537792968749999,-0.40685546875,2.2902079581282901,1.9387475585937501,-0.35575927734375001,1.9711181495205643,23.388159179687534,5.2450524914741523,12.012260956774719,21,27,0,8,8,238,1,0.16333333333333333
2025-08-25T06:00:00Z,2025-08-26T03:00:00Z,2025-08-26T04:00:00Z,2025-08-26T04:00:00Z,2025-08-25T00:00:00Z,2025-08-25T04:05:43Z,2.2537792968749999,-0.40685546875,2.2902079581282901,1.9387475585937501,-0.35575927734375001,1.9711181495205643,23.388159179687534,5.2450524914741523,12.012260956774719,21,27,0,8,8,238,2,0.14166666666666669
2025-08-25T06:00:00Z,2025-08-26T04:00:00Z,2025-08-26T05:00:00Z,2025-08-26T05:00:00Z,2025-08-25T00:00:00Z,2025-08-25T04:05:43Z,1.7447583007812499,-0.12028564453125,1.748899701076472,1.5542968750000001,-0.081040039062499999,1.5564081288550307,25.445117187500045,3.058650164425373,5.3492723582610369,22,28,0,9,8,238,1,0.22166666666666668
2025-08-25T06:00:00Z,2025-08-26T04:00:00Z,2025-08-26T05:00:00Z,2025-08-26T05:00:00Z,2025-08-25T00:00:00Z,2025-08-25T04:05:43Z,1.7447583007812499,-0.12028564453125,1.748899701076472,1.5542968750000001,-0.081040039062499999,1.5564081288550307,25.445117187500045,3.058650164425373,5.3492723582610369,22,28,0,9,8,238,2,0.24333333333333332
2025-08-25T06:00:00Z,2025-08-26T05:00:00Z,2025-08-26T06:00:00Z,2025-08-26T06:00:00Z,2025-08-25T00:00:00Z,2025-08-25T04:05:43Z,1.4199682617187501,-0.11327880859375,1.4244795375030799,1.2909423828125,-0.0379638671875,1.2915004804309773,27.583325195312511,2.0291419527649883,2.8904711904027671,23,29,0,10,8,238,1,0.19666666666666666
2025-08-25T06:00:00Z,2025-08-26T05:00:00Z,2025-08-26T06:00:00Z,2025-08-26T06:00:00Z,2025-08-25T00:00:00Z,2025-08-25T04:05:43Z,1.4199682617187501,-0.11327880859375,1.4244795375030799,1.2909423828125,-0.0379638671875,1.2915004804309773,27.583325195312511,2.0291419527649883,2.8904711904027671,23,29,0,10,8,238,2,0.20333333333333334
2025-08-25T06:00:00Z,2025-08-26T06:00:00Z,2025-08-26T07:00:00Z,2025-08-26T07:00:00Z,2025-08-25T00:00:00Z,2025-08-25T04:05:43Z,1.1812646484375,-0.12827392578124999,1.1882088914342899,1.0699829101562501,-0.058312988281249999,1.0715707315099303,29.446093750000045,1.411840369683504,1.6775612805438143,24,30,0,11,8,238,1,0.031666666666666669
2025-08-25T06:00:00Z,2025-08-26T06:00:00Z,2025-08-26T07:00:00Z,2025-08-26T07:00:00Z,2025-08-25T00:00:00Z,2025-08-25T04:05:43Z,1.1812646484375,-0.12827392578124999,1.1882088914342899,1.0699829101562501,-0.058312988281249999,1.0715707315099303,29.446093750000045,1.411840369683504,1.6775612805438143,24,30,0,11,8,238,2,0.021666666666666667
2025-08-25T06:00:00Z,2025-08-26T07:00:00Z,2025-08-26T08:00:00Z,2025-08-26T08:00:00Z,2025-08-25T00:00:00Z,2025-08-25T04:05:43Z,1.10352783203125,0.0064624023437499997,1.103546754202849,1.0284716796875,0.062095947265625,1.030344555275585,31.050000000000011,1.2178154387116431,1.3439162746083524,25,31,0,12,8,238,1,0.0083333333333333332
2025-08-25T06:00:00Z,2025-08-26T07:00:00Z,2025-08-26T08:00:00Z,2025-08-26T08:00:00Z,2025-08-25T00:00:00Z,2025-08-25T04:05:43Z,1.10352783203125,0.0064624023437499997,1.103546754202849,1.0284716796875,0.062095947265625,1.030344555275585,31.050000000000011,1.2178154387116431,1.3439162746083524,25,31,0,12,8,238,2,0.0066666666666666671
2025-08-25T06:00:00Z,2025-08-26T08:00:00Z,2025-08-26T09:00:00Z,2025-08-26T09:00:00Z,2025-08-25T00:00:00Z,2025-08-25T04:05:43Z,1.5973754882812501,-0.035764160156250002,1.5977758058355509,1.4774414062500001,0.0088134765625000003,1.4774676938163811,32.150000000000034,2.552887525713444,4.0789419236043241,26,32,0,13,8,238,1,0.0083333333333333332
2025-08-25T06:00:00Z,2025-08-26T08:00:00Z,2025-08-26T09:00:00Z,2025-08-26T09:00:00Z,2025-08-25T00:00:00Z,2025-08-25T04:05:43Z,1.5973754882812501,-0.035764160156250002,1.5977758058355509,1.4774414062500001,0.0088134765625000003,1.4774676938163811,32.150000000000034,2.552887525713444,4.0789419236043241,26,32,0,13,8,238,2,0.01
2025-08-25T06:00:00Z,2025-08-26T09:00:00Z,2025-08-26T10:00:00Z,2025-08-26T10:00:00Z,2025-08-25T00:00:00Z,2025-08-25T04:05:43Z,3.2359106445312502,0.028002929687500001,3.2360318081659418,3.0802465820312501,0.010107421875,3.0802631650708285,33.297680664062511,10.471901863461735,33.887407522154376,27,33,0,14,8,238,1,0.02
2025-08-25T06:00:00Z,2025-08-26T09:00:00Z,2025-08-26T10:00:00Z,2025-08-26T10:00:00Z,2025-08-25T00:00:00Z,2025-08-25T04:05:43Z,3.2359106445312502,0.028002929687500001,3.2360318081659418,3.0802465820312501,0.010107421875,3.0802631650708285,33.297680664062511,10.471901863461735,33.887407522154376,27,33,0,14,8,238,2,0.013333333333333334
2025-08-25T06:00:00Z,2025-08-26T10:00:00Z,2025-08-26T11:00:00Z,2025-08-26T11:00:00Z,2025-08-25T00:00:00Z,2025-08-25T04:05:43Z,5.5522631835937499,-0.23046875,5.5570443856979557,5.172119140625,-0.38230957031250001,5.186229556467012,34.050000000000068,30.880742304617169,171.6056556500582,28,34,0,15,8,238,1,0.066666666666666666
2025-08-25T06:00:00Z,2025-08-26T10:00:00Z,2025-08-26T11:00:00Z,2025-08-26T11:00:00Z,2025-08-25T00:00:00Z,2025-08-25T04:05:43Z,5.5522631835937499,-0.23046875,5.5570443856979557,5.172119140625,-0.38230957031250001,5.186229556467012,34.050000000000068,30.880742304617169,171.6056556500582,28,34,0,15,8,238,2,0.080000000000000002
2025-08-25T06:00:00Z,2025-08-26T11:00:00Z,2025-08-26T12:00:00Z,2025-08-26T12:00:00Z,2025-08-25T00:00:00Z,2025-08-25T04:05:43Z,7.4964697265625002,0.12190673828125,7.497460877797657,6.5389233398437501,-0.054428710937499999,6.5391498628589071,33.664916992187557,56.211919614106414,421.4466681726696,29,35,0,16,8,238,1,0.16666666666666666
2025-08-25T06:00:00Z,2025-08-26T11:00:00Z,2025-08-26T12:00:00Z,2025-08-26T12:00:00Z,2025-08-25T00:00:00Z,2025-08-25T04:05:43Z,7.4964697265625002,0.12190673828125,7.497460877797657,6.5389233398437501,-0.054428710937499999,6.5391498628589071,33.664916992187557,56.211919614106414,421.4466681726696,29,35,0,16,8,238,2,0.18499999999999997
2025-08-25T06:00:00Z,2025-08-26T12:00:00Z,2025-08-26T13:00:00Z,2025-08-26T13:00:00Z,2025-08-25T00:00:00Z,2025-08-25T04:05:43Z,8.3757836914062498,1.0646606445312501,8.4431779996184257,6.7687695312500002,0.85204345703125006,6.8221857948789486,33.096704101562523,71.287254733240601,601.89098081689156,30,36,0,17,8,238,1,0.27166666666666667
2025-08-25T06:00:00Z,2025-08-26T12:00:00Z,2025-08-26T13:00:00Z,2025-08-26T13:00:00Z,2025-08-25T00:00:00Z,2025-08-25T04:05:43Z,8.3757836914062498,1.0646606445312501,8.4431779996184257,6.7687695312500002,0.85204345703125006,6.8221857948789486,33.096704101562523,71.287254733240601,601.89098081689156,30,36,0,17,8,238,2,0.3116666666666667
2025-08-25T06:00:00Z,2025-08-26T13:00:00Z,2025-08-26T14:00:00Z,2025-08-26T14:00:00Z,2025-08-25T00:00:00Z,2025-08-25T04:05:43Z,8.2836254882812508,1.30579833984375,8.3859144125397247,5.5050585937500003,1.1393286132812501,5.6217203603222838,30.404675292968761,70.323560534441469,589.72735982688255,31,37,0,18,8,238,1,0.6283333333333333
2025-08-25T06:00:00Z,2025-08-26T13:00:00Z,2025-08-26T14:00:00Z,2025-08-26T14:00:00Z,2025-08-25T00:00:00Z,2025-08-25T04:05:43Z,8.2836254882812508,1.30579833984375,8.3859144125397247,5.5050585937500003,1.1393286132812501,5.6217203603222838,30.404675292968761,70.323560534441469,589.72735982688255,31,37,0,18,8,238,2,0.65000000000000002
2025-08-25T06:00:00Z,2025-08-26T14:00:00Z,2025-08-26T15:00:00Z,2025-08-26T15:00:00Z,2025-08-25T00:00:00Z,2025-08-25T04:05:43Z,8.0916235351562502,1.3899804687499999,8.2101411156082449,4.1588427734374998,1.85389404296875,4.5533390316039872,26.750000000000057,67.406417138200993,553.41619680218423,32,38,0,19,8,238,1,0.81999999999999995
2025-08-25T06:00:00Z,2025-08-26T14:00:00Z,2025-08-26T15:00:00Z,2025-08-26T15:00:00Z,2025-08-25T00:00:00Z,2025-08-25T04:05:43Z,8.0916235351562502,1.3899804687499999,8.2101411156082449,4.1588427734374998,1.85389404296875,4.5533390316039872,26.750000000000057,67.406417138200993,553.41619680218423,32,38,0,19,8,238,2,0.82500000000000007
2025-08-25T06:00:00Z,2025-08-26T15:00:00Z,2025-08-26T16:00:00Z,2025-08-26T16:00:00Z,2025-08-25T00:00:00Z,2025-08-25T04:05:43Z,6.2440112304687503,1.3695239257812499,6.3924386605979384,3.7981225585937501,2.2600146484375001,4.4196607540908399,25.711108398437545,40.863272029507165,261.21595991995196,33,39,0,20,8,238,1,0.72333333333333327
2025-08-25T06:00:00Z,2025-08-26T15:00:00Z,2025-08-26T16:00:00Z,2025-08-26T16:00:00Z,2025-08-25T00:00:00Z,2025-08-25T04:05:43Z,6.2440112304687503,1.3695239257812499,6.3924386605979384,3.7981225585937501,2.2600146484375001,4.4196607540908399,25.711108398437545,40.863272029507165,261.21595991995196,33,39,0,20,8,238,2,0.68000000000000005
2025-08-25T06:00:00Z,2025-08-26T16:00:00Z,2025-08-26T17:00:00Z,2025-08-26T17:00:00Z,2025-08-25T00:00:00Z,2025-08-25T04:05:43Z,6.7254663085937505,3.3453662109375002,7.511549251207235,3.94535400390625,3.22867919921875,5.0980572365958103,24.720336914062557,56.423372153311973,423.82693884879774,34,40,0,21,8,238,1,0.505
2025-08-25T06:00:00Z,2025-08-26T16:00:00Z,2025-08-26T17:00:00Z,2025-08-26T17:00:00Z,2025-08-25T00:00:00Z,2025-08-25T04:05:43Z,6.7254663085937505,3.3453662109375002,7.511549251207235,3.94535400390625,3.22867919921875,5.0980572365958103,24.720336914062557,56.423372153311973,423.82693884879774,34,40,0,21,8,238,2,0.51666666666666672
2025-08-25T06:00:00Z,2025-08-26T17:00:00Z,2025-08-26T18:00:00Z,2025-08-26T18:00:00Z,2025-08-25T00:00:00Z,2025-08-25T04:05:43Z,8.0502221679687498,2.265419921875,8.3629064550599637,4.6768505859375002,2.3699218750000002,5.2430392995654209,23.454943847656295,69.938204376083604,584.8866608320526,35,41,0,22,8,238,1,0.4433333333333333
2025-08-25T06:00:00Z,2025-08-26T17:00:00Z,2025-08-26T18:00:00Z,2025-08-26T18:00:00Z,2025-08-25T00:00:00Z,2025-08-25T04:05:43Z,8.0502221679687498,2.265419921875,8.3629064550599637,4.6768505859375002,2.3699218750000002,5.2430392995654209,23.454943847656295,69.938204376083604,584.8866608320526,35,41,0,22,8,238,2,0.44166666666666665
2025-08-25T06:00:00Z,2025-08-26T18:00:00Z,2025-08-26T19:00:00Z,2025-08-26T19:00:00Z,2025-08-25T00:00:00Z,2025-08-25T04:05:43Z,8.3892724609374998,0.95850585937499999,8.4438513669000912,4.3923071289062499,1.2467065429687501,4.5658119890028059,22.479382324218761,71.298625906300543,602.03499981701407,36,42,0,23,8,238,1,0.44500000000000001
2025-08-25T06:00:00Z,2025-08-26T18:00:00Z,2025-08-26T19:00:00Z,2025-08-26T19:00:00Z,2025-08-25T00:00:00Z,2025-08-25T04:05:43Z,8.3892724609374998,0.95850585937499999,8.4438513669000912,4.3923071289062499,1.2467065429687501,4.5658119890028059,22.479382324218761,71.298625906300543,602.03499981701407,36,42,0,23,8,238,2,0.45000000000000001
2025-08-25T06:00:00Z,2025-08-26T19:00:00Z,2025-08-26T20:00:00Z,2025-08-26T20:00:00Z,2025-08-25T00:00:00Z,2025-08-25T04:05:43Z,8.3968749999999996,0.22570556640625,8.3999079023720107,4.7648095703125,0.31508300781249998,4.7752159682210982,21.150000000000034,70.558452768331748,592.68450498785216,37,43,0,0,8,239,1,0.51000000000000001
2025-08-25T06:00:00Z,2025-08-26T19:00:00Z,2025-08-26T20:00:00Z,2025-08-26T20:00:00Z,2025-08-25T00:00:00Z,2025-08-25T04:05:43Z,8.3968749999999996,0.22570556640625,8.3999079023720107,4.7648095703125,0.31508300781249998,4.7752159682210982,21.150000000000034,70.558452768331748,592.68450498785216,37,43,0,0,8,239,2,0.52333333333333332
2025-08-25T06:00:00Z,2025-08-26T20:00:00Z,2025-08-26T21:00:00Z,2025-08-26T21:00:00Z,2025-08-25T00:00:00Z,2025-08-25T04:05:43Z,8.6604370117187504,0.72381103515625,8.690631257196566,4.7781054687499998,0.61623046874999998,4.8176790948665831,20.179382324218807,75.527071648561972,656.37792963351728,38,44,0,1,8,239,1,0.51666666666666672
2025-08-25T06:00:00Z,2025-08-26T20:00:00Z,2025-08-26T21:00:00Z,2025-08-26T21:00:00Z,2025-08-25T00:00:00Z,2025-08-25T04:05:43Z,8.6604370117187504,0.72381103515625,8.690631257196566,4.7781054687499998,0.61623046874999998,4.8176790948665831,20.179382324218807,75.527071648561972,656.37792963351728,38,44,0,1,8,239,2,0.50666666666666671
2025-08-25T06:00:00Z,2025-08-26T21:00:00Z,2025-08-26T22:00:00Z,2025-08-26T22:00:00Z,2025-08-25T00:00:00Z,2025-08-25T04:05:43Z,8.5756567382812499,1.209921875,8.6605888619903979,4.8021264648437505,0.92466796875000001,4.8903404213597428,19.600732421875023,75.005799436432142,649.59439118384989,39,45,0,2,8,239,1,0.315
2025-08-25T06:00:00Z,2025-08-26T21:00:00Z,2025-08-26T22:00:00Z,2025-08-26T22:00:00Z,2025-08-25T00:00:00Z,2025-08-25T04:05:43Z,8.5756567382812499,1.209921875,8.6605888619903979,4.8021264648437505,0.92466796875000001,4.8903404213597428,19.600732421875023,75.005799436432142,649.59439118384989,39,45,0,2,8,239,2,0.31333333333333335
2025-08-25T06:00:00Z,2025-08-26T22:00:00Z,2025-08-26T23:00:00Z,2025-08-26T23:00:00Z,2025-08-25T00:00:00Z,2025-08-25T04:05:43Z,8.1154248046874997,1.34718994140625,8.2264840909566779,4.4011376953125003,0.79592041015625004,4.472527508289236,19.409765625000034,67.675040498763323,556.7276440179254,40,46,0,3,8,239,1,0.035000000000000003
2025-08-25T06:00:00Z,2025-08-26T22:00:00Z,2025-08-26T23:00:00Z,2025-08-26T23:00:00Z,2025-08-25T00:00:00Z,2025-08-25T04:05:43Z,8.1154248046874997,1.34718994140625,8.2264840909566779,4.4011376953125003,0.79592041015625004,4.472527508289236,19.409765625000034,67.675040498763323,556.7276440179254,40,46,0,3,8,239,2,0.023333333333333334
2025-08-25T06:00:00Z,2025-08-26T23:00:00Z,2025-08-27T00:00:00Z,2025-08-27T00:00:00Z,2025-08-25T00:00:00Z,2025-08-25T04:05:43Z,7.6470458984374998,1.7306884765625001,7.8404460061731189,3.8884338378906249,1.3273828125,4.1087544149745945,19.019946289062545,61.472593575716012,481.97255078982596,41,47,0,4,8,239,1,0.059999999999999998
2025-08-25T06:00:00Z,2025-08-26T23:00:00Z,2025-08-27T00:00:00Z,2025-08-27T00:00:00Z,2025-08-25T00:00:00Z,2025-08-25T04:05:43Z,7.6470458984374998,1.7306884765625001,7.8404460061731189,3.8884338378906249,1.3273828125,4.1087544149745945,19.019946289062545,61.472593575716012,481.97255078982596,41,47,0,4,8,239,2,0.051666666666666666
2025-08-25T06:00:00Z,2025-08-27T00:00:00Z,2025-08-27T01:00:00Z,2025-08-27T01:00:00Z,2025-08-25T00:00:00Z,2025-08-25T04:05:43Z,7.1620703125,1.9349755859375,7.4188531242617293,3.4232666015625002,1.4202441406249999,3.706190449012694,18.402172851562511,55.03938167936802,408.32908872941323,42,48,0,5,8,239,1,0.055
2025-08-25T06:00:00Z,2025-08-27T00:00:00Z,2025-08-27T01:00:00Z,2025-08-27T01:00:00Z,2025-08-25T00:00:00Z,2025-08-25T04:05:43Z,7.1620703125,1.9349755859375,7.4188531242617293,3.4232666015625002,1.4202441406249999,3.706190449012694,18.402172851562511,55.03938167936802,408.32908872941323,42,48,0,5,8,239,2,0.038333333333333337
2025-08-25T06:00:00Z,2025-08-27T01:00:00Z,2025-08-27T02:00:00Z,2025-08-27T02:00:00Z,2025-08-25T00:00:00Z,2025-08-25T04:05:43Z,6.2198876953125,1.2814257812500001,6.350516118801055,3.1028479003906249,0.76580322265625,3.195953639962446,18.968847656250034,40.329054975152019,256.11031367571678,43,49,0,6,8,239,1,0.01
2025-08-25T06:00:00Z,2025-08-27T01:00:00Z,2025-08-27T02:00:00Z,2025-08-27T02:00:00Z,2025-08-25T00:00:00Z,2025-08-25T04:05:43Z,6.2198876953125,1.2814257812500001,6.350516118801055,3.1028479003906249,0.76580322265625,3.195953639962446,18.968847656250034,40.329054975152019,256.11031367571678,43,49,0,6,8,239,2,0.01
2025-08-25T06:00:00Z,2025-08-27T02:00:00Z,2025-08-27T03:00:00Z,2025-08-27T03:00:00Z,2025-08-25T00:00:00Z,2025-08-25T04:05:43Z,5.5050390624999999,0.47619384765625,5.5255964076465576,4.2457092285156248,0.24805419921874999,4.252949298881048,21.510253906250057,30.532215660196542,168.70870116947199,44,50,0,7,8,239,1,0.081666666666666665
2025-08-25T06:00:00Z,2025-08-27T02:00:00Z,2025-08-27T03:00:00Z,2025-08-27T03:00:00Z,2025-08-25T00:00:00Z,2025-08-25T04:05:43Z,5.5050390624999999,0.47619384765625,5.5255964076465576,4.2457092285156248,0.24805419921874999,4.252949298881048,21.510253906250057,30.532215660196542,168.70870116947199,44,50,0,7,8,239,2,0.055
2025-08-25T06:00:00Z,2025-08-27T03:00:00Z,2025-08-27T04:00:00Z,2025-08-27T04:00:00Z,2025-08-25T00:00:00Z,2025-08-25T04:05:43Z,4.4381250000000003,0.81512207031250006,4.5123583085938046,3.667197265625,0.59734863281250006,3.7155297299484014,23.902172851562511,20.36137750513554,91.87783095971335,45,51,0,8,8,239,1,0.070000000000000007
2025-08-25T06:00:00Z,2025-08-27T03:00:00Z,2025-08-27T04:00:00Z,2025-08-27T04:00:00Z,2025-08-25T00:00:00Z,2025-08-25T04:05:43Z,4.4381250000000003,0.81512207031250006,4.5123583085938046,3.667197265625,0.59734863281250006,3.7155297299484014,23.902172851562511,20.36137750513554,91.87783095971335,45,51,0,8,8,239,2,0.061666666666666668
2025-08-25T06:00:00Z,2025-08-27T04:00:00Z,2025-08-27T05:00:00Z,2025-08-27T05:00:00Z,2025-08-25T00:00:00Z,2025-08-25T04:05:43Z,3.2823828124999999,0.066479492187500003,3.283055962160395,2.8952099609375002,-0.0982666015625,2.8968771190532685,25.818530273437545,10.778456450676916,35.386275713281023,46,52,0,9,8,239,1,0.053333333333333337
2025-08-25T06:00:00Z,2025-08-27T04:00:00Z,2025-08-27T05:00:00Z,2025-08-27T05:00:00Z,2025-08-25T00:00:00Z,2025-08-25T04:05:43Z,3.2823828124999999,0.066479492187500003,3.283055962160395,2.8952099609375002,-0.0982666015625,2.8968771190532685,25.818530273437545,10.778456450676916,35.386275713281023,46,52,0,9,8,239,2,0.065000000000000002
2025-08-25T06:00:00Z,2025-08-27T05:00:00Z,2025-08-27T06:00:00Z,2025-08-27T06:00:00Z,2025-08-25T00:00:00Z,2025-08-25T04:05:43Z,2.6743286132812503,-0.02849609375,2.6744804278913361,2.4540502929687502,-0.18158203125,2.4607590037410989,27.728515625000057,7.1528455591738247,19.130145451739853,47,53,0,10,8,239,1,0.018333333333333333
2025-08-25T06:00:00Z,2025-08-27T05:00:00Z,2025-08-27T06:00:00Z,2025-08-27T06:00:00Z,2025-08-25T00:00:00Z,2025-08-25T04:05:43Z,2.6743286132812503,-0.02849609375,2.6744804278913361,2.4540502929687502,-0.18158203125,2.4607590037410989,27.728515625000057,7.1528455591738247,19.130145451739853,47,53,0,10,8,239,2,0.031666666666666669
2025-09-01T06:00:00Z,2025-09-01T06:00:00Z,2025-09-01T07:00:00Z,2025-09-01T07:00:00Z,2025-09-01T00:00:00Z,2025-09-01T04:02:20Z,-4.6723120117187502,-1.71798583984375,4.9781497447098708,-4.2553637695312503,-1.5605712890625001,4.532494187451916,23.312890625000023,24.781974880754952,123.36838192603669,0,6,0,11,9,244,1,0.13666666666666669
2025-09-01T06:00:00Z,2025-09-01T06:00:00Z,2025-09-01T07:00:00Z,2025-09-01T07:00:00Z,2025-09-01T00:00:00Z,2025-09-01T04:02:20Z,-4.6723120117187502,-1.71798583984375,4.9781497447098708,-4.2553637695312503,-1.5605712890625001,4.532494187451916,23.312890625000023,24.781974880754952,123.36838192603669,0,6,0,11,9,244,2,0.13
2025-09-01T06:00:00Z,2025-09-01T07:00:00Z,2025-09-01T08:00:00Z,2025-09-01T08:00:00Z,2025-09-01T00:00:00Z,2025-09-01T04:02:20Z,-2.6448217773437501,-1.6555834960937501,3.1202626406201381,-2.5377099609375002,-1.4745361328125,2.9350006222846106,24.681445312500045,9.7360389464497565,30.378998592229824,1,7,0,12,9,244,1,0.094999999999999987
2025-09-01T06:00:00Z,2025-09-01T07:00:00Z,2025-09-01T08:00:00Z,2025-09-01T08:00:00Z,2025-09-01T00:00:00Z,2025-09-01T04:02:20Z,-2.6448217773437501,-1.6555834960937501,3.1202626406201381,-2.5377099609375002,-1.4745361328125,2.9350006222846106,24.681445312500045,9.7360389464497565,30.378998592229824,1,7,0,12,9,244,2,0.099999999999999992
2025-09-01T06:00:00Z,2025-09-01T08:00:00Z,2025-09-01T09:00:00Z,2025-09-01T09:00:00Z,2025-09-01T00:00:00Z,2025-09-01T04:02:20Z,-0.39079101562500002,-0.57428466796875,0.69463695392427582,-0.5407763671875,-0.45162841796875003,0.70456178382414825,25.963183593750045,0.48252049775719652,0.33517656876808438,2,8,0,13,9,244,1,0.061666666666666668
2025-09-01T06:00:00Z,2025-09-01T08:00:00Z,2025-09-01T09:00:00Z,2025-09-01T09:00:00Z,2025-09-01T00:00:00Z,2025-09-01T04:02:20Z,-0.39079101562500002,-0.57428466796875,0.69463695392427582,-0.5407763671875,-0.45162841796875003,0.70456178382414825,25.963183593750045,0.48252049775719652,0.33517656876808438,2,8,0,13,9,244,2,0.068333333333333343
2025-09-01T06:00:00Z,2025-09-01T09:00:00Z,2025-09-01T10:00:00Z,2025-09-01T10:00:00Z,2025-09-01T00:00:00Z,2025-09-01T04:02:20Z,2.8545068359374999,0.165009765625,2.8592721974596147,2.5438696289062501,0.1987255859375,2.5516199849072012,26.782690429687534,8.1754374991655343,23.375801143432774,3,9,0,14,9,244,1,0.0083333333333333332
2025-09-01T06:00:00Z,2025-09-01T09:00:00Z,2025-09-01T10:00:00Z,2025-09-01T10:00:00Z,2025-09-01T00:00:00Z,2025-09-01T04:02:20Z,2.8545068359374999,0.165009765625,2.8592721974596147,2.5438696289062501,0.1987255859375,2.5516199849072012,26.782690429687534,8.1754374991655343,23.375801143432774,3,9,0,14,9,244,2,0.0083333333333333332
2025-09-01T06:00:00Z,2025-09-01T10:00:00Z,2025-09-01T11:00:00Z,2025-09-01T11:00:00Z,2025-09-01T00:00:00Z,2025-09-01T04:02:20Z,6.0317968750000004,-0.2871142578125,6.0386263453122346,5.5291577148437501,-0.49330322265624998,5.5511199865521919,27.692773437500023,36.465008138298998,220.19855882595738,4,10,0,15,9,244,1,0.01
2025-09-01T06:00:00Z,2025-09-01T10:00:00Z,2025-09-01T11:00:00Z,2025-09-01T11:00:00Z,2025-09-01T00:00:00Z,2025-09-01T04:02:20Z,6.0317968750000004,-0.2871142578125,6.0386263453122346,5.5291577148437501,-0.49330322265624998,5.5511199865521919,27.692773437500023,36.465008138298998,220.19855882595738,4,10,0,15,9,244,2,0.0083333333333333332
2025-09-01T06:00:00Z,2025-09-01T11:00:00Z,2025-09-01T12:00:00Z,2025-09-01T12:00:00Z,2025-09-01T00:00:00Z,2025-09-01T04:02:20Z,8.9805151367187506,-0.1141845703125,8.9812410187530354,7.5706201171875005,-0.26396972656250001,7.5752207212269109,27.090502929687545,80.662690236932065,724.45106223890423,5,11,0,16,9,244,1,0.011666666666666667
2025-09-01T06:00:00Z,2025-09-01T11:00:00Z,2025-09-01T12:00:00Z,2025-09-01T12:00:00Z,2025-09-01T00:00:00Z,2025-09-01T04:02:20Z,8.9805151367187506,-0.1141845703125,8.9812410187530354,7.5706201171875005,-0.26396972656250001,7.5752207212269109,27.090502929687545,80.662690236932065,724.45106223890423,5,11,0,16,9,244,2,0.01
2025-09-01T06:00:00Z,2025-09-01T12:00:00Z,2025-09-01T13:00:00Z,2025-09-01T13:00:00Z,2025-09-01T00:00:00Z,2025-09-01T04:02:20Z,9.7482788085937511,1.16316650390625,9.8174281787995525,7.5275292968750005,1.10279296875,7.6078807592677133,25.754492187500034,96.381896045887501,946.22234216702509,6,12,0,17,9,244,1,0.055
2025-09-01T06:00:00Z,2025-09-01T12:00:00Z,2025-09-01T13:00:00Z,2025-09-01T13:00:00Z,2025-09-01T00:00:00Z,2025-09-01T04:02:20Z,9.7482788085937511,1.16316650390625,9.8174281787995525,7.5275292968750005,1.10279296875,7.6078807592677133,25.754492187500034,96.381896045887501,946.22234216702509,6,12,0,17,9,244,2,0.058333333333333327
2025-09-01T06:00:00Z,2025-09-01T13:00:00Z,2025-09-01T14:00:00Z,2025-09-01T14:00:00Z,2025-09-01T00:00:00Z,2025-09-01T04:02:20Z,9.6159545898437511,1.5927758789062501,9.7469747960258246,6.0434008789062501,1.4901416015625,6.2244048852779565,23.183203125000034,95.003517674362669,925.99689230580691,7,13,0,18,9,244,1,0.11
2025-09-01T06:00:00Z,2025-09-01T13:00:00Z,2025-09-01T14:00:00Z,2025-09-01T14:00:00Z,2025-09-01T00:00:00Z,2025-09-01T04:02:20Z,9.6159545898437511,1.5927758789062501,9.7469747960258246,6.0434008789062501,1.4901416015625,6.2244048852779565,23.183203125000034,95.003517674362669,925.99689230580691,7,13,0,18,9,244,2,0.11666666666666665
2025-09-01T06:00:00Z,2025-09-01T14:00:00Z,2025-09-01T15:00:00Z,2025-09-01T15:00:00Z,2025-09-01T00:00:00Z,2025-09-01T04:02:20Z,8.7717480468750004,2.1385693359375,9.0286788957448003,4.1609204101562502,2.3330004882812498,4.7703406521940765,20.064697265625057,81.517042602467541,735.99120218842847,8,14,0,19,9,244,1,0.12833333333333333
2025-09-01T06:00:00Z,2025-09-01T14:00:00Z,2025-09-01T15:00:00Z,2025-09-01T15:00:00Z,2025-09-01T00:00:00Z,2025-09-01T04:02:20Z,8.7717480468750004,2.1385693359375,9.0286788957448003,4.1609204101562502,2.3330004882812498,4.7703406521940765,20.064697265625057,81.517042602467541,735.99120218842847,8,14,0,19,9,244,2,0.11833333333333333
2025-09-01T06:00:00Z,2025-09-01T15:00:00Z,2025-09-01T16:00:00Z,2025-09-01T16:00:00Z,2025-09-01T00:00:00Z,2025-09-01T04:02:20Z,7.0914013671875002,3.4568164062500002,7.8890780841025974,3.5839892578125001,2.9443188476562501,4.6383178499084368,18.704516601562545,62.23755301706791,490.99691551512393,9,15,0,20,9,244,1,0.215
2025-09-01T06:00:00Z,2025-09-01T15:00:00Z,2025-09-01T16:00:00Z,2025-09-01T16:00:00Z,2025-09-01T00:00:00Z,2025-09-01T04:02:20Z,7.0914013671875002,3.4568164062500002,7.8890780841025974,3.5839892578125001,2.9443188476562501,4.6383178499084368,18.704516601562545,62.23755301706791,490.99691551512393,9,15,0,20,9,244,2,0.16666666666666666
2025-09-01T06:00:00Z,2025-09-01T16:00:00Z,2025-09-01T17:00:00Z,2025-09-01T17:00:00Z,2025-09-01T00:00:00Z,2025-09-01T04:02:20Z,6.4638134765624997,4.0987646484375002,7.6538066544087702,3.0691088867187499,3.1426806640625,4.3927065819160198,17.981689453125057,58.580756303071972,448.36578241275078,10,16,0,21,9,244,1,0.59666666666666668
2025-09-01T06:00:00Z,2025-09-01T16:00:00Z,2025-09-01T17:00:00Z,2025-09-01T17:00:00Z,2025-09-01T00:00:00Z,2025-09-01T04:02:20Z,6.4638134765624997,4.0987646484375002,7.6538066544087702,3.0691088867187499,3.1426806640625,4.3927065819160198,17.981689453125057,58.580756303071972,448.36578241275078,10,16,0,21,9,244,2,0.47833333333333333
2025-09-01T06:00:00Z,2025-09-01T17:00:00Z,2025-09-01T18:00:00Z,2025-09-01T18:00:00Z,2025-09-01T00:00:00Z,2025-09-01T04:02:20Z,6.0248608398437504,3.5114062500000003,6.9734440552729611,2.9692895507812502,2.5742504882812502,3.9298150099966507,17.713378906250057,48.628921992021802,339.11106697959701,11,17,0,22,9,244,1,0.41500000000000004
2025-09-01T06:00:00Z,2025-09-01T17:00:00Z,2025-09-01T18:00:00Z,2025-09-01T18:00:00Z,2025-09-01T00:00:00Z,2025-09-01T04:02:20Z,6.0248608398437504,3.5114062500000003,6.9734440552729611,2.9692895507812502,2.5742504882812502,3.9298150099966507,17.713378906250057,48.628921992021802,339.11106697959701,11,17,0,22,9,244,2,0.38833333333333336
2025-09-01T06:00:00Z,2025-09-01T18:00:00Z,2025-09-01T19:00:00Z,2025-09-01T19:00:00Z,2025-09-01T00:00:00Z,2025-09-01T04:02:20Z,5.3160473632812497,2.1265429687499999,5.7256042970667815,2.9549902343749999,1.5628173828125,3.3428080198049854,17.152124023437523,32.782544566589593,187.69987803924863,12,18,0,23,9,244,1,0.16166666666666668
2025-09-01T06:00:00Z,2025-09-01T18:00:00Z,2025-09-01T19:00:00Z,2025-09-01T19:00:00Z,2025-09-01T00:00:00Z,2025-09-01T04:02:20Z,5.3160473632812497,2.1265429687499999,5.7256042970667815,2.9549902343749999,1.5628173828125,3.3428080198049854,17.152124023437523,32.782544566589593,187.69987803924863,12,18,0,23,9,244,2,0.15666666666666668
2025-09-01T06:00:00Z,2025-09-01T19:00:00Z,2025-09-01T20:00:00Z,2025-09-01T20:00:00Z,2025-09-01T00:00:00Z,2025-09-01T04:02:20Z,4.6708227539062497,0.81958740234375005,4.7421839597899336,2.9058666992187501,0.69954833984374998,2.9888842656427199,16.486621093750045,22.488308708488933,106.64369684020049,13,19,0,0,9,245,1,0.043333333333333335
2025-09-01T06:00:00Z,2025-09-01T19:00:00Z,2025-09-01T20:00:00Z,2025-09-01T20:00:00Z,2025-09-01T00:00:00Z,2025-09-01T04:02:20Z,4.6708227539062497,0.81958740234375005,4.7421839597899336,2.9058666992187501,0.69954833984374998,2.9888842656427199,16.486621093750045,22.488308708488933,106.64369684020049,13,19,0,0,9,245,2,0.041666666666666664
2025-09-01T06:00:00Z,2025-09-01T20:00:00Z,2025-09-01T21:00:00Z,2025-09-01T21:00:00Z,2025-09-01T00:00:00Z,2025-09-01T04:02:20Z,4.0504003906249997,0.78117187500000007,4.1250421601077205,2.5696130371093751,0.90972656250000006,2.7258968393907597,15.675366210937511,17.015972822666168,70.191605288745109,14,20,0,1,9,245,1,0.01
2025-09-01T06:00:00Z,2025-09-01T20:00:00Z,2025-09-01T21:00:00Z,2025-09-01T21:00:00Z,2025-09-01T00:00:00Z,2025-09-01T04:02:20Z,4.0504003906249997,0.78117187500000007,4.1250421601077205,2.5696130371093751,0.90972656250000006,2.7258968393907597,15.675366210937511,17.015972822666168,70.191605288745109,14,20,0,1,9,245,2,0.0066666666666666671
2025-09-01T06:00:00Z,2025-09-01T21:00:00Z,2025-09-01T22:00:00Z,2025-09-01T22:00:00Z,2025-09-01T00:00:00Z,2025-09-01T04:02:20Z,3.69132568359375,1.570537109375,4.0115423610231078,2.2531945800781252,1.498515625,2.7059997956508757,15.336132812500011,16.092472114282849,64.55563358002874,15,21,0,2,9,245,1,0.01
2025-09-01T06:00:00Z,2025-09-01T21:00:00Z,2025-09-01T22:00:00Z,2025-09-01T22:00:00Z,2025-09-01T00:00:00Z,2025-09-01T04:02:20Z,3.69132568359375,1.570537109375,4.0115423610231078,2.2531945800781252,1.498515625,2.7059997956508757,15.336132812500011,16.092472114282849,64.55563358002874,15,21,0,2,9,245,2,0.01
2025-09-01T06:00:00Z,2025-09-01T22:00:00Z,2025-09-01T23:00:00Z,2025-09-01T23:00:00Z,2025-09-01T00:00:00Z,2025-09-01T04:02:20Z,3.4693579101562499,1.4646728515625,3.765861238929014,2.1048632812500001,1.2191137695312499,2.4324242672311938,14.772497558593784,14.181710870867969,53.406355270299912,16,22,0,3,9,245,1,0.01
2025-09-01T06:00:00Z,2025-09-01T22:00:00Z,2025-09-01T23:00:00Z,2025-09-01T23:00:00Z,2025-09-01T00:00:00Z,2025-09-01T04:02:20Z,3.4693579101562499,1.4646728515625,3.765861238929014,2.1048632812500001,1.2191137695312499,2.4324242672311938,14.772497558593784,14.181710870867969,53.406355270299912,16,22,0,3,9,245,2,0.01
2025-09-01T06:00:00Z,2025-09-01T23:00:00Z,2025-09-02T00:00:00Z,2025-09-02T00:00:00Z,2025-09-01T00:00:00Z,2025-09-01T04:02:20Z,3.1526782226562502,0.90783447265625006,3.2807839620057315,1.9371789550781251,0.53139892578125003,2.0087426720013299,14.084130859375023,10.763543405354024,35.312860578638038,17,23,0,4,9,245,1,0.02
2025-09-01T06:00:00Z,2025-09-01T23:00:00Z,2025-09-02T00:00:00Z,2025-09-02T00:00:00Z,2025-09-01T00:00:00Z,2025-09-01T04:02:20Z,3.1526782226562502,0.90783447265625006,3.2807839620057315,1.9371789550781251,0.53139892578125003,2.0087426720013299,14.084130859375023,10.763543405354024,35.312860578638038,17,23,0,4,9,245,2,0.01
2025-09-01T06:00:00Z,2025-09-02T00:00:00Z,2025-09-02T01:00:00Z,2025-09-02T01:00:00Z,2025-09-01T00:00:00Z,2025-09-01T04:02:20Z,3.0770849609374999,0.15425048828125001,3.0809487288760162,1.9319506835937501,-0.15810546875000001,1.9384093435306733,13.650000000000034,9.4922450699627401,29.245120382481335,18,24,0,5,9,245,1,0.021666666666666667
2025-09-01T06:00:00Z,2025-09-02T00:00:00Z,2025-09-02T01:00:00Z,2025-09-02T01:00:00Z,2025-09-01T00:00:00Z,2025-09-01T04:02:20Z,3.0770849609374999,0.15425048828125001,3.0809487288760162,1.9319506835937501,-0.15810546875000001,1.9384093435306733,13.650000000000034,9.4922450699627401,29.245120382481335,18,24,0,5,9,245,2,0.02
2025-09-01T06:00:00Z,2025-09-02T01:00:00Z,2025-09-02T02:00:00Z,2025-09-02T02:00:00Z,2025-09-01T00:00:00Z,2025-09-01T04:02:20Z,2.93058349609375,0.10058837890625,2.9323092690826549,1.75612548828125,-0.13483642578124999,1.7612942946335008,15.768298339843795,8.5984376495480532,25.213278419399032,19,25,0,6,9,245,1,0.01
2025-09-01T06:00:00Z,2025-09-02T01:00:00Z,2025-09-02T02:00:00Z,2025-09-02T02:00:00Z,2025-09-01T00:00:00Z,2025-09-01T04:02:20Z,2.93058349609375,0.10058837890625,2.9323092690826549,1.75612548828125,-0.13483642578124999,1.7612942946335008,15.768298339843795,8.5984376495480532,25.213278419399032,19,25,0,6,9,245,2,0.0083333333333333332
2025-09-01T06:00:00Z,2025-09-02T02:00:00Z,2025-09-02T03:00:00Z,2025-09-02T03:00:00Z,2025-09-01T00:00:00Z,2025-09-01T04:02:20Z,1.99947021484375,0.185517578125,2.0080582441355324,1.4430517578124999,0.034267578125000003,1.4434585697678679,19.168273925781307,4.0322979118406774,8.0970890646821641,20,26,0,7,9,245,1,0.01
2025-09-01T06:00:00Z,2025-09-02T02:00:00Z,2025-09-02T03:00:00Z,2025-09-02T03:00:00Z,2025-09-01T00:00:00Z,2025-09-01T04:02:20Z,1.99947021484375,0.185517578125,2.0080582441355324,1.4430517578124999,0.034267578125000003,1.4434585697678679,19.168273925781307,4.0322979118406774,8.0970890646821641,20,26,0,7,9,245,2,0.01
2025-09-01T06:00:00Z,2025-09-02T03:00:00Z,2025-09-02T04:00:00Z,2025-09-02T04:00:00Z,2025-09-01T00:00:00Z,2025-09-01T04:02:20Z,1.8119946289062501,0.30220214843749998,1.8370222300520318,1.43870849609375,0.17866455078125001,1.4497596898928475,21.680480957031307,3.3746506737053399,6.1993083062567749,21,27,0,8,9,245,1,0.01
2025-09-01T06:00:00Z,2025-09-02T03:00:00Z,2025-09-02T04:00:00Z,2025-09-02T04:00:00Z,2025-09-01T00:00:00Z,2025-09-01T04:02:20Z,1.8119946289062501,0.30220214843749998,1.8370222300520318,1.43870849609375,0.17866455078125001,1.4497596898928475,21.680480957031307,3.3746506737053399,6.1993083062567749,21,27,0,8,9,245,2,0.01
2025-09-01T06:00:00Z,2025-09-02T04:00:00Z,2025-09-02T05:00:00Z,2025-09-02T05:00:00Z,2025-09-01T00:00:00Z,2025-09-01T04:02:20Z,3.274619140625,-0.0043750000000000004,3.2746220631963947,2.8058715820312501,-0.01383544921875,2.8059056923755716,24.422802734375011,10.723149656772613,35.114262453024445,22,28,0,9,9,245,1,0.01
2025-09-01T06:00:00Z,2025-09-02T04:00:00Z,2025-09-02T05:00:00Z,2025-09-02T05:00:00Z,2025-09-01T00:00:00Z,2025-09-01T04:02:20Z,3.274619140625,-0.0043750000000000004,3.2746220631963947,2.8058715820312501,-0.01383544921875,2.8059056923755716,24.422802734375011,10.723149656772613,35.114262453024445,22,28,0,9,9,245,2,0.01
2025-09-01T06:00:00Z,2025-09-02T05:00:00Z,2025-09-02T06:00:00Z,2025-09-02T06:00:00Z,2025-09-01T00:00:00Z,2025-09-01T04:02:20Z,5.7419335937499998,0.38789550781249998,5.7550207923182954,5.1171728515624997,0.38010009765625002,5.1312702206185339,26.568286132812545,33.120264320015899,190.60780980876928,23,29,0,10,9,245,1,0.01
2025-09-01T06:00:00Z,2025-09-02T05:00:00Z,2025-09-02T06:00:00Z,2025-09-02T06:00:00Z,2025-09-01T00:00:00Z,2025-09-01T04:02:20Z,5.7419335937499998,0.38789550781249998,5.7550207923182954,5.1171728515624997,0.38010009765625002,5.1312702206185339,26.568286132812545,33.120264320015899,190.60780980876928,23,29,0,10,9,245,2,0.01
2025-09-01T06:00:00Z,2025-09-02T06:00:00Z,2025-09-02T07:00:00Z,2025-09-02T07:00:00Z,2025-09-01T00:00:00Z,2025-09-01T04:02:20Z,7.4054248046874998,-0.075913085937499999,7.4058138873791206,6.5434326171875004,-0.15672119140625002,6.5453091559917214,27.654882812500034,54.846079334497439,406.17985600371816,24,30,0,11,9,245,1,0.036666666666666674
2025-09-01T06:00:00Z,2025-09-02T06:00:00Z,2025-09-02T07:00:00Z,2025-09-02T07:00:00Z,2025-09-01T00:00:00Z,2025-09-01T04:02:20Z,7.4054248046874998,-0.075913085937499999,7.4058138873791206,6.5434326171875004,-0.15672119140625002,6.5453091559917214,27.654882812500034,54.846079334497439,406.17985600371816,24,30,0,11,9,245,2,0.031666666666666669
2025-09-01T06:00:00Z,2025-09-02T07:00:00Z,2025-09-02T08:00:00Z,2025-09-02T08:00:00Z,2025-09-01T00:00:00Z,2025-09-01T04:02:20Z,9.6197949218750001,0.22731201171875001,9.6224801942952141,8.2400317382812496,0.34618408203125001,8.2473005563356381,28.286547851562545,92.592125089603655,890.9658898224161,25,31,0,12,9,245,1,0.18000000000000002
2025-09-01T06:00:00Z,2025-09-02T07:00:00Z,2025-09-02T08:00:00Z,2025-09-02T08:00:00Z,2025-09-01T00:00:00Z,2025-09-01T04:02:20Z,9.6197949218750001,0.22731201171875001,9.6224801942952141,8.2400317382812496,0.34618408203125001,8.2473005563356381,28.286547851562545,92.592125089603655,890.9658898224161,25,31,0,12,9,245,2,0.17666666666666667
2025-09-01T06:00:00Z,2025-09-02T08:00:00Z,2025-09-02T09:00:00Z,2025-09-02T09:00:00Z,2025-09-01T00:00:00Z,2025-09-01T04:02:20Z,11.12046630859375,-0.1976953125,11.122223444849199,9.4184643554687497,0.10461181640625,9.4190453044545439,28.691442871093784,123.70385435715319,1375.8619091493399,26,32,0,13,9,245,1,0.33499999999999996
2025-09-01T06:00:00Z,2025-09-02T08:00:00Z,2025-09-02T09:00:00Z,2025-09-02T09:00:00Z,2025-09-01T00:00:00Z,2025-09-01T04:02:20Z,11.12046630859375,-0.1976953125,11.122223444849199,9.4184643554687497,0.10461181640625,9.4190453044545439,28.691442871093784,123.70385435715319,1375.8619091493399,26,32,0,13,9,245,2,0.40666666666666668
2025-09-01T06:00:00Z,2025-09-02T09:00:00Z,2025-09-02T10:00:00Z,2025-09-02T10:00:00Z,2025-09-01T00:00:00Z,2025-09-01T04:02:20Z,12.63263671875,0.75055664062500005,12.654913896929408,10.40670166015625,1.1977514648437499,10.475402045508048,28.526477050781295,160.14684573869704,2026.6445436880472,27,33,0,14,9,245,1,0.56833333333333336
2025-09-01T06:00:00Z,2025-09-02T09:00:00Z,2025-09-02T10:00:00Z,2025-09-02T10:00:00Z,2025-09-01T00:00:00Z,2025-09-01T04:02:20Z,12.63263671875,0.75055664062500005,12.654913896929408,10.40670166015625,1.1977514648437499,10.475402045508048,28.526477050781295,160.14684573869704,2026.6445436880472,27,33,0,14,9,245,2,0.66333333333333333
2025-09-01T06:00:00Z,2025-09-02T10:00:00Z,2025-09-02T11:00:00Z,2025-09-02T11:00:00Z,2025-09-01T00:00:00Z,2025-09-01T04:02:20Z,13.84380859375,-0.87982910156250005,13.871738738469039,11.361621093750001,-0.057949218750000003,11.36176887592327,28.752600097656284,192.42513562834262,2669.2712081508394,28,34,0,15,9,245,1,0.81333333333333335
2025-09-01T06:00:00Z,2025-09-02T10:00:00Z,2025-09-02T11:00:00Z,2025-09-02T11:00:00Z,2025-09-01T00:00:00Z,2025-09-01T04:02:20Z,13.84380859375,-0.87982910156250005,13.871738738469039,11.361621093750001,-0.057949218750000003,11.36176887592327,28.752600097656284,192.42513562834262,2669.2712081508394,28,34,0,15,9,245,2,0.81999999999999995
2025-09-01T06:00:00Z,2025-09-02T11:00:00Z,2025-09-02T12:00:00Z,2025-09-02T12:00:00Z,2025-09-01T00:00:00Z,2025-09-01T04:02:20Z,13.5272119140625,-2.5814526367187502,13.771323824657404,11.013825683593749,-1.50123046875,11.115666831499254,27.945117187500045,189.64935988357664,2611.7227480957249,29,35,0,16,9,245,1,0.80500000000000005
2025-09-01T06:00:00Z,2025-09-02T11:00:00Z,2025-09-02T12:00:00Z,2025-09-02T12:00:00Z,2025-09-01T00:00:00Z,2025-09-01T04:02:20Z,13.5272119140625,-2.5814526367187502,13.771323824657404,11.013825683593749,-1.50123046875,11.115666831499254,27.945117187500045,189.64935988357664,2611.7227480957249,29,35,0,16,9,245,2,0.82166666666666666
2025-09-01T06:00:00Z,2025-09-02T12:00:00Z,2025-09-02T13:00:00Z,2025-09-02T13:00:00Z,2025-09-01T00:00:00Z,2025-09-01T04:02:20Z,11.032727050781251,-4.8849121093750005,12.065795974296883,8.8461450195312494,-3.3813647460937499,9.470370069469471,26.947058105468784,145.58343249335886,1756.5799937026914,30,36,0,17,9,245,1,0.64500000000000002
2025-09-01T06:00:00Z,2025-09-02T12:00:00Z,2025-09-02T13:00:00Z,2025-09-02T13:00:00Z,2025-09-01T00:00:00Z,2025-09-01T04:02:20Z,11.032727050781251,-4.8849121093750005,12.065795974296883,8.8461450195312494,-3.3813647460937499,9.470370069469471,26.947058105468784,145.58343249335886,1756.5799937026914,30,36,0,17,9,245,2,0.75666666666666671
2025-09-01T06:00:00Z,2025-09-02T13:00:00Z,2025-09-02T14:00:00Z,2025-09-02T14:00:00Z,2025-09-01T00:00:00Z,2025-09-01T04:02:20Z,6.86859130859375,-3.2288916015625002,7.5896829669710479,5.2218457031250001,-1.9861669921875,5.5868176870290087,24.250000000000057,57.603287539130449,437.19069027727397,31,37,0,18,9,245,1,0.83499999999999996
2025-09-01T06:00:00Z,2025-09-02T13:00:00Z,2025-09-02T14:00:00Z,2025-09-02T14:00:00Z,2025-09-01T00:00:00Z,2025-09-01T04:02:20Z,6.86859130859375,-3.2288916015625002,7.5896829669710479,5.2218457031250001,-1.9861669921875,5.5868176870290087,24.250000000000057,57.603287539130449,437.19069027727397,31,37,0,18,9,245,2,0.85166666666666668
2025-09-01T06:00:00Z,2025-09-02T14:00:00Z,2025-09-02T15:00:00Z,2025-09-02T15:00:00Z,2025-09-01T00:00:00Z,2025-09-01T04:02:20Z,4.9156030273437503,-2.9810131835937499,5.7488775185414056,3.5932421875,-1.1628076171874999,3.7767063656867812,21.060217285156284,33.049592723190791,189.99806060330118,32,38,0,19,9,245,1,0.8716666666666667
2025-09-01T06:00:00Z,2025-09-02T14:00:00Z,2025-09-02T15:00:00Z,2025-09-02T15:00:00Z,2025-09-01T00:00:00Z,2025-09-01T04:02:20Z,4.9156030273437503,-2.9810131835937499,5.7488775185414056,3.5932421875,-1.1628076171874999,3.7767063656867812,21.060217285156284,33.049592723190791,189.99806060330118,32,38,0,19,9,245,2,0.85999999999999999
2025-09-01T06:00:00Z,2025-09-02T15:00:00Z,2025-09-02T16:00:00Z,2025-09-02T16:00:00Z,2025-09-01T00:00:00Z,2025-09-01T04:02:20Z,6.5028710937500005,0.23252929687500001,6.5070271503839994,4.3406469726562502,0.96155029296875005,4.4458739418856847,19.618286132812557,42.341402335834509,275.51665458460764,33,39,0,20,9,245,1,0.78833333333333344
2025-09-01T06:00:00Z,2025-09-02T15:00:00Z,2025-09-02T16:00:00Z,2025-09-02T16:00:00Z,2025-09-01T00:00:00Z,2025-09-01T04:02:20Z,6.5028710937500005,0.23252929687500001,6.5070271503839994,4.3406469726562502,0.96155029296875005,4.4458739418856847,19.618286132812557,42.341402335834509,275.51665458460764,33,39,0,20,9,245,2,0.82333333333333336
2025-09-01T06:00:00Z,2025-09-02T16:00:00Z,2025-09-02T17:00:00Z,2025-09-02T17:00:00Z,2025-09-01T00:00:00Z,2025-09-01T04:02:20Z,8.0364965820312495,2.2370483398437502,8.3420418716161837,5.0897900390624997,2.0939404296875002,5.5036850532002388,18.227282714843795,69.589662587797648,580.5198791390502,34,40,0,21,9,245,1,0.82666666666666666
2025-09-01T06:00:00Z,2025-09-02T16:00:00Z,2025-09-02T17:00:00Z,2025-09-02T17:00:00Z,2025-09-01T00:00:00Z,2025-09-01T04:02:20Z,8.0364965820312495,2.2370483398437502,8.3420418716161837,5.0897900390624997,2.0939404296875002,5.5036850532002388,18.227282714843795,69.589662587797648,580.5198791390502,34,40,0,21,9,245,2,0.87166666666666659
2025-09-01T06:00:00Z,2025-09-02T17:00:00Z,2025-09-02T18:00:00Z,2025-09-02T18:00:00Z,2025-09-01T00:00:00Z,2025-09-01T04:02:20Z,8.8931811523437503,2.736328125,9.3046312455716436,5.6310400390625004,2.2945629882812502,6.0805946443349752,17.542895507812545,86.576162616068117,805.5592677991591,35,41,0,22,9,245,1,0.73999999999999988
2025-09-01T06:00:00Z,2025-09-02T17:00:00Z,2025-09-02T18:00:00Z,2025-09-02T18:00:00Z,2025-09-01T00:00:00Z,2025-09-01T04:02:20Z,8.8931811523437503,2.736328125,9.3046312455716436,5.6310400390625004,2.2945629882812502,6.0805946443349752,17.542895507812545,86.576162616068117,805.5592677991591,35,41,0,22,9,245,2,0.76666666666666661
2025-09-01T06:00:00Z,2025-09-02T18:00:00Z,2025-09-02T19:00:00Z,2025-09-02T19:00:00Z,2025-09-01T00:00:00Z,2025-09-01T04:02:20Z,9.3818798828125001,3.8251953125,10.131721932341701,6.16506103515625,2.89603759765625,6.8113883558523103,17.105419921875011,102.65178931429386,1040.0393851897506,36,42,0,23,9,245,1,0.8833333333333333
2025-09-01T06:00:00Z,2025-09-02T18:00:00Z,2025-09-02T19:00:00Z,2025-09-02T19:00:00Z,2025-09-01T00:00:00Z,2025-09-01T04:02:20Z,9.3818798828125001,3.8251953125,10.131721932341701,6.16506103515625,2.89603759765625,6.8113883558523103,17.105419921875011,102.65178931429386,1040.0393851897506,36,42,0,23,9,245,2,0.8849999999999999
2025-09-01T06:00:00Z,2025-09-02T19:00:00Z,2025-09-02T20:00:00Z,2025-09-02T20:00:00Z,2025-09-01T00:00:00Z,2025-09-01T04:02:20Z,9.5844360351562496,3.7203076171875002,10.281152799103074,6.2487463378906254,2.803505859375,6.8488302577047024,16.604541015625045,105.70210287850497,1086.7394708804225,37,43,0,0,9,246,1,0.98333333333333339
2025-09-01T06:00:00Z,2025-09-02T19:00:00Z,2025-09-02T20:00:00Z,2025-09-02T20:00:00Z,2025-09-01T00:00:00Z,2025-09-01T04:02:20Z,9.5844360351562496,3.7203076171875002,10.281152799103074,6.2487463378906254,2.803505859375,6.8488302577047024,16.604541015625045,105.70210287850497,1086.7394708804225,37,43,0,0,9,246,2,0.96166666666666656
2025-09-01T06:00:00Z,2025-09-02T20:00:00Z,2025-09-02T21:00:00Z,2025-09-02T21:00:00Z,2025-09-01T00:00:00Z,2025-09-01T04:02:20Z,10.43302490234375,3.8009130859375002,11.103825867680731,6.9889721679687504,2.6048437500000001,7.4586153491486531,16.880102539062534,123.29494889977575,1369.0456429477038,38,44,0,1,9,246,1,0.98999999999999988
2025-09-01T06:00:00Z,2025-09-02T20:00:00Z,2025-09-02T21:00:00Z,2025-09-02T21:00:00Z,2025-09-01T00:00:00Z,2025-09-01T04:02:20Z,10.43302490234375,3.8009130859375002,11.103825867680731,6.9889721679687504,2.6048437500000001,7.4586153491486531,16.880102539062534,123.29494889977575,1369.0456429477038,38,44,0,1,9,246,2,0.97000000000000008
2025-09-01T06:00:00Z,2025-09-02T21:00:00Z,2025-09-02T22:00:00Z,2025-09-02T22:00:00Z,2025-09-01T00:00:00Z,2025-09-01T04:02:20Z,11.7174267578125,4.0413964843750003,12.39479630202203,8.0135620117187507,2.7615063476562502,8.4760305228218495,16.509106445312511,153.63097536861898,1904.224645374996,39,45,0,2,9,246,1,0.98999999999999988
2025-09-01T06:00:00Z,2025-09-02T21:00:00Z,2025-09-02T22:00:00Z,2025-09-02T22:00:00Z,2025-09-01T00:00:00Z,2025-09-01T04:02:20Z,11.7174267578125,4.0413964843750003,12.39479630202203,8.0135620117187507,2.7615063476562502,8.4760305228218495,16.509106445312511,153.63097536861898,1904.224645374996,39,45,0,2,9,246,2,0.97000000000000008
2025-09-01T06:00:00Z,2025-09-02T22:00:00Z,2025-09-02T23:00:00Z,2025-09-02T23:00:00Z,2025-09-01T00:00:00Z,2025-09-01T04:02:20Z,12.437590332031251,4.4801513671875002,13.219886895898515,8.4861206054687504,3.0687402343749999,9.0239353697061269,15.913427734375034,174.76540954034928,2310.3789474388009,40,46,0,3,9,246,1,0.98999999999999988
2025-09-01T06:00:00Z,2025-09-02T22:00:00Z,2025-09-02T23:00:00Z,2025-09-02T23:00:00Z,2025-09-01T00:00:00Z,2025-09-01T04:02:20Z,12.437590332031251,4.4801513671875002,13.219886895898515,8.4861206054687504,3.0687402343749999,9.0239353697061269,15.913427734375034,174.76540954034928,2310.3789474388009,40,46,0,3,9,246,2,0.97000000000000008
2025-09-01T06:00:00Z,2025-09-02T23:00:00Z,2025-09-03T00:00:00Z,2025-09-03T00:00:00Z,2025-09-01T00:00:00Z,2025-09-01T04:02:20Z,12.474375,4.2385839843750004,13.174810276934741,8.4895166015624994,2.90248779296875,8.9719745606269914,15.526794433593807,173.57562583322527,2286.8259390529556,41,47,0,4,9,246,1,0.98666666666666669
2025-09-01T06:00:00Z,2025-09-02T23:00:00Z,2025-09-03T00:00:00Z,2025-09-03T00:00:00Z,2025-09-01T00:00:00Z,2025-09-01T04:02:20Z,12.474375,4.2385839843750004,13.174810276934741,8.4895166015624994,2.90248779296875,8.9719745606269914,15.526794433593807,173.57562583322527,2286.8259390529556,41,47,0,4,9,246,2,0.97000000000000008
2025-09-01T06:00:00Z,2025-09-03T00:00:00Z,2025-09-03T01:00:00Z,2025-09-03T01:00:00Z,2025-09-01T00:00:00Z,2025-09-01T04:02:20Z,12.646350097656251,4.5886889648437501,13.4531125472349,8.5986120605468752,3.2010986328125002,9.1751382455402943,15.275549316406284,180.98623720856909,2434.8282186674328,42,48,0,5,9,246,1,0.98999999999999988
2025-09-01T06:00:00Z,2025-09-03T00:00:00Z,2025-09-03T01:00:00Z,2025-09-03T01:00:00Z,2025-09-01T00:00:00Z,2025-09-01T04:02:20Z,12.646350097656251,4.5886889648437501,13.4531125472349,8.5986120605468752,3.2010986328125002,9.1751382455402943,15.275549316406284,180.98623720856909,2434.8282186674328,42,48,0,5,9,246,2,0.97000000000000008
2025-09-01T06:00:00Z,2025-09-03T01:00:00Z,2025-09-03T02:00:00Z,2025-09-03T02:00:00Z,2025-09-01T00:00:00Z,2025-09-01T04:02:20Z,13.967822265625001,3.9913085937499999,14.52689241147714,9.6142138671874999,2.8788134765625002,10.03596907711748,15.892028808593807,211.03060313463212,3065.6188672659314,43,49,0,6,9,246,1,0.98999999999999988
2025-09-01T06:00:00Z,2025-09-03T01:00:00Z,2025-09-03T02:00:00Z,2025-09-03T02:00:00Z,2025-09-01T00:00:00Z,2025-09-01T04:02:20Z,13.967822265625001,3.9913085937499999,14.52689241147714,9.6142138671874999,2.8788134765625002,10.03596907711748,15.892028808593807,211.03060313463212,3065.6188672659314,43,49,0,6,9,246,2,0.97000000000000008
2025-09-01T06:00:00Z,2025-09-03T02:00:00Z,2025-09-03T03:00:00Z,2025-09-03T03:00:00Z,2025-09-01T00:00:00Z,2025-09-01T04:02:20Z,13.948735351562501,4.2010107421875,14.567625378348533,10.322216796875001,3.6101538085937501,10.935326704008087,17.410278320312557,212.21570916390422,3091.4789505003223,44,50,0,7,9,246,1,0.97999999999999998
2025-09-01T06:00:00Z,2025-09-03T02:00:00Z,2025-09-03T03:00:00Z,2025-09-03T03:00:00Z,2025-09-01T00:00:00Z,2025-09-01T04:02:20Z,13.948735351562501,4.2010107421875,14.567625378348533,10.322216796875001,3.6101538085937501,10.935326704008087,17.410278320312557,212.21570916390422,3091.4789505003223,44,50,0,7,9,246,2,0.96333333333333326
2025-09-01T06:00:00Z,2025-09-03T03:00:00Z,2025-09-03T04:00:00Z,2025-09-03T04:00:00Z,2025-09-01T00:00:00Z,2025-09-01T04:02:20Z,14.19249755859375,3.6800097656249999,14.661836816230936,11.05029296875,3.2456616210937499,11.517087047246218,19.585351562500023,214.96945882578493,3151.8471257771339,45,51,0,8,9,246,1,0.97166666666666668
2025-09-01T06:00:00Z,2025-09-03T03:00:00Z,2025-09-03T04:00:00Z,2025-09-03T04:00:00Z,2025-09-01T00:00:00Z,2025-09-01T04:02:20Z,14.19249755859375,3.6800097656249999,14.661836816230936,11.05029296875,3.2456616210937499,11.517087047246218,19.585351562500023,214.96945882578493,3151.8471257771339,45,51,0,8,9,246,2,0.96166666666666656
2025-09-01T06:00:00Z,2025-09-03T04:00:00Z,2025-09-03T05:00:00Z,2025-09-03T05:00:00Z,2025-09-01T00:00:00Z,2025-09-01T04:02:20Z,13.865158691406251,2.6643750000000002,14.118835634658522,11.082839355468749,2.7079589843750003,11.408872426326111,20.600390625000045,199.34151967850332,2814.4701515038355,46,52,0,9,9,246,1,0.98166666666666658
2025-09-01T06:00:00Z,2025-09-03T04:00:00Z,2025-09-03T05:00:00Z,2025-09-03T05:00:00Z,2025-09-01T00:00:00Z,2025-09-01T04:02:20Z,13.865158691406251,2.6643750000000002,14.118835634658522,11.082839355468749,2.7079589843750003,11.408872426326111,20.600390625000045,199.34151967850332,2814.4701515038355,46,52,0,9,9,246,2,0.96666666666666667
2025-09-01T06:00:00Z,2025-09-03T05:00:00Z,2025-09-03T06:00:00Z,2025-09-03T06:00:00Z,2025-09-01T00:00:00Z,2025-09-01T04:02:20Z,13.1252685546875,1.3740795898437501,13.196998497836304,10.80948974609375,1.9551416015625001,10.984882669062346,21.586560058593761,174.16076935189366,2298.3994115189557,47,53,0,10,9,246,1,0.98499999999999999
2025-09-01T06:00:00Z,2025-09-03T05:00:00Z,2025-09-03T06:00:00Z,2025-09-03T06:00:00Z,2025-09-01T00:00:00Z,2025-09-01T04:02:20Z,13.1252685546875,1.3740795898437501,13.196998497836304,10.80948974609375,1.9551416015625001,10.984882669062346,21.586560058593761,174.16076935189366,2298.3994115189557,47,53,0,10,9,246,2,0.97000000000000008
2025-09-08T06:00:00Z,2025-09-08T06:00:00Z,2025-09-08T07:00:00Z,2025-09-08T07:00:00Z,2025-09-08T00:00:00Z,2025-09-08T04:03:52Z,3.1978491210937499,-0.91915039062500004,3.3273227138145405,2.9752099609375002,-0.99468017578125001,3.1370787308822741,31.098730468750034,11.071076441866158,36.837044111398328,0,6,0,11,9,251,1,0.14000000000000001
2025-09-08T06:00:00Z,2025-09-08T06:00:00Z,2025-09-08T07:00:00Z,2025-09-08T07:00:00Z,2025-09-08T00:00:00Z,2025-09-08T04:03:52Z,3.1978491210937499,-0.91915039062500004,3.3273227138145405,2.9752099609375002,-0.99468017578125001,3.1370787308822741,31.098730468750034,11.071076441866158,36.837044111398328,0,6,0,11,9,251,2,0.14833333333333334
2025-09-08T06:00:00Z,2025-09-08T07:00:00Z,2025-09-08T08:00:00Z,2025-09-08T08:00:00Z,2025-09-08T00:00:00Z,2025-09-08T04:03:52Z,3.6292211914062502,-1.0604052734375,3.7809662521749994,3.3820556640624999,-1.26382568359375,3.6104786210872994,32.163818359375057,14.29570580008626,54.051581181148549,1,7,0,12,9,251,1,0.23333333333333336
2025-09-08T06:00:00Z,2025-09-08T07:00:00Z,2025-09-08T08:00:00Z,2025-09-08T08:00:00Z,2025-09-08T00:00:00Z,2025-09-08T04:03:52Z,3.6292211914062502,-1.0604052734375,3.7809662521749994,3.3820556640624999,-1.26382568359375,3.6104786210872994,32.163818359375057,14.29570580008626,54.051581181148549,1,7,0,12,9,251,2,0.26166666666666666
2025-09-08T06:00:00Z,2025-09-08T08:00:00Z,2025-09-08T09:00:00Z,2025-09-08T09:00:00Z,2025-09-08T00:00:00Z,2025-09-08T04:03:52Z,5.8983251953125002,0.092695312500000002,5.8990535283736589,5.4014233398437499,-0.15032226562500001,5.4035146784062169,33.300366210937511,34.798832530617716,205.28017582302451,2,8,0,13,9,251,1,0.11166666666666665
2025-09-08T06:00:00Z,2025-09-08T08:00:00Z,2025-09-08T09:00:00Z,2025-09-08T09:00:00Z,2025-09-08T00:00:00Z,2025-09-08T04:03:52Z,5.8983251953125002,0.092695312500000002,5.8990535283736589,5.4014233398437499,-0.15032226562500001,5.4035146784062169,33.300366210937511,34.798832530617716,205.28017582302451,2,8,0,13,9,251,2,0.12000000000000001
2025-09-08T06:00:00Z,2025-09-08T09:00:00Z,2025-09-08T10:00:00Z,2025-09-08T10:00:00Z,2025-09-08T00:00:00Z,2025-09-08T04:03:52Z,6.9170410156250002,-0.49307128906250003,6.9345926850779271,6.3020458984375001,-0.54414794921874998,6.3254944072895904,33.863110351562511,48.088575707936293,333.47468534007112,3,9,0,14,9,251,1,0.56666666666666665
2025-09-08T06:00:00Z,2025-09-08T09:00:00Z,2025-09-08T10:00:00Z,2025-09-08T10:00:00Z,2025-09-08T00:00:00Z,2025-09-08T04:03:52Z,6.9170410156250002,-0.49307128906250003,6.9345926850779271,6.3020458984375001,-0.54414794921874998,6.3254944072895904,33.863110351562511,48.088575707936293,333.47468534007112,3,9,0,14,9,251,2,0.55500000000000005
2025-09-08T06:00:00Z,2025-09-08T10:00:00Z,2025-09-08T11:00:00Z,2025-09-08T11:00:00Z,2025-09-08T00:00:00Z,2025-09-08T04:03:52Z,9.7199194335937502,-0.73104003906250004,9.7473716115815527,8.1845239257812494,-0.87477050781249999,8.2311393702830866,33.587866210937534,95.011253334265959,926.10999353120712,4,10,0,15,9,251,1,0.57999999999999996
2025-09-08T06:00:00Z,2025-09-08T10:00:00Z,2025-09-08T11:00:00Z,2025-09-08T11:00:00Z,2025-09-08T00:00:00Z,2025-09-08T04:03:52Z,9.7199194335937502,-0.73104003906250004,9.7473716115815527,8.1845239257812494,-0.87477050781249999,8.2311393702830866,33.587866210937534,95.011253334265959,926.10999353120712,4,10,0,15,9,251,2,0.60333333333333339
2025-09-08T06:00:00Z,2025-09-08T11:00:00Z,2025-09-08T12:00:00Z,2025-09-08T12:00:00Z,2025-09-08T00:00:00Z,2025-09-08T04:03:52Z,13.735085449218751,-0.19007812500000001,13.736400619920204,10.86537353515625,0.60980957031250005,10.882472594521824,32.950000000000045,188.68870199094417,2591.903603000344,5,11,0,16,9,251,1,0.44
2025-09-08T06:00:00Z,2025-09-08T11:00:00Z,2025-09-08T12:00:00Z,2025-09-08T12:00:00Z,2025-09-08T00:00:00Z,2025-09-08T04:03:52Z,13.735085449218751,-0.19007812500000001,13.736400619920204,10.86537353515625,0.60980957031250005,10.882472594521824,32.950000000000045,188.68870199094417,2591.903603000344,5,11,0,16,9,251,2,0.45000000000000001
2025-09-08T06:00:00Z,2025-09-08T12:00:00Z,2025-09-08T13:00:00Z,2025-09-08T13:00:00Z,2025-09-08T00:00:00Z,2025-09-08T04:03:52Z,10.991914062499999,-1.5670410156250001,11.103053287363629,8.5219580078125006,-0.44094238281250003,8.5333579833427802,31.869458007812511,123.27779230203629,1368.7598970780548,6,12,0,17,9,251,1,0.315
2025-09-08T06:00:00Z,2025-09-08T12:00:00Z,2025-09-08T13:00:00Z,2025-09-08T13:00:00Z,2025-09-08T00:00:00Z,2025-09-08T04:03:52Z,10.991914062499999,-1.5670410156250001,11.103053287363629,8.5219580078125006,-0.44094238281250003,8.5333579833427802,31.869458007812511,123.27779230203629,1368.7598970780548,6,12,0,17,9,251,2,0.34333333333333332
2025-09-08T06:00:00Z,2025-09-08T13:00:00Z,2025-09-08T14:00:00Z,2025-09-08T14:00:00Z,2025-09-08T00:00:00Z,2025-09-08T04:03:52Z,6.8087036132812502,-15.430014648437501,16.86546165820862,5.4534521484375,-10.750117187500001,12.054258993413097,27.920727539062511,284.44379694450504,4797.2759512828279,7,13,0,18,9,251,1,0.64833333333333332
2025-09-08T06:00:00Z,2025-09-08T13:00:00Z,2025-09-08T14:00:00Z,2025-09-08T14:00:00Z,2025-09-08T00:00:00Z,2025-09-08T04:03:52Z,6.8087036132812502,-15.430014648437501,16.86546165820862,5.4534521484375,-10.750117187500001,12.054258993413097,27.920727539062511,284.44379694450504,4797.2759512828279,7,13,0,18,9,251,2,0.65666666666666662
2025-09-08T06:00:00Z,2025-09-08T14:00:00Z,2025-09-08T15:00:00Z,2025-09-08T15:00:00Z,2025-09-08T00:00:00Z,2025-09-08T04:03:52Z,4.9088842773437502,-12.379074707031251,13.316855313872473,4.05727294921875,-7.7474462890625002,8.7455353058786809,25.748974609375011,177.33863545061354,2361.5929498553965,8,14,0,19,9,251,1,0.98999999999999988
2025-09-08T06:00:00Z,2025-09-08T14:00:00Z,2025-09-08T15:00:00Z,2025-09-08T15:00:00Z,2025-09-08T00:00:00Z,2025-09-08T04:03:52Z,4.9088842773437502,-12.379074707031251,13.316855313872473,4.05727294921875,-7.7474462890625002,8.7455353058786809,25.748974609375011,177.33863545061354,2361.5929498553965,8,14,0,19,9,251,2,0.97000000000000008
2025-09-08T06:00:00Z,2025-09-08T15:00:00Z,2025-09-08T16:00:00Z,2025-09-08T16:00:00Z,2025-09-08T00:00:00Z,2025-09-08T04:03:52Z,11.38541259765625,-5.0184179687499997,12.442352628339325,8.8459960937500011,-2.5599243164062502,9.2089553911596447,23.751513671875045,154.8121389279425,1926.227223688918,9,15,0,20,9,251,1,0.98833333333333329
2025-09-08T06:00:00Z,2025-09-08T15:00:00Z,2025-09-08T16:00:00Z,2025-09-08T16:00:00Z,2025-09-08T00:00:00Z,2025-09-08T04:03:52Z,11.38541259765625,-5.0184179687499997,12.442352628339325,8.8459960937500011,-2.5599243164062502,9.2089553911596447,23.751513671875045,154.8121389279425,1926.227223688918,9,15,0,20,9,251,2,0.96666666666666667
2025-09-08T06:00:00Z,2025-09-08T16:00:00Z,2025-09-08T17:00:00Z,2025-09-08T17:00:00Z,2025-09-08T00:00:00Z,2025-09-08T04:03:52Z,11.16955810546875,-12.33602294921875,16.641408908956425,8.2161499023437496,-8.3979052734374999,11.748614054407122,22.400244140625034,276.93649047509427,4608.6133798073597,10,16,0,21,9,251,1,0.91999999999999993
2025-09-08T06:00:00Z,2025-09-08T16:00:00Z,2025-09-08T17:00:00Z,2025-09-08T17:00:00Z,2025-09-08T00:00:00Z,2025-09-08T04:03:52Z,11.16955810546875,-12.33602294921875,16.641408908956425,8.2161499023437496,-8.3979052734374999,11.748614054407122,22.400244140625034,276.93649047509427,4608.6133798073597,10,16,0,21,9,251,2,0.92166666666666675
2025-09-08T06:00:00Z,2025-09-08T17:00:00Z,2025-09-08T18:00:00Z,2025-09-08T18:00:00Z,2025-09-08T00:00:00Z,2025-09-08T04:03:52Z,6.2192114257812499,-8.3728906250000001,10.429951494459642,4.4391430664062499,-5.4521606445312498,7.0307927616875538,21.451293945312557,108.78388817678092,1134.6106770625468,11,17,0,22,9,251,1,0.71833333333333327
2025-09-08T06:00:00Z,2025-09-08T17:00:00Z,2025-09-08T18:00:00Z,2025-09-08T18:00:00Z,2025-09-08T00:00:00Z,2025-09-08T04:03:52Z,6.2192114257812499,-8.3728906250000001,10.429951494459642,4.4391430664062499,-5.4521606445312498,7.0307927616875538,21.451293945312557,108.78388817678092,1134.6106770625468,11,17,0,22,9,251,2,0.74833333333333341
2025-09-08T06:00:00Z,2025-09-08T18:00:00Z,2025-09-08T19:00:00Z,2025-09-08T19:00:00Z,2025-09-08T00:00:00Z,2025-09-08T04:03:52Z,2.6963671874999999,-0.39332275390624999,2.724903447567832,1.7496313476562499,0.77166992187500005,1.9122458840400192,20.050000000000011,7.4250987985670562,20.232677314747139,12,18,0,23,9,251,1,0.36166666666666664
2025-09-08T06:00:00Z,2025-09-08T18:00:00Z,2025-09-08T19:00:00Z,2025-09-08T19:00:00Z,2025-09-08T00:00:00Z,2025-09-08T04:03:52Z,2.6963671874999999,-0.39332275390624999,2.724903447567832,1.7496313476562499,0.77166992187500005,1.9122458840400192,20.050000000000011,7.4250987985670562,20.232677314747139,12,18,0,23,9,251,2,0.35499999999999998
2025-09-08T06:00:00Z,2025-09-08T19:00:00Z,2025-09-08T20:00:00Z,2025-09-08T20:00:00Z,2025-09-08T00:00:00Z,2025-09-08T04:03:52Z,2.77095458984375,5.3426806640624998,6.0185069591322611,1.2945263671875,4.2430468750000001,4.4361295403528214,20.153173828125034,36.222426017123453,218.00492306071098,13,19,0,0,9,252,1,0.088333333333333333
2025-09-08T06:00:00Z,2025-09-08T19:00:00Z,2025-09-08T20:00:00Z,2025-09-08T20:00:00Z,2025-09-08T00:00:00Z,2025-09-08T04:03:52Z,2.77095458984375,5.3426806640624998,6.0185069591322611,1.2945263671875,4.2430468750000001,4.4361295403528214,20.153173828125034,36.222426017123453,218.00492306071098,13,19,0,0,9,252,2,0.093333333333333338
2025-09-08T06:00:00Z,2025-09-08T20:00:00Z,2025-09-08T21:00:00Z,2025-09-08T21:00:00Z,2025-09-08T00:00:00Z,2025-09-08T04:03:52Z,2.3932666015624999,3.0469824218750001,3.8745098922792494,0.51470214843750006,3.0635302734375003,3.1064668093952368,20.451293945312557,15.011826905369761,58.163471846038931,14,20,0,1,9,252,1,0.16666666666666666
2025-09-08T06:00:00Z,2025-09-08T20:00:00Z,2025-09-08T21:00:00Z,2025-09-08T21:00:00Z,2025-09-08T00:00:00Z,2025-09-08T04:03:52Z,2.3932666015624999,3.0469824218750001,3.8745098922792494,0.51470214843750006,3.0635302734375003,3.1064668093952368,20.451293945312557,15.011826905369761,58.163471846038931,14,20,0,1,9,252,2,0.16
2025-09-08T06:00:00Z,2025-09-08T21:00:00Z,2025-09-08T22:00:00Z,2025-09-08T22:00:00Z,2025-09-08T00:00:00Z,2025-09-08T04:03:52Z,1.6436279296875,2.8103295898437501,3.2556819830567232,0.54119140625000006,2.5698144531250002,2.6261824882686651,19.982299804687557,10.599465174800157,34.508487799634054,15,21,0,2,9,252,1,0.018333333333333333
2025-09-08T06:00:00Z,2025-09-08T21:00:00Z,2025-09-08T22:00:00Z,2025-09-08T22:00:00Z,2025-09-08T00:00:00Z,2025-09-08T04:03:52Z,1.6436279296875,2.8103295898437501,3.2556819830567232,0.54119140625000006,2.5698144531250002,2.6261824882686651,19.982299804687557,10.599465174800157,34.508487799634054,15,21,0,2,9,252,2,0.014999999999999999
2025-09-08T06:00:00Z,2025-09-08T22:00:00Z,2025-09-08T23:00:00Z,2025-09-08T23:00:00Z,2025-09-08T00:00:00Z,2025-09-08T04:03:52Z,-0.6811474609375,3.4068115234375003,3.4742375594895845,-0.44569335937499999,2.50923583984375,2.5485107554309718,20.623437500000023,12.070326619768144,41.935182097705443,16,22,0,3,9,252,1,0.016666666666666666
2025-09-08T06:00:00Z,2025-09-08T22:00:00Z,2025-09-08T23:00:00Z,2025-09-08T23:00:00Z,2025-09-08T00:00:00Z,2025-09-08T04:03:52Z,-0.6811474609375,3.4068115234375003,3.4742375594895845,-0.44569335937499999,2.50923583984375,2.5485107554309718,20.623437500000023,12.070326619768144,41.935182097705443,16,22,0,3,9,252,2,0.018333333333333337
2025-09-08T06:00:00Z,2025-09-08T23:00:00Z,2025-09-09T00:00:00Z,2025-09-09T00:00:00Z,2025-09-08T00:00:00Z,2025-09-08T04:03:52Z,-0.43708251953124999,1.1512402343750001,1.231419995827415,0.70508544921875005,0.49353271484375,0.86065093465414233,17.450000000000045,1.5163952061235908,1.8673193783974242,17,23,0,4,9,252,1,0.01
2025-09-08T06:00:00Z,2025-09-08T23:00:00Z,2025-09-09T00:00:00Z,2025-09-09T00:00:00Z,2025-09-08T00:00:00Z,2025-09-08T04:03:52Z,-0.43708251953124999,1.1512402343750001,1.231419995827415,0.70508544921875005,0.49353271484375,0.86065093465414233,17.450000000000045,1.5163952061235908,1.8673193783974242,17,23,0,4,9,252,2,0.01
2025-09-08T06:00:00Z,2025-09-09T00:00:00Z,2025-09-09T01:00:00Z,2025-09-09T01:00:00Z,2025-09-08T00:00:00Z,2025-09-08T04:03:52Z,-0.36730224609375001,0.0016357421875,0.36730588837917866,0.060629882812500001,-0.66636962890625007,0.66912216001154146,17.239794921875045,0.13491361563801765,0.049554565446369124,18,24,0,5,9,252,1,0.01
2025-09-08T06:00:00Z,2025-09-09T00:00:00Z,2025-09-09T01:00:00Z,2025-09-09T01:00:00Z,2025-09-08T00:00:00Z,2025-09-08T04:03:52Z,-0.36730224609375001,0.0016357421875,0.36730588837917866,0.060629882812500001,-0.66636962890625007,0.66912216001154146,17.239794921875045,0.13491361563801765,0.049554565446369124,18,24,0,5,9,252,2,0.01
2025-09-08T06:00:00Z,2025-09-09T01:00:00Z,2025-09-09T02:00:00Z,2025-09-09T02:00:00Z,2025-09-08T00:00:00Z,2025-09-08T04:03:52Z,-0.99139160156250006,0.28438232421874998,1.0313731691181021,-0.53928222656250002,-0.22398925781250001,0.58394906242034694,18.681127929687534,1.0637306139767171,1.0971032144251112,19,25,0,6,9,252,1,0.01
2025-09-08T06:00:00Z,2025-09-09T01:00:00Z,2025-09-09T02:00:00Z,2025-09-09T02:00:00Z,2025-09-08T00:00:00Z,2025-09-08T04:03:52Z,-0.99139160156250006,0.28438232421874998,1.0313731691181021,-0.53928222656250002,-0.22398925781250001,0.58394906242034694,18.681127929687534,1.0637306139767171,1.0971032144251112,19,25,0,6,9,252,2,0.01
2025-09-08T06:00:00Z,2025-09-09T02:00:00Z,2025-09-09T03:00:00Z,2025-09-09T03:00:00Z,2025-09-08T00:00:00Z,2025-09-08T04:03:52Z,-1.5729125976562501,-0.14273193359375,1.5793753337104968,-1.3973144531250001,-0.33913818359375003,1.4378812150116178,20.661914062500045,2.494426444733143,3.9396355985666958,20,26,0,7,9,252,1,0.01
2025-09-08T06:00:00Z,2025-09-09T02:00:00Z,2025-09-09T03:00:00Z,2025-09-09T03:00:00Z,2025-09-08T00:00:00Z,2025-09-08T04:03:52Z,-1.5729125976562501,-0.14273193359375,1.5793753337104968,-1.3973144531250001,-0.33913818359375003,1.4378812150116178,20.661914062500045,2.494426444733143,3.9396355985666958,20,26,0,7,9,252,2,0.01
2025-09-08T06:00:00Z,2025-09-09T03:00:00Z,2025-09-09T04:00:00Z,2025-09-09T04:00:00Z,2025-09-08T00:00:00Z,2025-09-08T04:03:52Z,-1.65501953125,-0.50719238281250001,1.730992132276167,-1.5322607421875001,-0.64331298828125005,1.6618286863995158,22.673486328125023,2.9963337620019912,5.1866301676988957,21,27,0,8,9,252,1,0.01
2025-09-08T06:00:00Z,2025-09-09T03:00:00Z,2025-09-09T04:00:00Z,2025-09-09T04:00:00Z,2025-09-08T00:00:00Z,2025-09-08T04:03:52Z,-1.65501953125,-0.50719238281250001,1.730992132276167,-1.5322607421875001,-0.64331298828125005,1.6618286863995158,22.673486328125023,2.9963337620019912,5.1866301676988957,21,27,0,8,9,252,2,0.01
2025-09-08T06:00:00Z,2025-09-09T04:00:00Z,2025-09-09T05:00:00Z,2025-09-09T05:00:00Z,2025-09-08T00:00:00Z,2025-09-08T04:03:52Z,-0.57458251953125006,-0.63493164062499996,0.85631960156102549,-0.81341064453125,-0.77881835937499999,1.1261416045668102,24.593090820312511,0.73328326001763344,0.62792482904966973,22,28,0,9,9,252,1,0.01
2025-09-08T06:00:00Z,2025-09-09T04:00:00Z,2025-09-09T05:00:00Z,2025-09-09T05:00:00Z,2025-09-08T00:00:00Z,2025-09-08T04:03:52Z,-0.57458251953125006,-0.63493164062499996,0.85631960156102549,-0.81341064453125,-0.77881835937499999,1.1261416045668102,24.593090820312511,0.73328326001763344,0.62792482904966973,22,28,0,9,9,252,2,0.01
2025-09-08T06:00:00Z,2025-09-09T05:00:00Z,2025-09-09T06:00:00Z,2025-09-09T06:00:00Z,2025-09-08T00:00:00Z,2025-09-08T04:03:52Z,1.8071533203125001,-0.39114746093750002,1.8489995833732216,1.4683984375000001,-0.5329638671875,1.5621281813538532,26.234851074218795,3.4187994593143469,6.3213587759088226,23,29,0,10,9,252,1,0.018333333333333333
2025-09-08T06:00:00Z,2025-09-09T05:00:00Z,2025-09-09T06:00:00Z,2025-09-09T06:00:00Z,2025-09-08T00:00:00Z,2025-09-08T04:03:52Z,1.8071533203125001,-0.39114746093750002,1.8489995833732216,1.4683984375000001,-0.5329638671875,1.5621281813538532,26.234851074218795,3.4187994593143469,6.3213587759088226,23,29,0,10,9,252,2,0.013333333333333334
2025-09-08T06:00:00Z,2025-09-09T06:00:00Z,2025-09-09T07:00:00Z,2025-09-09T07:00:00Z,2025-09-08T00:00:00Z,2025-09-08T04:03:52Z,2.6045654296875003,-1.0244824218749999,2.7988078373218297,2.2779223632812502,-1.1021459960937501,2.5305446231675743,27.585400390625011,7.8333253102540974,21.923972270630621,24,30,0,11,9,252,1,0.01
2025-09-08T06:00:00Z,2025-09-09T06:00:00Z,2025-09-09T07:00:00Z,2025-09-09T07:00:00Z,2025-09-08T00:00:00Z,2025-09-08T04:03:52Z,2.6045654296875003,-1.0244824218749999,2.7988078373218297,2.2779223632812502,-1.1021459960937501,2.5305446231675743,27.585400390625011,7.8333253102540974,21.923972270630621,24,30,0,11,9,252,2,0.0083333333333333332
2025-09-08T06:00:00Z,2025-09-09T07:00:00Z,2025-09-09T08:00:00Z,2025-09-09T08:00:00Z,2025-09-08T00:00:00Z,2025-09-08T04:03:52Z,3.8801318359375001,-1.5708886718750001,4.1860619063364215,3.6000219726562501,-1.6546069335937501,3.9620553136351226,28.769384765625034,17.523114283680915,73.352841183296306,25,31,0,12,9,252,1,0.025000000000000005
2025-09-08T06:00:00Z,2025-09-09T07:00:00Z,2025-09-09T08:00:00Z,2025-09-09T08:00:00Z,2025-09-08T00:00:00Z,2025-09-08T04:03:52Z,3.8801318359375001,-1.5708886718750001,4.1860619063364215,3.6000219726562501,-1.6546069335937501,3.9620553136351226,28.769384765625034,17.523114283680915,73.352841183296306,25,31,0,12,9,252,2,0.014999999999999999
2025-09-08T06:00:00Z,2025-09-09T08:00:00Z,2025-09-09T09:00:00Z,2025-09-09T09:00:00Z,2025-09-08T00:00:00Z,2025-09-08T04:03:52Z,5.3960620117187501,-2.5593286132812501,5.9722397963472913,5.0612597656250005,-2.5015380859375003,5.645710159982559,29.197729492187534,35.667648185074334,213.01574793301518,26,32,0,13,9,252,1,0.096666666666666665
2025-09-08T06:00:00Z,2025-09-09T08:00:00Z,2025-09-09T09:00:00Z,2025-09-09T09:00:00Z,2025-09-08T00:00:00Z,2025-09-08T04:03:52Z,5.3960620117187501,-2.5593286132812501,5.9722397963472913,5.0612597656250005,-2.5015380859375003,5.645710159982559,29.197729492187534,35.667648185074334,213.01574793301518,26,32,0,13,9,252,2,0.105
2025-09-08T06:00:00Z,2025-09-09T09:00:00Z,2025-09-09T10:00:00Z,2025-09-09T10:00:00Z,2025-09-08T00:00:00Z,2025-09-08T04:03:52Z,5.52093505859375,-2.4000805664062499,6.0200590235022213,4.9144824218750003,-2.3693530273437502,5.4558199423277669,29.176855468750034,36.241110646450515,218.17362516890685,27,33,0,14,9,252,1,0.10833333333333334
2025-09-08T06:00:00Z,2025-09-09T09:00:00Z,2025-09-09T10:00:00Z,2025-09-09T10:00:00Z,2025-09-08T00:00:00Z,2025-09-08T04:03:52Z,5.52093505859375,-2.4000805664062499,6.0200590235022213,4.9144824218750003,-2.3693530273437502,5.4558199423277669,29.176855468750034,36.241110646450515,218.17362516890685,27,33,0,14,9,252,2,0.105
2025-09-08T06:00:00Z,2025-09-09T10:00:00Z,2025-09-09T11:00:00Z,2025-09-09T11:00:00Z,2025-09-08T00:00:00Z,2025-09-08T04:03:52Z,5.7092211914062503,-0.88328857421875007,5.7771450836678486,4.9659326171874998,-1.05076904296875,5.0758843899470518,29.368261718750034,33.375405317747592,192.81455874684727,28,34,0,15,9,252,1,0.25666666666666665
2025-09-08T06:00:00Z,2025-09-09T10:00:00Z,2025-09-09T11:00:00Z,2025-09-09T11:00:00Z,2025-09-08T00:00:00Z,2025-09-08T04:03:52Z,5.7092211914062503,-0.88328857421875007,5.7771450836678486,4.9659326171874998,-1.05076904296875,5.0758843899470518,29.368261718750034,33.375405317747592,192.81455874684727,28,34,0,15,9,252,2,0.25833333333333336
2025-09-08T06:00:00Z,2025-09-09T11:00:00Z,2025-09-09T12:00:00Z,2025-09-09T12:00:00Z,2025-09-08T00:00:00Z,2025-09-08T04:03:52Z,5.8510009765625002,-0.1197314453125,5.8522259053057706,5.0541406250000005,-0.16379638671874999,5.0567941142167845,29.218017578125057,34.248548046731948,200.43024009819405,29,35,0,16,9,252,1,0.26666666666666666
2025-09-08T06:00:00Z,2025-09-09T11:00:00Z,2025-09-09T12:00:00Z,2025-09-09T12:00:00Z,2025-09-08T00:00:00Z,2025-09-08T04:03:52Z,5.8510009765625002,-0.1197314453125,5.8522259053057706,5.0541406250000005,-0.16379638671874999,5.0567941142167845,29.218017578125057,34.248548046731948,200.43024009819405,29,35,0,16,9,252,2,0.29833333333333334
2025-09-08T06:00:00Z,2025-09-09T12:00:00Z,2025-09-09T13:00:00Z,2025-09-09T13:00:00Z,2025-09-08T00:00:00Z,2025-09-08T04:03:52Z,5.5779687500000001,0.51740966796874999,5.6019146852200539,4.5512207031249998,0.49483398437500004,4.578042219185626,28.635791015625045,31.381448140484096,175.79619518164941,30,36,0,17,9,252,1,0.20833333333333334
2025-09-08T06:00:00Z,2025-09-09T12:00:00Z,2025-09-09T13:00:00Z,2025-09-09T13:00:00Z,2025-09-08T00:00:00Z,2025-09-08T04:03:52Z,5.5779687500000001,0.51740966796874999,5.6019146852200539,4.5512207031249998,0.49483398437500004,4.578042219185626,28.635791015625045,31.381448140484096,175.79619518164941,30,36,0,17,9,252,2,0.21833333333333335
2025-09-08T06:00:00Z,2025-09-09T13:00:00Z,2025-09-09T14:00:00Z,2025-09-09T14:00:00Z,2025-09-08T00:00:00Z,2025-09-08T04:03:52Z,5.4362255859374997,0.50085205078125006,5.4592491606422673,3.4244189453125,0.76076660156249998,3.5079069165341505,25.935205078125023,29.8034013979733,162.70419406617032,31,37,0,18,9,252,1,0.16833333333333333
2025-09-08T06:00:00Z,2025-09-09T13:00:00Z,2025-09-09T14:00:00Z,2025-09-09T14:00:00Z,2025-09-08T00:00:00Z,2025-09-08T04:03:52Z,5.4362255859374997,0.50085205078125006,5.4592491606422673,3.4244189453125,0.76076660156249998,3.5079069165341505,25.935205078125023,29.8034013979733,162.70419406617032,31,37,0,18,9,252,2,0.16500000000000001
2025-09-08T06:00:00Z,2025-09-09T14:00:00Z,2025-09-09T15:00:00Z,2025-09-09T15:00:00Z,2025-09-08T00:00:00Z,2025-09-08T04:03:52Z,3.7516992187500002,0.63814208984374998,3.8055843644307128,2.5434912109374999,1.1222509765624999,2.7800710053003672,23.686376953125034,14.482472354799512,55.114270351725068,32,38,0,19,9,252,1,0.20666666666666667
2025-09-08T06:00:00Z,2025-09-09T14:00:00Z,2025-09-09T15:00:00Z,2025-09-09T15:00:00Z,2025-09-08T00:00:00Z,2025-09-08T04:03:52Z,3.7516992187500002,0.63814208984374998,3.8055843644307128,2.5434912109374999,1.1222509765624999,2.7800710053003672,23.686376953125034,14.482472354799512,55.114270351725068,32,38,0,19,9,252,2,0.19833333333333333
2025-09-08T06:00:00Z,2025-09-09T15:00:00Z,2025-09-09T16:00:00Z,2025-09-09T16:00:00Z,2025-09-08T00:00:00Z,2025-09-08T04:03:52Z,3.17264892578125,1.8113549804687501,3.6533146691093918,2.1600976562500001,1.9020410156250001,2.8781559911958428,23.869287109375023,13.346708071529866,48.75972438204078,33,39,0,20,9,252,1,0.31666666666666665
2025-09-08T06:00:00Z,2025-09-09T15:00:00Z,2025-09-09T16:00:00Z,2025-09-09T16:00:00Z,2025-09-08T00:00:00Z,2025-09-08T04:03:52Z,3.17264892578125,1.8113549804687501,3.6533146691093918,2.1600976562500001,1.9020410156250001,2.8781559911958428,23.869287109375023,13.346708071529866,48.75972438204078,33,39,0,20,9,252,2,0.31666666666666665
2025-09-08T06:00:00Z,2025-09-09T16:00:00Z,2025-09-09T17:00:00Z,2025-09-09T17:00:00Z,2025-09-08T00:00:00Z,2025-09-08T04:03:52Z,3.9782031250000003,1.7727905273437501,4.3553285016861238,2.5107495117187502,1.5850854492187501,2.9692354221113808,22.984545898437545,18.968886357599498,82.61573139849817,34,40,0,21,9,252,1,0.105
2025-09-08T06:00:00Z,2025-09-09T16:00:00Z,2025-09-09T17:00:00Z,2025-09-09T17:00:00Z,2025-09-08T00:00:00Z,2025-09-08T04:03:52Z,3.9782031250000003,1.7727905273437501,4.3553285016861238,2.5107495117187502,1.5850854492187501,2.9692354221113808,22.984545898437545,18.968886357599498,82.61573139849817,34,40,0,21,9,252,2,0.11666666666666668
2025-09-08T06:00:00Z,2025-09-09T17:00:00Z,2025-09-09T18:00:00Z,2025-09-09T18:00:00Z,2025-09-08T00:00:00Z,2025-09-08T04:03:52Z,5.5285107421874997,3.8187768554687502,6.7191880237381643,2.8481884765625001,2.7354858398437503,3.9490581634117623,21.671887207031261,45.147487698346374,303.35445864459507,35,41,0,22,9,252,1,0.023333333333333334
2025-09-08T06:00:00Z,2025-09-09T17:00:00Z,2025-09-09T18:00:00Z,2025-09-09T18:00:00Z,2025-09-08T00:00:00Z,2025-09-08T04:03:52Z,5.5285107421874997,3.8187768554687502,6.7191880237381643,2.8481884765625001,2.7354858398437503,3.9490581634117623,21.671887207031261,45.147487698346374,303.35445864459507,35,41,0,22,9,252,2,0.024999999999999998
2025-09-08T06:00:00Z,2025-09-09T18:00:00Z,2025-09-09T19:00:00Z,2025-09-09T19:00:00Z,2025-09-08T00:00:00Z,2025-09-08T04:03:52Z,5.1876318359375002,2.7052441406250001,5.8506298742629559,2.7426708984374999,2.154501953125,3.4877101833660724,21.851806640625057,34.229869925618168,200.26629957895676,36,42,0,23,9,252,1,0.01
2025-09-08T06:00:00Z,2025-09-09T18:00:00Z,2025-09-09T19:00:00Z,2025-09-09T19:00:00Z,2025-09-08T00:00:00Z,2025-09-08T04:03:52Z,5.1876318359375002,2.7052441406250001,5.8506298742629559,2.7426708984374999,2.154501953125,3.4877101833660724,21.851806640625057,34.229869925618168,200.26629957895676,36,42,0,23,9,252,2,0.01
2025-09-08T06:00:00Z,2025-09-09T19:00:00Z,2025-09-09T20:00:00Z,2025-09-09T20:00:00Z,2025-09-08T00:00:00Z,2025-09-08T04:03:52Z,7.5103320312499999,0.63485351562500003,7.5371165710715378,4.8166699218750004,1.0983227539062501,4.9403058617906979,22.164367675781307,56.808126205921177,428.16946939817177,37,43,0,0,9,253,1,0.053333333333333337
2025-09-08T06:00:00Z,2025-09-09T19:00:00Z,2025-09-09T20:00:00Z,2025-09-09T20:00:00Z,2025-09-08T00:00:00Z,2025-09-08T04:03:52Z,7.5103320312499999,0.63485351562500003,7.5371165710715378,4.8166699218750004,1.0983227539062501,4.9403058617906979,22.164367675781307,56.808126205921177,428.16946939817177,37,43,0,0,9,253,2,0.045000000000000005
2025-09-08T06:00:00Z,2025-09-09T20:00:00Z,2025-09-09T21:00:00Z,2025-09-09T21:00:00Z,2025-09-08T00:00:00Z,2025-09-08T04:03:52Z,3.5813281250000002,2.1182226562499999,4.1608626942458482,2.10050537109375,2.2311157226562499,3.06431071888567,21.802294921875045,17.312778360366821,72.036093613397114,38,44,0,1,9,253,1,0.155
2025-09-08T06:00:00Z,2025-09-09T20:00:00Z,2025-09-09T21:00:00Z,2025-09-09T21:00:00Z,2025-09-08T00:00:00Z,2025-09-08T04:03:52Z,3.5813281250000002,2.1182226562499999,4.1608626942458482,2.10050537109375,2.2311157226562499,3.06431071888567,21.802294921875045,17.312778360366821,72.036093613397114,38,44,0,1,9,253,2,0.13666666666666669
2025-09-08T06:00:00Z,2025-09-09T21:00:00Z,2025-09-09T22:00:00Z,2025-09-09T22:00:00Z,2025-09-08T00:00:00Z,2025-09-08T04:03:52Z,2.91672607421875,3.86977294921875,4.8458676901595963,1.5777929687500001,3.2769677734375002,3.6370246686522303,19.903869628906307,23.4824336705327,113.79276661035023,39,45,0,2,9,253,1,0.48166666666666669
2025-09-08T06:00:00Z,2025-09-09T21:00:00Z,2025-09-09T22:00:00Z,2025-09-09T22:00:00Z,2025-09-08T00:00:00Z,2025-09-08T04:03:52Z,2.91672607421875,3.86977294921875,4.8458676901595963,1.5777929687500001,3.2769677734375002,3.6370246686522303,19.903869628906307,23.4824336705327,113.79276661035023,39,45,0,2,9,253,2,0.44166666666666671
2025-09-08T06:00:00Z,2025-09-09T22:00:00Z,2025-09-09T23:00:00Z,2025-09-09T23:00:00Z,2025-09-08T00:00:00Z,2025-09-08T04:03:52Z,2.3179638671875002,2.3576611328124999,3.3062853032915283,1.275888671875,1.8587377929687501,2.2545061734289598,20.987048339843795,10.931522506761553,36.142732206706292,40,46,0,3,9,253,1,0.64000000000000001
2025-09-08T06:00:00Z,2025-09-09T22:00:00Z,2025-09-09T23:00:00Z,2025-09-09T23:00:00Z,2025-09-08T00:00:00Z,2025-09-08T04:03:52Z,2.3179638671875002,2.3576611328124999,3.3062853032915283,1.275888671875,1.8587377929687501,2.2545061734289598,20.987048339843795,10.931522506761553,36.142732206706292,40,46,0,3,9,253,2,0.62333333333333329
2025-09-08T06:00:00Z,2025-09-09T23:00:00Z,2025-09-10T00:00:00Z,2025-09-10T00:00:00Z,2025-09-08T00:00:00Z,2025-09-08T04:03:52Z,3.6009155273437501,0.67274902343749998,3.6632204251998579,2.8688525390624999,0.60671874999999997,2.9323066914098388,20.040905761718761,13.419183883601427,49.1574284919215,41,47,0,4,9,253,1,0.22166666666666668
2025-09-08T06:00:00Z,2025-09-09T23:00:00Z,2025-09-10T00:00:00Z,2025-09-10T00:00:00Z,2025-09-08T00:00:00Z,2025-09-08T04:03:52Z,3.6009155273437501,0.67274902343749998,3.6632204251998579,2.8688525390624999,0.60671874999999997,2.9323066914098388,20.040905761718761,13.419183883601427,49.1574284919215,41,47,0,4,9,253,2,0.22166666666666668
2025-09-08T06:00:00Z,2025-09-10T00:00:00Z,2025-09-10T01:00:00Z,2025-09-10T01:00:00Z,2025-09-08T00:00:00Z,2025-09-08T04:03:52Z,1.4947265625000001,-0.60489990234375002,1.6124860893969117,1.1816259765625001,-0.42767578125,1.2566409679598545,18.409545898437557,2.6001113884985454,4.1926434448363938,42,48,0,5,9,253,1,0.38500000000000001
2025-09-08T06:00:00Z,2025-09-10T00:00:00Z,2025-09-10T01:00:00Z,2025-09-10T01:00:00Z,2025-09-08T00:00:00Z,2025-09-08T04:03:52Z,1.4947265625000001,-0.60489990234375002,1.6124860893969117,1.1816259765625001,-0.42767578125,1.2566409679598545,18.409545898437557,2.6001113884985454,4.1926434448363938,42,48,0,5,9,253,2,0.38166666666666665
2025-09-08T06:00:00Z,2025-09-10T01:00:00Z,2025-09-10T02:00:00Z,2025-09-10T02:00:00Z,2025-09-08T00:00:00Z,2025-09-08T04:03:52Z,1.2656225585937499,0.33139892578125002,1.3082911406985667,1.268544921875,0.58031494140625006,1.3949808780173976,18.930932617187523,1.7116257088303568,2.2393047510546604,43,49,0,6,9,253,1,0.13333333333333333
2025-09-08T06:00:00Z,2025-09-10T01:00:00Z,2025-09-10T02:00:00Z,2025-09-10T02:00:00Z,2025-09-08T00:00:00Z,2025-09-08T04:03:52Z,1.2656225585937499,0.33139892578125002,1.3082911406985667,1.268544921875,0.58031494140625006,1.3949808780173976,18.930932617187523,1.7116257088303568,2.2393047510546604,43,49,0,6,9,253,2,0.11833333333333333
2025-09-08T06:00:00Z,2025-09-10T02:00:00Z,2025-09-10T03:00:00Z,2025-09-10T03:00:00Z,2025-09-08T00:00:00Z,2025-09-08T04:03:52Z,0.0026586914062500001,-0.34751953125000001,0.34752970123460442,0.33212890625000002,-0.3336767578125,0.47079697224077716,20.550000000000011,0.1207768932402134,0.041973557623815078,44,50,0,7,9,253,1,0.12666666666666668
2025-09-08T06:00:00Z,2025-09-10T02:00:00Z,2025-09-10T03:00:00Z,2025-09-10T03:00:00Z,2025-09-08T00:00:00Z,2025-09-08T04:03:52Z,0.0026586914062500001,-0.34751953125000001,0.34752970123460442,0.33212890625000002,-0.3336767578125,0.47079697224077716,20.550000000000011,0.1207768932402134,0.041973557623815078,44,50,0,7,9,253,2,0.13500000000000001
2025-09-08T06:00:00Z,2025-09-10T03:00:00Z,2025-09-10T04:00:00Z,2025-09-10T04:00:00Z,2025-09-08T00:00:00Z,2025-09-08T04:03:52Z,-1.5345800781250001,-1.0793212890625001,1.8761317814060046,-1.1073754882812501,-1.0979638671875001,1.559424613662189,22.130932617187511,3.519870461201668,6.6037408386926604,45,51,0,8,9,253,1,0.01
2025-09-08T06:00:00Z,2025-09-10T03:00:00Z,2025-09-10T04:00:00Z,2025-09-10T04:00:00Z,2025-09-08T00:00:00Z,2025-09-08T04:03:52Z,-1.5345800781250001,-1.0793212890625001,1.8761317814060046,-1.1073754882812501,-1.0979638671875001,1.559424613662189,22.130932617187511,3.519870461201668,6.6037408386926604,45,51,0,8,9,253,2,0.013333333333333334
2025-09-08T06:00:00Z,2025-09-10T04:00:00Z,2025-09-10T05:00:00Z,2025-09-10T05:00:00Z,2025-09-08T00:00:00Z,2025-09-08T04:03:52Z,-2.9965356445312499,-0.2751416015625,3.0091408690615817,-2.8309228515625002,-0.38881347656249998,2.8574989258187613,24.506359863281261,9.0549287698566907,27.247556227817281,46,52,0,9,9,253,1,0.01
2025-09-08T06:00:00Z,2025-09-10T04:00:00Z,2025-09-10T05:00:00Z,2025-09-10T05:00:00Z,2025-09-08T00:00:00Z,2025-09-08T04:03:52Z,-2.9965356445312499,-0.2751416015625,3.0091408690615817,-2.8309228515625002,-0.38881347656249998,2.8574989258187613,24.506359863281261,9.0549287698566907,27.247556227817281,46,52,0,9,9,253,2,0.041666666666666664
2025-09-08T06:00:00Z,2025-09-10T05:00:00Z,2025-09-10T06:00:00Z,2025-09-10T06:00:00Z,2025-09-08T00:00:00Z,2025-09-08T04:03:52Z,-3.33439208984375,0.164306640625,3.3384378503974048,-3.1216186523437499,-0.02374267578125,3.1217089430812832,26.275109863281273,11.145167280966046,37.207448299787778,47,53,0,10,9,253,1,0.02
2025-09-08T06:00:00Z,2025-09-10T05:00:00Z,2025-09-10T06:00:00Z,2025-09-10T06:00:00Z,2025-09-08T00:00:00Z,2025-09-08T04:03:52Z,-3.33439208984375,0.164306640625,3.3384378503974048,-3.1216186523437499,-0.02374267578125,3.1217089430812832,26.275109863281273,11.145167280966046,37.207448299787778,47,53,0,10,9,253,2,0.056666666666666671
2025-11-10T06:00:00Z,2025-11-10T06:00:00Z,2025-11-10T07:00:00Z,2025-11-10T07:00:00Z,2025-11-10T00:00:00Z,2025-11-10T04:01:51Z,5.0701562500000001,0.36416748046875003,5.0832177164907097,4.1493041992187498,0.393193359375,4.1678923157287722,10.632031250000011,25.839102353245025,131.34578286023191,0,6,0,11,11,314,1,0.20333333333333334
2025-11-10T06:00:00Z,2025-11-10T06:00:00Z,2025-11-10T07:00:00Z,2025-11-10T07:00:00Z,2025-11-10T00:00:00Z,2025-11-10T04:01:51Z,5.0701562500000001,0.36416748046875003,5.0832177164907097,4.1493041992187498,0.393193359375,4.1678923157287722,10.632031250000011,25.839102353245025,131.34578286023191,0,6,0,11,11,314,2,0.22500000000000001
2025-11-10T06:00:00Z,2025-11-10T07:00:00Z,2025-11-10T08:00:00Z,2025-11-10T08:00:00Z,2025-11-10T00:00:00Z,2025-11-10T04:01:51Z,7.9797265624999998,1.6462255859375001,8.1477662394096289,6.3521142578125005,1.5607446289062501,6.5410457375686164,11.49529296875005,66.386094692063324,540.89838109824427,1,7,0,12,11,314,1,0.4383333333333333
2025-11-10T06:00:00Z,2025-11-10T07:00:00Z,2025-11-10T08:00:00Z,2025-11-10T08:00:00Z,2025-11-10T00:00:00Z,2025-11-10T04:01:51Z,7.9797265624999998,1.6462255859375001,8.1477662394096289,6.3521142578125005,1.5607446289062501,6.5410457375686164,11.49529296875005,66.386094692063324,540.89838109824427,1,7,0,12,11,314,2,0.45166666666666666
2025-11-10T06:00:00Z,2025-11-10T08:00:00Z,2025-11-10T09:00:00Z,2025-11-10T09:00:00Z,2025-11-10T00:00:00Z,2025-11-10T04:01:51Z,12.8185498046875,-0.8951416015625,12.849766440760774,9.9276806640624997,-0.55718505859375,9.9433042072100228,11.805468750000045,165.11649758210183,2121.7084294464498,2,8,0,13,11,314,1,0.60666666666666669
2025-11-10T06:00:00Z,2025-11-10T08:00:00Z,2025-11-10T09:00:00Z,2025-11-10T09:00:00Z,2025-11-10T00:00:00Z,2025-11-10T04:01:51Z,12.8185498046875,-0.8951416015625,12.849766440760774,9.9276806640624997,-0.55718505859375,9.9433042072100228,11.805468750000045,165.11649758210183,2121.7084294464498,2,8,0,13,11,314,2,0.60499999999999998
2025-11-10T06:00:00Z,2025-11-10T09:00:00Z,2025-11-10T10:00:00Z,2025-11-10T10:00:00Z,2025-11-10T00:00:00Z,2025-11-10T04:01:51Z,12.996552734375001,-1.3521826171875,13.066705047854043,9.8995385742187505,-0.95851562499999998,9.9458341121202167,11.747070312500057,170.73878080761435,2230.9932890432992,3,9,0,14,11,314,1,0.37666666666666665
2025-11-10T06:00:00Z,2025-11-10T09:00:00Z,2025-11-10T10:00:00Z,2025-11-10T10:00:00Z,2025-11-10T00:00:00Z,2025-11-10T04:01:51Z,12.996552734375001,-1.3521826171875,13.066705047854043,9.8995385742187505,-0.95851562499999998,9.9458341121202167,11.747070312500057,170.73878080761435,2230.9932890432992,3,9,0,14,11,314,2,0.4383333333333333
2025-11-10T06:00:00Z,2025-11-10T10:00:00Z,2025-11-10T11:00:00Z,2025-11-10T11:00:00Z,2025-11-10T00:00:00Z,2025-11-10T04:01:51Z,11.223566894531251,-2.2168310546874999,11.440401818163764,8.4787866210937501,-1.4967700195312501,8.6098863556614926,10.561308593750027,130.88279376104475,1497.3517517102093,4,10,0,15,11,314,1,0.60166666666666668
2025-11-10T06:00:00Z,2025-11-10T10:00:00Z,2025-11-10T11:00:00Z,2025-11-10T11:00:00Z,2025-11-10T00:00:00Z,2025-11-10T04:01:51Z,11.223566894531251,-2.2168310546874999,11.440401818163764,8.4787866210937501,-1.4967700195312501,8.6098863556614926,10.561308593750027,130.88279376104475,1497.3517517102093,4,10,0,15,11,314,2,0.66500000000000004
2025-11-10T06:00:00Z,2025-11-10T11:00:00Z,2025-11-10T12:00:00Z,2025-11-10T12:00:00Z,2025-11-10T00:00:00Z,2025-11-10T04:01:51Z,8.756047363281251,-2.2277343750000003,9.0349967279231045,6.4356958007812501,-1.3247509765625001,6.5706274883070881,9.5275390625000114,81.63116587358121,737.53731656435446,5,11,0,16,11,314,1,0.57333333333333336
2025-11-10T06:00:00Z,2025-11-10T11:00:00Z,2025-11-10T12:00:00Z,2025-11-10T12:00:00Z,2025-11-10T00:00:00Z,2025-11-10T04:01:51Z,8.756047363281251,-2.2277343750000003,9.0349967279231045,6.4356958007812501,-1.3247509765625001,6.5706274883070881,9.5275390625000114,81.63116587358121,737.53731656435446,5,11,0,16,11,314,2,0.62333333333333341
2025-11-10T06:00:00Z,2025-11-10T12:00:00Z,2025-11-10T13:00:00Z,2025-11-10T13:00:00Z,2025-11-10T00:00:00Z,2025-11-10T04:01:51Z,7.8289672851562502,-0.50291992187500001,7.8451040273450534,5.0530151367187504,0.12818359374999999,5.0546407395200186,8.2963281250000023,61.545657199865573,482.83208316426351,6,12,0,17,11,314,1,0.3116666666666667
2025-11-10T06:00:00Z,2025-11-10T12:00:00Z,2025-11-10T13:00:00Z,2025-11-10T13:00:00Z,2025-11-10T00:00:00Z,2025-11-10T04:01:51Z,7.8289672851562502,-0.50291992187500001,7.8451040273450534,5.0530151367187504,0.12818359374999999,5.0546407395200186,8.2963281250000023,61.545657199865573,482.83208316426351,6,12,0,17,11,314,2,0.32500000000000001
2025-11-10T06:00:00Z,2025-11-10T13:00:00Z,2025-11-10T14:00:00Z,2025-11-10T14:00:00Z,2025-11-10T00:00:00Z,2025-11-10T04:01:51Z,7.6579394531250005,0.49181640625,7.6737161822147879,4.3563183593749999,1.1637817382812501,4.5090905493884925,6.8166796875000273,58.885920045185102,451.87383755534307,7,13,0,18,11,314,1,0.33666666666666667
2025-11-10T06:00:00Z,2025-11-10T13:00:00Z,2025-11-10T14:00:00Z,2025-11-10T14:00:00Z,2025-11-10T00:00:00Z,2025-11-10T04:01:51Z,7.6579394531250005,0.49181640625,7.6737161822147879,4.3563183593749999,1.1637817382812501,4.5090905493884925,6.8166796875000273,58.885920045185102,451.87383755534307,7,13,0,18,11,314,2,0.38000000000000006
2025-11-10T06:00:00Z,2025-11-10T14:00:00Z,2025-11-10T15:00:00Z,2025-11-10T15:00:00Z,2025-11-10T00:00:00Z,2025-11-10T04:01:51Z,7.7198730468750005,1.1873730468750001,7.8106526367719313,3.9928369140625,1.6901586914062501,4.3358255297505037,5.9242187500000227,61.006294612312324,476.49897587334254,8,14,0,19,11,314,1,0.45666666666666672
2025-11-10T06:00:00Z,2025-11-10T14:00:00Z,2025-11-10T15:00:00Z,2025-11-10T15:00:00Z,2025-11-10T00:00:00Z,2025-11-10T04:01:51Z,7.7198730468750005,1.1873730468750001,7.8106526367719313,3.9928369140625,1.6901586914062501,4.3358255297505037,5.9242187500000227,61.006294612312324,476.49897587334254,8,14,0,19,11,314,2,0.45833333333333331
2025-11-10T06:00:00Z,2025-11-10T15:00:00Z,2025-11-10T16:00:00Z,2025-11-10T16:00:00Z,2025-11-10T00:00:00Z,2025-11-10T04:01:51Z,6.7019116210937497,1.3561962890625001,6.8377545840296392,3.3976782226562499,1.9856494140625001,3.9353552444829276,5.286953125000025,46.754887751418345,319.698448048052,9,15,0,20,11,314,1,0.59999999999999998
2025-11-10T06:00:00Z,2025-11-10T15:00:00Z,2025-11-10T16:00:00Z,2025-11-10T16:00:00Z,2025-11-10T00:00:00Z,2025-11-10T04:01:51Z,6.7019116210937497,1.3561962890625001,6.8377545840296392,3.3976782226562499,1.9856494140625001,3.9353552444829276,5.286953125000025,46.754887751418345,319.698448048052,9,15,0,20,11,314,2,0.60666666666666669
2025-11-10T06:00:00Z,2025-11-10T16:00:00Z,2025-11-10T17:00:00Z,2025-11-10T17:00:00Z,2025-11-10T00:00:00Z,2025-11-10T04:01:51Z,5.9573315429687499,1.596923828125,6.1676547265296744,3.08628173828125,1.9752197265625,3.6642363373900939,4.8136132812500136,38.039964825683832,234.61736885415144,10,16,0,21,11,314,1,0.39666666666666667
2025-11-10T06:00:00Z,2025-11-10T16:00:00Z,2025-11-10T17:00:00Z,2025-11-10T17:00:00Z,2025-11-10T00:00:00Z,2025-11-10T04:01:51Z,5.9573315429687499,1.596923828125,6.1676547265296744,3.08628173828125,1.9752197265625,3.6642363373900939,4.8136132812500136,38.039964825683832,234.61736885415144,10,16,0,21,11,314,2,0.38500000000000001
2025-11-10T06:00:00Z,2025-11-10T17:00:00Z,2025-11-10T18:00:00Z,2025-11-10T18:00:00Z,2025-11-10T00:00:00Z,2025-11-10T04:01:51Z,5.3787646484375005,2.0264184570312502,5.7478240149014566,2.8885034179687499,2.1438549804687499,3.5971608489053994,4.4597656250000455,33.037480906277899,189.89362614495244,11,17,0,22,11,314,1,0.35166666666666663
2025-11-10T06:00:00Z,2025-11-10T17:00:00Z,2025-11-10T18:00:00Z,2025-11-10T18:00:00Z,2025-11-10T00:00:00Z,2025-11-10T04:01:51Z,5.3787646484375005,2.0264184570312502,5.7478240149014566,2.8885034179687499,2.1438549804687499,3.5971608489053994,4.4597656250000455,33.037480906277899,189.89362614495244,11,17,0,22,11,314,2,0.33666666666666667
2025-11-10T06:00:00Z,2025-11-10T18:00:00Z,2025-11-10T19:00:00Z,2025-11-10T19:00:00Z,2025-11-10T00:00:00Z,2025-11-10T04:01:51Z,4.8816259765624999,2.1579296875000002,5.3373151219731847,2.7432592773437499,2.1162402343750002,3.4646708634905146,4.0478125000000205,28.486932711243632,152.0437367383532,12,18,0,23,11,314,1,0.17500000000000002
2025-11-10T06:00:00Z,2025-11-10T18:00:00Z,2025-11-10T19:00:00Z,2025-11-10T19:00:00Z,2025-11-10T00:00:00Z,2025-11-10T04:01:51Z,4.8816259765624999,2.1579296875000002,5.3373151219731847,2.7432592773437499,2.1162402343750002,3.4646708634905146,4.0478125000000205,28.486932711243632,152.0437367383532,12,18,0,23,11,314,2,0.17333333333333334
2025-11-10T06:00:00Z,2025-11-10T19:00:00Z,2025-11-10T20:00:00Z,2025-11-10T20:00:00Z,2025-11-10T00:00:00Z,2025-11-10T04:01:51Z,5.0066162109375005,1.8873583984375,5.3505446085211492,2.7688085937500002,2.0400732421874999,3.4392150067004055,3.7319726562500364,28.62832760777474,153.17714393275631,13,19,0,0,11,315,1,0.20333333333333334
2025-11-10T06:00:00Z,2025-11-10T19:00:00Z,2025-11-10T20:00:00Z,2025-11-10T20:00:00Z,2025-11-10T00:00:00Z,2025-11-10T04:01:51Z,5.0066162109375005,1.8873583984375,5.3505446085211492,2.7688085937500002,2.0400732421874999,3.4392150067004055,3.7319726562500364,28.62832760777474,153.17714393275631,13,19,0,0,11,315,2,0.19166666666666668
2025-11-10T06:00:00Z,2025-11-10T20:00:00Z,2025-11-10T21:00:00Z,2025-11-10T21:00:00Z,2025-11-10T00:00:00Z,2025-11-10T04:01:51Z,4.7075097656249998,1.7719677734375001,5.0299620260550473,2.5584350585937501,2.0253051757812499,3.2630432121085868,3.4812695312500068,25.300517983555796,127.26064469680847,14,20,0,1,11,315,1,0.13
2025-11-10T06:00:00Z,2025-11-10T20:00:00Z,2025-11-10T21:00:00Z,2025-11-10T21:00:00Z,2025-11-10T00:00:00Z,2025-11-10T04:01:51Z,4.7075097656249998,1.7719677734375001,5.0299620260550473,2.5584350585937501,2.0253051757812499,3.2630432121085868,3.4812695312500068,25.300517983555796,127.26064469680847,14,20,0,1,11,315,2,0.12833333333333333
2025-11-10T06:00:00Z,2025-11-10T21:00:00Z,2025-11-10T22:00:00Z,2025-11-10T22:00:00Z,2025-11-10T00:00:00Z,2025-11-10T04:01:51Z,3.8892041015625001,1.3827734375,4.1277077080464579,2.2056152343750002,1.695576171875,2.782034708039669,3.1438671875000068,17.037970923066144,70.327763908611544,15,21,0,2,11,315,1,0.01
2025-11-10T06:00:00Z,2025-11-10T21:00:00Z,2025-11-10T22:00:00Z,2025-11-10T22:00:00Z,2025-11-10T00:00:00Z,2025-11-10T04:01:51Z,3.8892041015625001,1.3827734375,4.1277077080464579,2.2056152343750002,1.695576171875,2.782034708039669,3.1438671875000068,17.037970923066144,70.327763908611544,15,21,0,2,11,315,2,0.01
2025-11-10T06:00:00Z,2025-11-10T22:00:00Z,2025-11-10T23:00:00Z,2025-11-10T23:00:00Z,2025-11-10T00:00:00Z,2025-11-10T04:01:51Z,2.9946826171875003,1.19064453125,3.2226942730393322,1.78549072265625,1.5098046875,2.3382658777582397,2.57781250000005,10.38575837748051,33.470124044276709,16,22,0,3,11,315,1,0.01
2025-11-10T06:00:00Z,2025-11-10T22:00:00Z,2025-11-10T23:00:00Z,2025-11-10T23:00:00Z,2025-11-10T00:00:00Z,2025-11-10T04:01:51Z,2.9946826171875003,1.19064453125,3.2226942730393322,1.78549072265625,1.5098046875,2.3382658777582397,2.57781250000005,10.38575837748051,33.470124044276709,16,22,0,3,11,315,2,0.01
2025-11-10T06:00:00Z,2025-11-10T23:00:00Z,2025-11-11T00:00:00Z,2025-11-11T00:00:00Z,2025-11-10T00:00:00Z,2025-11-10T04:01:51Z,1.7633105468750001,1.3365478515625,2.2126057588818093,1.0364013671875001,1.5636767578124999,1.8759565018494249,2.0517578125000568,4.8956242442369478,10.832086396120076,17,23,0,4,11,315,1,0.029999999999999999
2025-11-10T06:00:00Z,2025-11-10T23:00:00Z,2025-11-11T00:00:00Z,2025-11-11T00:00:00Z,2025-11-10T00:00:00Z,2025-11-10T04:01:51Z,1.7633105468750001,1.3365478515625,2.2126057588818093,1.0364013671875001,1.5636767578124999,1.8759565018494249,2.0517578125000568,4.8956242442369478,10.832086396120076,17,23,0,4,11,315,2,0.026666666666666668
2025-11-10T06:00:00Z,2025-11-11T00:00:00Z,2025-11-11T01:00:00Z,2025-11-11T01:00:00Z,2025-11-10T00:00:00Z,2025-11-10T04:01:51Z,0.22924072265625001,0.6143798828125,0.6557544886073301,-0.047617187499999998,0.77468994140625003,0.77615198373864203,1.2943750000000023,0.43001394932866099,0.28198357743603447,18,24,0,5,11,315,1,0.26333333333333336
2025-11-10T06:00:00Z,2025-11-11T00:00:00Z,2025-11-11T01:00:00Z,2025-11-11T01:00:00Z,2025-11-10T00:00:00Z,2025-11-10T04:01:51Z,0.22924072265625001,0.6143798828125,0.6557544886073301,-0.047617187499999998,0.77468994140625003,0.77615198373864203,1.2943750000000023,0.43001394932866099,0.28198357743603447,18,24,0,5,11,315,2,0.23166666666666669
2025-11-10T06:00:00Z,2025-11-11T01:00:00Z,2025-11-11T02:00:00Z,2025-11-11T02:00:00Z,2025-11-10T00:00:00Z,2025-11-10T04:01:51Z,-2.1171728515625001,-0.69988769531250006,2.2298573204227958,-2.1041772460937502,-0.67715332031249997,2.2104521035726883,2.1758984375000523,4.972263669443131,11.087438542380079,19,25,0,6,11,315,1,0.33000000000000002
2025-11-10T06:00:00Z,2025-11-11T01:00:00Z,2025-11-11T02:00:00Z,2025-11-11T02:00:00Z,2025-11-10T00:00:00Z,2025-11-10T04:01:51Z,-2.1171728515625001,-0.69988769531250006,2.2298573204227958,-2.1041772460937502,-0.67715332031249997,2.2104521035726883,2.1758984375000523,4.972263669443131,11.087438542380079,19,25,0,6,11,315,2,0.28833333333333333
2025-11-10T06:00:00Z,2025-11-11T02:00:00Z,2025-11-11T03:00:00Z,2025-11-11T03:00:00Z,2025-11-10T00:00:00Z,2025-11-10T04:01:51Z,-5.7260278320312503,-1.9371386718750001,6.0448243123576502,-4.1194409179687499,-1.35877685546875,4.3377491881842083,2.3930664062500568,36.539900967270135,220.87728173809532,20,26,0,7,11,315,1,0.25333333333333335
2025-11-10T06:00:00Z,2025-11-11T02:00:00Z,2025-11-11T03:00:00Z,2025-11-11T03:00:00Z,2025-11-10T00:00:00Z,2025-11-10T04:01:51Z,-5.7260278320312503,-1.9371386718750001,6.0448243123576502,-4.1194409179687499,-1.35877685546875,4.3377491881842083,2.3930664062500568,36.539900967270135,220.87728173809532,20,26,0,7,11,315,2,0.20999999999999999
2025-11-10T06:00:00Z,2025-11-11T03:00:00Z,2025-11-11T04:00:00Z,2025-11-11T04:00:00Z,2025-11-10T00:00:00Z,2025-11-10T04:01:51Z,-7.8304003906249999,-3.2308081054687499,8.4707314496366095,-5.1688281250000001,-2.5680078124999999,5.7716070821610899,3.4984765625000023,71.753291291862737,607.80286116091838,21,27,0,8,11,315,1,0.37833333333333335
2025-11-10T06:00:00Z,2025-11-11T03:00:00Z,2025-11-11T04:00:00Z,2025-11-11T04:00:00Z,2025-11-10T00:00:00Z,2025-11-10T04:01:51Z,-7.8304003906249999,-3.2308081054687499,8.4707314496366095,-5.1688281250000001,-2.5680078124999999,5.7716070821610899,3.4984765625000023,71.753291291862737,607.80286116091838,21,27,0,8,11,315,2,0.40999999999999998
2025-11-10T06:00:00Z,2025-11-11T04:00:00Z,2025-11-11T05:00:00Z,2025-11-11T05:00:00Z,2025-11-10T00:00:00Z,2025-11-10T04:01:51Z,-8.7806323242187503,-3.7238134765624999,9.5376250094739863,-6.7935766601562504,-3.0992822265625,7.4671436411325285,4.8978125000000432,90.966290821343662,867.60237035673129,22,28,0,9,11,315,1,0.91833333333333333
2025-11-10T06:00:00Z,2025-11-11T04:00:00Z,2025-11-11T05:00:00Z,2025-11-11T05:00:00Z,2025-11-10T00:00:00Z,2025-11-10T04:01:51Z,-8.7806323242187503,-3.7238134765624999,9.5376250094739863,-6.7935766601562504,-3.0992822265625,7.4671436411325285,4.8978125000000432,90.966290821343662,867.60237035673129,22,28,0,9,11,315,2,0.93500000000000005
2025-11-10T06:00:00Z,2025-11-11T05:00:00Z,2025-11-11T06:00:00Z,2025-11-11T06:00:00Z,2025-11-10T00:00:00Z,2025-11-10T04:01:51Z,-9.7427514648437494,-3.7615820312500001,10.443692138489046,-7.6662329101562499,-3.195517578125,8.3055679892990231,6.3454882812500273,109.07070548353791,1139.100869397879,23,29,0,10,11,315,1,0.97333333333333327
2025-11-10T06:00:00Z,2025-11-11T05:00:00Z,2025-11-11T06:00:00Z,2025-11-11T06:00:00Z,2025-11-10T00:00:00Z,2025-11-10T04:01:51Z,-9.7427514648437494,-3.7615820312500001,10.443692138489046,-7.6662329101562499,-3.195517578125,8.3055679892990231,6.3454882812500273,109.07070548353791,1139.100869397879,23,29,0,10,11,315,2,0.97333333333333327
2025-11-10T06:00:00Z,2025-11-11T06:00:00Z,2025-11-11T07:00:00Z,2025-11-11T07:00:00Z,2025-11-10T00:00:00Z,2025-11-10T04:01:51Z,-10.206765136718751,-3.5692578125000001,10.8128467985184,-8.1607177734375007,-3.0772167968750002,8.721615549464925,7.7642968750000136,116.91765588822962,1264.2127011613195,24,30,0,11,11,315,1,0.98999999999999988
2025-11-10T06:00:00Z,2025-11-11T06:00:00Z,2025-11-11T07:00:00Z,2025-11-11T07:00:00Z,2025-11-10T00:00:00Z,2025-11-10T04:01:51Z,-10.206765136718751,-3.5692578125000001,10.8128467985184,-8.1607177734375007,-3.0772167968750002,8.721615549464925,7.7642968750000136,116.91765588822962,1264.2127011613195,24,30,0,11,11,315,2,0.97000000000000008
2025-11-10T06:00:00Z,2025-11-11T07:00:00Z,2025-11-11T08:00:00Z,2025-11-11T08:00:00Z,2025-11-10T00:00:00Z,2025-11-10T04:01:51Z,-9.9233666992187501,-3.289345703125,10.454329332952474,-8.0139233398437497,-3.01448486328125,8.5621309431615309,9.0645312500000159,109.29300180183051,1142.5850346233044,25,31,0,12,11,315,1,0.98833333333333329
2025-11-10T06:00:00Z,2025-11-11T07:00:00Z,2025-11-11T08:00:00Z,2025-11-11T08:00:00Z,2025-11-10T00:00:00Z,2025-11-10T04:01:51Z,-9.9233666992187501,-3.289345703125,10.454329332952474,-8.0139233398437497,-3.01448486328125,8.5621309431615309,9.0645312500000159,109.29300180183051,1142.5850346233044,25,31,0,12,11,315,2,0.96833333333333327
2025-11-10T06:00:00Z,2025-11-11T08:00:00Z,2025-11-11T09:00:00Z,2025-11-11T09:00:00Z,2025-11-10T00:00:00Z,2025-11-10T04:01:51Z,-9.8297802734374997,-3.0713183593750002,10.29842593257314,-7.9330883789062501,-2.8984277343750002,8.4459916267381878,9.8229687500000296,106.05757668869495,1092.2260981167206,26,32,0,13,11,315,1,0.98499999999999999
2025-11-10T06:00:00Z,2025-11-11T08:00:00Z,2025-11-11T09:00:00Z,2025-11-11T09:00:00Z,2025-11-10T00:00:00Z,2025-11-10T04:01:51Z,-9.8297802734374997,-3.0713183593750002,10.29842593257314,-7.9330883789062501,-2.8984277343750002,8.4459916267381878,9.8229687500000296,106.05757668869495,1092.2260981167206,26,32,0,13,11,315,2,0.97000000000000008
2025-11-10T06:00:00Z,2025-11-11T09:00:00Z,2025-11-11T10:00:00Z,2025-11-11T10:00:00Z,2025-11-10T00:00:00Z,2025-11-10T04:01:51Z,-9.5897729492187498,-2.7911376953125,9.9877021807702118,-7.734375,-2.7205883789062502,8.1989119868470794,10.188085937500034,99.754194851762037,996.31518946192034,27,33,0,14,11,315,1,0.97999999999999998
2025-11-10T06:00:00Z,2025-11-11T09:00:00Z,2025-11-11T10:00:00Z,2025-11-11T10:00:00Z,2025-11-10T00:00:00Z,2025-11-10T04:01:51Z,-9.5897729492187498,-2.7911376953125,9.9877021807702118,-7.734375,-2.7205883789062502,8.1989119868470794,10.188085937500034,99.754194851762037,996.31518946192034,27,33,0,14,11,315,2,0.96666666666666667
2025-11-10T06:00:00Z,2025-11-11T10:00:00Z,2025-11-11T11:00:00Z,2025-11-11T11:00:00Z,2025-11-10T00:00:00Z,2025-11-10T04:01:51Z,-9.6341113281249999,-2.9776464843750001,10.083773086926206,-7.4691967773437504,-2.75347900390625,7.9605619854150262,10.061328125000045,101.68247966861726,1025.3430518943239,28,34,0,15,11,315,1,0.96499999999999997
2025-11-10T06:00:00Z,2025-11-11T10:00:00Z,2025-11-11T11:00:00Z,2025-11-11T11:00:00Z,2025-11-10T00:00:00Z,2025-11-10T04:01:51Z,-9.6341113281249999,-2.9776464843750001,10.083773086926206,-7.4691967773437504,-2.75347900390625,7.9605619854150262,10.061328125000045,101.68247966861726,1025.3430518943239,28,34,0,15,11,315,2,0.96499999999999997
2025-11-10T06:00:00Z,2025-11-11T11:00:00Z,2025-11-11T12:00:00Z,2025-11-11T12:00:00Z,2025-11-10T00:00:00Z,2025-11-10T04:01:51Z,-9.9490429687499997,-3.8677392578125001,10.674402229654726,-6.9365869140625005,-3.2268945312500001,7.650430467114532,8.8796484375000091,113.94286296045779,1216.2719504383535,29,35,0,16,11,315,1,0.97999999999999998
2025-11-10T06:00:00Z,2025-11-11T11:00:00Z,2025-11-11T12:00:00Z,2025-11-11T12:00:00Z,2025-11-10T00:00:00Z,2025-11-10T04:01:51Z,-9.9490429687499997,-3.8677392578125001,10.674402229654726,-6.9365869140625005,-3.2268945312500001,7.650430467114532,8.8796484375000091,113.94286296045779,1216.2719504383535,29,35,0,16,11,315,2,0.97000000000000008
2025-11-10T06:00:00Z,2025-11-11T12:00:00Z,2025-11-11T13:00:00Z,2025-11-11T13:00:00Z,2025-11-10T00:00:00Z,2025-11-10T04:01:51Z,-10.40241455078125,-3.6965869140625003,11.039700326527147,-6.4907031250000005,-3.0199707031250003,7.1588721251757308,7.64812500000005,121.87498329952359,1345.4632929272411,30,36,0,17,11,315,1,0.98833333333333329
2025-11-10T06:00:00Z,2025-11-11T12:00:00Z,2025-11-11T13:00:00Z,2025-11-11T13:00:00Z,2025-11-10T00:00:00Z,2025-11-10T04:01:51Z,-10.40241455078125,-3.6965869140625003,11.039700326527147,-6.4907031250000005,-3.0199707031250003,7.1588721251757308,7.64812500000005,121.87498329952359,1345.4632929272411,30,36,0,17,11,315,2,0.97000000000000008
2025-11-10T06:00:00Z,2025-11-11T13:00:00Z,2025-11-11T14:00:00Z,2025-11-11T14:00:00Z,2025-11-10T00:00:00Z,2025-11-10T04:01:51Z,-9.9308813476562499,-3.0008007812500002,10.374353457925821,-5.8218359375000004,-2.6487182617187499,6.3960520724216208,6.9996484375000136,107.62720966997743,1116.5627148066378,31,37,0,18,11,315,1,0.94666666666666666
2025-11-10T06:00:00Z,2025-11-11T13:00:00Z,2025-11-11T14:00:00Z,2025-11-11T14:00:00Z,2025-11-10T00:00:00Z,2025-11-10T04:01:51Z,-9.9308813476562499,-3.0008007812500002,10.374353457925821,-5.8218359375000004,-2.6487182617187499,6.3960520724216208,6.9996484375000136,107.62720966997743,1116.5627148066378,31,37,0,18,11,315,2,0.95166666666666666
2025-11-10T06:00:00Z,2025-11-11T14:00:00Z,2025-11-11T15:00:00Z,2025-11-11T15:00:00Z,2025-11-10T00:00:00Z,2025-11-10T04:01:51Z,-9.2560498046874997,-3.1516186523437502,9.7778912919226375,-5.2942944335937501,-2.8121411132812502,5.9948053505171019,6.3785156250000341,95.607158116656549,934.83639879432678,32,38,0,19,11,315,1,0.86333333333333329
2025-11-10T06:00:00Z,2025-11-11T14:00:00Z,2025-11-11T15:00:00Z,2025-11-11T15:00:00Z,2025-11-10T00:00:00Z,2025-11-10T04:01:51Z,-9.2560498046874997,-3.1516186523437502,9.7778912919226375,-5.2942944335937501,-2.8121411132812502,5.9948053505171019,6.3785156250000341,95.607158116656549,934.83639879432678,32,38,0,19,11,315,2,0.81000000000000005
2025-11-10T06:00:00Z,2025-11-11T15:00:00Z,2025-11-11T16:00:00Z,2025-11-11T16:00:00Z,2025-11-10T00:00:00Z,2025-11-10T04:01:51Z,-8.9802099609375006,-3.4607470703125003,9.6239774120265711,-4.8873193359374998,-2.7054321289062502,5.5861662430997132,5.7776367187500455,92.620941227197662,891.38184625119095,33,39,0,20,11,315,1,0.85166666666666668
2025-11-10T06:00:00Z,2025-11-11T15:00:00Z,2025-11-11T16:00:00Z,2025-11-11T16:00:00Z,2025-11-10T00:00:00Z,2025-11-10T04:01:51Z,-8.9802099609375006,-3.4607470703125003,9.6239774120265711,-4.8873193359374998,-2.7054321289062502,5.5861662430997132,5.7776367187500455,92.620941227197662,891.38184625119095,33,39,0,20,11,315,2,0.79000000000000004
2025-11-10T06:00:00Z,2025-11-11T16:00:00Z,2025-11-11T17:00:00Z,2025-11-11T17:00:00Z,2025-11-10T00:00:00Z,2025-11-10T04:01:51Z,-9.2036035156249998,-3.6384960937500002,9.8967151872254497,-5.0292236328125002,-2.6238281250000002,5.6725271597746252,5.4968750000000455,97.944971497058873,969.33348692730635,34,40,0,21,11,315,1,0.8783333333333333
2025-11-10T06:00:00Z,2025-11-11T16:00:00Z,2025-11-11T17:00:00Z,2025-11-11T17:00:00Z,2025-11-10T00:00:00Z,2025-11-10T04:01:51Z,-9.2036035156249998,-3.6384960937500002,9.8967151872254497,-5.0292236328125002,-2.6238281250000002,5.6725271597746252,5.4968750000000455,97.944971497058873,969.33348692730635,34,40,0,21,11,315,2,0.77999999999999992
2025-11-10T06:00:00Z,2025-11-11T17:00:00Z,2025-11-11T18:00:00Z,2025-11-11T18:00:00Z,2025-11-10T00:00:00Z,2025-11-10T04:01:51Z,-9.4264794921875001,-4.0017968750000001,10.240746742566738,-4.9859570312499999,-2.884033203125,5.7599839439184866,5.1133789062500341,104.87289384539126,1073.976746030738,35,41,0,22,11,315,1,0.92666666666666664
2025-11-10T06:00:00Z,2025-11-11T17:00:00Z,2025-11-11T18:00:00Z,2025-11-11T18:00:00Z,2025-11-10T00:00:00Z,2025-11-10T04:01:51Z,-9.4264794921875001,-4.0017968750000001,10.240746742566738,-4.9859570312499999,-2.884033203125,5.7599839439184866,5.1133789062500341,104.87289384539126,1073.976746030738,35,41,0,22,11,315,2,0.87333333333333341
2025-11-10T06:00:00Z,2025-11-11T18:00:00Z,2025-11-11T19:00:00Z,2025-11-11T19:00:00Z,2025-11-10T00:00:00Z,2025-11-10T04:01:51Z,-9.4133691406250009,-4.0336328125000005,10.241177287975622,-5.14792724609375,-3.11666015625,6.0178671853598313,5.0013476562500045,104.88171224374773,1074.1122093546639,36,42,0,23,11,315,1,0.82333333333333336
2025-11-10T06:00:00Z,2025-11-11T18:00:00Z,2025-11-11T19:00:00Z,2025-11-11T19:00:00Z,2025-11-10T00:00:00Z,2025-11-10T04:01:51Z,-9.4133691406250009,-4.0336328125000005,10.241177287975622,-5.14792724609375,-3.11666015625,6.0178671853598313,5.0013476562500045,104.88171224374773,1074.1122093546639,36,42,0,23,11,315,2,0.79333333333333333
2025-11-10T06:00:00Z,2025-11-11T19:00:00Z,2025-11-11T20:00:00Z,2025-11-11T20:00:00Z,2025-11-10T00:00:00Z,2025-11-10T04:01:51Z,-9.1093212890624997,-4.2997509765624997,10.073112369462452,-5.1367675781250002,-3.1475048828125001,6.0243811415783375,4.4790625000000546,101.46759280781745,1022.0944642120053,37,43,0,0,11,316,1,0.48666666666666664
2025-11-10T06:00:00Z,2025-11-11T19:00:00Z,2025-11-11T20:00:00Z,2025-11-11T20:00:00Z,2025-11-10T00:00:00Z,2025-11-10T04:01:51Z,-9.1093212890624997,-4.2997509765624997,10.073112369462452,-5.1367675781250002,-3.1475048828125001,6.0243811415783375,4.4790625000000546,101.46759280781745,1022.0944642120053,37,43,0,0,11,316,2,0.42833333333333329
2025-11-10T06:00:00Z,2025-11-11T20:00:00Z,2025-11-11T21:00:00Z,2025-11-11T21:00:00Z,2025-11-10T00:00:00Z,2025-11-10T04:01:51Z,-8.9047485351562496,-4.4328124999999998,9.9470786231196353,-4.7615234375000002,-3.0786791992187501,5.6701297214053241,4.1525781250000477,98.944373134523616,984.20745888439262,38,44,0,1,11,316,1,0.57500000000000007
2025-11-10T06:00:00Z,2025-11-11T20:00:00Z,2025-11-11T21:00:00Z,2025-11-11T21:00:00Z,2025-11-10T00:00:00Z,2025-11-10T04:01:51Z,-8.9047485351562496,-4.4328124999999998,9.9470786231196353,-4.7615234375000002,-3.0786791992187501,5.6701297214053241,4.1525781250000477,98.944373134523616,984.20745888439262,38,44,0,1,11,316,2,0.50666666666666671
2025-11-10T06:00:00Z,2025-11-11T21:00:00Z,2025-11-11T22:00:00Z,2025-11-11T22:00:00Z,2025-11-10T00:00:00Z,2025-11-10T04:01:51Z,-8.5115869140624998,-4.7622314453125005,9.753253822923055,-4.5051318359375001,-3.128212890625,5.4846995130316856,3.9236328125000455,95.125960134363183,927.7876343397038,39,45,0,2,11,316,1,0.46833333333333332
2025-11-10T06:00:00Z,2025-11-11T21:00:00Z,2025-11-11T22:00:00Z,2025-11-11T22:00:00Z,2025-11-10T00:00:00Z,2025-11-10T04:01:51Z,-8.5115869140624998,-4.7622314453125005,9.753253822923055,-4.5051318359375001,-3.128212890625,5.4846995130316856,3.9236328125000455,95.125960134363183,927.7876343397038,39,45,0,2,11,316,2,0.42999999999999999
2025-11-10T06:00:00Z,2025-11-11T22:00:00Z,2025-11-11T23:00:00Z,2025-11-11T23:00:00Z,2025-11-10T00:00:00Z,2025-11-10T04:01:51Z,-8.4600000000000009,-4.6661376953125,9.6614926896218396,-4.6368359374999999,-2.91558837890625,5.4773080163986281,3.6331054687500455,93.344440991616253,901.84663425733766,40,46,0,3,11,316,1,0.60666666666666669
2025-11-10T06:00:00Z,2025-11-11T22:00:00Z,2025-11-11T23:00:00Z,2025-11-11T23:00:00Z,2025-11-10T00:00:00Z,2025-11-10T04:01:51Z,-8.4600000000000009,-4.6661376953125,9.6614926896218396,-4.6368359374999999,-2.91558837890625,5.4773080163986281,3.6331054687500455,93.344440991616253,901.84663425733766,40,46,0,3,11,316,2,0.56333333333333335
2025-11-10T06:00:00Z,2025-11-11T23:00:00Z,2025-11-12T00:00:00Z,2025-11-12T00:00:00Z,2025-11-10T00:00:00Z,2025-11-10T04:01:51Z,-8.1627758789062508,-4.7423339843750005,9.4403729623681603,-4.5124169921875001,-2.9613061523437501,5.3973364949103768,3.4240429687500296,89.120641668611796,841.33209599726399,41,47,0,4,11,316,1,0.73833333333333329
2025-11-10T06:00:00Z,2025-11-11T23:00:00Z,2025-11-12T00:00:00Z,2025-11-12T00:00:00Z,2025-11-10T00:00:00Z,2025-11-10T04:01:51Z,-8.1627758789062508,-4.7423339843750005,9.4403729623681603,-4.5124169921875001,-2.9613061523437501,5.3973364949103768,3.4240429687500296,89.120641668611796,841.33209599726399,41,47,0,4,11,316,2,0.68833333333333335
2025-11-10T06:00:00Z,2025-11-12T00:00:00Z,2025-11-12T01:00:00Z,2025-11-12T01:00:00Z,2025-11-10T00:00:00Z,2025-11-10T04:01:51Z,-8.0711376953124994,-4.6270263671874998,9.3033669549976761,-4.5194750976562501,-2.9425195312499999,5.3929654504847973,3.2473046875000477,86.552636699342727,805.23094013658431,42,48,0,5,11,316,1,0.66833333333333333
2025-11-10T06:00:00Z,2025-11-12T00:00:00Z,2025-11-12T01:00:00Z,2025-11-12T01:00:00Z,2025-11-10T00:00:00Z,2025-11-10T04:01:51Z,-8.0711376953124994,-4.6270263671874998,9.3033669549976761,-4.5194750976562501,-2.9425195312499999,5.3929654504847973,3.2473046875000477,86.552636699342727,805.23094013658431,42,48,0,5,11,316,2,0.58833333333333326
2025-11-10T06:00:00Z,2025-11-12T01:00:00Z,2025-11-12T02:00:00Z,2025-11-12T02:00:00Z,2025-11-10T00:00:00Z,2025-11-10T04:01:51Z,-8.1425048828124993,-4.6328417968749998,9.3682233577929477,-4.4417260742187503,-2.8989233398437499,5.3040255512851324,3.1050000000000182,87.763608881497376,822.18909068784831,43,49,0,6,11,316,1,0.28833333333333333
2025-11-10T06:00:00Z,2025-11-12T01:00:00Z,2025-11-12T02:00:00Z,2025-11-12T02:00:00Z,2025-11-10T00:00:00Z,2025-11-10T04:01:51Z,-8.1425048828124993,-4.6328417968749998,9.3682233577929477,-4.4417260742187503,-2.8989233398437499,5.3040255512851324,3.1050000000000182,87.763608881497376,822.18909068784831,43,49,0,6,11,316,2,0.20999999999999999
2025-11-10T06:00:00Z,2025-11-12T02:00:00Z,2025-11-12T03:00:00Z,2025-11-12T03:00:00Z,2025-11-10T00:00:00Z,2025-11-10T04:01:51Z,-8.7180078124999998,-4.5223437500000001,9.8211635365660772,-4.6510278320312501,-2.6905395507812502,5.3731799680121899,3.0491796875000432,96.455253211975091,947.30281575569779,44,50,0,7,11,316,1,0.35499999999999998
2025-11-10T06:00:00Z,2025-11-12T02:00:00Z,2025-11-12T03:00:00Z,2025-11-12T03:00:00Z,2025-11-10T00:00:00Z,2025-11-10T04:01:51Z,-8.7180078124999998,-4.5223437500000001,9.8211635365660772,-4.6510278320312501,-2.6905395507812502,5.3731799680121899,3.0491796875000432,96.455253211975091,947.30281575569779,44,50,0,7,11,316,2,0.29333333333333333
2025-11-10T06:00:00Z,2025-11-12T03:00:00Z,2025-11-12T04:00:00Z,2025-11-12T04:00:00Z,2025-11-10T00:00:00Z,2025-11-10T04:01:51Z,-8.1229223632812495,-4.3715039062500001,9.2245278536223001,-5.1697827148437501,-2.9850024414062499,5.969664387040404,4.7772070312500432,85.091914122253641,784.93273193876541,45,51,0,8,11,316,1,0.71666666666666667
2025-11-10T06:00:00Z,2025-11-12T03:00:00Z,2025-11-12T04:00:00Z,2025-11-12T04:00:00Z,2025-11-10T00:00:00Z,2025-11-10T04:01:51Z,-8.1229223632812495,-4.3715039062500001,9.2245278536223001,-5.1697827148437501,-2.9850024414062499,5.969664387040404,4.7772070312500432,85.091914122253641,784.93273193876541,45,51,0,8,11,316,2,0.68666666666666665
2025-11-10T06:00:00Z,2025-11-12T04:00:00Z,2025-11-12T05:00:00Z,2025-11-12T05:00:00Z,2025-11-10T00:00:00Z,2025-11-10T04:01:51Z,-8.0614819335937504,-4.4336010742187497,9.2002342063108422,-6.2103002929687499,-3.6683837890625002,7.2128267241563684,6.8220703125000455,84.644309450972088,778.74747118039352,46,52,0,9,11,316,1,0.74333333333333329
2025-11-10T06:00:00Z,2025-11-12T04:00:00Z,2025-11-12T05:00:00Z,2025-11-12T05:00:00Z,2025-11-10T00:00:00Z,2025-11-10T04:01:51Z,-8.0614819335937504,-4.4336010742187497,9.2002342063108422,-6.2103002929687499,-3.6683837890625002,7.2128267241563684,6.8220703125000455,84.644309450972088,778.74747118039352,46,52,0,9,11,316,2,0.80666666666666664
2025-11-10T06:00:00Z,2025-11-12T05:00:00Z,2025-11-12T06:00:00Z,2025-11-12T06:00:00Z,2025-11-10T00:00:00Z,2025-11-10T04:01:51Z,-8.97967529296875,-4.1248974609375004,9.8817684363884002,-7.0090356445312505,-3.6129907226562499,7.8854475223863947,8.6398437500000114,97.649347430402045,964.9482392716717,47,53,0,10,11,316,1,0.69666666666666666
2025-11-10T06:00:00Z,2025-11-12T05:00:00Z,2025-11-12T06:00:00Z,2025-11-12T06:00:00Z,2025-11-10T00:00:00Z,2025-11-10T04:01:51Z,-8.97967529296875,-4.1248974609375004,9.8817684363884002,-7.0090356445312505,-3.6129907226562499,7.8854475223863947,8.6398437500000114,97.649347430402045,964.9482392716717,47,53,0,10,11,316,2,0.71333333333333337
2026-01-05T06:00:00Z,2026-01-05T06:00:00Z,2026-01-05T07:00:00Z,2026-01-05T07:00:00Z,2026-01-05T00:00:00Z,2026-01-05T04:01:59Z,-0.95769042968750007,0.5029345703125,1.08171814310866,-1.26144287109375,-0.0088110351562500008,1.2614736427582496,2.0203710937500432,1.1701141411304474,1.2657336959688121,0,6,0,11,1,5,1,0.01
2026-01-05T06:00:00Z,2026-01-05T06:00:00Z,2026-01-05T07:00:00Z,2026-01-05T07:00:00Z,2026-01-05T00:00:00Z,2026-01-05T04:01:59Z,-0.95769042968750007,0.5029345703125,1.08171814310866,-1.26144287109375,-0.0088110351562500008,1.2614736427582496,2.0203710937500432,1.1701141411304474,1.2657336959688121,0,6,0,11,1,5,2,0.0083333333333333332
2026-01-05T06:00:00Z,2026-01-05T07:00:00Z,2026-01-05T08:00:00Z,2026-01-05T08:00:00Z,2026-01-05T00:00:00Z,2026-01-05T04:01:59Z,-1.2620849609375,-0.02320068359375,1.2622981899471408,-1.4903369140625,-0.46763916015625001,1.5619828749154001,2.1441992187500318,1.593396720343828,2.0113417959577244,1,7,0,12,1,5,1,0.018333333333333333
2026-01-05T06:00:00Z,2026-01-05T07:00:00Z,2026-01-05T08:00:00Z,2026-01-05T08:00:00Z,2026-01-05T00:00:00Z,2026-01-05T04:01:59Z,-1.2620849609375,-0.02320068359375,1.2622981899471408,-1.4903369140625,-0.46763916015625001,1.5619828749154001,2.1441992187500318,1.593396720343828,2.0113417959577244,1,7,0,12,1,5,2,0.013333333333333334
2026-01-05T06:00:00Z,2026-01-05T08:00:00Z,2026-01-05T09:00:00Z,2026-01-05T09:00:00Z,2026-01-05T00:00:00Z,2026-01-05T04:01:59Z,-1.3878100585937501,-0.23604003906250001,1.4077399116223901,-1.57536865234375,-0.62583740234374996,1.6951279730332267,2.2375585937500091,1.9817316587746148,2.7897627501826685,2,8,0,13,1,5,1,0.031666666666666669
2026-01-05T06:00:00Z,2026-01-05T08:00:00Z,2026-01-05T09:00:00Z,2026-01-05T09:00:00Z,2026-01-05T00:00:00Z,2026-01-05T04:01:59Z,-1.3878100585937501,-0.23604003906250001,1.4077399116223901,-1.57536865234375,-0.62583740234374996,1.6951279730332267,2.2375585937500091,1.9817316587746148,2.7897627501826685,2,8,0,13,1,5,2,0.033333333333333333
2026-01-05T06:00:00Z,2026-01-05T09:00:00Z,2026-01-05T10:00:00Z,2026-01-05T10:00:00Z,2026-01-05T00:00:00Z,2026-01-05T04:01:59Z,-1.5816748046875,-0.33687988281250003,1.617152819997852,-1.69724609375,-0.65838134765625,1.8204698024661914,2.0508789062500341,2.6151832432270052,4.2291509565956797,3,9,0,14,1,5,1,0.01
2026-01-05T06:00:00Z,2026-01-05T09:00:00Z,2026-01-05T10:00:00Z,2026-01-05T10:00:00Z,2026-01-05T00:00:00Z,2026-01-05T04:01:59Z,-1.5816748046875,-0.33687988281250003,1.617152819997852,-1.69724609375,-0.65838134765625,1.8204698024661914,2.0508789062500341,2.6151832432270052,4.2291509565956797,3,9,0,14,1,5,2,0.0083333333333333332
2026-01-05T06:00:00Z,2026-01-05T10:00:00Z,2026-01-05T11:00:00Z,2026-01-05T11:00:00Z,2026-01-05T00:00:00Z,2026-01-05T04:01:59Z,-1.66461181640625,-0.39872558593750002,1.7116993287959534,-1.7370703125,-0.69025146484375,1.8691870840790095,1.8661914062500387,2.9299145922005176,5.0151328408990956,4,10,0,15,1,5,1,0.01
2026-01-05T06:00:00Z,2026-01-05T10:00:00Z,2026-01-05T11:00:00Z,2026-01-05T11:00:00Z,2026-01-05T00:00:00Z,2026-01-05T04:01:59Z,-1.66461181640625,-0.39872558593750002,1.7116993287959534,-1.7370703125,-0.69025146484375,1.8691870840790095,1.8661914062500387,2.9299145922005176,5.0151328408990956,4,10,0,15,1,5,2,0.0066666666666666671
2026-01-05T06:00:00Z,2026-01-05T11:00:00Z,2026-01-05T12:00:00Z,2026-01-05T12:00:00Z,2026-01-05T00:00:00Z,2026-01-05T04:01:59Z,-2.1102807617187502,-0.38545166015624999,2.1451941347107675,-2.1821826171874998,-0.78288818359375001,2.3183690135019508,1.6438281250000273,4.6018578755974788,9.8718785235042645,5,11,0,16,1,5,1,0.02
2026-01-05T06:00:00Z,2026-01-05T11:00:00Z,2026-01-05T12:00:00Z,2026-01-05T12:00:00Z,2026-01-05T00:00:00Z,2026-01-05T04:01:59Z,-2.1102807617187502,-0.38545166015624999,2.1451941347107675,-2.1821826171874998,-0.78288818359375001,2.3183690135019508,1.6438281250000273,4.6018578755974788,9.8718785235042645,5,11,0,16,1,5,2,0.018333333333333333
2026-01-05T06:00:00Z,2026-01-05T12:00:00Z,2026-01-05T13:00:00Z,2026-01-05T13:00:00Z,2026-01-05T00:00:00Z,2026-01-05T04:01:59Z,-2.5816577148437498,-0.95981445312500002,2.754305782051059,-2.2921337890625,-1.31564453125,2.6428768112740415,1.5515429687500273,7.5862003410398957,20.894715463123902,6,12,0,17,1,5,1,0.036666666666666667
2026-01-05T06:00:00Z,2026-01-05T12:00:00Z,2026-01-05T13:00:00Z,2026-01-05T13:00:00Z,2026-01-05T00:00:00Z,2026-01-05T04:01:59Z,-2.5816577148437498,-0.95981445312500002,2.754305782051059,-2.2921337890625,-1.31564453125,2.6428768112740415,1.5515429687500273,7.5862003410398957,20.894715463123902,6,12,0,17,1,5,2,0.033333333333333333
2026-01-05T06:00:00Z,2026-01-05T13:00:00Z,2026-01-05T14:00:00Z,2026-01-05T14:00:00Z,2026-01-05T00:00:00Z,2026-01-05T04:01:59Z,-4.2611279296875004,-1.5898266601562501,4.5480501363228685,-3.17325927734375,-1.4542602539062501,3.4906227707014761,1.4389453125000387,20.684760042506461,94.075325731127336,7,13,0,18,1,5,1,0.068333333333333343
2026-01-05T06:00:00Z,2026-01-05T13:00:00Z,2026-01-05T14:00:00Z,2026-01-05T14:00:00Z,2026-01-05T00:00:00Z,2026-01-05T04:01:59Z,-4.2611279296875004,-1.5898266601562501,4.5480501363228685,-3.17325927734375,-1.4542602539062501,3.4906227707014761,1.4389453125000387,20.684760042506461,94.075325731127336,7,13,0,18,1,5,2,0.073333333333333334
2026-01-05T06:00:00Z,2026-01-05T14:00:00Z,2026-01-05T15:00:00Z,2026-01-05T15:00:00Z,2026-01-05T00:00:00Z,2026-01-05T04:01:59Z,-5.7942675781249999,-2.8042114257812503,6.4371685147580733,-4.1294287109374999,-2.0958068847656248,4.6308301606673004,1.0897265625000045,41.437138487392659,266.73784321271398,8,14,0,19,1,5,1,0.083333333333333329
2026-01-05T06:00:00Z,2026-01-05T14:00:00Z,2026-01-05T15:00:00Z,2026-01-05T15:00:00Z,2026-01-05T00:00:00Z,2026-01-05T04:01:59Z,-5.7942675781249999,-2.8042114257812503,6.4371685147580733,-4.1294287109374999,-2.0958068847656248,4.6308301606673004,1.0897265625000045,41.437138487392659,266.73784321271398,8,14,0,19,1,5,2,0.07166666666666667
2026-01-05T06:00:00Z,2026-01-05T15:00:00Z,2026-01-05T16:00:00Z,2026-01-05T16:00:00Z,2026-01-05T00:00:00Z,2026-01-05T04:01:59Z,-7.3611474609375005,-3.9660717773437502,8.3615917913223452,-5.17875,-2.8494201660156251,5.9108922207223937,0.66011718750002046,69.916217284709219,584.61086852813412,9,15,0,20,1,5,1,0.13166666666666668
2026-01-05T06:00:00Z,2026-01-05T15:00:00Z,2026-01-05T16:00:00Z,2026-01-05T16:00:00Z,2026-01-05T00:00:00Z,2026-01-05T04:01:59Z,-7.3611474609375005,-3.9660717773437502,8.3615917913223452,-5.17875,-2.8494201660156251,5.9108922207223937,0.66011718750002046,69.916217284709219,584.61086852813412,9,15,0,20,1,5,2,0.12166666666666666
2026-01-05T06:00:00Z,2026-01-05T16:00:00Z,2026-01-05T17:00:00Z,2026-01-05T17:00:00Z,2026-01-05T00:00:00Z,2026-01-05T04:01:59Z,-8.4286157226562501,-3.8696923828125001,9.2744855457219426,-5.5274023437500004,-2.7309948730468752,6.1652663905383127,-0.42812499999996589,86.016082137805242,797.75491048670608,10,16,0,21,1,5,1,0.18833333333333332
2026-01-05T06:00:00Z,2026-01-05T16:00:00Z,2026-01-05T17:00:00Z,2026-01-05T17:00:00Z,2026-01-05T00:00:00Z,2026-01-05T04:01:59Z,-8.4286157226562501,-3.8696923828125001,9.2744855457219426,-5.5274023437500004,-2.7309948730468752,6.1652663905383127,-0.42812499999996589,86.016082137805242,797.75491048670608,10,16,0,21,1,5,2,0.15166666666666664
2026-01-05T06:00:00Z,2026-01-05T17:00:00Z,2026-01-05T18:00:00Z,2026-01-05T18:00:00Z,2026-01-05T00:00:00Z,2026-01-05T04:01:59Z,-8.6151635742187498,-4.2968041992187498,9.6272306369469227,-5.7288745117187503,-3.03542236328125,6.4833472909083527,-0.93585937499994998,92.683569736969446,892.28610211335888,11,17,0,22,1,5,1,0.37666666666666665
2026-01-05T06:00:00Z,2026-01-05T17:00:00Z,2026-01-05T18:00:00Z,2026-01-05T18:00:00Z,2026-01-05T00:00:00Z,2026-01-05T04:01:59Z,-8.6151635742187498,-4.2968041992187498,9.6272306369469227,-5.7288745117187503,-3.03542236328125,6.4833472909083527,-0.93585937499994998,92.683569736969446,892.28610211335888,11,17,0,22,1,5,2,0.34833333333333333
2026-01-05T06:00:00Z,2026-01-05T18:00:00Z,2026-01-05T19:00:00Z,2026-01-05T19:00:00Z,2026-01-05T00:00:00Z,2026-01-05T04:01:59Z,-9.3903637695312501,-4.4884106445312497,10.407918227871825,-6.0762695312500004,-3.1033471679687499,6.8228890553296235,-1.2616601562499454,108.32476183806659,1127.4352632642876,12,18,0,23,1,5,1,0.42166666666666669
2026-01-05T06:00:00Z,2026-01-05T18:00:00Z,2026-01-05T19:00:00Z,2026-01-05T19:00:00Z,2026-01-05T00:00:00Z,2026-01-05T04:01:59Z,-9.3903637695312501,-4.4884106445312497,10.407918227871825,-6.0762695312500004,-3.1033471679687499,6.8228890553296235,-1.2616601562499454,108.32476183806659,1127.4352632642876,12,18,0,23,1,5,2,0.37166666666666665
2026-01-05T06:00:00Z,2026-01-05T19:00:00Z,2026-01-05T20:00:00Z,2026-01-05T20:00:00Z,2026-01-05T00:00:00Z,2026-01-05T04:01:59Z,-9.7403881835937494,-4.7718139648437505,10.846445061962495,-6.2074707031249998,-3.5002319335937502,7.1263115367702401,-1.4344921874999841,117.64537048217059,1276.0340477290874,13,19,0,0,1,6,1,0.375
2026-01-05T06:00:00Z,2026-01-05T19:00:00Z,2026-01-05T20:00:00Z,2026-01-05T20:00:00Z,2026-01-05T00:00:00Z,2026-01-05T04:01:59Z,-9.7403881835937494,-4.7718139648437505,10.846445061962495,-6.2074707031249998,-3.5002319335937502,7.1263115367702401,-1.4344921874999841,117.64537048217059,1276.0340477290874,13,19,0,0,1,6,2,0.34666666666666668
2026-01-05T06:00:00Z,2026-01-05T20:00:00Z,2026-01-05T21:00:00Z,2026-01-05T21:00:00Z,2026-01-05T00:00:00Z,2026-01-05T04:01:59Z,-10.04935791015625,-4.8444140625000003,11.156071979660572,-6.3975195312500004,-3.661998291015625,7.3714644159845593,-1.5844921874999613,124.45794201536775,1388.4617595638645,14,20,0,1,1,6,1,0.31833333333333336
2026-01-05T06:00:00Z,2026-01-05T20:00:00Z,2026-01-05T21:00:00Z,2026-01-05T21:00:00Z,2026-01-05T00:00:00Z,2026-01-05T04:01:59Z,-10.04935791015625,-4.8444140625000003,11.156071979660572,-6.3975195312500004,-3.661998291015625,7.3714644159845593,-1.5844921874999613,124.45794201536775,1388.4617595638645,14,20,0,1,1,6,2,0.29666666666666669
2026-01-05T06:00:00Z,2026-01-05T21:00:00Z,2026-01-05T22:00:00Z,2026-01-05T22:00:00Z,2026-01-05T00:00:00Z,2026-01-05T04:01:59Z,-10.45669189453125,-4.7347729492187502,11.478696801371189,-6.7019628906250004,-3.5945141601562502,7.6050534932292493,-1.7627148437499613,131.76048025780918,1512.4386032824459,15,21,0,2,1,6,1,0.81666666666666676
2026-01-05T06:00:00Z,2026-01-05T21:00:00Z,2026-01-05T22:00:00Z,2026-01-05T22:00:00Z,2026-01-05T00:00:00Z,2026-01-05T04:01:59Z,-10.45669189453125,-4.7347729492187502,11.478696801371189,-6.7019628906250004,-3.5945141601562502,7.6050534932292493,-1.7627148437499613,131.76048025780918,1512.4386032824459,15,21,0,2,1,6,2,0.7400000000000001
2026-01-05T06:00:00Z,2026-01-05T22:00:00Z,2026-01-05T23:00:00Z,2026-01-05T23:00:00Z,2026-01-05T00:00:00Z,2026-01-05T04:01:59Z,-11.114147949218751,-5.2888745117187499,12.308390562450949,-7.1162133789062505,-4.08837890625,8.2070296048688807,-1.9947656249999568,151.49647823783158,1864.6778229870818,16,22,0,3,1,6,1,0.98666666666666669
2026-01-05T06:00:00Z,2026-01-05T22:00:00Z,2026-01-05T23:00:00Z,2026-01-05T23:00:00Z,2026-01-05T00:00:00Z,2026-01-05T04:01:59Z,-11.114147949218751,-5.2888745117187499,12.308390562450949,-7.1162133789062505,-4.08837890625,8.2070296048688807,-1.9947656249999568,151.49647823783158,1864.6778229870818,16,22,0,3,1,6,2,0.95666666666666667
2026-01-05T06:00:00Z,2026-01-05T23:00:00Z,2026-01-06T00:00:00Z,2026-01-06T00:00:00Z,2026-01-05T00:00:00Z,2026-01-05T04:01:59Z,-11.28994140625,-5.5665917968750005,12.587681326979734,-7.2468139648437502,-4.2946606445312501,8.4238009646916492,-2.1290234374999955,158.44972118959427,1994.5145966834009,17,23,0,4,1,6,1,0.84333333333333327
2026-01-05T06:00:00Z,2026-01-05T23:00:00Z,2026-01-06T00:00:00Z,2026-01-06T00:00:00Z,2026-01-05T00:00:00Z,2026-01-05T04:01:59Z,-11.28994140625,-5.5665917968750005,12.587681326979734,-7.2468139648437502,-4.2946606445312501,8.4238009646916492,-2.1290234374999955,158.44972118959427,1994.5145966834009,17,23,0,4,1,6,2,0.79999999999999993
2026-01-05T06:00:00Z,2026-01-06T00:00:00Z,2026-01-06T01:00:00Z,2026-01-06T01:00:00Z,2026-01-05T00:00:00Z,2026-01-05T04:01:59Z,-11.68898193359375,-5.91326904296875,13.099582032202923,-7.6320336914062503,-4.63112548828125,8.9272202591270453,-2.3556835937499727,171.59904941841367,2247.8758245045533,18,24,0,5,1,6,1,0.97000000000000008
2026-01-05T06:00:00Z,2026-01-06T00:00:00Z,2026-01-06T01:00:00Z,2026-01-06T01:00:00Z,2026-01-05T00:00:00Z,2026-01-05T04:01:59Z,-11.68898193359375,-5.91326904296875,13.099582032202923,-7.6320336914062503,-4.63112548828125,8.9272202591270453,-2.3556835937499727,171.59904941841367,2247.8758245045533,18,24,0,5,1,6,2,0.96833333333333327
2026-01-05T06:00:00Z,2026-01-06T01:00:00Z,2026-01-06T02:00:00Z,2026-01-06T02:00:00Z,2026-01-05T00:00:00Z,2026-01-05T04:01:59Z,-12.08681640625,-6.3078662109375001,13.633792831544756,-8.0317260742187493,-4.9659936523437498,9.4429718143391561,-2.6822070312499591,185.8803069734812,2534.2535967403869,19,25,0,6,1,6,1,0.87666666666666659
2026-01-05T06:00:00Z,2026-01-06T01:00:00Z,2026-01-06T02:00:00Z,2026-01-06T02:00:00Z,2026-01-05T00:00:00Z,2026-01-05T04:01:59Z,-12.08681640625,-6.3078662109375001,13.633792831544756,-8.0317260742187493,-4.9659936523437498,9.4429718143391561,-2.6822070312499591,185.8803069734812,2534.2535967403869,19,25,0,6,1,6,2,0.8783333333333333
2026-01-05T06:00:00Z,2026-01-06T02:00:00Z,2026-01-06T03:00:00Z,2026-01-06T03:00:00Z,2026-01-05T00:00:00Z,2026-01-05T04:01:59Z,-12.271396484375,-5.9870751953125003,13.654019227724023,-8.0570874023437504,-4.69907470703125,9.3272697243763236,-3.0008203124999682,186.43224107105732,2545.5494042518967,20,26,0,7,1,6,1,0.97333333333333327
2026-01-05T06:00:00Z,2026-01-06T02:00:00Z,2026-01-06T03:00:00Z,2026-01-06T03:00:00Z,2026-01-05T00:00:00Z,2026-01-05T04:01:59Z,-12.271396484375,-5.9870751953125003,13.654019227724023,-8.0570874023437504,-4.69907470703125,9.3272697243763236,-3.0008203124999682,186.43224107105732,2545.5494042518967,20,26,0,7,1,6,2,0.97333333333333327
2026-01-05T06:00:00Z,2026-01-06T03:00:00Z,2026-01-06T04:00:00Z,2026-01-06T04:00:00Z,2026-01-05T00:00:00Z,2026-01-05T04:01:59Z,-11.965625000000001,-6.4184472656249998,13.578388967113664,-7.9103417968750005,-5.031943359375,9.3751779351298588,-3.071933593749975,184.37264694223407,2503.4835150779741,21,27,0,8,1,6,1,0.98999999999999988
2026-01-05T06:00:00Z,2026-01-06T03:00:00Z,2026-01-06T04:00:00Z,2026-01-06T04:00:00Z,2026-01-05T00:00:00Z,2026-01-05T04:01:59Z,-11.965625000000001,-6.4184472656249998,13.578388967113664,-7.9103417968750005,-5.031943359375,9.3751779351298588,-3.071933593749975,184.37264694223407,2503.4835150779741,21,27,0,8,1,6,2,0.96833333333333327
2026-01-05T06:00:00Z,2026-01-06T04:00:00Z,2026-01-06T05:00:00Z,2026-01-06T05:00:00Z,2026-01-05T00:00:00Z,2026-01-05T04:01:59Z,-12.285473632812501,-6.5805639648437504,13.936882164886494,-8.6839111328125007,-5.3302465820312497,10.189300328670301,-1.8866992187499818,194.23668447793125,2707.0537836671656,22,28,0,9,1,6,1,0.97833333333333339
2026-01-05T06:00:00Z,2026-01-06T04:00:00Z,2026-01-06T05:00:00Z,2026-01-06T05:00:00Z,2026-01-05T00:00:00Z,2026-01-05T04:01:59Z,-12.285473632812501,-6.5805639648437504,13.936882164886494,-8.6839111328125007,-5.3302465820312497,10.189300328670301,-1.8866992187499818,194.23668447793125,2707.0537836671656,22,28,0,9,1,6,2,0.96499999999999997
2026-01-05T06:00:00Z,2026-01-06T05:00:00Z,2026-01-06T06:00:00Z,2026-01-06T06:00:00Z,2026-01-05T00:00:00Z,2026-01-05T04:01:59Z,-13.629687500000001,-5.9297241210937504,14.863714525647259,-10.162270507812501,-5.2167138671875,11.423040114000393,-0.19228515624996589,220.93000949993731,3283.8405913556053,23,29,0,10,1,6,1,0.96833333333333327
2026-01-05T06:00:00Z,2026-01-06T05:00:00Z,2026-01-06T06:00:00Z,2026-01-06T06:00:00Z,2026-01-05T00:00:00Z,2026-01-05T04:01:59Z,-13.629687500000001,-5.9297241210937504,14.863714525647259,-10.162270507812501,-5.2167138671875,11.423040114000393,-0.19228515624996589,220.93000949993731,3283.8405913556053,23,29,0,10,1,6,2,0.91333333333333344
2026-01-05T06:00:00Z,2026-01-06T06:00:00Z,2026-01-06T07:00:00Z,2026-01-06T07:00:00Z,2026-01-05T00:00:00Z,2026-01-05T04:01:59Z,-14.329008789062501,-4.8073193359374997,15.113927751405621,-10.97869873046875,-4.5990234375000005,11.903060211267961,1.3176953125000068,228.43081207470897,3452.4867898920661,24,30,0,11,1,6,1,0.98666666666666669
2026-01-05T06:00:00Z,2026-01-06T06:00:00Z,2026-01-06T07:00:00Z,2026-01-06T07:00:00Z,2026-01-05T00:00:00Z,2026-01-05T04:01:59Z,-14.329008789062501,-4.8073193359374997,15.113927751405621,-10.97869873046875,-4.5990234375000005,11.903060211267961,1.3176953125000068,228.43081207470897,3452.4867898920661,24,30,0,11,1,6,2,0.97499999999999998
2026-01-05T06:00:00Z,2026-01-06T07:00:00Z,2026-01-06T08:00:00Z,2026-01-06T08:00:00Z,2026-01-05T00:00:00Z,2026-01-05T04:01:59Z,-14.390673828125001,-4.29994873046875,15.019355922014155,-11.101862792968751,-4.2028662109374997,11.870781013098677,2.2929882812500182,225.58105231214165,3388.0821139385494,25,31,0,12,1,6,1,0.97666666666666657
2026-01-05T06:00:00Z,2026-01-06T07:00:00Z,2026-01-06T08:00:00Z,2026-01-06T08:00:00Z,2026-01-05T00:00:00Z,2026-01-05T04:01:59Z,-14.390673828125001,-4.29994873046875,15.019355922014155,-11.101862792968751,-4.2028662109374997,11.870781013098677,2.2929882812500182,225.58105231214165,3388.0821139385494,25,31,0,12,1,6,2,0.97333333333333327
2026-01-05T06:00:00Z,2026-01-06T08:00:00Z,2026-01-06T09:00:00Z,2026-01-06T09:00:00Z,2026-01-05T00:00:00Z,2026-01-05T04:01:59Z,-14.711186523437501,-3.80226806640625,15.19461257736379,-11.168193359375,-3.73974609375,11.777701123653385,3.1216210937500364,230.87625137618187,3508.0751929751368,26,32,0,13,1,6,1,0.96833333333333327
2026-01-05T06:00:00Z,2026-01-06T08:00:00Z,2026-01-06T09:00:00Z,2026-01-06T09:00:00Z,2026-01-05T00:00:00Z,2026-01-05T04:01:59Z,-14.711186523437501,-3.80226806640625,15.19461257736379,-11.168193359375,-3.73974609375,11.777701123653385,3.1216210937500364,230.87625137618187,3508.0751929751368,26,32,0,13,1,6,2,0.96666666666666667
2026-01-05T06:00:00Z,2026-01-06T09:00:00Z,2026-01-06T10:00:00Z,2026-01-06T10:00:00Z,2026-01-05T00:00:00Z,2026-01-05T04:01:59Z,-14.709404296875,-3.5117675781250002,15.122800213310187,-11.1398681640625,-3.3615893554687499,11.636019323956713,3.6075000000000159,228.69908629169464,3458.5705909558847,27,33,0,14,1,6,1,0.98666666666666669
2026-01-05T06:00:00Z,2026-01-06T09:00:00Z,2026-01-06T10:00:00Z,2026-01-06T10:00:00Z,2026-01-05T00:00:00Z,2026-01-05T04:01:59Z,-14.709404296875,-3.5117675781250002,15.122800213310187,-11.1398681640625,-3.3615893554687499,11.636019323956713,3.6075000000000159,228.69908629169464,3458.5705909558847,27,33,0,14,1,6,2,0.97000000000000008
2026-01-05T06:00:00Z,2026-01-06T10:00:00Z,2026-01-06T11:00:00Z,2026-01-06T11:00:00Z,2026-01-05T00:00:00Z,2026-01-05T04:01:59Z,-14.079360351562499,-3.4688867187499999,14.500398717851528,-10.2472607421875,-3.2960278320312502,10.764299893067905,3.0758984375000296,210.26156297667023,3048.8764982003672,28,34,0,15,1,6,1,0.98999999999999988
2026-01-05T06:00:00Z,2026-01-06T10:00:00Z,2026-01-06T11:00:00Z,2026-01-06T11:00:00Z,2026-01-05T00:00:00Z,2026-01-05T04:01:59Z,-14.079360351562499,-3.4688867187499999,14.500398717851528,-10.2472607421875,-3.2960278320312502,10.764299893067905,3.0758984375000296,210.26156297667023,3048.8764982003672,28,34,0,15,1,6,2,0.96499999999999997
2026-01-05T06:00:00Z,2026-01-06T11:00:00Z,2026-01-06T12:00:00Z,2026-01-06T12:00:00Z,2026-01-05T00:00:00Z,2026-01-05T04:01:59Z,-12.8795361328125,-4.5075195312499998,13.645518799995219,-9.0106005859374996,-3.9746435546875003,9.8482848408297023,1.8055468750000045,186.20018332102296,2540.7981020695752,29,35,0,16,1,6,1,0.98833333333333329
2026-01-05T06:00:00Z,2026-01-06T11:00:00Z,2026-01-06T12:00:00Z,2026-01-06T12:00:00Z,2026-01-05T00:00:00Z,2026-01-05T04:01:59Z,-12.8795361328125,-4.5075195312499998,13.645518799995219,-9.0106005859374996,-3.9746435546875003,9.8482848408297023,1.8055468750000045,186.20018332102296,2540.7981020695752,29,35,0,16,1,6,2,0.97000000000000008
2026-01-05T06:00:00Z,2026-01-06T12:00:00Z,2026-01-06T13:00:00Z,2026-01-06T13:00:00Z,2026-01-05T00:00:00Z,2026-01-05T04:01:59Z,-11.782465820312501,-5.0222631835937497,12.808185987567231,-7.7340966796875001,-4.1057910156249999,8.7563560523051009,0.43496093750002274,164.04962829211357,2101.1781503566617,30,36,0,17,1,6,1,0.98833333333333329
2026-01-05T06:00:00Z,2026-01-06T12:00:00Z,2026-01-06T13:00:00Z,2026-01-06T13:00:00Z,2026-01-05T00:00:00Z,2026-01-05T04:01:59Z,-11.782465820312501,-5.0222631835937497,12.808185987567231,-7.7340966796875001,-4.1057910156249999,8.7563560523051009,0.43496093750002274,164.04962829211357,2101.1781503566617,30,36,0,17,1,6,2,0.97000000000000008
2026-01-05T06:00:00Z,2026-01-06T13:00:00Z,2026-01-06T14:00:00Z,2026-01-06T14:00:00Z,2026-01-05T00:00:00Z,2026-01-05T04:01:59Z,-11.07671142578125,-5.0801806640625005,12.186130295936746,-7.0700805664062498,-3.96529052734375,8.1061438539984838,-0.28867187499997726,148.50177158954739,1809.661937767662,31,37,0,18,1,6,1,0.98999999999999988
2026-01-05T06:00:00Z,2026-01-06T13:00:00Z,2026-01-06T14:00:00Z,2026-01-06T14:00:00Z,2026-01-05T00:00:00Z,2026-01-05T04:01:59Z,-11.07671142578125,-5.0801806640625005,12.186130295936746,-7.0700805664062498,-3.96529052734375,8.1061438539984838,-0.28867187499997726,148.50177158954739,1809.661937767662,31,37,0,18,1,6,2,0.97000000000000008
2026-01-05T06:00:00Z,2026-01-06T14:00:00Z,2026-01-06T15:00:00Z,2026-01-06T15:00:00Z,2026-01-05T00:00:00Z,2026-01-05T04:01:59Z,-10.737045898437501,-4.9538525390624999,11.824754103317732,-6.6860595703125005,-3.6000122070312499,7.5936473758360279,-0.62503906249997954,139.82480960392954,1653.3939911096863,32,38,0,19,1,6,1,0.85499999999999998
2026-01-05T06:00:00Z,2026-01-06T14:00:00Z,2026-01-06T15:00:00Z,2026-01-06T15:00:00Z,2026-01-05T00:00:00Z,2026-01-05T04:01:59Z,-10.737045898437501,-4.9538525390624999,11.824754103317732,-6.6860595703125005,-3.6000122070312499,7.5936473758360279,-0.62503906249997954,139.82480960392954,1653.3939911096863,32,38,0,19,1,6,2,0.89166666666666661
2026-01-05T06:00:00Z,2026-01-06T15:00:00Z,2026-01-06T16:00:00Z,2026-01-06T16:00:00Z,2026-01-05T00:00:00Z,2026-01-05T04:01:59Z,-10.00473388671875,-5.1602709960937503,11.257135377047966,-6.0376635742187501,-3.6310449218750001,7.0454147259137381,-1.0297460937499636,126.72309689718486,1426.539057170377,33,39,0,20,1,6,1,0.69666666666666666
2026-01-05T06:00:00Z,2026-01-06T15:00:00Z,2026-01-06T16:00:00Z,2026-01-06T16:00:00Z,2026-01-05T00:00:00Z,2026-01-05T04:01:59Z,-10.00473388671875,-5.1602709960937503,11.257135377047966,-6.0376635742187501,-3.6310449218750001,7.0454147259137381,-1.0297460937499636,126.72309689718486,1426.539057170377,33,39,0,20,1,6,2,0.63500000000000001
2026-01-05T06:00:00Z,2026-01-06T16:00:00Z,2026-01-06T17:00:00Z,2026-01-06T17:00:00Z,2026-01-05T00:00:00Z,2026-01-05T04:01:59Z,-9.1193603515625004,-5.0140014648437505,10.406870034314132,-5.2456347656249998,-3.3683911132812501,6.2339989401960718,-1.4411523437499909,108.30294391110542,1127.0946616164872,34,40,0,21,1,6,1,0.46333333333333332
2026-01-05T06:00:00Z,2026-01-06T16:00:00Z,2026-01-06T17:00:00Z,2026-01-06T17:00:00Z,2026-01-05T00:00:00Z,2026-01-05T04:01:59Z,-9.1193603515625004,-5.0140014648437505,10.406870034314132,-5.2456347656249998,-3.3683911132812501,6.2339989401960718,-1.4411523437499909,108.30294391110542,1127.0946616164872,34,40,0,21,1,6,2,0.48500000000000004
2026-01-05T06:00:00Z,2026-01-06T17:00:00Z,2026-01-06T18:00:00Z,2026-01-06T18:00:00Z,2026-01-05T00:00:00Z,2026-01-05T04:01:59Z,-8.2866137695312503,-4.1323754882812498,9.2598323387377057,-4.6775463867187499,-2.5383129882812501,5.3218862282449182,-1.846347656249975,85.744494941532608,793.97964712833527,35,41,0,22,1,6,1,0.22999999999999998
2026-01-05T06:00:00Z,2026-01-06T17:00:00Z,2026-01-06T18:00:00Z,2026-01-06T18:00:00Z,2026-01-05T00:00:00Z,2026-01-05T04:01:59Z,-8.2866137695312503,-4.1323754882812498,9.2598323387377057,-4.6775463867187499,-2.5383129882812501,5.3218862282449182,-1.846347656249975,85.744494941532608,793.97964712833527,35,41,0,22,1,6,2,0.16500000000000001
2026-01-05T06:00:00Z,2026-01-06T18:00:00Z,2026-01-06T19:00:00Z,2026-01-06T19:00:00Z,2026-01-05T00:00:00Z,2026-01-05T04:01:59Z,-7.2748388671875004,-3.38218017578125,8.0226194777634561,-3.97540283203125,-2.0022851562500001,4.4511766448728105,-2.1969531249999932,64.362423284989589,516.35523068221369,36,42,0,23,1,6,1,0.02
2026-01-05T06:00:00Z,2026-01-06T18:00:00Z,2026-01-06T19:00:00Z,2026-01-06T19:00:00Z,2026-01-05T00:00:00Z,2026-01-05T04:01:59Z,-7.2748388671875004,-3.38218017578125,8.0226194777634561,-3.97540283203125,-2.0022851562500001,4.4511766448728105,-2.1969531249999932,64.362423284989589,516.35523068221369,36,42,0,23,1,6,2,0.021666666666666667
2026-01-05T06:00:00Z,2026-01-06T19:00:00Z,2026-01-06T20:00:00Z,2026-01-06T20:00:00Z,2026-01-05T00:00:00Z,2026-01-05T04:01:59Z,-6.8930297851562505,-2.62518310546875,7.3760047421547785,-4.0684423828125,-1.5547412109375001,4.3553924800472874,-2.2915624999999977,54.405445956289782,401.29482737263896,37,43,0,0,1,7,1,0.01
2026-01-05T06:00:00Z,2026-01-06T19:00:00Z,2026-01-06T20:00:00Z,2026-01-06T20:00:00Z,2026-01-05T00:00:00Z,2026-01-05T04:01:59Z,-6.8930297851562505,-2.62518310546875,7.3760047421547785,-4.0684423828125,-1.5547412109375001,4.3553924800472874,-2.2915624999999977,54.405445956289782,401.29482737263896,37,43,0,0,1,7,2,0.0083333333333333332
2026-01-05T06:00:00Z,2026-01-06T20:00:00Z,2026-01-06T21:00:00Z,2026-01-06T21:00:00Z,2026-01-05T00:00:00Z,2026-01-05T04:01:59Z,-6.6715039062499999,-2.0755249023437501,6.9868997410409461,-4.1042749023437501,-1.2040979003906249,4.2772566240212795,-2.4448046874999818,48.816767991358041,341.07786363727547,38,44,0,1,1,7,1,0.028333333333333335
2026-01-05T06:00:00Z,2026-01-06T20:00:00Z,2026-01-06T21:00:00Z,2026-01-06T21:00:00Z,2026-01-05T00:00:00Z,2026-01-05T04:01:59Z,-6.6715039062499999,-2.0755249023437501,6.9868997410409461,-4.1042749023437501,-1.2040979003906249,4.2772566240212795,-2.4448046874999818,48.816767991358041,341.07786363727547,38,44,0,1,1,7,2,0.02
2026-01-05T06:00:00Z,2026-01-06T21:00:00Z,2026-01-06T22:00:00Z,2026-01-06T22:00:00Z,2026-01-05T00:00:00Z,2026-01-05T04:01:59Z,-6.4860717773437502,-1.5180908203125001,6.661360734832801,-4.0983105468750001,-1.0018591308593749,4.2189893406730912,-2.5833789062499477,44.373726839572193,295.58940162732262,39,45,0,2,1,7,1,0.028333333333333332
2026-01-05T06:00:00Z,2026-01-06T21:00:00Z,2026-01-06T22:00:00Z,2026-01-06T22:00:00Z,2026-01-05T00:00:00Z,2026-01-05T04:01:59Z,-6.4860717773437502,-1.5180908203125001,6.661360734832801,-4.0983105468750001,-1.0018591308593749,4.2189893406730912,-2.5833789062499477,44.373726839572193,295.58940162732262,39,45,0,2,1,7,2,0.028333333333333332
2026-01-05T06:00:00Z,2026-01-06T22:00:00Z,2026-01-06T23:00:00Z,2026-01-06T23:00:00Z,2026-01-05T00:00:00Z,2026-01-05T04:01:59Z,-5.9413964843749998,-1.7066357421875,6.1816500823854055,-3.8241235351562501,-1.1983691406250001,4.0074941558707531,-2.8530859374999977,38.212797741055489,236.21814430417251,40,46,0,3,1,7,1,0.01
2026-01-05T06:00:00Z,2026-01-06T22:00:00Z,2026-01-06T23:00:00Z,2026-01-06T23:00:00Z,2026-01-05T00:00:00Z,2026-01-05T04:01:59Z,-5.9413964843749998,-1.7066357421875,6.1816500823854055,-3.8241235351562501,-1.1983691406250001,4.0074941558707531,-2.8530859374999977,38.212797741055489,236.21814430417251,40,46,0,3,1,7,2,0.0083333333333333332
2026-01-05T06:00:00Z,2026-01-06T23:00:00Z,2026-01-07T00:00:00Z,2026-01-07T00:00:00Z,2026-01-05T00:00:00Z,2026-01-05T04:01:59Z,-5.8838476562500004,-1.30721923828125,6.027311621186616,-3.9398779296874999,-0.82517700195312504,4.0253639817277405,-3.1605078124999864,36.32848537889123,218.96310210429917,41,47,0,4,1,7,1,0.01
2026-01-05T06:00:00Z,2026-01-06T23:00:00Z,2026-01-07T00:00:00Z,2026-01-07T00:00:00Z,2026-01-05T00:00:00Z,2026-01-05T04:01:59Z,-5.8838476562500004,-1.30721923828125,6.027311621186616,-3.9398779296874999,-0.82517700195312504,4.0253639817277405,-3.1605078124999864,36.32848537889123,218.96310210429917,41,47,0,4,1,7,2,0.01
2026-01-05T06:00:00Z,2026-01-07T00:00:00Z,2026-01-07T01:00:00Z,2026-01-07T01:00:00Z,2026-01-05T00:00:00Z,2026-01-05T04:01:59Z,-5.3657958984374998,-1.4473583984375,5.5575724878058281,-3.7066796874999999,-1.275927734375,3.9201359528812794,-3.3524609374999841,30.88661195721626,171.65458485495961,42,48,0,5,1,7,1,0.01
2026-01-05T06:00:00Z,2026-01-07T00:00:00Z,2026-01-07T01:00:00Z,2026-01-07T01:00:00Z,2026-01-05T00:00:00Z,2026-01-05T04:01:59Z,-5.3657958984374998,-1.4473583984375,5.5575724878058281,-3.7066796874999999,-1.275927734375,3.9201359528812794,-3.3524609374999841,30.88661195721626,171.65458485495961,42,48,0,5,1,7,2,0.01
2026-01-05T06:00:00Z,2026-01-07T01:00:00Z,2026-01-07T02:00:00Z,2026-01-07T02:00:00Z,2026-01-05T00:00:00Z,2026-01-05T04:01:59Z,-5.6977880859374999,-1.83986572265625,5.9874781794722827,-3.9319287109375001,-1.5494970703124999,4.2262281716445047,-3.7034765624999864,35.849894949656722,214.65046374744321,43,49,0,6,1,7,1,0.01
2026-01-05T06:00:00Z,2026-01-07T01:00:00Z,2026-01-07T02:00:00Z,2026-01-07T02:00:00Z,2026-01-05T00:00:00Z,2026-01-05T04:01:59Z,-5.6977880859374999,-1.83986572265625,5.9874781794722827,-3.9319287109375001,-1.5494970703124999,4.2262281716445047,-3.7034765624999864,35.849894949656722,214.65046374744321,43,49,0,6,1,7,2,0.01
2026-01-05T06:00:00Z,2026-01-07T02:00:00Z,2026-01-07T03:00:00Z,2026-01-07T03:00:00Z,2026-01-05T00:00:00Z,2026-01-05T04:01:59Z,-6.4767138671874998,-2.36492919921875,6.8949773483845682,-4.2508251953125002,-1.77021484375,4.6046905904888327,-4.2144921874999568,47.540712634736295,327.79213674256681,44,50,0,7,1,7,1,0.01
2026-01-05T06:00:00Z,2026-01-07T02:00:00Z,2026-01-07T03:00:00Z,2026-01-07T03:00:00Z,2026-01-05T00:00:00Z,2026-01-05T04:01:59Z,-6.4767138671874998,-2.36492919921875,6.8949773483845682,-4.2508251953125002,-1.77021484375,4.6046905904888327,-4.2144921874999568,47.540712634736295,327.79213674256681,44,50,0,7,1,7,2,0.01
2026-01-05T06:00:00Z,2026-01-07T03:00:00Z,2026-01-07T04:00:00Z,2026-01-07T04:00:00Z,2026-01-05T00:00:00Z,2026-01-05T04:01:59Z,-7.3124438476562501,-3.1630590820312499,7.9672315004364043,-4.70904541015625,-2.1159765625000002,5.1626025886139022,-4.032871093749975,63.476777781546119,505.73418348733588,45,51,0,8,1,7,1,0.01
2026-01-05T06:00:00Z,2026-01-07T03:00:00Z,2026-01-07T04:00:00Z,2026-01-07T04:00:00Z,2026-01-05T00:00:00Z,2026-01-05T04:01:59Z,-7.3124438476562501,-3.1630590820312499,7.9672315004364043,-4.70904541015625,-2.1159765625000002,5.1626025886139022,-4.032871093749975,63.476777781546119,505.73418348733588,45,51,0,8,1,7,2,0.01
2026-01-05T06:00:00Z,2026-01-07T04:00:00Z,2026-01-07T05:00:00Z,2026-01-07T05:00:00Z,2026-01-05T00:00:00Z,2026-01-05T04:01:59Z,-7.3880883789062501,-2.7057421874999998,7.86796610819765,-5.7606274414062497,-2.0614355468749999,6.1183613028818868,-2.8888085937499568,61.904890679746877,487.06558179992902,46,52,0,9,1,7,1,0.01
2026-01-05T06:00:00Z,2026-01-07T04:00:00Z,2026-01-07T05:00:00Z,2026-01-07T05:00:00Z,2026-01-05T00:00:00Z,2026-01-05T04:01:59Z,-7.3880883789062501,-2.7057421874999998,7.86796610819765,-5.7606274414062497,-2.0614355468749999,6.1183613028818868,-2.8888085937499568,61.904890679746877,487.06558179992902,46,52,0,9,1,7,2,0.01
2026-01-05T06:00:00Z,2026-01-07T05:00:00Z,2026-01-07T06:00:00Z,2026-01-07T06:00:00Z,2026-01-05T00:00:00Z,2026-01-05T04:01:59Z,-7.3511572265625,-2.6850073242187502,7.8261597799144376,-6.0004199218750003,-2.2671838378906251,6.4144494536652834,-1.6788085937499773,61.2487769007504,479.34271434960522,47,53,0,10,1,7,1,0.01
2026-01-05T06:00:00Z,2026-01-07T05:00:00Z,2026-01-07T06:00:00Z,2026-01-07T06:00:00Z,2026-01-05T00:00:00Z,2026-01-05T04:01:59Z,-7.3511572265625,-2.6850073242187502,7.8261597799144376,-6.0004199218750003,-2.2671838378906251,6.4144494536652834,-1.6788085937499773,61.2487769007504,479.34271434960522,47,53,0,10,1,7,2,0.01
2026-01-12T06:00:00Z,2026-01-12T06:00:00Z,2026-01-12T07:00:00Z,2026-01-12T07:00:00Z,2026-01-12T00:00:00Z,2026-01-12T04:00:22Z,4.410888671875,0.52540039062499999,4.4420698380534391,3.5884130859374999,0.31765625000000003,3.6024455538552629,5.6514453125000159,19.731984446144107,87.650852953156331,0,6,0,11,1,12,1,0.01
2026-01-12T06:00:00Z,2026-01-12T06:00:00Z,2026-01-12T07:00:00Z,2026-01-12T07:00:00Z,2026-01-12T00:00:00Z,2026-01-12T04:00:22Z,4.410888671875,0.52540039062499999,4.4420698380534391,3.5884130859374999,0.31765625000000003,3.6024455538552629,5.6514453125000159,19.731984446144107,87.650852953156331,0,6,0,11,1,12,2,0.01
2026-01-12T06:00:00Z,2026-01-12T07:00:00Z,2026-01-12T08:00:00Z,2026-01-12T08:00:00Z,2026-01-12T00:00:00Z,2026-01-12T04:00:22Z,5.1676220703125004,1.6154248046874999,5.414232647493133,4.0658007812500001,1.22377685546875,4.2459823109374932,6.7174414062500318,29.3139151611805,158.71235649150739,1,7,0,12,1,12,1,0.011666666666666667
2026-01-12T06:00:00Z,2026-01-12T07:00:00Z,2026-01-12T08:00:00Z,2026-01-12T08:00:00Z,2026-01-12T00:00:00Z,2026-01-12T04:00:22Z,5.1676220703125004,1.6154248046874999,5.414232647493133,4.0658007812500001,1.22377685546875,4.2459823109374932,6.7174414062500318,29.3139151611805,158.71235649150739,1,7,0,12,1,12,2,0.0083333333333333332
2026-01-12T06:00:00Z,2026-01-12T08:00:00Z,2026-01-12T09:00:00Z,2026-01-12T09:00:00Z,2026-01-12T00:00:00Z,2026-01-12T04:00:22Z,5.3011767578124998,0.83872070312500002,5.3671153737759303,3.9852246093749999,0.4038720703125,4.0056370075615471,7.7690234375000387,28.805927435421943,154.60473599452698,2,8,0,13,1,12,1,0.096666666666666679
2026-01-12T06:00:00Z,2026-01-12T08:00:00Z,2026-01-12T09:00:00Z,2026-01-12T09:00:00Z,2026-01-12T00:00:00Z,2026-01-12T04:00:22Z,5.3011767578124998,0.83872070312500002,5.3671153737759303,3.9852246093749999,0.4038720703125,4.0056370075615471,7.7690234375000387,28.805927435421943,154.60473599452698,2,8,0,13,1,12,2,0.10333333333333333
2026-01-12T06:00:00Z,2026-01-12T09:00:00Z,2026-01-12T10:00:00Z,2026-01-12T10:00:00Z,2026-01-12T00:00:00Z,2026-01-12T04:00:22Z,5.5957421875,0.081977539062500007,5.5963426401425806,3.7970947265624999,-0.044611816406249998,3.7973567881688193,7.9192382812500455,31.319050945878029,175.27214025721503,3,9,0,14,1,12,1,0.16333333333333333
2026-01-12T06:00:00Z,2026-01-12T09:00:00Z,2026-01-12T10:00:00Z,2026-01-12T10:00:00Z,2026-01-12T00:00:00Z,2026-01-12T04:00:22Z,5.5957421875,0.081977539062500007,5.5963426401425806,3.7970947265624999,-0.044611816406249998,3.7973567881688193,7.9192382812500455,31.319050945878029,175.27214025721503,3,9,0,14,1,12,2,0.19000000000000003
2026-01-12T06:00:00Z,2026-01-12T10:00:00Z,2026-01-12T11:00:00Z,2026-01-12T11:00:00Z,2026-01-12T00:00:00Z,2026-01-12T04:00:22Z,7.2254833984375004,1.7819970703125001,7.4419838685459583,4.3103100585937497,1.2488818359375,4.4875916304125845,7.4042773437500387,55.383123899698269,412.16031465123666,4,10,0,15,1,12,1,0.056666666666666671
2026-01-12T06:00:00Z,2026-01-12T10:00:00Z,2026-01-12T11:00:00Z,2026-01-12T11:00:00Z,2026-01-12T00:00:00Z,2026-01-12T04:00:22Z,7.2254833984375004,1.7819970703125001,7.4419838685459583,4.3103100585937497,1.2488818359375,4.4875916304125845,7.4042773437500387,55.383123899698269,412.16031465123666,4,10,0,15,1,12,2,0.066666666666666666
2026-01-12T06:00:00Z,2026-01-12T11:00:00Z,2026-01-12T12:00:00Z,2026-01-12T12:00:00Z,2026-01-12T00:00:00Z,2026-01-12T04:00:22Z,9.6435009765624997,1.0133154296875,9.6965931772455338,5.6399487304687499,1.5535742187500001,5.8500097893491372,7.0724218750000318,94.023919245004635,911.71169384899702,5,11,0,16,1,12,1,0.15333333333333332
2026-01-12T06:00:00Z,2026-01-12T11:00:00Z,2026-01-12T12:00:00Z,2026-01-12T12:00:00Z,2026-01-12T00:00:00Z,2026-01-12T04:00:22Z,9.6435009765624997,1.0133154296875,9.6965931772455338,5.6399487304687499,1.5535742187500001,5.8500097893491372,7.0724218750000318,94.023919245004635,911.71169384899702,5,11,0,16,1,12,2,0.13666666666666666
2026-01-12T06:00:00Z,2026-01-12T12:00:00Z,2026-01-12T13:00:00Z,2026-01-12T13:00:00Z,2026-01-12T00:00:00Z,2026-01-12T04:00:22Z,6.1886914062500002,-0.043793945312499999,6.1888463570716183,3.7328857421874999,1.0416064453125,3.8754844795384309,6.8000781250000273,38.301819231438643,237.04407441970469,6,12,0,17,1,12,1,0.54500000000000004
2026-01-12T06:00:00Z,2026-01-12T12:00:00Z,2026-01-12T13:00:00Z,2026-01-12T13:00:00Z,2026-01-12T00:00:00Z,2026-01-12T04:00:22Z,6.1886914062500002,-0.043793945312499999,6.1888463570716183,3.7328857421874999,1.0416064453125,3.8754844795384309,6.8000781250000273,38.301819231438643,237.04407441970469,6,12,0,17,1,12,2,0.58166666666666667
2026-01-12T06:00:00Z,2026-01-12T13:00:00Z,2026-01-12T14:00:00Z,2026-01-12T14:00:00Z,2026-01-12T00:00:00Z,2026-01-12T04:00:22Z,4.3922558593750001,1.78187255859375,4.7399347410363637,2.6608544921875001,1.68988037109375,3.1521171134972681,6.0200585937500364,22.466981349283461,106.49202542368472,7,13,0,18,1,12,1,0.61499999999999999
2026-01-12T06:00:00Z,2026-01-12T13:00:00Z,2026-01-12T14:00:00Z,2026-01-12T14:00:00Z,2026-01-12T00:00:00Z,2026-01-12T04:00:22Z,4.3922558593750001,1.78187255859375,4.7399347410363637,2.6608544921875001,1.68988037109375,3.1521171134972681,6.0200585937500364,22.466981349283461,106.49202542368472,7,13,0,18,1,12,2,0.62333333333333341
2026-01-12T06:00:00Z,2026-01-12T14:00:00Z,2026-01-12T15:00:00Z,2026-01-12T15:00:00Z,2026-01-12T00:00:00Z,2026-01-12T04:00:22Z,3.9899365234375002,2.556435546875,4.7386660745811797,2.74192138671875,1.8642529296875001,3.3156555727026444,5.6292187500000068,22.454956166386605,106.40653899186367,8,14,0,19,1,12,1,0.57999999999999996
2026-01-12T06:00:00Z,2026-01-12T14:00:00Z,2026-01-12T15:00:00Z,2026-01-12T15:00:00Z,2026-01-12T00:00:00Z,2026-01-12T04:00:22Z,3.9899365234375002,2.556435546875,4.7386660745811797,2.74192138671875,1.8642529296875001,3.3156555727026444,5.6292187500000068,22.454956166386605,106.40653899186367,8,14,0,19,1,12,2,0.58999999999999997
2026-01-12T06:00:00Z,2026-01-12T15:00:00Z,2026-01-12T16:00:00Z,2026-01-12T16:00:00Z,2026-01-12T00:00:00Z,2026-01-12T04:00:22Z,5.1074853515625005,2.1143701171875002,5.5278357074791034,2.93758056640625,2.1186791992187501,3.6219029712748889,4.9983593750000068,30.556967608880999,168.91389666065476,9,15,0,20,1,12,1,0.56333333333333335
2026-01-12T06:00:00Z,2026-01-12T15:00:00Z,2026-01-12T16:00:00Z,2026-01-12T16:00:00Z,2026-01-12T00:00:00Z,2026-01-12T04:00:22Z,5.1074853515625005,2.1143701171875002,5.5278357074791034,2.93758056640625,2.1186791992187501,3.6219029712748889,4.9983593750000068,30.556967608880999,168.91389666065476,9,15,0,20,1,12,2,0.56833333333333336
2026-01-12T06:00:00Z,2026-01-12T16:00:00Z,2026-01-12T17:00:00Z,2026-01-12T17:00:00Z,2026-01-12T00:00:00Z,2026-01-12T04:00:22Z,5.7187890625,0.23793212890625001,5.7237365452417084,3.4513110351562499,1.28795166015625,3.6837979505247769,4.3074804687500432,32.761160039335486,187.51624898165682,10,16,0,21,1,12,1,0.28499999999999998
2026-01-12T06:00:00Z,2026-01-12T16:00:00Z,2026-01-12T17:00:00Z,2026-01-12T17:00:00Z,2026-01-12T00:00:00Z,2026-01-12T04:00:22Z,5.7187890625,0.23793212890625001,5.7237365452417084,3.4513110351562499,1.28795166015625,3.6837979505247769,4.3074804687500432,32.761160039335486,187.51624898165682,10,16,0,21,1,12,2,0.28499999999999998
2026-01-12T06:00:00Z,2026-01-12T17:00:00Z,2026-01-12T18:00:00Z,2026-01-12T18:00:00Z,2026-01-12T00:00:00Z,2026-01-12T04:00:22Z,3.4120776367187502,0.056391601562500004,3.412543598508742,2.1536596679687499,1.245888671875,2.4880692410264063,3.5854492187500568,11.645453811722994,39.740618856924534,11,17,0,22,1,12,1,0.26333333333333336
2026-01-12T06:00:00Z,2026-01-12T17:00:00Z,2026-01-12T18:00:00Z,2026-01-12T18:00:00Z,2026-01-12T00:00:00Z,2026-01-12T04:00:22Z,3.4120776367187502,0.056391601562500004,3.412543598508742,2.1536596679687499,1.245888671875,2.4880692410264063,3.5854492187500568,11.645453811722994,39.740618856924534,11,17,0,22,1,12,2,0.26666666666666666
2026-01-12T06:00:00Z,2026-01-12T18:00:00Z,2026-01-12T19:00:00Z,2026-01-12T19:00:00Z,2026-01-12T00:00:00Z,2026-01-12T04:00:22Z,2.9885888671875001,2.06831787109375,3.6345016485018751,1.7950366210937501,2.2818701171875002,2.9032891180144227,3.6428320312500091,13.209602232962848,48.010321091757518,12,18,0,23,1,12,1,0.11833333333333333
2026-01-12T06:00:00Z,2026-01-12T18:00:00Z,2026-01-12T19:00:00Z,2026-01-12T19:00:00Z,2026-01-12T00:00:00Z,2026-01-12T04:00:22Z,2.9885888671875001,2.06831787109375,3.6345016485018751,1.7950366210937501,2.2818701171875002,2.9032891180144227,3.6428320312500091,13.209602232962848,48.010321091757518,12,18,0,23,1,12,2,0.115
2026-01-12T06:00:00Z,2026-01-12T19:00:00Z,2026-01-12T20:00:00Z,2026-01-12T20:00:00Z,2026-01-12T00:00:00Z,2026-01-12T04:00:22Z,1.9294458007812501,1.39110107421875,2.3786389589101073,1.2066162109375,1.6482202148437501,2.0426826863506595,2.8004882812500114,5.6579232968449595,13.458156780400536,13,19,0,0,1,13,1,0.2233333333333333
2026-01-12T06:00:00Z,2026-01-12T19:00:00Z,2026-01-12T20:00:00Z,2026-01-12T20:00:00Z,2026-01-12T00:00:00Z,2026-01-12T04:00:22Z,1.9294458007812501,1.39110107421875,2.3786389589101073,1.2066162109375,1.6482202148437501,2.0426826863506595,2.8004882812500114,5.6579232968449595,13.458156780400536,13,19,0,0,1,13,2,0.22166666666666668
2026-01-12T06:00:00Z,2026-01-12T20:00:00Z,2026-01-12T21:00:00Z,2026-01-12T21:00:00Z,2026-01-12T00:00:00Z,2026-01-12T04:00:22Z,1.38782958984375,1.8720654296875001,2.3303862219548321,0.73396240234374999,1.46480224609375,1.6383975183744339,2.4435546875000114,5.4306999434769159,12.65562832384949,14,20,0,1,1,13,1,0.13833333333333334
2026-01-12T06:00:00Z,2026-01-12T20:00:00Z,2026-01-12T21:00:00Z,2026-01-12T21:00:00Z,2026-01-12T00:00:00Z,2026-01-12T04:00:22Z,1.38782958984375,1.8720654296875001,2.3303862219548321,0.73396240234374999,1.46480224609375,1.6383975183744339,2.4435546875000114,5.4306999434769159,12.65562832384949,14,20,0,1,1,13,2,0.13833333333333334
2026-01-12T06:00:00Z,2026-01-12T21:00:00Z,2026-01-12T22:00:00Z,2026-01-12T22:00:00Z,2026-01-12T00:00:00Z,2026-01-12T04:00:22Z,1.8187500000000001,-0.0129150390625,1.8187958546065544,1.2867895507812501,-0.49707275390625,1.3794595574629054,2.2801953125000409,3.3080183607339864,6.0166100814653438,15,21,0,2,1,13,1,0.14833333333333334
2026-01-12T06:00:00Z,2026-01-12T21:00:00Z,2026-01-12T22:00:00Z,2026-01-12T22:00:00Z,2026-01-12T00:00:00Z,2026-01-12T04:00:22Z,1.8187500000000001,-0.0129150390625,1.8187958546065544,1.2867895507812501,-0.49707275390625,1.3794595574629054,2.2801953125000409,3.3080183607339864,6.0166100814653438,15,21,0,2,1,13,2,0.14499999999999999
2026-01-12T06:00:00Z,2026-01-12T22:00:00Z,2026-01-12T23:00:00Z,2026-01-12T23:00:00Z,2026-01-12T00:00:00Z,2026-01-12T04:00:22Z,1.538583984375,-0.6855517578125,1.6844055003516993,0.94956298828124996,-0.94693115234375003,1.3410251585979585,1.6191210937500387,2.8372218896150585,4.7790321565858465,16,22,0,3,1,13,1,0.22833333333333336
2026-01-12T06:00:00Z,2026-01-12T22:00:00Z,2026-01-12T23:00:00Z,2026-01-12T23:00:00Z,2026-01-12T00:00:00Z,2026-01-12T04:00:22Z,1.538583984375,-0.6855517578125,1.6844055003516993,0.94956298828124996,-0.94693115234375003,1.3410251585979585,1.6191210937500387,2.8372218896150585,4.7790321565858465,16,22,0,3,1,13,2,0.22333333333333336
2026-01-12T06:00:00Z,2026-01-12T23:00:00Z,2026-01-13T00:00:00Z,2026-01-13T00:00:00Z,2026-01-12T00:00:00Z,2026-01-12T04:00:22Z,1.251689453125,-0.64559570312500003,1.408375056211173,0.47300781250000001,-0.80581298828125003,0.93438266399200343,1.1126757812500045,1.9835202989578247,2.7935405125407291,17,23,0,4,1,13,1,0.17666666666666667
2026-01-12T06:00:00Z,2026-01-12T23:00:00Z,2026-01-13T00:00:00Z,2026-01-13T00:00:00Z,2026-01-12T00:00:00Z,2026-01-12T04:00:22Z,1.251689453125,-0.64559570312500003,1.408375056211173,0.47300781250000001,-0.80581298828125003,0.93438266399200343,1.1126757812500045,1.9835202989578247,2.7935405125407291,17,23,0,4,1,13,2,0.17166666666666666
2026-01-12T06:00:00Z,2026-01-13T00:00:00Z,2026-01-13T01:00:00Z,2026-01-13T01:00:00Z,2026-01-12T00:00:00Z,2026-01-12T04:00:22Z,-0.35158691406250003,0.014833984375,0.35189970905419848,-1.2082666015625001,-0.13904541015624999,1.2162408505460229,1.27703125000005,0.12383340523242954,0.043576939272482615,18,24,0,5,1,13,1,0.045000000000000005
2026-01-12T06:00:00Z,2026-01-13T00:00:00Z,2026-01-13T01:00:00Z,2026-01-13T01:00:00Z,2026-01-12T00:00:00Z,2026-01-12T04:00:22Z,-0.35158691406250003,0.014833984375,0.35189970905419848,-1.2082666015625001,-0.13904541015624999,1.2162408505460229,1.27703125000005,0.12383340523242954,0.043576939272482615,18,24,0,5,1,13,2,0.048333333333333339
2026-01-12T06:00:00Z,2026-01-13T01:00:00Z,2026-01-13T02:00:00Z,2026-01-13T02:00:00Z,2026-01-12T00:00:00Z,2026-01-12T04:00:22Z,-1.5296533203125,0.31068603515624998,1.5608859960881725,-2.2781542968749999,-0.15831542968750001,2.2836485665809358,1.424160156250025,2.4363650927841665,3.8028881546848665,19,25,0,6,1,13,1,0.01
2026-01-12T06:00:00Z,2026-01-13T01:00:00Z,2026-01-13T02:00:00Z,2026-01-13T02:00:00Z,2026-01-12T00:00:00Z,2026-01-12T04:00:22Z,-1.5296533203125,0.31068603515624998,1.5608859960881725,-2.2781542968749999,-0.15831542968750001,2.2836485665809358,1.424160156250025,2.4363650927841665,3.8028881546848665,19,25,0,6,1,13,2,0.0083333333333333332
2026-01-12T06:00:00Z,2026-01-13T02:00:00Z,2026-01-13T03:00:00Z,2026-01-13T03:00:00Z,2026-01-12T00:00:00Z,2026-01-12T04:00:22Z,-3.1903100585937501,-0.48923828125000002,3.2276047412601363,-3.6434350585937501,-1.10361572265625,3.8069130131228532,0.39882812500002274,10.417432365804911,33.623354095628734,20,26,0,7,1,13,1,0.021666666666666667
2026-01-12T06:00:00Z,2026-01-13T02:00:00Z,2026-01-13T03:00:00Z,2026-01-13T03:00:00Z,2026-01-12T00:00:00Z,2026-01-12T04:00:22Z,-3.1903100585937501,-0.48923828125000002,3.2276047412601363,-3.6434350585937501,-1.10361572265625,3.8069130131228532,0.39882812500002274,10.417432365804911,33.623354095628734,20,26,0,7,1,13,2,0.021666666666666667
2026-01-12T06:00:00Z,2026-01-13T03:00:00Z,2026-01-13T04:00:00Z,2026-01-13T04:00:00Z,2026-01-12T00:00:00Z,2026-01-12T04:00:22Z,-4.9103955078124999,-1.0378173828124999,5.0188692913058581,-4.2758276367187502,-1.3672265625,4.4890990690931982,-0.49029296874999773,25.189048963212965,126.42054431866922,21,27,0,8,1,13,1,0.11333333333333334
2026-01-12T06:00:00Z,2026-01-13T03:00:00Z,2026-01-13T04:00:00Z,2026-01-13T04:00:00Z,2026-01-12T00:00:00Z,2026-01-12T04:00:22Z,-4.9103955078124999,-1.0378173828124999,5.0188692913058581,-4.2758276367187502,-1.3672265625,4.4890990690931982,-0.49029296874999773,25.189048963212965,126.42054431866922,21,27,0,8,1,13,2,0.11
2026-01-12T06:00:00Z,2026-01-13T04:00:00Z,2026-01-13T05:00:00Z,2026-01-13T05:00:00Z,2026-01-12T00:00:00Z,2026-01-12T04:00:22Z,-5.8556640624999998,-2.86328125,6.5182191685655653,-4.5873559570312503,-2.6677416992187499,5.3066637777666523,0.81208984375001592,42.487181129455571,276.94075845633449,22,28,0,9,1,13,1,0.14833333333333334
2026-01-12T06:00:00Z,2026-01-13T04:00:00Z,2026-01-13T05:00:00Z,2026-01-13T05:00:00Z,2026-01-12T00:00:00Z,2026-01-12T04:00:22Z,-5.8556640624999998,-2.86328125,6.5182191685655653,-4.5873559570312503,-2.6677416992187499,5.3066637777666523,0.81208984375001592,42.487181129455571,276.94075845633449,22,28,0,9,1,13,2,0.11166666666666668
2026-01-12T06:00:00Z,2026-01-13T05:00:00Z,2026-01-13T06:00:00Z,2026-01-13T06:00:00Z,2026-01-12T00:00:00Z,2026-01-12T04:00:22Z,-7.4722241210937499,-2.12648681640625,7.7689175240959312,-6.2191699218750003,-1.8807031250000001,6.4973162737810037,1.8704296875000068,60.356079496204856,468.90140368379303,23,29,0,10,1,13,1,0.18000000000000002
2026-01-12T06:00:00Z,2026-01-13T05:00:00Z,2026-01-13T06:00:00Z,2026-01-13T06:00:00Z,2026-01-12T00:00:00Z,2026-01-12T04:00:22Z,-7.4722241210937499,-2.12648681640625,7.7689175240959312,-6.2191699218750003,-1.8807031250000001,6.4973162737810037,1.8704296875000068,60.356079496204856,468.90140368379303,23,29,0,10,1,13,2,0.16833333333333333
2026-01-12T06:00:00Z,2026-01-13T06:00:00Z,2026-01-13T07:00:00Z,2026-01-13T07:00:00Z,2026-01-12T00:00:00Z,2026-01-12T04:00:22Z,-8.5062011718750004,-2.9054467773437502,8.9887195613382449,-6.9012060546875,-2.4404321289062501,7.3199968569018727,2.9670117187500296,80.797079352384813,726.26228767377972,24,30,0,11,1,13,1,0.23333333333333331
2026-01-12T06:00:00Z,2026-01-13T06:00:00Z,2026-01-13T07:00:00Z,2026-01-13T07:00:00Z,2026-01-12T00:00:00Z,2026-01-12T04:00:22Z,-8.5062011718750004,-2.9054467773437502,8.9887195613382449,-6.9012060546875,-2.4404321289062501,7.3199968569018727,2.9670117187500296,80.797079352384813,726.26228767377972,24,30,0,11,1,13,2,0.23333333333333331
2026-01-12T06:00:00Z,2026-01-13T07:00:00Z,2026-01-13T08:00:00Z,2026-01-13T08:00:00Z,2026-01-12T00:00:00Z,2026-01-12T04:00:22Z,-8.495361328125,-2.7270581054687502,8.9223320945818063,-6.8596679687500002,-2.3916137695312503,7.2646308277920237,4.1893945312500023,79.608010006004562,710.28910266236403,25,31,0,12,1,13,1,0.51500000000000001
2026-01-12T06:00:00Z,2026-01-13T07:00:00Z,2026-01-13T08:00:00Z,2026-01-13T08:00:00Z,2026-01-12T00:00:00Z,2026-01-12T04:00:22Z,-8.495361328125,-2.7270581054687502,8.9223320945818063,-6.8596679687500002,-2.3916137695312503,7.2646308277920237,4.1893945312500023,79.608010006004562,710.28910266236403,25,31,0,12,1,13,2,0.5033333333333333
2026-01-12T06:00:00Z,2026-01-13T08:00:00Z,2026-01-13T09:00:00Z,2026-01-13T09:00:00Z,2026-01-12T00:00:00Z,2026-01-12T04:00:22Z,-8.5217138671875006,-3.5484350585937499,9.2309803704304869,-6.8585717773437498,-3.0586279296874999,7.5096745360395376,5.2657226562500341,85.210998599272969,786.58105541466853,26,32,0,13,1,13,1,0.64000000000000001
2026-01-12T06:00:00Z,2026-01-13T08:00:00Z,2026-01-13T09:00:00Z,2026-01-13T09:00:00Z,2026-01-12T00:00:00Z,2026-01-12T04:00:22Z,-8.5217138671875006,-3.5484350585937499,9.2309803704304869,-6.8585717773437498,-3.0586279296874999,7.5096745360395376,5.2657226562500341,85.210998599272969,786.58105541466853,26,32,0,13,1,13,2,0.70666666666666667
2026-01-12T06:00:00Z,2026-01-13T09:00:00Z,2026-01-13T10:00:00Z,2026-01-13T10:00:00Z,2026-01-12T00:00:00Z,2026-01-12T04:00:22Z,-9.3419091796874998,-4.1387060546874999,10.217639400988691,-7.3920117187500001,-3.4525854492187502,8.1585650413718209,5.5193164062500273,104.40015492863654,1066.7231364681604,27,33,0,14,1,13,1,0.78333333333333333
2026-01-12T06:00:00Z,2026-01-13T09:00:00Z,2026-01-13T10:00:00Z,2026-01-13T10:00:00Z,2026-01-12T00:00:00Z,2026-01-12T04:00:22Z,-9.3419091796874998,-4.1387060546874999,10.217639400988691,-7.3920117187500001,-3.4525854492187502,8.1585650413718209,5.5193164062500273,104.40015492863654,1066.7231364681604,27,33,0,14,1,13,2,0.81666666666666676
2026-01-12T06:00:00Z,2026-01-13T10:00:00Z,2026-01-13T11:00:00Z,2026-01-13T11:00:00Z,2026-01-12T00:00:00Z,2026-01-12T04:00:22Z,-10.169453125,-4.9333349609374997,11.302900985958448,-7.5417944335937506,-3.801962890625,8.4459212108730508,5.1711328125000477,127.75557069838047,1444.0085660084089,28,34,0,15,1,13,1,0.98499999999999999
2026-01-12T06:00:00Z,2026-01-13T10:00:00Z,2026-01-13T11:00:00Z,2026-01-13T11:00:00Z,2026-01-12T00:00:00Z,2026-01-12T04:00:22Z,-10.169453125,-4.9333349609374997,11.302900985958448,-7.5417944335937506,-3.801962890625,8.4459212108730508,5.1711328125000477,127.75557069838047,1444.0085660084089,28,34,0,15,1,13,2,0.98333333333333339
2026-01-12T06:00:00Z,2026-01-13T11:00:00Z,2026-01-13T12:00:00Z,2026-01-13T12:00:00Z,2026-01-12T00:00:00Z,2026-01-12T04:00:22Z,-11.5282421875,-5.8797949218749999,12.94111109051158,-7.9836840820312505,-4.6846899414062504,9.2566479553233556,4.2820117187500273,167.4723562569618,2167.278366911075,29,35,0,16,1,13,1,0.98999999999999988
2026-01-12T06:00:00Z,2026-01-13T11:00:00Z,2026-01-13T12:00:00Z,2026-01-13T12:00:00Z,2026-01-12T00:00:00Z,2026-01-12T04:00:22Z,-11.5282421875,-5.8797949218749999,12.94111109051158,-7.9836840820312505,-4.6846899414062504,9.2566479553233556,4.2820117187500273,167.4723562569618,2167.278366911075,29,35,0,16,1,13,2,0.98833333333333329
2026-01-12T06:00:00Z,2026-01-13T12:00:00Z,2026-01-13T13:00:00Z,2026-01-13T13:00:00Z,2026-01-12T00:00:00Z,2026-01-12T04:00:22Z,-13.4229931640625,-5.6290380859375002,14.555508072733275,-9.1887158203125008,-4.6369750976562498,10.292426170866879,3.2633398437500318,211.86281525540355,3083.770917762025,30,36,0,17,1,13,1,0.98999999999999988
2026-01-12T06:00:00Z,2026-01-13T12:00:00Z,2026-01-13T13:00:00Z,2026-01-13T13:00:00Z,2026-01-12T00:00:00Z,2026-01-12T04:00:22Z,-13.4229931640625,-5.6290380859375002,14.555508072733275,-9.1887158203125008,-4.6369750976562498,10.292426170866879,3.2633398437500318,211.86281525540355,3083.770917762025,30,36,0,17,1,13,2,0.98999999999999988
2026-01-12T06:00:00Z,2026-01-13T13:00:00Z,2026-01-13T14:00:00Z,2026-01-13T14:00:00Z,2026-01-12T00:00:00Z,2026-01-12T04:00:22Z,-13.465283203125001,-5.31276611328125,14.475473585164316,-9.2616796875000009,-4.3712060546874998,10.241394094867493,2.3200195312500114,209.53933551478985,3033.1811162972235,31,37,0,18,1,13,1,0.98999999999999988
2026-01-12T06:00:00Z,2026-01-13T13:00:00Z,2026-01-13T14:00:00Z,2026-01-13T14:00:00Z,2026-01-12T00:00:00Z,2026-01-12T04:00:22Z,-13.465283203125001,-5.31276611328125,14.475473585164316,-9.2616796875000009,-4.3712060546874998,10.241394094867493,2.3200195312500114,209.53933551478985,3033.1811162972235,31,37,0,18,1,13,2,0.98999999999999988
2026-01-12T06:00:00Z,2026-01-13T14:00:00Z,2026-01-13T15:00:00Z,2026-01-13T15:00:00Z,2026-01-12T00:00:00Z,2026-01-12T04:00:22Z,-12.813623046875,-5.1958935546875002,13.82701144206691,-8.7307958984375009,-4.1515527343750005,9.6675843480400854,1.4686718750000409,191.18624541904924,2643.5344029750063,32,38,0,19,1,13,1,0.98999999999999988
2026-01-12T06:00:00Z,2026-01-13T14:00:00Z,2026-01-13T15:00:00Z,2026-01-13T15:00:00Z,2026-01-12T00:00:00Z,2026-01-12T04:00:22Z,-12.813623046875,-5.1958935546875002,13.82701144206691,-8.7307958984375009,-4.1515527343750005,9.6675843480400854,1.4686718750000409,191.18624541904924,2643.5344029750063,32,38,0,19,1,13,2,0.9916666666666667
2026-01-12T06:00:00Z,2026-01-13T15:00:00Z,2026-01-13T16:00:00Z,2026-01-13T16:00:00Z,2026-01-12T00:00:00Z,2026-01-12T04:00:22Z,-11.994240722656251,-5.3573950195312499,13.136342409830972,-7.9993481445312504,-4.1486352539062503,9.0111456101524254,0.78480468750001364,172.56349190832378,2266.8531171438376,33,39,0,20,1,13,1,0.98999999999999988
2026-01-12T06:00:00Z,2026-01-13T15:00:00Z,2026-01-13T16:00:00Z,2026-01-13T16:00:00Z,2026-01-12T00:00:00Z,2026-01-12T04:00:22Z,-11.994240722656251,-5.3573950195312499,13.136342409830972,-7.9993481445312504,-4.1486352539062503,9.0111456101524254,0.78480468750001364,172.56349190832378,2266.8531171438376,33,39,0,20,1,13,2,0.995
2026-01-12T06:00:00Z,2026-01-13T16:00:00Z,2026-01-13T17:00:00Z,2026-01-13T17:00:00Z,2026-01-12T00:00:00Z,2026-01-12T04:00:22Z,-10.951953125000001,-5.4729467773437497,12.24330117573829,-7.1333349609374999,-4.0729833984374997,8.2142352917895334,0.28218750000002046,149.89842367983459,1835.2515468806353,34,40,0,21,1,13,1,0.92666666666666664
2026-01-12T06:00:00Z,2026-01-13T16:00:00Z,2026-01-13T17:00:00Z,2026-01-13T17:00:00Z,2026-01-12T00:00:00Z,2026-01-12T04:00:22Z,-10.951953125000001,-5.4729467773437497,12.24330117573829,-7.1333349609374999,-4.0729833984374997,8.2142352917895334,0.28218750000002046,149.89842367983459,1835.2515468806353,34,40,0,21,1,13,2,0.97000000000000008
2026-01-12T06:00:00Z,2026-01-13T17:00:00Z,2026-01-13T18:00:00Z,2026-01-13T18:00:00Z,2026-01-12T00:00:00Z,2026-01-12T04:00:22Z,-9.7542968749999996,-5.2689257812500001,11.086382927445529,-6.1774731445312501,-3.7624877929687499,7.2330829418473881,-0.05906249999998181,122.90788641395569,1362.6038935880927,35,41,0,22,1,13,1,0.95166666666666666
2026-01-12T06:00:00Z,2026-01-13T17:00:00Z,2026-01-13T18:00:00Z,2026-01-13T18:00:00Z,2026-01-12T00:00:00Z,2026-01-12T04:00:22Z,-9.7542968749999996,-5.2689257812500001,11.086382927445529,-6.1774731445312501,-3.7624877929687499,7.2330829418473881,-0.05906249999998181,122.90788641395569,1362.6038935880927,35,41,0,22,1,13,2,0.97333333333333327
2026-01-12T06:00:00Z,2026-01-13T18:00:00Z,2026-01-13T19:00:00Z,2026-01-13T19:00:00Z,2026-01-12T00:00:00Z,2026-01-12T04:00:22Z,-8.9586328124999994,-5.0298339843750002,10.274061114261261,-5.5825317382812498,-3.39499755859375,6.5338096874469027,-0.26472656249995907,105.55633177957536,1084.4922037005954,36,42,0,23,1,13,1,0.91833333333333333
2026-01-12T06:00:00Z,2026-01-13T18:00:00Z,2026-01-13T19:00:00Z,2026-01-13T19:00:00Z,2026-01-12T00:00:00Z,2026-01-12T04:00:22Z,-8.9586328124999994,-5.0298339843750002,10.274061114261261,-5.5825317382812498,-3.39499755859375,6.5338096874469027,-0.26472656249995907,105.55633177957536,1084.4922037005954,36,42,0,23,1,13,2,0.84500000000000008
2026-01-12T06:00:00Z,2026-01-13T19:00:00Z,2026-01-13T20:00:00Z,2026-01-13T20:00:00Z,2026-01-12T00:00:00Z,2026-01-12T04:00:22Z,-8.6176123046874995,-5.0070776367187504,9.9666477962266935,-5.1976269531249999,-3.2362377929687502,6.12279029499547,-0.4303124999999568,99.334068294030402,990.02767285292998,37,43,0,0,1,14,1,0.7583333333333333
2026-01-12T06:00:00Z,2026-01-13T19:00:00Z,2026-01-13T20:00:00Z,2026-01-13T20:00:00Z,2026-01-12T00:00:00Z,2026-01-12T04:00:22Z,-8.6176123046874995,-5.0070776367187504,9.9666477962266935,-5.1976269531249999,-3.2362377929687502,6.12279029499547,-0.4303124999999568,99.334068294030402,990.02767285292998,37,43,0,0,1,14,2,0.70000000000000007
2026-01-12T06:00:00Z,2026-01-13T20:00:00Z,2026-01-13T21:00:00Z,2026-01-13T21:00:00Z,2026-01-12T00:00:00Z,2026-01-12T04:00:22Z,-8.5848730468749999,-5.0359399414062498,9.9529260182326098,-4.9400585937499999,-3.1623706054687499,5.8655576679473551,-0.46152343749997726,99.060736324411636,985.94417994851676,38,44,0,1,1,14,1,0.83833333333333337
2026-01-12T06:00:00Z,2026-01-13T20:00:00Z,2026-01-13T21:00:00Z,2026-01-13T21:00:00Z,2026-01-12T00:00:00Z,2026-01-12T04:00:22Z,-8.5848730468749999,-5.0359399414062498,9.9529260182326098,-4.9400585937499999,-3.1623706054687499,5.8655576679473551,-0.46152343749997726,99.060736324411636,985.94417994851676,38,44,0,1,1,14,2,0.79000000000000004
2026-01-12T06:00:00Z,2026-01-13T21:00:00Z,2026-01-13T22:00:00Z,2026-01-13T22:00:00Z,2026-01-12T00:00:00Z,2026-01-12T04:00:22Z,-8.8018310546875007,-4.9863916015625005,10.11614210652432,-5.0591674804687505,-3.0206347656250001,5.8923178786225483,-0.47919921874995453,102.3363311193943,1035.2488682641199,39,45,0,2,1,14,1,0.93500000000000005
2026-01-12T06:00:00Z,2026-01-13T21:00:00Z,2026-01-13T22:00:00Z,2026-01-13T22:00:00Z,2026-01-12T00:00:00Z,2026-01-12T04:00:22Z,-8.8018310546875007,-4.9863916015625005,10.11614210652432,-5.0591674804687505,-3.0206347656250001,5.8923178786225483,-0.47919921874995453,102.3363311193943,1035.2488682641199,39,45,0,2,1,14,2,0.91333333333333322
2026-01-12T06:00:00Z,2026-01-13T22:00:00Z,2026-01-13T23:00:00Z,2026-01-13T23:00:00Z,2026-01-12T00:00:00Z,2026-01-12T04:00:22Z,-8.8953173828125003,-4.9524804687500001,10.181047791574128,-5.2022998046874998,-3.0642138671875001,6.0376593048726894,-0.47394531249994998,103.65373413431644,1055.3036209965942,40,46,0,3,1,14,1,0.86333333333333329
2026-01-12T06:00:00Z,2026-01-13T22:00:00Z,2026-01-13T23:00:00Z,2026-01-13T23:00:00Z,2026-01-12T00:00:00Z,2026-01-12T04:00:22Z,-8.8953173828125003,-4.9524804687500001,10.181047791574128,-5.2022998046874998,-3.0642138671875001,6.0376593048726894,-0.47394531249994998,103.65373413431644,1055.3036209965942,40,46,0,3,1,14,2,0.7583333333333333
2026-01-12T06:00:00Z,2026-01-13T23:00:00Z,2026-01-14T00:00:00Z,2026-01-14T00:00:00Z,2026-01-12T00:00:00Z,2026-01-12T04:00:22Z,-8.7785351562499994,-4.8921850585937499,10.049684280465986,-5.2211352539062501,-3.0119360351562499,6.0276041691086046,-0.48736328124999773,100.99615413704514,1014.9794626185823,41,47,0,4,1,14,1,0.56999999999999995
2026-01-12T06:00:00Z,2026-01-13T23:00:00Z,2026-01-14T00:00:00Z,2026-01-14T00:00:00Z,2026-01-12T00:00:00Z,2026-01-12T04:00:22Z,-8.7785351562499994,-4.8921850585937499,10.049684280465986,-5.2211352539062501,-3.0119360351562499,6.0276041691086046,-0.48736328124999773,100.99615413704514,1014.9794626185823,41,47,0,4,1,14,2,0.5
2026-01-12T06:00:00Z,2026-01-14T00:00:00Z,2026-01-14T01:00:00Z,2026-01-14T01:00:00Z,2026-01-12T00:00:00Z,2026-01-12T04:00:22Z,-8.802128906250001,-4.6922558593749999,9.9747049245619728,-5.1618115234374997,-2.8525439453125001,5.8975677328396294,-0.64765624999995453,99.494738332080871,992.43065640901193,42,48,0,5,1,14,1,0.36000000000000004
2026-01-12T06:00:00Z,2026-01-14T00:00:00Z,2026-01-14T01:00:00Z,2026-01-14T01:00:00Z,2026-01-12T00:00:00Z,2026-01-12T04:00:22Z,-8.802128906250001,-4.6922558593749999,9.9747049245619728,-5.1618115234374997,-2.8525439453125001,5.8975677328396294,-0.64765624999995453,99.494738332080871,992.43065640901193,42,48,0,5,1,14,2,0.29999999999999999
2026-01-12T06:00:00Z,2026-01-14T01:00:00Z,2026-01-14T02:00:00Z,2026-01-14T02:00:00Z,2026-01-12T00:00:00Z,2026-01-12T04:00:22Z,-8.3805444335937498,-4.8425634765624999,9.679046752029679,-4.9123339843750005,-3.0400927734375003,5.7769532839683304,-0.60781249999996589,93.683946027976276,906.77129351940755,43,49,0,6,1,14,1,0.091666666666666674
2026-01-12T06:00:00Z,2026-01-14T01:00:00Z,2026-01-14T02:00:00Z,2026-01-14T02:00:00Z,2026-01-12T00:00:00Z,2026-01-12T04:00:22Z,-8.3805444335937498,-4.8425634765624999,9.679046752029679,-4.9123339843750005,-3.0400927734375003,5.7769532839683304,-0.60781249999996589,93.683946027976276,906.77129351940755,43,49,0,6,1,14,2,0.063333333333333339
2026-01-12T06:00:00Z,2026-01-14T02:00:00Z,2026-01-14T03:00:00Z,2026-01-14T03:00:00Z,2026-01-12T00:00:00Z,2026-01-12T04:00:22Z,-7.9724755859375005,-4.4676464843749999,9.1389404242350647,-4.58315185546875,-2.7100048828125001,5.3244161553314218,-0.86152343749995453,83.520232077717779,763.28642517654919,44,50,0,7,1,14,1,0.036666666666666674
2026-01-12T06:00:00Z,2026-01-14T02:00:00Z,2026-01-14T03:00:00Z,2026-01-14T03:00:00Z,2026-01-12T00:00:00Z,2026-01-12T04:00:22Z,-7.9724755859375005,-4.4676464843749999,9.1389404242350647,-4.58315185546875,-2.7100048828125001,5.3244161553314218,-0.86152343749995453,83.520232077717779,763.28642517654919,44,50,0,7,1,14,2,0.031666666666666669
2026-01-12T06:00:00Z,2026-01-14T03:00:00Z,2026-01-14T04:00:00Z,2026-01-14T04:00:00Z,2026-01-12T00:00:00Z,2026-01-12T04:00:22Z,-7.5431469726562499,-4.1594482421874996,8.6139465943625293,-4.5645288085937503,-2.6417968750000003,5.2738993139082631,-0.65419921874996589,74.20007593052982,639.15549136322841,45,51,0,8,1,14,1,0.31666666666666665
2026-01-12T06:00:00Z,2026-01-14T03:00:00Z,2026-01-14T04:00:00Z,2026-01-14T04:00:00Z,2026-01-12T00:00:00Z,2026-01-12T04:00:22Z,-7.5431469726562499,-4.1594482421874996,8.6139465943625293,-4.5645288085937503,-2.6417968750000003,5.2738993139082631,-0.65419921874996589,74.20007593052982,639.15549136322841,45,51,0,8,1,14,2,0.34833333333333333
2026-01-12T06:00:00Z,2026-01-14T04:00:00Z,2026-01-14T05:00:00Z,2026-01-14T05:00:00Z,2026-01-12T00:00:00Z,2026-01-12T04:00:22Z,-6.7322412109375005,-3.8675097656249999,7.7640648831298389,-4.6749560546874998,-2.9550073242187502,5.5305770403680095,0.14666015625005002,60.280703509449957,468.02329324808204,46,52,0,9,1,14,1,0.26000000000000001
2026-01-12T06:00:00Z,2026-01-14T04:00:00Z,2026-01-14T05:00:00Z,2026-01-14T05:00:00Z,2026-01-12T00:00:00Z,2026-01-12T04:00:22Z,-6.7322412109375005,-3.8675097656249999,7.7640648831298389,-4.6749560546874998,-2.9550073242187502,5.5305770403680095,0.14666015625005002,60.280703509449957,468.02329324808204,46,52,0,9,1,14,2,0.26333333333333336
2026-01-12T06:00:00Z,2026-01-14T05:00:00Z,2026-01-14T06:00:00Z,2026-01-14T06:00:00Z,2026-01-12T00:00:00Z,2026-01-12T04:00:22Z,-6.5550854492187502,-3.36769775390625,7.3695680611705177,-5.0732910156250002,-2.7215551757812499,5.7571819759360618,1.121425781250025,54.310533408224586,400.2451723903863,47,53,0,10,1,14,1,0.045000000000000005
2026-01-12T06:00:00Z,2026-01-14T05:00:00Z,2026-01-14T06:00:00Z,2026-01-14T06:00:00Z,2026-01-12T00:00:00Z,2026-01-12T04:00:22Z,-6.5550854492187502,-3.36769775390625,7.3695680611705177,-5.0732910156250002,-2.7215551757812499,5.7571819759360618,1.121425781250025,54.310533408224586,400.2451723903863,47,53,0,10,1,14,2,0.056666666666666671
2026-01-19T06:00:00Z,2026-01-19T06:00:00Z,2026-01-19T07:00:00Z,2026-01-19T07:00:00Z,2026-01-19T00:00:00Z,2026-01-19T04:02:18Z,-9.3971069335937507,-5.7127416992187499,10.997319511744145,-6.9924902343750004,-4.5758251953125004,8.3566198846116269,-9.0634960937499613,120.94103644338848,1330.0272198494358,0,6,0,11,1,19,1,0.28666666666666668
2026-01-19T06:00:00Z,2026-01-19T06:00:00Z,2026-01-19T07:00:00Z,2026-01-19T07:00:00Z,2026-01-19T00:00:00Z,2026-01-19T04:02:18Z,-9.3971069335937507,-5.7127416992187499,10.997319511744145,-6.9924902343750004,-4.5758251953125004,8.3566198846116269,-9.0634960937499613,120.94103644338848,1330.0272198494358,0,6,0,11,1,19,2,0.30166666666666669
2026-01-19T06:00:00Z,2026-01-19T07:00:00Z,2026-01-19T08:00:00Z,2026-01-19T08:00:00Z,2026-01-19T00:00:00Z,2026-01-19T04:02:18Z,-9.9003442382812494,-5.9116845703125005,11.531037702450705,-7.3922705078125004,-4.8568090820312504,8.8450131554439029,-8.0747656249999977,132.96483049533964,1533.2224735417287,1,7,0,12,1,19,1,0.36999999999999994
2026-01-19T06:00:00Z,2026-01-19T07:00:00Z,2026-01-19T08:00:00Z,2026-01-19T08:00:00Z,2026-01-19T00:00:00Z,2026-01-19T04:02:18Z,-9.9003442382812494,-5.9116845703125005,11.531037702450705,-7.3922705078125004,-4.8568090820312504,8.8450131554439029,-8.0747656249999977,132.96483049533964,1533.2224735417287,1,7,0,12,1,19,2,0.33333333333333331
2026-01-19T06:00:00Z,2026-01-19T08:00:00Z,2026-01-19T09:00:00Z,2026-01-19T09:00:00Z,2026-01-19T00:00:00Z,2026-01-19T04:02:18Z,-9.6853540039062498,-5.7319848632812498,11.254409476017308,-7.1037329101562499,-4.5710742187499998,8.4473511097951821,-7.4294140624999727,126.66173265386819,1425.503004228465,2,8,0,13,1,19,1,0.35666666666666669
2026-01-19T06:00:00Z,2026-01-19T08:00:00Z,2026-01-19T09:00:00Z,2026-01-19T09:00:00Z,2026-01-19T00:00:00Z,2026-01-19T04:02:18Z,-9.6853540039062498,-5.7319848632812498,11.254409476017308,-7.1037329101562499,-4.5710742187499998,8.4473511097951821,-7.4294140624999727,126.66173265386819,1425.503004228465,2,8,0,13,1,19,2,0.29166666666666669
2026-01-19T06:00:00Z,2026-01-19T09:00:00Z,2026-01-19T10:00:00Z,2026-01-19T10:00:00Z,2026-01-19T00:00:00Z,2026-01-19T04:02:18Z,-9.1352075195312494,-5.6095166015625004,10.720013662682785,-6.4403857421874999,-4.3429541015625004,7.7678709333028042,-7.1358203124999591,114.91869292810557,1231.9299582869392,3,9,0,14,1,19,1,0.3133333333333333
2026-01-19T06:00:00Z,2026-01-19T09:00:00Z,2026-01-19T10:00:00Z,2026-01-19T10:00:00Z,2026-01-19T00:00:00Z,2026-01-19T04:02:18Z,-9.1352075195312494,-5.6095166015625004,10.720013662682785,-6.4403857421874999,-4.3429541015625004,7.7678709333028042,-7.1358203124999591,114.91869292810557,1231.9299582869392,3,9,0,14,1,19,2,0.30499999999999999
2026-01-19T06:00:00Z,2026-01-19T10:00:00Z,2026-01-19T11:00:00Z,2026-01-19T11:00:00Z,2026-01-19T00:00:00Z,2026-01-19T04:02:18Z,-8.4833154296875009,-5.7264770507812504,10.235193212279793,-5.6058227539062502,-4.1885546874999999,6.9978024492258477,-7.2663085937499545,104.75918009269834,1072.2304490087824,4,10,0,15,1,19,1,0.28833333333333333
2026-01-19T06:00:00Z,2026-01-19T10:00:00Z,2026-01-19T11:00:00Z,2026-01-19T11:00:00Z,2026-01-19T00:00:00Z,2026-01-19T04:02:18Z,-8.4833154296875009,-5.7264770507812504,10.235193212279793,-5.6058227539062502,-4.1885546874999999,6.9978024492258477,-7.2663085937499545,104.75918009269834,1072.2304490087824,4,10,0,15,1,19,2,0.27999999999999997
2026-01-19T06:00:00Z,2026-01-19T11:00:00Z,2026-01-19T12:00:00Z,2026-01-19T12:00:00Z,2026-01-19T00:00:00Z,2026-01-19T04:02:18Z,-8.6147607421874994,-5.3305810546875003,10.130606942613468,-5.0530859374999997,-3.5990380859375,6.2037692281216357,-8.1729101562499977,102.6291970257282,1039.6960559036877,5,11,0,16,1,19,1,0.26333333333333331
2026-01-19T06:00:00Z,2026-01-19T11:00:00Z,2026-01-19T12:00:00Z,2026-01-19T12:00:00Z,2026-01-19T00:00:00Z,2026-01-19T04:02:18Z,-8.6147607421874994,-5.3305810546875003,10.130606942613468,-5.0530859374999997,-3.5990380859375,6.2037692281216357,-8.1729101562499977,102.6291970257282,1039.6960559036877,5,11,0,16,1,19,2,0.16833333333333333
2026-01-19T06:00:00Z,2026-01-19T12:00:00Z,2026-01-19T13:00:00Z,2026-01-19T13:00:00Z,2026-01-19T00:00:00Z,2026-01-19T04:02:18Z,-8.2148999023437508,-5.0119458007812501,9.6231066249676438,-4.2084838867187502,-2.5025659179687501,4.8963427983087673,-9.98810546874995,92.604181115496161,891.13990879223468,6,12,0,17,1,19,1,0.22833333333333336
2026-01-19T06:00:00Z,2026-01-19T12:00:00Z,2026-01-19T13:00:00Z,2026-01-19T13:00:00Z,2026-01-19T00:00:00Z,2026-01-19T04:02:18Z,-8.2148999023437508,-5.0119458007812501,9.6231066249676438,-4.2084838867187502,-2.5025659179687501,4.8963427983087673,-9.98810546874995,92.604181115496161,891.13990879223468,6,12,0,17,1,19,2,0.30666666666666664
2026-01-19T06:00:00Z,2026-01-19T13:00:00Z,2026-01-19T14:00:00Z,2026-01-19T14:00:00Z,2026-01-19T00:00:00Z,2026-01-19T04:02:18Z,-7.4625585937499999,-4.1462866210937497,8.5370646893070337,-4.1040722656249997,-1.7715429687499999,4.4700977228243994,-10.376308593749968,72.881473509412999,622.19385400187571,7,13,0,18,1,19,1,0.42166666666666669
2026-01-19T06:00:00Z,2026-01-19T13:00:00Z,2026-01-19T14:00:00Z,2026-01-19T14:00:00Z,2026-01-19T00:00:00Z,2026-01-19T04:02:18Z,-7.4625585937499999,-4.1462866210937497,8.5370646893070337,-4.1040722656249997,-1.7715429687499999,4.4700977228243994,-10.376308593749968,72.881473509412999,622.19385400187571,7,13,0,18,1,19,2,0.48166666666666669
2026-01-19T06:00:00Z,2026-01-19T14:00:00Z,2026-01-19T15:00:00Z,2026-01-19T15:00:00Z,2026-01-19T00:00:00Z,2026-01-19T04:02:18Z,-7.2203247070312502,-3.8086083984374999,8.163246095005011,-4.1633203124999998,-1.5971508789062501,4.4591621359248759,-10.483105468749955,66.638586807614558,543.987183533912,8,14,0,19,1,19,1,0.36166666666666664
2026-01-19T06:00:00Z,2026-01-19T14:00:00Z,2026-01-19T15:00:00Z,2026-01-19T15:00:00Z,2026-01-19T00:00:00Z,2026-01-19T04:02:18Z,-7.2203247070312502,-3.8086083984374999,8.163246095005011,-4.1633203124999998,-1.5971508789062501,4.4591621359248759,-10.483105468749955,66.638586807614558,543.987183533912,8,14,0,19,1,19,2,0.29499999999999998
2026-01-19T06:00:00Z,2026-01-19T15:00:00Z,2026-01-19T16:00:00Z,2026-01-19T16:00:00Z,2026-01-19T00:00:00Z,2026-01-19T04:02:18Z,-7.1169628906250004,-3.4931469726562501,7.9280033147767339,-4.2824999999999998,-1.4787329101562501,4.530613343641142,-10.216445312499957,62.853236559110883,498.30066778507728,9,15,0,20,1,19,1,0.32666666666666666
2026-01-19T06:00:00Z,2026-01-19T15:00:00Z,2026-01-19T16:00:00Z,2026-01-19T16:00:00Z,2026-01-19T00:00:00Z,2026-01-19T04:02:18Z,-7.1169628906250004,-3.4931469726562501,7.9280033147767339,-4.2824999999999998,-1.4787329101562501,4.530613343641142,-10.216445312499957,62.853236559110883,498.30066778507728,9,15,0,20,1,19,2,0.24833333333333332
2026-01-19T06:00:00Z,2026-01-19T16:00:00Z,2026-01-19T17:00:00Z,2026-01-19T17:00:00Z,2026-01-19T00:00:00Z,2026-01-19T04:02:18Z,-7.3356396484374997,-3.4095849609375,8.0893064386002482,-4.3127734374999998,-1.4964770507812499,4.5650255515955784,-9.8582031249999886,65.436878657579427,529.33896384666048,10,16,0,21,1,19,1,0.033333333333333333
2026-01-19T06:00:00Z,2026-01-19T16:00:00Z,2026-01-19T17:00:00Z,2026-01-19T17:00:00Z,2026-01-19T00:00:00Z,2026-01-19T04:02:18Z,-7.3356396484374997,-3.4095849609375,8.0893064386002482,-4.3127734374999998,-1.4964770507812499,4.5650255515955784,-9.8582031249999886,65.436878657579427,529.33896384666048,10,16,0,21,1,19,2,0.018333333333333333
2026-01-19T06:00:00Z,2026-01-19T17:00:00Z,2026-01-19T18:00:00Z,2026-01-19T18:00:00Z,2026-01-19T00:00:00Z,2026-01-19T04:02:18Z,-7.766357421875,-3.6445361328125001,8.5789831115167026,-4.4765307617187498,-1.5323046874999999,4.7315204021486288,-9.8452929687499591,73.598951227688801,631.40415960768371,11,17,0,22,1,19,1,0.070000000000000007
2026-01-19T06:00:00Z,2026-01-19T17:00:00Z,2026-01-19T18:00:00Z,2026-01-19T18:00:00Z,2026-01-19T00:00:00Z,2026-01-19T04:02:18Z,-7.766357421875,-3.6445361328125001,8.5789831115167026,-4.4765307617187498,-1.5323046874999999,4.7315204021486288,-9.8452929687499591,73.598951227688801,631.40415960768371,11,17,0,22,1,19,2,0.059999999999999998
2026-01-19T06:00:00Z,2026-01-19T18:00:00Z,2026-01-19T19:00:00Z,2026-01-19T19:00:00Z,2026-01-19T00:00:00Z,2026-01-19T04:02:18Z,-7.6040332031249998,-3.9178466796875,8.5539957657089012,-4.5264965820312497,-1.9020434570312501,4.9098819354008887,-9.82275390625,73.170843559765814,625.90308598358524,12,18,0,23,1,19,1,0.014999999999999999
2026-01-19T06:00:00Z,2026-01-19T18:00:00Z,2026-01-19T19:00:00Z,2026-01-19T19:00:00Z,2026-01-19T00:00:00Z,2026-01-19T04:02:18Z,-7.6040332031249998,-3.9178466796875,8.5539957657089012,-4.5264965820312497,-1.9020434570312501,4.9098819354008887,-9.82275390625,73.170843559765814,625.90308598358524,12,18,0,23,1,19,2,0.02
2026-01-19T06:00:00Z,2026-01-19T19:00:00Z,2026-01-19T20:00:00Z,2026-01-19T20:00:00Z,2026-01-19T00:00:00Z,2026-01-19T04:02:18Z,-7.8748461914062498,-3.78958984375,8.7392330168132411,-4.7847412109374998,-1.912080078125,5.1526496757305518,-10.266328124999973,76.374193722158665,667.45187540917959,13,19,0,0,1,20,1,0.01
2026-01-19T06:00:00Z,2026-01-19T19:00:00Z,2026-01-19T20:00:00Z,2026-01-19T20:00:00Z,2026-01-19T00:00:00Z,2026-01-19T04:02:18Z,-7.8748461914062498,-3.78958984375,8.7392330168132411,-4.7847412109374998,-1.912080078125,5.1526496757305518,-10.266328124999973,76.374193722158665,667.45187540917959,13,19,0,0,1,20,2,0.01
2026-01-19T06:00:00Z,2026-01-19T20:00:00Z,2026-01-19T21:00:00Z,2026-01-19T21:00:00Z,2026-01-19T00:00:00Z,2026-01-19T04:02:18Z,-8.2959912109374994,-4.1707299804687503,9.2853895309746211,-5.0856420898437502,-2.12026123046875,5.5099240604040238,-10.285527343749948,86.218458741933091,800.57197417911277,14,20,0,1,1,20,1,0.01
2026-01-19T06:00:00Z,2026-01-19T20:00:00Z,2026-01-19T21:00:00Z,2026-01-19T21:00:00Z,2026-01-19T00:00:00Z,2026-01-19T04:02:18Z,-8.2959912109374994,-4.1707299804687503,9.2853895309746211,-5.0856420898437502,-2.12026123046875,5.5099240604040238,-10.285527343749948,86.218458741933091,800.57197417911277,14,20,0,1,1,20,2,0.01
2026-01-19T06:00:00Z,2026-01-19T21:00:00Z,2026-01-19T22:00:00Z,2026-01-19T22:00:00Z,2026-01-19T00:00:00Z,2026-01-19T04:02:18Z,-8.875371093750001,-4.2597387695312499,9.8446729979426291,-5.3678271484374998,-2.2162036132812499,5.8073338763173874,-10.670136718749973,96.917586436420706,954.12194621640174,15,21,0,2,1,20,1,0.01
2026-01-19T06:00:00Z,2026-01-19T21:00:00Z,2026-01-19T22:00:00Z,2026-01-19T22:00:00Z,2026-01-19T00:00:00Z,2026-01-19T04:02:18Z,-8.875371093750001,-4.2597387695312499,9.8446729979426291,-5.3678271484374998,-2.2162036132812499,5.8073338763173874,-10.670136718749973,96.917586436420706,954.12194621640174,15,21,0,2,1,20,2,0.0083333333333333332
2026-01-19T06:00:00Z,2026-01-19T22:00:00Z,2026-01-19T23:00:00Z,2026-01-19T23:00:00Z,2026-01-19T00:00:00Z,2026-01-19T04:02:18Z,-8.6369360351562499,-4.6394311523437501,9.8041310422045171,-5.2318798828124997,-2.5501220703125003,5.8202826118387971,-11.176718749999964,96.120985492718233,942.38273767644887,16,22,0,3,1,20,1,0.01
2026-01-19T06:00:00Z,2026-01-19T22:00:00Z,2026-01-19T23:00:00Z,2026-01-19T23:00:00Z,2026-01-19T00:00:00Z,2026-01-19T04:02:18Z,-8.6369360351562499,-4.6394311523437501,9.8041310422045171,-5.2318798828124997,-2.5501220703125003,5.8202826118387971,-11.176718749999964,96.120985492718233,942.38273767644887,16,22,0,3,1,20,2,0.01
2026-01-19T06:00:00Z,2026-01-19T23:00:00Z,2026-01-20T00:00:00Z,2026-01-20T00:00:00Z,2026-01-19T00:00:00Z,2026-01-19T04:02:18Z,-8.9691333007812499,-4.6109277343750001,10.084939600156847,-5.5814697265625002,-2.4815844726562499,6.108278464793683,-11.50101562499998,101.70600673881175,1025.6989349340618,17,23,0,4,1,20,1,0.013333333333333334
2026-01-19T06:00:00Z,2026-01-19T23:00:00Z,2026-01-20T00:00:00Z,2026-01-20T00:00:00Z,2026-01-19T00:00:00Z,2026-01-19T04:02:18Z,-8.9691333007812499,-4.6109277343750001,10.084939600156847,-5.5814697265625002,-2.4815844726562499,6.108278464793683,-11.50101562499998,101.70600673881175,1025.6989349340618,17,23,0,4,1,20,2,0.011666666666666667
2026-01-19T06:00:00Z,2026-01-20T00:00:00Z,2026-01-20T01:00:00Z,2026-01-20T01:00:00Z,2026-01-19T00:00:00Z,2026-01-19T04:02:18Z,-8.7134570312499999,-4.4086791992187502,9.7652847227853083,-5.3157250976562498,-2.2565991210937502,5.7748742763088474,-11.956171874999995,95.360785717064132,931.22522391564985,18,24,0,5,1,20,1,0.10833333333333334
2026-01-19T06:00:00Z,2026-01-20T00:00:00Z,2026-01-20T01:00:00Z,2026-01-20T01:00:00Z,2026-01-19T00:00:00Z,2026-01-19T04:02:18Z,-8.7134570312499999,-4.4086791992187502,9.7652847227853083,-5.3157250976562498,-2.2565991210937502,5.7748742763088474,-11.956171874999995,95.360785717064132,931.22522391564985,18,24,0,5,1,20,2,0.074999999999999997
2026-01-19T06:00:00Z,2026-01-20T01:00:00Z,2026-01-20T02:00:00Z,2026-01-20T02:00:00Z,2026-01-19T00:00:00Z,2026-01-19T04:02:18Z,-8.1811743164062509,-4.0546118164062497,9.1307989889804535,-4.7294775390624997,-1.71803955078125,5.0318602614287009,-12.550898437499995,83.371490177166478,761.24831821946555,19,25,0,6,1,20,1,0.034999999999999996
2026-01-19T06:00:00Z,2026-01-20T01:00:00Z,2026-01-20T02:00:00Z,2026-01-20T02:00:00Z,2026-01-19T00:00:00Z,2026-01-19T04:02:18Z,-8.1811743164062509,-4.0546118164062497,9.1307989889804535,-4.7294775390624997,-1.71803955078125,5.0318602614287009,-12.550898437499995,83.371490177166478,761.24831821946555,19,25,0,6,1,20,2,0.02
2026-01-19T06:00:00Z,2026-01-20T02:00:00Z,2026-01-20T03:00:00Z,2026-01-20T03:00:00Z,2026-01-19T00:00:00Z,2026-01-19T04:02:18Z,-7.4430053710937498,-3.7116357421875001,8.3171250343381367,-4.3524560546875,-1.65701416015625,4.6572062048984044,-11.823398437499975,69.174568836814146,575.33353821221363,20,26,0,7,1,20,1,0.01
2026-01-19T06:00:00Z,2026-01-20T02:00:00Z,2026-01-20T03:00:00Z,2026-01-20T03:00:00Z,2026-01-19T00:00:00Z,2026-01-19T04:02:18Z,-7.4430053710937498,-3.7116357421875001,8.3171250343381367,-4.3524560546875,-1.65701416015625,4.6572062048984044,-11.823398437499975,69.174568836814146,575.33353821221363,20,26,0,7,1,20,2,0.01
2026-01-19T06:00:00Z,2026-01-20T03:00:00Z,2026-01-20T04:00:00Z,2026-01-20T04:00:00Z,2026-01-19T00:00:00Z,2026-01-19T04:02:18Z,-6.9404785156250002,-3.1874902343750002,7.6374299355272779,-4.0528906249999999,-1.4676757812500001,4.3104517880473603,-11.432675781249998,58.330336020088197,445.49385446918666,21,27,0,8,1,20,1,0.01
2026-01-19T06:00:00Z,2026-01-20T03:00:00Z,2026-01-20T04:00:00Z,2026-01-20T04:00:00Z,2026-01-19T00:00:00Z,2026-01-19T04:02:18Z,-6.9404785156250002,-3.1874902343750002,7.6374299355272779,-4.0528906249999999,-1.4676757812500001,4.3104517880473603,-11.432675781249998,58.330336020088197,445.49385446918666,21,27,0,8,1,20,2,0.0083333333333333332
2026-01-19T06:00:00Z,2026-01-20T04:00:00Z,2026-01-20T05:00:00Z,2026-01-20T05:00:00Z,2026-01-19T00:00:00Z,2026-01-19T04:02:18Z,-6.2181274414062502,-3.1216259765625001,6.9577049100345745,-3.9097583007812502,-1.71728515625,4.2702784778518224,-9.9542382812499568,48.409657615119229,336.82011248180771,22,28,0,9,1,20,1,0.01
2026-01-19T06:00:00Z,2026-01-20T04:00:00Z,2026-01-20T05:00:00Z,2026-01-20T05:00:00Z,2026-01-19T00:00:00Z,2026-01-19T04:02:18Z,-6.2181274414062502,-3.1216259765625001,6.9577049100345745,-3.9097583007812502,-1.71728515625,4.2702784778518224,-9.9542382812499568,48.409657615119229,336.82011248180771,22,28,0,9,1,20,2,0.0083333333333333332
2026-01-19T06:00:00Z,2026-01-20T05:00:00Z,2026-01-20T06:00:00Z,2026-01-20T06:00:00Z,2026-01-19T00:00:00Z,2026-01-19T04:02:18Z,-4.6505273437500003,-1.4741748046875001,4.878585443521704,-3.4424755859375002,-0.82755126953125002,3.5405478761737594,-8.5383593749999704,23.80059592974186,116.11324084998056,23,29,0,10,1,20,1,0.018333333333333333
2026-01-19T06:00:00Z,2026-01-20T05:00:00Z,2026-01-20T06:00:00Z,2026-01-20T06:00:00Z,2026-01-19T00:00:00Z,2026-01-19T04:02:18Z,-4.6505273437500003,-1.4741748046875001,4.878585443521704,-3.4424755859375002,-0.82755126953125002,3.5405478761737594,-8.5383593749999704,23.80059592974186,116.11324084998056,23,29,0,10,1,20,2,0.02
2026-01-19T06:00:00Z,2026-01-20T06:00:00Z,2026-01-20T07:00:00Z,2026-01-20T07:00:00Z,2026-01-19T00:00:00Z,2026-01-19T04:02:18Z,-3.279072265625,-0.5708056640625,3.3283830953357669,-2.6888183593749999,-0.28568359375000002,2.7039525301768856,-7.2223046874999568,11.078134029316901,36.872274031042281,24,30,0,11,1,20,1,0.051666666666666666
2026-01-19T06:00:00Z,2026-01-20T06:00:00Z,2026-01-20T07:00:00Z,2026-01-20T07:00:00Z,2026-01-19T00:00:00Z,2026-01-19T04:02:18Z,-3.279072265625,-0.5708056640625,3.3283830953357669,-2.6888183593749999,-0.28568359375000002,2.7039525301768856,-7.2223046874999568,11.078134029316901,36.872274031042281,24,30,0,11,1,20,2,0.059999999999999998
2026-01-19T06:00:00Z,2026-01-20T07:00:00Z,2026-01-20T08:00:00Z,2026-01-20T08:00:00Z,2026-01-19T00:00:00Z,2026-01-19T04:02:18Z,-1.9771386718750001,-0.056867675781250002,1.977956334293657,-1.8203955078125,0.081501464843749996,1.8222190575327673,-6.3263867187499727,3.9123112603724013,7.7383808391819917,25,31,0,12,1,20,1,0.018333333333333333
2026-01-19T06:00:00Z,2026-01-20T07:00:00Z,2026-01-20T08:00:00Z,2026-01-20T08:00:00Z,2026-01-19T00:00:00Z,2026-01-19T04:02:18Z,-1.9771386718750001,-0.056867675781250002,1.977956334293657,-1.8203955078125,0.081501464843749996,1.8222190575327673,-6.3263867187499727,3.9123112603724013,7.7383808391819917,25,31,0,12,1,20,2,0.011666666666666667
2026-01-19T06:00:00Z,2026-01-20T08:00:00Z,2026-01-20T09:00:00Z,2026-01-20T09:00:00Z,2026-01-19T00:00:00Z,2026-01-19T04:02:18Z,-1.4181567382812501,0.49267578125,1.5012987576637808,-1.33866455078125,0.51592285156250006,1.4346425228197954,-5.6103320312499818,2.2538979597628117,3.3837742068928396,26,32,0,13,1,20,1,0.029999999999999999
2026-01-19T06:00:00Z,2026-01-20T08:00:00Z,2026-01-20T09:00:00Z,2026-01-20T09:00:00Z,2026-01-19T00:00:00Z,2026-01-19T04:02:18Z,-1.4181567382812501,0.49267578125,1.5012987576637808,-1.33866455078125,0.51592285156250006,1.4346425228197954,-5.6103320312499818,2.2538979597628117,3.3837742068928396,26,32,0,13,1,20,2,0.033333333333333333
2026-01-19T06:00:00Z,2026-01-20T09:00:00Z,2026-01-20T10:00:00Z,2026-01-20T10:00:00Z,2026-01-19T00:00:00Z,2026-01-19T04:02:18Z,-1.0648852539062501,0.33021728515624998,1.1149098884676478,-1.025400390625,0.19878417968750001,1.044490838249879,-5.0266210937499523,1.2430240594029429,1.385859815431538,27,33,0,14,1,20,1,0.093333333333333338
2026-01-19T06:00:00Z,2026-01-20T09:00:00Z,2026-01-20T10:00:00Z,2026-01-20T10:00:00Z,2026-01-19T00:00:00Z,2026-01-19T04:02:18Z,-1.0648852539062501,0.33021728515624998,1.1149098884676478,-1.025400390625,0.19878417968750001,1.044490838249879,-5.0266210937499523,1.2430240594029429,1.385859815431538,27,33,0,14,1,20,2,0.083333333333333329
2026-01-19T06:00:00Z,2026-01-20T10:00:00Z,2026-01-20T11:00:00Z,2026-01-20T11:00:00Z,2026-01-19T00:00:00Z,2026-01-19T04:02:18Z,-0.10927734375000001,-0.20917968750000002,0.23600355827752539,0.0020922851562500001,-0.51210205078125004,0.51210632496732267,-4.7664648437499864,0.055697679519653327,0.013144850554439437,28,34,0,15,1,20,1,0.034999999999999996
2026-01-19T06:00:00Z,2026-01-20T10:00:00Z,2026-01-20T11:00:00Z,2026-01-20T11:00:00Z,2026-01-19T00:00:00Z,2026-01-19T04:02:18Z,-0.10927734375000001,-0.20917968750000002,0.23600355827752539,0.0020922851562500001,-0.51210205078125004,0.51210632496732267,-4.7664648437499864,0.055697679519653327,0.013144850554439437,28,34,0,15,1,20,2,0.040000000000000001
2026-01-19T06:00:00Z,2026-01-20T11:00:00Z,2026-01-20T12:00:00Z,2026-01-20T12:00:00Z,2026-01-19T00:00:00Z,2026-01-19T04:02:18Z,-0.1929931640625,-0.59595458984375005,0.62642496320843355,-0.12558349609375,-0.8933056640625,0.90208992009514943,-7.3349218749999636,0.39240823453068735,0.24581431387857219,29,35,0,16,1,20,1,0.013333333333333334
2026-01-19T06:00:00Z,2026-01-20T11:00:00Z,2026-01-20T12:00:00Z,2026-01-20T12:00:00Z,2026-01-19T00:00:00Z,2026-01-19T04:02:18Z,-0.1929931640625,-0.59595458984375005,0.62642496320843355,-0.12558349609375,-0.8933056640625,0.90208992009514943,-7.3349218749999636,0.39240823453068735,0.24581431387857219,29,35,0,16,1,20,2,0.016666666666666666
2026-01-19T06:00:00Z,2026-01-20T12:00:00Z,2026-01-20T13:00:00Z,2026-01-20T13:00:00Z,2026-01-19T00:00:00Z,2026-01-19T04:02:18Z,-0.45664062500000002,0.17003662109375001,0.48727108770516042,-0.72385986328124996,0.16713134765625001,0.74290375489624783,-9.9301953124999613,0.23743311291337013,0.11569429118652004,30,36,0,17,1,20,1,0.01
2026-01-19T06:00:00Z,2026-01-20T12:00:00Z,2026-01-20T13:00:00Z,2026-01-20T13:00:00Z,2026-01-19T00:00:00Z,2026-01-19T04:02:18Z,-0.45664062500000002,0.17003662109375001,0.48727108770516042,-0.72385986328124996,0.16713134765625001,0.74290375489624783,-9.9301953124999613,0.23743311291337013,0.11569429118652004,30,36,0,17,1,20,2,0.0083333333333333332
2026-01-19T06:00:00Z,2026-01-20T13:00:00Z,2026-01-20T14:00:00Z,2026-01-20T14:00:00Z,2026-01-19T00:00:00Z,2026-01-19T04:02:18Z,-0.62125244140625002,0.12545654296875,0.63379329447927735,-1.0671875,0.018054199218750001,1.0673402054947991,-11.334531249999998,0.40169394012689597,0.25459092568538699,31,37,0,18,1,20,1,0.01
2026-01-19T06:00:00Z,2026-01-20T13:00:00Z,2026-01-20T14:00:00Z,2026-01-20T14:00:00Z,2026-01-19T00:00:00Z,2026-01-19T04:02:18Z,-0.62125244140625002,0.12545654296875,0.63379329447927735,-1.0671875,0.018054199218750001,1.0673402054947991,-11.334531249999998,0.40169394012689597,0.25459092568538699,31,37,0,18,1,20,2,0.01
2026-01-19T06:00:00Z,2026-01-20T14:00:00Z,2026-01-20T15:00:00Z,2026-01-20T15:00:00Z,2026-01-19T00:00:00Z,2026-01-19T04:02:18Z,-0.65598876953124996,-0.6000927734375,0.88906276633488257,-0.98811767578124998,-0.42860595703124998,1.0770699176905896,-12.383417968749995,0.79043260248303404,0.70274419616484685,32,38,0,19,1,20,1,0.01
2026-01-19T06:00:00Z,2026-01-20T14:00:00Z,2026-01-20T15:00:00Z,2026-01-20T15:00:00Z,2026-01-19T00:00:00Z,2026-01-19T04:02:18Z,-0.65598876953124996,-0.6000927734375,0.88906276633488257,-0.98811767578124998,-0.42860595703124998,1.0770699176905896,-12.383417968749995,0.79043260248303404,0.70274419616484685,32,38,0,19,1,20,2,0.01
2026-01-19T06:00:00Z,2026-01-20T15:00:00Z,2026-01-20T16:00:00Z,2026-01-20T16:00:00Z,2026-01-19T00:00:00Z,2026-01-19T04:02:18Z,-1.6675488281249999,-0.26614990234375002,1.6886547500003215,-1.6971484375000001,0.0040771484374999998,1.6971533348663794,-12.869199218749998,2.8515548646986484,4.8152916671598964,33,39,0,20,1,20,1,0.01
2026-01-19T06:00:00Z,2026-01-20T15:00:00Z,2026-01-20T16:00:00Z,2026-01-20T16:00:00Z,2026-01-19T00:00:00Z,2026-01-19T04:02:18Z,-1.6675488281249999,-0.26614990234375002,1.6886547500003215,-1.6971484375000001,0.0040771484374999998,1.6971533348663794,-12.869199218749998,2.8515548646986484,4.8152916671598964,33,39,0,20,1,20,2,0.01
2026-01-19T06:00:00Z,2026-01-20T16:00:00Z,2026-01-20T17:00:00Z,2026-01-20T17:00:00Z,2026-01-19T00:00:00Z,2026-01-19T04:02:18Z,-3.2615209960937501,-0.2104541015625,3.2683038623764542,-2.53291748046875,-0.062434082031250004,2.5336868349232202,-12.902363281249961,10.681810136824849,34.911401327356614,34,40,0,21,1,20,1,0.01
2026-01-19T06:00:00Z,2026-01-20T16:00:00Z,2026-01-20T17:00:00Z,2026-01-20T17:00:00Z,2026-01-19T00:00:00Z,2026-01-19T04:02:18Z,-3.2615209960937501,-0.2104541015625,3.2683038623764542,-2.53291748046875,-0.062434082031250004,2.5336868349232202,-12.902363281249961,10.681810136824849,34.911401327356614,34,40,0,21,1,20,2,0.01
2026-01-19T06:00:00Z,2026-01-20T17:00:00Z,2026-01-20T18:00:00Z,2026-01-20T18:00:00Z,2026-01-19T00:00:00Z,2026-01-19T04:02:18Z,-4.8780859374999999,-1.12615966796875,5.0063917157364681,-3.5136328125,-0.74039062499999997,3.5907929233895612,-11.754121093749973,25.063958011394735,125.47999175181329,35,41,0,22,1,20,1,0.041666666666666664
2026-01-19T06:00:00Z,2026-01-20T17:00:00Z,2026-01-20T18:00:00Z,2026-01-20T18:00:00Z,2026-01-19T00:00:00Z,2026-01-19T04:02:18Z,-4.8780859374999999,-1.12615966796875,5.0063917157364681,-3.5136328125,-0.74039062499999997,3.5907929233895612,-11.754121093749973,25.063958011394735,125.47999175181329,35,41,0,22,1,20,2,0.034999999999999996
2026-01-19T06:00:00Z,2026-01-20T18:00:00Z,2026-01-20T19:00:00Z,2026-01-20T19:00:00Z,2026-01-19T00:00:00Z,2026-01-19T04:02:18Z,-6.3260400390624998,-2.4482446289062501,6.7832650205332667,-4.1848876953124998,-1.5827465820312501,4.4741895093200483,-11.611308593749982,46.01268433879018,312.11623217615431,36,42,0,23,1,20,1,0.18333333333333335
2026-01-19T06:00:00Z,2026-01-20T18:00:00Z,2026-01-20T19:00:00Z,2026-01-20T19:00:00Z,2026-01-19T00:00:00Z,2026-01-19T04:02:18Z,-6.3260400390624998,-2.4482446289062501,6.7832650205332667,-4.1848876953124998,-1.5827465820312501,4.4741895093200483,-11.611308593749982,46.01268433879018,312.11623217615431,36,42,0,23,1,20,2,0.16
2026-01-19T06:00:00Z,2026-01-20T19:00:00Z,2026-01-20T20:00:00Z,2026-01-20T20:00:00Z,2026-01-19T00:00:00Z,2026-01-19T04:02:18Z,-7.7027539062499999,-3.6501025390624999,8.523829320553066,-4.82086181640625,-1.9172509765625001,5.1881171883462338,-11.895859374999986,72.655666285920148,619.30449859224507,37,43,0,0,1,21,1,0.27333333333333332
2026-01-19T06:00:00Z,2026-01-20T19:00:00Z,2026-01-20T20:00:00Z,2026-01-20T20:00:00Z,2026-01-19T00:00:00Z,2026-01-19T04:02:18Z,-7.7027539062499999,-3.6501025390624999,8.523829320553066,-4.82086181640625,-1.9172509765625001,5.1881171883462338,-11.895859374999986,72.655666285920148,619.30449859224507,37,43,0,0,1,21,2,0.26333333333333336
2026-01-19T06:00:00Z,2026-01-20T20:00:00Z,2026-01-20T21:00:00Z,2026-01-20T21:00:00Z,2026-01-19T00:00:00Z,2026-01-19T04:02:18Z,-9.4680615234375001,-4.22312255859375,10.367205658059508,-5.9214062500000004,-2.13747314453125,6.2953827064866656,-11.403828124999961,107.47895315650106,1114.2564112863906,38,44,0,1,1,21,1,0.26000000000000001
2026-01-19T06:00:00Z,2026-01-20T20:00:00Z,2026-01-20T21:00:00Z,2026-01-20T21:00:00Z,2026-01-19T00:00:00Z,2026-01-19T04:02:18Z,-9.4680615234375001,-4.22312255859375,10.367205658059508,-5.9214062500000004,-2.13747314453125,6.2953827064866656,-11.403828124999961,107.47895315650106,1114.2564112863906,38,44,0,1,1,21,2,0.29666666666666669
2026-01-19T06:00:00Z,2026-01-20T21:00:00Z,2026-01-20T22:00:00Z,2026-01-20T22:00:00Z,2026-01-19T00:00:00Z,2026-01-19T04:02:18Z,-10.203740234375001,-4.8618212890625001,11.302814738700469,-6.5844628906249998,-2.70308349609375,7.1177111450853454,-11.204453124999986,127.75362101738456,1443.9755105576482,39,45,0,2,1,21,1,0.39166666666666666
2026-01-19T06:00:00Z,2026-01-20T21:00:00Z,2026-01-20T22:00:00Z,2026-01-20T22:00:00Z,2026-01-19T00:00:00Z,2026-01-19T04:02:18Z,-10.203740234375001,-4.8618212890625001,11.302814738700469,-6.5844628906249998,-2.70308349609375,7.1177111450853454,-11.204453124999986,127.75362101738456,1443.9755105576482,39,45,0,2,1,21,2,0.44
2026-01-19T06:00:00Z,2026-01-20T22:00:00Z,2026-01-20T23:00:00Z,2026-01-20T23:00:00Z,2026-01-19T00:00:00Z,2026-01-19T04:02:18Z,-10.544750976562501,-5.8215624999999998,12.04501403482462,-6.8770458984375002,-3.6582714843750002,7.7895256943287192,-11.335781249999968,145.08236309912206,1747.5190997344469,40,46,0,3,1,21,1,0.67333333333333334
2026-01-19T06:00:00Z,2026-01-20T22:00:00Z,2026-01-20T23:00:00Z,2026-01-20T23:00:00Z,2026-01-19T00:00:00Z,2026-01-19T04:02:18Z,-10.544750976562501,-5.8215624999999998,12.04501403482462,-6.8770458984375002,-3.6582714843750002,7.7895256943287192,-11.335781249999968,145.08236309912206,1747.5190997344469,40,46,0,3,1,21,2,0.65166666666666673
2026-01-19T06:00:00Z,2026-01-20T23:00:00Z,2026-01-21T00:00:00Z,2026-01-21T00:00:00Z,2026-01-19T00:00:00Z,2026-01-19T04:02:18Z,-10.7414111328125,-6.1758007812500004,12.3902553812985,-6.8845092773437502,-4.1344799804687504,8.030591055378741,-11.353769531249952,153.51842841379644,1902.1325337825299,41,47,0,4,1,21,1,0.80166666666666675
2026-01-19T06:00:00Z,2026-01-20T23:00:00Z,2026-01-21T00:00:00Z,2026-01-21T00:00:00Z,2026-01-19T00:00:00Z,2026-01-19T04:02:18Z,-10.7414111328125,-6.1758007812500004,12.3902553812985,-6.8845092773437502,-4.1344799804687504,8.030591055378741,-11.353769531249952,153.51842841379644,1902.1325337825299,41,47,0,4,1,21,2,0.83499999999999996
2026-01-19T06:00:00Z,2026-01-21T00:00:00Z,2026-01-21T01:00:00Z,2026-01-21T01:00:00Z,2026-01-19T00:00:00Z,2026-01-19T04:02:18Z,-10.840693359375001,-6.3327514648437502,12.554854584083317,-6.75051025390625,-4.1303247070312503,7.9138467810291981,-11.523769531249968,157.62437362747789,1978.9510898002025,42,48,0,5,1,21,1,0.94666666666666666
2026-01-19T06:00:00Z,2026-01-21T00:00:00Z,2026-01-21T01:00:00Z,2026-01-21T01:00:00Z,2026-01-19T00:00:00Z,2026-01-19T04:02:18Z,-10.840693359375001,-6.3327514648437502,12.554854584083317,-6.75051025390625,-4.1303247070312503,7.9138467810291981,-11.523769531249968,157.62437362747789,1978.9510898002025,42,48,0,5,1,21,2,0.94499999999999995
2026-01-19T06:00:00Z,2026-01-21T01:00:00Z,2026-01-21T02:00:00Z,2026-01-21T02:00:00Z,2026-01-19T00:00:00Z,2026-01-19T04:02:18Z,-10.8753759765625,-6.5227758789062502,12.681498641644605,-6.6942871093749998,-4.2808740234374998,7.9460280837212158,-11.665136718749977,160.82040779803398,2039.4437830394995,43,49,0,6,1,21,1,0.88666666666666671
2026-01-19T06:00:00Z,2026-01-21T01:00:00Z,2026-01-21T02:00:00Z,2026-01-21T02:00:00Z,2026-01-19T00:00:00Z,2026-01-19T04:02:18Z,-10.8753759765625,-6.5227758789062502,12.681498641644605,-6.6942871093749998,-4.2808740234374998,7.9460280837212158,-11.665136718749977,160.82040779803398,2039.4437830394995,43,49,0,6,1,21,2,0.88666666666666671
2026-01-19T06:00:00Z,2026-01-21T02:00:00Z,2026-01-21T03:00:00Z,2026-01-21T03:00:00Z,2026-01-19T00:00:00Z,2026-01-19T04:02:18Z,-10.95166748046875,-6.5114501953125004,12.741193203495186,-6.7570947265625003,-4.18013671875,7.9455567540091723,-11.739374999999995,162.33800424879192,2068.3798764036801,44,50,0,7,1,21,1,0.99333333333333329
2026-01-19T06:00:00Z,2026-01-21T02:00:00Z,2026-01-21T03:00:00Z,2026-01-21T03:00:00Z,2026-01-19T00:00:00Z,2026-01-19T04:02:18Z,-10.95166748046875,-6.5114501953125004,12.741193203495186,-6.7570947265625003,-4.18013671875,7.9455567540091723,-11.739374999999995,162.33800424879192,2068.3798764036801,44,50,0,7,1,21,2,0.98166666666666658
2026-01-19T06:00:00Z,2026-01-21T03:00:00Z,2026-01-21T04:00:00Z,2026-01-21T04:00:00Z,2026-01-19T00:00:00Z,2026-01-19T04:02:18Z,-10.848310546875,-6.4386279296874998,12.615140559597078,-6.94293212890625,-4.1823413085937498,8.10532450727103,-11.341328124999961,159.14177133839129,2007.5958143370638,45,51,0,8,1,21,1,0.98999999999999988
2026-01-19T06:00:00Z,2026-01-21T03:00:00Z,2026-01-21T04:00:00Z,2026-01-21T04:00:00Z,2026-01-19T00:00:00Z,2026-01-19T04:02:18Z,-10.848310546875,-6.4386279296874998,12.615140559597078,-6.94293212890625,-4.1823413085937498,8.10532450727103,-11.341328124999961,159.14177133839129,2007.5958143370638,45,51,0,8,1,21,2,0.98666666666666669
2026-01-19T06:00:00Z,2026-01-21T04:00:00Z,2026-01-21T05:00:00Z,2026-01-21T05:00:00Z,2026-01-19T00:00:00Z,2026-01-19T04:02:18Z,-10.9342919921875,-6.4258276367187506,12.682665421244629,-7.281455078125,-4.3665893554687498,8.4903881332978735,-10.03031249999998,160.8500021872342,2040.0067607471581,46,52,0,9,1,21,1,0.98999999999999988
2026-01-19T06:00:00Z,2026-01-21T04:00:00Z,2026-01-21T05:00:00Z,2026-01-21T05:00:00Z,2026-01-19T00:00:00Z,2026-01-19T04:02:18Z,-10.9342919921875,-6.4258276367187506,12.682665421244629,-7.281455078125,-4.3665893554687498,8.4903881332978735,-10.03031249999998,160.8500021872342,2040.0067607471581,46,52,0,9,1,21,2,0.98999999999999988
2026-01-19T06:00:00Z,2026-01-21T05:00:00Z,2026-01-21T06:00:00Z,2026-01-21T06:00:00Z,2026-01-19T00:00:00Z,2026-01-19T04:02:18Z,-10.98760986328125,-6.7247949218750005,12.882175175371247,-7.5166284179687501,-4.8504394531250004,8.9457512631554295,-8.5559374999999704,165.9504372489512,2137.8026030704432,47,53,0,10,1,21,1,0.94666666666666666
2026-01-19T06:00:00Z,2026-01-21T05:00:00Z,2026-01-21T06:00:00Z,2026-01-21T06:00:00Z,2026-01-19T00:00:00Z,2026-01-19T04:02:18Z,-10.98760986328125,-6.7247949218750005,12.882175175371247,-7.5166284179687501,-4.8504394531250004,8.9457512631554295,-8.5559374999999704,165.9504372489512,2137.8026030704432,47,53,0,10,1,21,2,0.93333333333333324
2026-01-26T06:00:00Z,2026-01-26T06:00:00Z,2026-01-26T07:00:00Z,2026-01-26T07:00:00Z,2026-01-26T00:00:00Z,2026-01-26T03:56:52Z,-10.264819335937501,-5.6111328125000002,11.69834720971089,-7.3332934570312505,-4.0648339843750003,8.3845135963553243,-3.4126562499999977,136.85132743895059,1600.934344490679,0,6,0,11,1,26,1,0.47666666666666663
2026-01-26T06:00:00Z,2026-01-26T06:00:00Z,2026-01-26T07:00:00Z,2026-01-26T07:00:00Z,2026-01-26T00:00:00Z,2026-01-26T03:56:52Z,-10.264819335937501,-5.6111328125000002,11.69834720971089,-7.3332934570312505,-4.0648339843750003,8.3845135963553243,-3.4126562499999977,136.85132743895059,1600.934344490679,0,6,0,11,1,26,2,0.5083333333333333
2026-01-26T06:00:00Z,2026-01-26T07:00:00Z,2026-01-26T08:00:00Z,2026-01-26T08:00:00Z,2026-01-26T00:00:00Z,2026-01-26T03:56:52Z,-10.686508789062501,-5.98394775390625,12.247820247708967,-7.7868090820312501,-4.4501806640624997,8.9687515085880332,-2.4270507812499886,150.00910082018973,1837.2845023661355,1,7,0,12,1,26,1,0.79833333333333334
2026-01-26T06:00:00Z,2026-01-26T07:00:00Z,2026-01-26T08:00:00Z,2026-01-26T08:00:00Z,2026-01-26T00:00:00Z,2026-01-26T03:56:52Z,-10.686508789062501,-5.98394775390625,12.247820247708967,-7.7868090820312501,-4.4501806640624997,8.9687515085880332,-2.4270507812499886,150.00910082018973,1837.2845023661355,1,7,0,12,1,26,2,0.84666666666666668
2026-01-26T06:00:00Z,2026-01-26T08:00:00Z,2026-01-26T09:00:00Z,2026-01-26T09:00:00Z,2026-01-26T00:00:00Z,2026-01-26T03:56:52Z,-11.081870117187501,-6.0690820312499998,12.634935773333197,-7.9465893554687499,-4.6199291992187499,9.1919545359103711,-1.7251171874999613,159.64160199625496,2017.0613879747023,2,8,0,13,1,26,1,0.79333333333333333
2026-01-26T06:00:00Z,2026-01-26T08:00:00Z,2026-01-26T09:00:00Z,2026-01-26T09:00:00Z,2026-01-26T00:00:00Z,2026-01-26T03:56:52Z,-11.081870117187501,-6.0690820312499998,12.634935773333197,-7.9465893554687499,-4.6199291992187499,9.1919545359103711,-1.7251171874999613,159.64160199625496,2017.0613879747023,2,8,0,13,1,26,2,0.79666666666666675
2026-01-26T06:00:00Z,2026-01-26T09:00:00Z,2026-01-26T10:00:00Z,2026-01-26T10:00:00Z,2026-01-26T00:00:00Z,2026-01-26T03:56:52Z,-10.494003906250001,-6.0222314453125003,12.099230949333142,-7.3921240234374999,-4.5361694335937504,8.6729655082994572,-1.4253515624999977,146.39138956530098,1771.2232313443744,3,9,0,14,1,26,1,0.76000000000000012
2026-01-26T06:00:00Z,2026-01-26T09:00:00Z,2026-01-26T10:00:00Z,2026-01-26T10:00:00Z,2026-01-26T00:00:00Z,2026-01-26T03:56:52Z,-10.494003906250001,-6.0222314453125003,12.099230949333142,-7.3921240234374999,-4.5361694335937504,8.6729655082994572,-1.4253515624999977,146.39138956530098,1771.2232313443744,3,9,0,14,1,26,2,0.75
2026-01-26T06:00:00Z,2026-01-26T10:00:00Z,2026-01-26T11:00:00Z,2026-01-26T11:00:00Z,2026-01-26T00:00:00Z,2026-01-26T03:56:52Z,-9.9998437500000001,-5.9892749023437499,11.656255354111748,-6.7991625976562498,-4.4481176757812504,8.1249223311343268,-1.6635937499999613,135.86828888025877,1583.7154697145179,4,10,0,15,1,26,1,0.67166666666666675
2026-01-26T06:00:00Z,2026-01-26T10:00:00Z,2026-01-26T11:00:00Z,2026-01-26T11:00:00Z,2026-01-26T00:00:00Z,2026-01-26T03:56:52Z,-9.9998437500000001,-5.9892749023437499,11.656255354111748,-6.7991625976562498,-4.4481176757812504,8.1249223311343268,-1.6635937499999613,135.86828888025877,1583.7154697145179,4,10,0,15,1,26,2,0.73833333333333329
2026-01-26T06:00:00Z,2026-01-26T11:00:00Z,2026-01-26T12:00:00Z,2026-01-26T12:00:00Z,2026-01-26T00:00:00Z,2026-01-26T03:56:52Z,-9.4166406249999994,-5.7449853515624998,11.030774104752036,-5.8958666992187503,-3.9757080078125,7.1110827796012215,-2.4445117187499932,121.67797735006808,1342.2022816717356,5,11,0,16,1,26,1,0.61333333333333329
2026-01-26T06:00:00Z,2026-01-26T11:00:00Z,2026-01-26T12:00:00Z,2026-01-26T12:00:00Z,2026-01-26T00:00:00Z,2026-01-26T03:56:52Z,-9.4166406249999994,-5.7449853515624998,11.030774104752036,-5.8958666992187503,-3.9757080078125,7.1110827796012215,-2.4445117187499932,121.67797735006808,1342.2022816717356,5,11,0,16,1,26,2,0.70166666666666666
2026-01-26T06:00:00Z,2026-01-26T12:00:00Z,2026-01-26T13:00:00Z,2026-01-26T13:00:00Z,2026-01-26T00:00:00Z,2026-01-26T03:56:52Z,-9.0052246093750004,-5.02150634765625,10.310654502253731,-4.9300073242187503,-2.6851635742187501,5.6138289640103691,-3.9285546874999682,106.30959626484514,1096.1215173609021,6,12,0,17,1,26,1,0.39999999999999997
2026-01-26T06:00:00Z,2026-01-26T12:00:00Z,2026-01-26T13:00:00Z,2026-01-26T13:00:00Z,2026-01-26T00:00:00Z,2026-01-26T03:56:52Z,-9.0052246093750004,-5.02150634765625,10.310654502253731,-4.9300073242187503,-2.6851635742187501,5.6138289640103691,-3.9285546874999682,106.30959626484514,1096.1215173609021,6,12,0,17,1,26,2,0.48333333333333334
2026-01-26T06:00:00Z,2026-01-26T13:00:00Z,2026-01-26T14:00:00Z,2026-01-26T14:00:00Z,2026-01-26T00:00:00Z,2026-01-26T03:56:52Z,-8.5079150390624996,-4.5283666992187497,9.6379833613935624,-4.6541406250000001,-2.0436254882812501,5.0830532255356298,-5.1187109374999977,92.890723274499152,895.27924534743659,7,13,0,18,1,26,1,0.5
2026-01-26T06:00:00Z,2026-01-26T13:00:00Z,2026-01-26T14:00:00Z,2026-01-26T14:00:00Z,2026-01-26T00:00:00Z,2026-01-26T03:56:52Z,-8.5079150390624996,-4.5283666992187497,9.6379833613935624,-4.6541406250000001,-2.0436254882812501,5.0830532255356298,-5.1187109374999977,92.890723274499152,895.27924534743659,7,13,0,18,1,26,2,0.62
2026-01-26T06:00:00Z,2026-01-26T14:00:00Z,2026-01-26T15:00:00Z,2026-01-26T15:00:00Z,2026-01-26T00:00:00Z,2026-01-26T03:56:52Z,-8.7940527343750006,-4.4665649414062498,9.8633445580476327,-4.6562036132812503,-1.9244140625000001,5.0382141252909376,-5.5057812499999841,97.285565870767854,959.56105670802265,8,14,0,19,1,26,1,0.77500000000000002
2026-01-26T06:00:00Z,2026-01-26T14:00:00Z,2026-01-26T15:00:00Z,2026-01-26T15:00:00Z,2026-01-26T00:00:00Z,2026-01-26T03:56:52Z,-8.7940527343750006,-4.4665649414062498,9.8633445580476327,-4.6562036132812503,-1.9244140625000001,5.0382141252909376,-5.5057812499999841,97.285565870767854,959.56105670802265,8,14,0,19,1,26,2,0.8716666666666667
2026-01-26T06:00:00Z,2026-01-26T15:00:00Z,2026-01-26T16:00:00Z,2026-01-26T16:00:00Z,2026-01-26T00:00:00Z,2026-01-26T03:56:52Z,-8.6406494140624996,-4.4407446289062502,9.7149902293259327,-4.7228295898437498,-2.1666015624999999,5.1960833004611393,-5.7349999999999568,94.381035155898346,916.91083437321981,9,15,0,20,1,26,1,0.29833333333333334
2026-01-26T06:00:00Z,2026-01-26T15:00:00Z,2026-01-26T16:00:00Z,2026-01-26T16:00:00Z,2026-01-26T00:00:00Z,2026-01-26T03:56:52Z,-8.6406494140624996,-4.4407446289062502,9.7149902293259327,-4.7228295898437498,-2.1666015624999999,5.1960833004611393,-5.7349999999999568,94.381035155898346,916.91083437321981,9,15,0,20,1,26,2,0.3666666666666667
2026-01-26T06:00:00Z,2026-01-26T16:00:00Z,2026-01-26T17:00:00Z,2026-01-26T17:00:00Z,2026-01-26T00:00:00Z,2026-01-26T03:56:52Z,-8.1997631835937508,-4.1524316406250001,9.1912352160677049,-4.6409374999999997,-2.0176562499999999,5.0605570466175269,-5.81591796875,84.478804797083143,776.46456566225993,10,16,0,21,1,26,1,0.16833333333333333
2026-01-26T06:00:00Z,2026-01-26T16:00:00Z,2026-01-26T17:00:00Z,2026-01-26T17:00:00Z,2026-01-26T00:00:00Z,2026-01-26T03:56:52Z,-8.1997631835937508,-4.1524316406250001,9.1912352160677049,-4.6409374999999997,-2.0176562499999999,5.0605570466175269,-5.81591796875,84.478804797083143,776.46456566225993,10,16,0,21,1,26,2,0.16666666666666666
2026-01-26T06:00:00Z,2026-01-26T17:00:00Z,2026-01-26T18:00:00Z,2026-01-26T18:00:00Z,2026-01-26T00:00:00Z,2026-01-26T03:56:52Z,-8.5441088867187496,-4.0513012695312502,9.4559419755311431,-4.7820166015624999,-1.7688159179687499,5.0986657597139073,-5.9397851562499682,89.41483864461182,845.50152597492911,11,17,0,22,1,26,1,0.69833333333333325
2026-01-26T06:00:00Z,2026-01-26T17:00:00Z,2026-01-26T18:00:00Z,2026-01-26T18:00:00Z,2026-01-26T00:00:00Z,2026-01-26T03:56:52Z,-8.5441088867187496,-4.0513012695312502,9.4559419755311431,-4.7820166015624999,-1.7688159179687499,5.0986657597139073,-5.9397851562499682,89.41483864461182,845.50152597492911,11,17,0,22,1,26,2,0.67666666666666664
2026-01-26T06:00:00Z,2026-01-26T18:00:00Z,2026-01-26T19:00:00Z,2026-01-26T19:00:00Z,2026-01-26T00:00:00Z,2026-01-26T03:56:52Z,-9.3274121093750004,-4.6857421874999998,10.438237231728003,-5.1515136718750005,-2.1212670898437502,5.5711638979632632,-6.1460937499999773,108.95679650583268,1137.3168899369944,12,18,0,23,1,26,1,0.90000000000000002
2026-01-26T06:00:00Z,2026-01-26T18:00:00Z,2026-01-26T19:00:00Z,2026-01-26T19:00:00Z,2026-01-26T00:00:00Z,2026-01-26T03:56:52Z,-9.3274121093750004,-4.6857421874999998,10.438237231728003,-5.1515136718750005,-2.1212670898437502,5.5711638979632632,-6.1460937499999773,108.95679650583268,1137.3168899369944,12,18,0,23,1,26,2,0.92666666666666664
2026-01-26T06:00:00Z,2026-01-26T19:00:00Z,2026-01-26T20:00:00Z,2026-01-26T20:00:00Z,2026-01-26T00:00:00Z,2026-01-26T03:56:52Z,-9.4990478515624996,-4.9079760742187499,10.692059634671789,-5.6365185546875001,-2.5404516601562501,6.1825751960592532,-5.9882031249999841,114.32013923137784,1222.3177461058738,13,19,0,0,1,27,1,0.65000000000000002
2026-01-26T06:00:00Z,2026-01-26T19:00:00Z,2026-01-26T20:00:00Z,2026-01-26T20:00:00Z,2026-01-26T00:00:00Z,2026-01-26T03:56:52Z,-9.4990478515624996,-4.9079760742187499,10.692059634671789,-5.6365185546875001,-2.5404516601562501,6.1825751960592532,-5.9882031249999841,114.32013923137784,1222.3177461058738,13,19,0,0,1,27,2,0.70500000000000007
2026-01-26T06:00:00Z,2026-01-26T20:00:00Z,2026-01-26T21:00:00Z,2026-01-26T21:00:00Z,2026-01-26T00:00:00Z,2026-01-26T03:56:52Z,-9.7174536132812506,-4.9390380859374998,10.900596402977866,-5.8304785156249999,-2.5503515624999999,6.3638646130720673,-5.9594335937499636,118.82300194061399,1295.2415875448889,14,20,0,1,1,27,1,0.62333333333333341
2026-01-26T06:00:00Z,2026-01-26T20:00:00Z,2026-01-26T21:00:00Z,2026-01-26T21:00:00Z,2026-01-26T00:00:00Z,2026-01-26T03:56:52Z,-9.7174536132812506,-4.9390380859374998,10.900596402977866,-5.8304785156249999,-2.5503515624999999,6.3638646130720673,-5.9594335937499636,118.82300194061399,1295.2415875448889,14,20,0,1,1,27,2,0.62666666666666659
2026-01-26T06:00:00Z,2026-01-26T21:00:00Z,2026-01-26T22:00:00Z,2026-01-26T22:00:00Z,2026-01-26T00:00:00Z,2026-01-26T03:56:52Z,-9.9279101562500003,-5.1318188476562501,11.175820540601563,-6.2000732421875,-2.71112060546875,6.7669109012818147,-5.8506249999999795,124.89896475573182,1395.8484158169786,15,21,0,2,1,27,1,0.47999999999999998
2026-01-26T06:00:00Z,2026-01-26T21:00:00Z,2026-01-26T22:00:00Z,2026-01-26T22:00:00Z,2026-01-26T00:00:00Z,2026-01-26T03:56:52Z,-9.9279101562500003,-5.1318188476562501,11.175820540601563,-6.2000732421875,-2.71112060546875,6.7669109012818147,-5.8506249999999795,124.89896475573182,1395.8484158169786,15,21,0,2,1,27,2,0.48999999999999999
2026-01-26T06:00:00Z,2026-01-26T22:00:00Z,2026-01-26T23:00:00Z,2026-01-26T23:00:00Z,2026-01-26T00:00:00Z,2026-01-26T03:56:52Z,-9.8018920898437507,-4.7884545898437505,10.909004807952794,-5.9402490234375005,-2.3674633789062502,6.3946416092625844,-6.8133398437499864,119.00638589993717,1298.2412359595003,16,22,0,3,1,27,1,0.93500000000000005
2026-01-26T06:00:00Z,2026-01-26T22:00:00Z,2026-01-26T23:00:00Z,2026-01-26T23:00:00Z,2026-01-26T00:00:00Z,2026-01-26T03:56:52Z,-9.8018920898437507,-4.7884545898437505,10.909004807952794,-5.9402490234375005,-2.3674633789062502,6.3946416092625844,-6.8133398437499864,119.00638589993717,1298.2412359595003,16,22,0,3,1,27,2,0.93500000000000005
2026-01-26T06:00:00Z,2026-01-26T23:00:00Z,2026-01-27T00:00:00Z,2026-01-27T00:00:00Z,2026-01-26T00:00:00Z,2026-01-26T03:56:52Z,-9.4489428710937506,-4.3363500976562497,10.396463511725358,-5.6003295898437502,-1.9421215820312501,5.9275229020452578,-7.6082031249999886,108.08645355063676,1123.7168704509929,17,23,0,4,1,27,1,0.68499999999999994
2026-01-26T06:00:00Z,2026-01-26T23:00:00Z,2026-01-27T00:00:00Z,2026-01-27T00:00:00Z,2026-01-26T00:00:00Z,2026-01-26T03:56:52Z,-9.4489428710937506,-4.3363500976562497,10.396463511725358,-5.6003295898437502,-1.9421215820312501,5.9275229020452578,-7.6082031249999886,108.08645355063676,1123.7168704509929,17,23,0,4,1,27,2,0.67333333333333334
2026-01-26T06:00:00Z,2026-01-27T00:00:00Z,2026-01-27T01:00:00Z,2026-01-27T01:00:00Z,2026-01-26T00:00:00Z,2026-01-26T03:56:52Z,-8.6603686523437506,-3.4718017578125,9.3303479377806848,-5.0644384765624997,-1.24277587890625,5.214693564158674,-8.1024023437499864,87.055392640048282,812.25710319176233,18,24,0,5,1,27,1,0.40666666666666668
2026-01-26T06:00:00Z,2026-01-27T00:00:00Z,2026-01-27T01:00:00Z,2026-01-27T01:00:00Z,2026-01-26T00:00:00Z,2026-01-26T03:56:52Z,-8.6603686523437506,-3.4718017578125,9.3303479377806848,-5.0644384765624997,-1.24277587890625,5.214693564158674,-8.1024023437499864,87.055392640048282,812.25710319176233,18,24,0,5,1,27,2,0.28833333333333333
2026-01-26T06:00:00Z,2026-01-27T01:00:00Z,2026-01-27T02:00:00Z,2026-01-27T02:00:00Z,2026-01-26T00:00:00Z,2026-01-26T03:56:52Z,-8.1644555664062501,-3.2822558593750002,8.7995192040374306,-4.654091796875,-1.2950390625000001,4.8309105381014916,-8.21906249999995,77.431538222223537,681.36030758461436,19,25,0,6,1,27,1,0.031666666666666669
2026-01-26T06:00:00Z,2026-01-27T01:00:00Z,2026-01-27T02:00:00Z,2026-01-27T02:00:00Z,2026-01-26T00:00:00Z,2026-01-26T03:56:52Z,-8.1644555664062501,-3.2822558593750002,8.7995192040374306,-4.654091796875,-1.2950390625000001,4.8309105381014916,-8.21906249999995,77.431538222223537,681.36030758461436,19,25,0,6,1,27,2,0.028333333333333332
2026-01-26T06:00:00Z,2026-01-27T02:00:00Z,2026-01-27T03:00:00Z,2026-01-27T03:00:00Z,2026-01-26T00:00:00Z,2026-01-26T03:56:52Z,-7.6753344726562505,-2.8756689453124999,8.1963547477021823,-4.4151123046874998,-1.3916748046875,4.629252145325955,-8.5614257812499659,67.180231150180106,550.63300653950876,20,26,0,7,1,27,1,0.013333333333333334
2026-01-26T06:00:00Z,2026-01-27T02:00:00Z,2026-01-27T03:00:00Z,2026-01-27T03:00:00Z,2026-01-26T00:00:00Z,2026-01-26T03:56:52Z,-7.6753344726562505,-2.8756689453124999,8.1963547477021823,-4.4151123046874998,-1.3916748046875,4.629252145325955,-8.5614257812499659,67.180231150180106,550.63300653950876,20,26,0,7,1,27,2,0.013333333333333334
2026-01-26T06:00:00Z,2026-01-27T03:00:00Z,2026-01-27T04:00:00Z,2026-01-27T04:00:00Z,2026-01-26T00:00:00Z,2026-01-26T03:56:52Z,-7.1546044921875005,-2.8923779296875001,7.7171377807949568,-4.4025024414062504,-1.4814111328124999,4.645062614325969,-7.3057421874999591,59.554215527772911,459.58808665498202,21,27,0,8,1,27,1,0.01
2026-01-26T06:00:00Z,2026-01-27T03:00:00Z,2026-01-27T04:00:00Z,2026-01-27T04:00:00Z,2026-01-26T00:00:00Z,2026-01-26T03:56:52Z,-7.1546044921875005,-2.8923779296875001,7.7171377807949568,-4.4025024414062504,-1.4814111328124999,4.645062614325969,-7.3057421874999591,59.554215527772911,459.58808665498202,21,27,0,8,1,27,2,0.01
2026-01-26T06:00:00Z,2026-01-27T04:00:00Z,2026-01-27T05:00:00Z,2026-01-27T05:00:00Z,2026-01-26T00:00:00Z,2026-01-26T03:56:52Z,-7.1431567382812498,-2.0447241210937501,7.4300460913129891,-4.9925292968750004,-1.30624267578125,5.1605831752029099,-5.9500585937499864,55.205584919035424,410.18004044632647,22,28,0,9,1,27,1,0.01
2026-01-26T06:00:00Z,2026-01-27T04:00:00Z,2026-01-27T05:00:00Z,2026-01-27T05:00:00Z,2026-01-26T00:00:00Z,2026-01-26T03:56:52Z,-7.1431567382812498,-2.0447241210937501,7.4300460913129891,-4.9925292968750004,-1.30624267578125,5.1605831752029099,-5.9500585937499864,55.205584919035424,410.18004044632647,22,28,0,9,1,27,2,0.0083333333333333332
2026-01-26T06:00:00Z,2026-01-27T05:00:00Z,2026-01-27T06:00:00Z,2026-01-27T06:00:00Z,2026-01-26T00:00:00Z,2026-01-26T03:56:52Z,-6.4445605468750005,-2.0169970703125002,6.7528244330788736,-5.0074804687499999,-1.5647631835937501,5.2462695761505778,-4.6505078124999955,45.600637823987007,307.93310126180012,23,29,0,10,1,27,1,0.01
2026-01-26T06:00:00Z,2026-01-27T05:00:00Z,2026-01-27T06:00:00Z,2026-01-27T06:00:00Z,2026-01-26T00:00:00Z,2026-01-26T03:56:52Z,-6.4445605468750005,-2.0169970703125002,6.7528244330788736,-5.0074804687499999,-1.5647631835937501,5.2462695761505778,-4.6505078124999955,45.600637823987007,307.93310126180012,23,29,0,10,1,27,2,0.01
2026-01-26T06:00:00Z,2026-01-27T06:00:00Z,2026-01-27T07:00:00Z,2026-01-27T07:00:00Z,2026-01-26T00:00:00Z,2026-01-26T03:56:52Z,-5.8115795898437499,-2.1959228515625,6.2126109244908321,-4.6797290039062505,-1.738798828125,4.9923225972176777,-3.6625195312499841,38.59653449910283,239.78525187661353,24,30,0,11,1,27,1,0.01
2026-01-26T06:00:00Z,2026-01-27T06:00:00Z,2026-01-27T07:00:00Z,2026-01-27T07:00:00Z,2026-01-26T00:00:00Z,2026-01-26T03:56:52Z,-5.8115795898437499,-2.1959228515625,6.2126109244908321,-4.6797290039062505,-1.738798828125,4.9923225972176777,-3.6625195312499841,38.59653449910283,239.78525187661353,24,30,0,11,1,27,2,0.01
2026-01-26T06:00:00Z,2026-01-27T07:00:00Z,2026-01-27T08:00:00Z,2026-01-27T08:00:00Z,2026-01-26T00:00:00Z,2026-01-26T03:56:52Z,-5.5982958984374998,-2.0392382812499998,5.9581381096931265,-4.4914453124999998,-1.57423828125,4.7593389416316185,-2.6832812499999932,35.499409734177583,211.51038600881461,25,31,0,12,1,27,1,0.01
2026-01-26T06:00:00Z,2026-01-27T07:00:00Z,2026-01-27T08:00:00Z,2026-01-27T08:00:00Z,2026-01-26T00:00:00Z,2026-01-26T03:56:52Z,-5.5982958984374998,-2.0392382812499998,5.9581381096931265,-4.4914453124999998,-1.57423828125,4.7593389416316185,-2.6832812499999932,35.499409734177583,211.51038600881461,25,31,0,12,1,27,2,0.01
2026-01-26T06:00:00Z,2026-01-27T08:00:00Z,2026-01-27T09:00:00Z,2026-01-27T09:00:00Z,2026-01-26T00:00:00Z,2026-01-26T03:56:52Z,-5.7020922851562501,-1.7729248046875001,5.9713582032494612,-4.6930371093750001,-1.32089111328125,4.8753821022681123,-2.1446484374999955,35.657118791514634,212.92142879995143,26,32,0,13,1,27,1,0.01
2026-01-26T06:00:00Z,2026-01-27T08:00:00Z,2026-01-27T09:00:00Z,2026-01-27T09:00:00Z,2026-01-26T00:00:00Z,2026-01-26T03:56:52Z,-5.7020922851562501,-1.7729248046875001,5.9713582032494612,-4.6930371093750001,-1.32089111328125,4.8753821022681123,-2.1446484374999955,35.657118791514634,212.92142879995143,26,32,0,13,1,27,2,0.01
2026-01-26T06:00:00Z,2026-01-27T09:00:00Z,2026-01-27T10:00:00Z,2026-01-27T10:00:00Z,2026-01-26T00:00:00Z,2026-01-26T03:56:52Z,-5.5650170898437503,-1.6478930664062501,5.8038751510144317,-4.3714331054687499,-1.23749755859375,4.5432177587161338,-1.8282226562499773,33.684966768562795,195.5033415908085,27,33,0,14,1,27,1,0.01
2026-01-26T06:00:00Z,2026-01-27T09:00:00Z,2026-01-27T10:00:00Z,2026-01-27T10:00:00Z,2026-01-26T00:00:00Z,2026-01-26T03:56:52Z,-5.5650170898437503,-1.6478930664062501,5.8038751510144317,-4.3714331054687499,-1.23749755859375,4.5432177587161338,-1.8282226562499773,33.684966768562795,195.5033415908085,27,33,0,14,1,27,2,0.01
2026-01-26T06:00:00Z,2026-01-27T10:00:00Z,2026-01-27T11:00:00Z,2026-01-27T11:00:00Z,2026-01-26T00:00:00Z,2026-01-26T03:56:52Z,-5.7656420898437499,-2.0341723632812498,6.1139582850813623,-3.7703393554687499,-1.2056616210937501,3.9584187246898122,-1.9243945312499591,37.380485911715034,228.54273154029727,28,34,0,15,1,27,1,0.01
2026-01-26T06:00:00Z,2026-01-27T10:00:00Z,2026-01-27T11:00:00Z,2026-01-27T11:00:00Z,2026-01-26T00:00:00Z,2026-01-26T03:56:52Z,-5.7656420898437499,-2.0341723632812498,6.1139582850813623,-3.7703393554687499,-1.2056616210937501,3.9584187246898122,-1.9243945312499591,37.380485911715034,228.54273154029727,28,34,0,15,1,27,2,0.01
2026-01-26T06:00:00Z,2026-01-27T11:00:00Z,2026-01-27T12:00:00Z,2026-01-27T12:00:00Z,2026-01-26T00:00:00Z,2026-01-26T03:56:52Z,-5.76316162109375,-2.3534423828125002,6.2251685053551862,-3.39717529296875,-1.17867919921875,3.5958426864683979,-2.7133203124999454,38.75272292006612,241.24223021875167,29,35,0,16,1,27,1,0.01
2026-01-26T06:00:00Z,2026-01-27T11:00:00Z,2026-01-27T12:00:00Z,2026-01-27T12:00:00Z,2026-01-26T00:00:00Z,2026-01-26T03:56:52Z,-5.76316162109375,-2.3534423828125002,6.2251685053551862,-3.39717529296875,-1.17867919921875,3.5958426864683979,-2.7133203124999454,38.75272292006612,241.24223021875167,29,35,0,16,1,27,2,0.01
2026-01-26T06:00:00Z,2026-01-27T12:00:00Z,2026-01-27T13:00:00Z,2026-01-27T13:00:00Z,2026-01-26T00:00:00Z,2026-01-26T03:56:52Z,-5.6582763671874998,-2.1292822265625002,6.0456541621091366,-3.3074316406249999,-1.00677490234375,3.4572676728012608,-3.6846289062499977,36.54993424782753,220.96826211019379,30,36,0,17,1,27,1,0.01
2026-01-26T06:00:00Z,2026-01-27T12:00:00Z,2026-01-27T13:00:00Z,2026-01-27T13:00:00Z,2026-01-26T00:00:00Z,2026-01-26T03:56:52Z,-5.6582763671874998,-2.1292822265625002,6.0456541621091366,-3.3074316406249999,-1.00677490234375,3.4572676728012608,-3.6846289062499977,36.54993424782753,220.96826211019379,30,36,0,17,1,27,2,0.01
2026-01-26T06:00:00Z,2026-01-27T13:00:00Z,2026-01-27T14:00:00Z,2026-01-27T14:00:00Z,2026-01-26T00:00:00Z,2026-01-26T03:56:52Z,-5.2593457031249997,-1.9357543945312501,5.604271790422592,-3.1537133789062501,-1.00722412109375,3.3106507678106665,-4.0129296874999909,31.407862300926446,176.01819669055928,31,37,0,18,1,27,1,0.01
2026-01-26T06:00:00Z,2026-01-27T13:00:00Z,2026-01-27T14:00:00Z,2026-01-27T14:00:00Z,2026-01-26T00:00:00Z,2026-01-26T03:56:52Z,-5.2593457031249997,-1.9357543945312501,5.604271790422592,-3.1537133789062501,-1.00722412109375,3.3106507678106665,-4.0129296874999909,31.407862300926446,176.01819669055928,31,37,0,18,1,27,2,0.01
2026-01-26T06:00:00Z,2026-01-27T14:00:00Z,2026-01-27T15:00:00Z,2026-01-27T15:00:00Z,2026-01-26T00:00:00Z,2026-01-26T03:56:52Z,-4.6754882812499998,-1.7676440429687501,4.9984753806284754,-2.85158203125,-0.99607910156250001,3.0205452583130472,-4.3980273437499591,24.98475613074898,124.88568841055515,32,38,0,19,1,27,1,0.01
2026-01-26T06:00:00Z,2026-01-27T14:00:00Z,2026-01-27T15:00:00Z,2026-01-27T15:00:00Z,2026-01-26T00:00:00Z,2026-01-26T03:56:52Z,-4.6754882812499998,-1.7676440429687501,4.9984753806284754,-2.85158203125,-0.99607910156250001,3.0205452583130472,-4.3980273437499591,24.98475613074898,124.88568841055515,32,38,0,19,1,27,2,0.01
2026-01-26T06:00:00Z,2026-01-27T15:00:00Z,2026-01-27T16:00:00Z,2026-01-27T16:00:00Z,2026-01-26T00:00:00Z,2026-01-26T03:56:52Z,-4.4667041015624998,-1.0838134765625,4.5963134339265581,-2.8142529296875001,-0.63735107421875004,2.8855217802093387,-4.7810937499999682,21.126097182893748,97.102164288172546,33,39,0,20,1,27,1,0.016666666666666666
2026-01-26T06:00:00Z,2026-01-27T15:00:00Z,2026-01-27T16:00:00Z,2026-01-27T16:00:00Z,2026-01-26T00:00:00Z,2026-01-26T03:56:52Z,-4.4667041015624998,-1.0838134765625,4.5963134339265581,-2.8142529296875001,-0.63735107421875004,2.8855217802093387,-4.7810937499999682,21.126097182893748,97.102164288172546,33,39,0,20,1,27,2,0.013333333333333334
2026-01-26T06:00:00Z,2026-01-27T16:00:00Z,2026-01-27T17:00:00Z,2026-01-27T17:00:00Z,2026-01-26T00:00:00Z,2026-01-26T03:56:52Z,-3.7886669921875002,-1.3725659179687499,4.0296320895164213,-2.4969506835937501,-1.1261938476562501,2.7391742001556025,-4.9553124999999909,16.237934776860481,65.432903044311658,34,40,0,21,1,27,1,0.0083333333333333332
2026-01-26T06:00:00Z,2026-01-27T16:00:00Z,2026-01-27T17:00:00Z,2026-01-27T17:00:00Z,2026-01-26T00:00:00Z,2026-01-26T03:56:52Z,-3.7886669921875002,-1.3725659179687499,4.0296320895164213,-2.4969506835937501,-1.1261938476562501,2.7391742001556025,-4.9553124999999909,16.237934776860481,65.432903044311658,34,40,0,21,1,27,2,0.0066666666666666671
2026-01-26T06:00:00Z,2026-01-27T17:00:00Z,2026-01-27T18:00:00Z,2026-01-27T18:00:00Z,2026-01-26T00:00:00Z,2026-01-26T03:56:52Z,-3.7208203124999999,-1.3594897460937501,3.9614033078754614,-2.5205859374999999,-0.97843261718750008,2.7038276303601778,-4.9357421874999545,15.692716167646648,62.165177736066163,35,41,0,22,1,27,1,0.01
2026-01-26T06:00:00Z,2026-01-27T17:00:00Z,2026-01-27T18:00:00Z,2026-01-27T18:00:00Z,2026-01-26T00:00:00Z,2026-01-26T03:56:52Z,-3.7208203124999999,-1.3594897460937501,3.9614033078754614,-2.5205859374999999,-0.97843261718750008,2.7038276303601778,-4.9357421874999545,15.692716167646648,62.165177736066163,35,41,0,22,1,27,2,0.0083333333333333332
2026-01-26T06:00:00Z,2026-01-27T18:00:00Z,2026-01-27T19:00:00Z,2026-01-27T19:00:00Z,2026-01-26T00:00:00Z,2026-01-26T03:56:52Z,-4.0773583984375001,-1.1668603515625,4.2410393289095278,-2.80403564453125,-0.83373291015625006,2.925359202094572,-5.0082031249999659,17.986414589357377,76.281091659536756,36,42,0,23,1,27,1,0.01
2026-01-26T06:00:00Z,2026-01-27T18:00:00Z,2026-01-27T19:00:00Z,2026-01-27T19:00:00Z,2026-01-26T00:00:00Z,2026-01-26T03:56:52Z,-4.0773583984375001,-1.1668603515625,4.2410393289095278,-2.80403564453125,-0.83373291015625006,2.925359202094572,-5.0082031249999659,17.986414589357377,76.281091659536756,36,42,0,23,1,27,2,0.01
2026-01-26T06:00:00Z,2026-01-27T19:00:00Z,2026-01-27T20:00:00Z,2026-01-27T20:00:00Z,2026-01-26T00:00:00Z,2026-01-26T03:56:52Z,-4.0401684570312497,-1.0765209960937501,4.1811312603434194,-2.80790283203125,-0.76922363281250006,2.9113610754089527,-5.0764257812499523,17.481858616220951,73.093945549185364,37,43,0,0,1,28,1,0.01
2026-01-26T06:00:00Z,2026-01-27T19:00:00Z,2026-01-27T20:00:00Z,2026-01-27T20:00:00Z,2026-01-26T00:00:00Z,2026-01-26T03:56:52Z,-4.0401684570312497,-1.0765209960937501,4.1811312603434194,-2.80790283203125,-0.76922363281250006,2.9113610754089527,-5.0764257812499523,17.481858616220951,73.093945549185364,37,43,0,0,1,28,2,0.01
2026-01-26T06:00:00Z,2026-01-27T20:00:00Z,2026-01-27T21:00:00Z,2026-01-27T21:00:00Z,2026-01-26T00:00:00Z,2026-01-26T03:56:52Z,-3.48504638671875,-1.12568115234375,3.6623361907836052,-2.3984716796874999,-0.913212890625,2.5664419303515609,-5.6517773437499841,13.412706374323367,49.121839971038419,38,44,0,1,1,28,1,0.01
2026-01-26T06:00:00Z,2026-01-27T20:00:00Z,2026-01-27T21:00:00Z,2026-01-27T21:00:00Z,2026-01-26T00:00:00Z,2026-01-26T03:56:52Z,-3.48504638671875,-1.12568115234375,3.6623361907836052,-2.3984716796874999,-0.913212890625,2.5664419303515609,-5.6517773437499841,13.412706374323367,49.121839971038419,38,44,0,1,1,28,2,0.01
2026-01-26T06:00:00Z,2026-01-27T21:00:00Z,2026-01-27T22:00:00Z,2026-01-27T22:00:00Z,2026-01-26T00:00:00Z,2026-01-26T03:56:52Z,-3.02801513671875,-0.42538818359375002,3.0577492989025541,-2.1329785156250001,-0.51036376953124996,2.1931868423296668,-6.3119726562499636,9.3498307749390612,28.589438496927439,39,45,0,2,1,28,1,0.01
2026-01-26T06:00:00Z,2026-01-27T21:00:00Z,2026-01-27T22:00:00Z,2026-01-27T22:00:00Z,2026-01-26T00:00:00Z,2026-01-26T03:56:52Z,-3.02801513671875,-0.42538818359375002,3.0577492989025541,-2.1329785156250001,-0.51036376953124996,2.1931868423296668,-6.3119726562499636,9.3498307749390612,28.589438496927439,39,45,0,2,1,28,2,0.01
2026-01-26T06:00:00Z,2026-01-27T22:00:00Z,2026-01-27T23:00:00Z,2026-01-27T23:00:00Z,2026-01-26T00:00:00Z,2026-01-26T03:56:52Z,-1.9919921875,-1.3687744140625,2.4169353056408389,-1.4775756835937501,-1.3582421874999999,2.0070006827732576,-6.2564453124999773,5.8415762716531754,14.11871193155234,40,46,0,3,1,28,1,0.01
2026-01-26T06:00:00Z,2026-01-27T22:00:00Z,2026-01-27T23:00:00Z,2026-01-27T23:00:00Z,2026-01-26T00:00:00Z,2026-01-26T03:56:52Z,-1.9919921875,-1.3687744140625,2.4169353056408389,-1.4775756835937501,-1.3582421874999999,2.0070006827732576,-6.2564453124999773,5.8415762716531754,14.11871193155234,40,46,0,3,1,28,2,0.01
2026-01-26T06:00:00Z,2026-01-27T23:00:00Z,2026-01-28T00:00:00Z,2026-01-28T00:00:00Z,2026-01-26T00:00:00Z,2026-01-26T03:56:52Z,-1.6440869140625001,0.23714599609375001,1.6611020451660552,-1.4033862304687501,0.31436279296875003,1.4381644125316135,-5.9645703124999727,2.7592600044548514,4.5834124365448519,41,47,0,4,1,28,1,0.01
2026-01-26T06:00:00Z,2026-01-27T23:00:00Z,2026-01-28T00:00:00Z,2026-01-28T00:00:00Z,2026-01-26T00:00:00Z,2026-01-26T03:56:52Z,-1.6440869140625001,0.23714599609375001,1.6611020451660552,-1.4033862304687501,0.31436279296875003,1.4381644125316135,-5.9645703124999727,2.7592600044548514,4.5834124365448519,41,47,0,4,1,28,2,0.01
2026-01-26T06:00:00Z,2026-01-28T00:00:00Z,2026-01-28T01:00:00Z,2026-01-28T01:00:00Z,2026-01-26T00:00:00Z,2026-01-26T03:56:52Z,-0.70846923828124997,0.61277832031250001,0.93671016405066487,-0.88581298828124999,0.045327148437499999,0.88697192773685518,-6.4905664062499682,0.87742593143582348,0.82189378817755765,42,48,0,5,1,28,1,0.01
2026-01-26T06:00:00Z,2026-01-28T00:00:00Z,2026-01-28T01:00:00Z,2026-01-28T01:00:00Z,2026-01-26T00:00:00Z,2026-01-26T03:56:52Z,-0.70846923828124997,0.61277832031250001,0.93671016405066487,-0.88581298828124999,0.045327148437499999,0.88697192773685518,-6.4905664062499682,0.87742593143582348,0.82189378817755765,42,48,0,5,1,28,2,0.01
2026-01-26T06:00:00Z,2026-01-28T01:00:00Z,2026-01-28T02:00:00Z,2026-01-28T02:00:00Z,2026-01-26T00:00:00Z,2026-01-26T03:56:52Z,1.0552416992187501,0.46843750000000001,1.1545426519519861,0.34419433593749998,-0.17205078125000001,0.3848002237787706,-6.4735156249999477,1.3329687351763251,1.5389692584795591,43,49,0,6,1,28,1,0.01
2026-01-26T06:00:00Z,2026-01-28T01:00:00Z,2026-01-28T02:00:00Z,2026-01-28T02:00:00Z,2026-01-26T00:00:00Z,2026-01-26T03:56:52Z,1.0552416992187501,0.46843750000000001,1.1545426519519861,0.34419433593749998,-0.17205078125000001,0.3848002237787706,-6.4735156249999477,1.3329687351763251,1.5389692584795591,43,49,0,6,1,28,2,0.0083333333333333332
2026-01-26T06:00:00Z,2026-01-28T02:00:00Z,2026-01-28T03:00:00Z,2026-01-28T03:00:00Z,2026-01-26T00:00:00Z,2026-01-26T03:56:52Z,2.8177807617187502,0.70232910156250006,2.9039894262916812,1.50126953125,0.28957519531250003,1.5289421176747886,-6.4242187499999659,8.4331545880138883,24.489791753875512,44,50,0,7,1,28,1,0.036666666666666667
2026-01-26T06:00:00Z,2026-01-28T02:00:00Z,2026-01-28T03:00:00Z,2026-01-28T03:00:00Z,2026-01-26T00:00:00Z,2026-01-26T03:56:52Z,2.8177807617187502,0.70232910156250006,2.9039894262916812,1.50126953125,0.28957519531250003,1.5289421176747886,-6.4242187499999659,8.4331545880138883,24.489791753875512,44,50,0,7,1,28,2,0.029999999999999999
2026-01-26T06:00:00Z,2026-01-28T03:00:00Z,2026-01-28T04:00:00Z,2026-01-28T04:00:00Z,2026-01-26T00:00:00Z,2026-01-26T03:56:52Z,3.2306591796875002,0.51402099609374996,3.2712958166030051,1.7692724609375001,0.26725830078125001,1.7893440251579122,-4.9450976562499704,10.701376319724321,35.007367586608638,45,51,0,8,1,28,1,0.040000000000000001
2026-01-26T06:00:00Z,2026-01-28T03:00:00Z,2026-01-28T04:00:00Z,2026-01-28T04:00:00Z,2026-01-26T00:00:00Z,2026-01-26T03:56:52Z,3.2306591796875002,0.51402099609374996,3.2712958166030051,1.7692724609375001,0.26725830078125001,1.7893440251579122,-4.9450976562499704,10.701376319724321,35.007367586608638,45,51,0,8,1,28,2,0.031666666666666669
2026-01-26T06:00:00Z,2026-01-28T04:00:00Z,2026-01-28T05:00:00Z,2026-01-28T05:00:00Z,2026-01-26T00:00:00Z,2026-01-26T03:56:52Z,2.7597094726562501,1.36322998046875,3.0780500894425789,1.75733642578125,0.95373291015625006,1.9994593712533217,-3.5008398437499864,9.4743923531174676,29.162654229927305,46,52,0,9,1,28,1,0.01
2026-01-26T06:00:00Z,2026-01-28T04:00:00Z,2026-01-28T05:00:00Z,2026-01-28T05:00:00Z,2026-01-26T00:00:00Z,2026-01-26T03:56:52Z,2.7597094726562501,1.36322998046875,3.0780500894425789,1.75733642578125,0.95373291015625006,1.9994593712533217,-3.5008398437499864,9.4743923531174676,29.162654229927305,46,52,0,9,1,28,2,0.01
2026-01-26T06:00:00Z,2026-01-28T05:00:00Z,2026-01-28T06:00:00Z,2026-01-28T06:00:00Z,2026-01-26T00:00:00Z,2026-01-26T03:56:52Z,2.8002270507812499,1.3230615234375001,3.0970572049492104,2.1991674804687502,0.88556640625000005,2.3707731791611382,-2.0362109374999591,9.5917633307278152,29.706239731598217,47,53,0,10,1,28,1,0.01
2026-01-26T06:00:00Z,2026-01-28T05:00:00Z,2026-01-28T06:00:00Z,2026-01-28T06:00:00Z,2026-01-26T00:00:00Z,2026-01-26T03:56:52Z,2.8002270507812499,1.3230615234375001,3.0970572049492104,2.1991674804687502,0.88556640625000005,2.3707731791611382,-2.0362109374999591,9.5917633307278152,29.706239731598217,47,53,0,10,1,28,2,0.01
