origin_time,target_time,target_end,label_available_at,gfs_init,gfs_available_at,gfs_wind_u_100m,gfs_wind_v_100m,gfs_wind_speed_100m,gfs_wind_u_10m,gfs_wind_v_10m,gfs_wind_speed_10m,gfs_temperature_2m,gfs_wind_speed_100m_sq,gfs_wind_speed_100m_cu,origin_lead_hours,gfs_lead_hours,gfs_init_hour,target_local_hour,target_local_month,target_local_day_of_year,turbine_id,target_power
2025-08-04T06:00:00Z,2025-08-04T06:00:00Z,2025-08-04T07:00:00Z,2025-08-04T07:00:00Z,2025-08-04T00:00:00Z,2025-08-04T04:04:34Z,0.086481933593750004,-0.39385986328125,0.40324275162988205,-0.20682861328125002,-0.30925048828125001,0.37204023945540676,31.589855957031261,0.16260471674203875,0.065569173407057257,0,6,0,11,8,216,1,0.12166666666666666
2025-08-04T06:00:00Z,2025-08-04T06:00:00Z,2025-08-04T07:00:00Z,2025-08-04T07:00:00Z,2025-08-04T00:00:00Z,2025-08-04T04:04:34Z,0.086481933593750004,-0.39385986328125,0.40324275162988205,-0.20682861328125002,-0.30925048828125001,0.37204023945540676,31.589855957031261,0.16260471674203875,0.065569173407057257,0,6,0,11,8,216,2,0.11333333333333334
2025-08-04T06:00:00Z,2025-08-04T07:00:00Z,2025-08-04T08:00:00Z,2025-08-04T08:00:00Z,2025-08-04T00:00:00Z,2025-08-04T04:04:34Z,3.8132421875000002,-1.1206225585937499,3.9744950496080618,3.4221118164062503,-1.03797607421875,3.5760653817621755,33.094042968750045,15.79661089935899,62.783551820087062,1,7,0,12,8,216,1,0.021666666666666667
2025-08-04T06:00:00Z,2025-08-04T07:00:00Z,2025-08-04T08:00:00Z,2025-08-04T08:00:00Z,2025-08-04T00:00:00Z,2025-08-04T04:04:34Z,3.8132421875000002,-1.1206225585937499,3.9744950496080618,3.4221118164062503,-1.03797607421875,3.5760653817621755,33.094042968750045,15.79661089935899,62.783551820087062,1,7,0,12,8,216,2,0.029999999999999999
2025-08-04T06:00:00Z,2025-08-04T08:00:00Z,2025-08-04T09:00:00Z,2025-08-04T09:00:00Z,2025-08-04T00:00:00Z,2025-08-04T04:04:34Z,6.6592871093750006,-1.476787109375,6.8210706616706602,6.0109448242187504,-1.3241552734374999,6.1550666014247586,33.906005859375057,46.527004971504219,317.3639885865324,2,8,0,13,8,216,1,0.0083333333333333332
2025-08-04T06:00:00Z,2025-08-04T08:00:00Z,2025-08-04T09:00:00Z,2025-08-04T09:00:00Z,2025-08-04T00:00:00Z,2025-08-04T04:04:34Z,6.6592871093750006,-1.476787109375,6.8210706616706602,6.0109448242187504,-1.3241552734374999,6.1550666014247586,33.906005859375057,46.527004971504219,317.3639885865324,2,8,0,13,8,216,2,0.0083333333333333332
2025-08-04T06:00:00Z,2025-08-04T09:00:00Z,2025-08-04T10:00:00Z,2025-08-04T10:00:00Z,2025-08-04T00:00:00Z,2025-08-04T04:04:34Z,9.3391577148437506,-0.74013916015625003,9.3684402543391574,8.10003662109375,-0.57115478515625007,8.1201484624153721,34.350024414062545,87.767672799122337,822.24619888096561,3,9,0,14,8,216,1,0.024999999999999998
2025-08-04T06:00:00Z,2025-08-04T09:00:00Z,2025-08-04T10:00:00Z,2025-08-04T10:00:00Z,2025-08-04T00:00:00Z,2025-08-04T04:04:34Z,9.3391577148437506,-0.74013916015625003,9.3684402543391574,8.10003662109375,-0.57115478515625007,8.1201484624153721,34.350024414062545,87.767672799122337,822.24619888096561,3,9,0,14,8,216,2,0.02
2025-08-04T06:00:00Z,2025-08-04T10:00:00Z,2025-08-04T11:00:00Z,2025-08-04T11:00:00Z,2025-08-04T00:00:00Z,2025-08-04T04:04:34Z,10.9554345703125,0.1920166015625,10.957117184719429,9.25616455078125,0.25341064453125001,9.2596327759744987,34.450024414062568,120.05841699967384,1315.4941440773375,4,10,0,15,8,216,1,0.24666666666666667
2025-08-04T06:00:00Z,2025-08-04T10:00:00Z,2025-08-04T11:00:00Z,2025-08-04T11:00:00Z,2025-08-04T00:00:00Z,2025-08-04T04:04:34Z,10.9554345703125,0.1920166015625,10.957117184719429,9.25616455078125,0.25341064453125001,9.2596327759744987,34.450024414062568,120.05841699967384,1315.4941440773375,4,10,0,15,8,216,2,0.23166666666666669
2025-08-04T06:00:00Z,2025-08-04T11:00:00Z,2025-08-04T12:00:00Z,2025-08-04T12:00:00Z,2025-08-04T00:00:00Z,2025-08-04T04:04:34Z,9.4539965820312499,-1.36851806640625,9.5525333326368909,7.97666259765625,-0.84874755859375006,8.0216905085565973,33.994091796875011,91.250893071138862,871.67719769493863,5,11,0,16,8,216,1,0.40166666666666667
2025-08-04T06:00:00Z,2025-08-04T11:00:00Z,2025-08-04T12:00:00Z,2025-08-04T12:00:00Z,2025-08-04T00:00:00Z,2025-08-04T04:04:34Z,9.4539965820312499,-1.36851806640625,9.5525333326368909,7.97666259765625,-0.84874755859375006,8.0216905085565973,33.994091796875011,91.250893071138862,871.67719769493863,5,11,0,16,8,216,2,0.38833333333333336
2025-08-04T06:00:00Z,2025-08-04T12:00:00Z,2025-08-04T13:00:00Z,2025-08-04T13:00:00Z,2025-08-04T00:00:00Z,2025-08-04T04:04:34Z,6.373779296875,-6.3610083007812506,9.0048591953389447,5.3490527343750003,-4.9391113281250005,7.2806033999070001,33.594030761718784,81.087489127880346,730.18142210014003,6,12,0,17,8,216,1,0.39333333333333331
2025-08-04T06:00:00Z,2025-08-04T12:00:00Z,2025-08-04T13:00:00Z,2025-08-04T13:00:00Z,2025-08-04T00:00:00Z,2025-08-04T04:04:34Z,6.373779296875,-6.3610083007812506,9.0048591953389447,5.3490527343750003,-4.9391113281250005,7.2806033999070001,33.594030761718784,81.087489127880346,730.18142210014003,6,12,0,17,8,216,2,0.40166666666666667
2025-08-04T06:00:00Z,2025-08-04T13:00:00Z,2025-08-04T14:00:00Z,2025-08-04T14:00:00Z,2025-08-04T00:00:00Z,2025-08-04T04:04:34Z,2.8145947265625,-10.8099169921875,11.170328950070248,2.06850341796875,-8.0525415039062498,8.3139720388200207,31.594042968750045,124.77624885277748,1393.7917448413498,7,13,0,18,8,216,1,0.45666666666666672
2025-08-04T06:00:00Z,2025-08-04T13:00:00Z,2025-08-04T14:00:00Z,2025-08-04T14:00:00Z,2025-08-04T00:00:00Z,2025-08-04T04:04:34Z,2.8145947265625,-10.8099169921875,11.170328950070248,2.06850341796875,-8.0525415039062498,8.3139720388200207,31.594042968750045,124.77624885277748,1393.7917448413498,7,13,0,18,8,216,2,0.48166666666666669
2025-08-04T06:00:00Z,2025-08-04T14:00:00Z,2025-08-04T15:00:00Z,2025-08-04T15:00:00Z,2025-08-04T00:00:00Z,2025-08-04T04:04:34Z,1.6139599609374999,-10.5707568359375,10.693258008672041,1.2910522460937501,-7.2347607421875004,7.3490529252986843,29.494042968750023,114.34576684002874,1222.7287870198834,8,14,0,19,8,216,1,0.3116666666666667
2025-08-04T06:00:00Z,2025-08-04T14:00:00Z,2025-08-04T15:00:00Z,2025-08-04T15:00:00Z,2025-08-04T00:00:00Z,2025-08-04T04:04:34Z,1.6139599609374999,-10.5707568359375,10.693258008672041,1.2910522460937501,-7.2347607421875004,7.3490529252986843,29.494042968750023,114.34576684002874,1222.7287870198834,8,14,0,19,8,216,2,0.29166666666666669
2025-08-04T06:00:00Z,2025-08-04T15:00:00Z,2025-08-04T16:00:00Z,2025-08-04T16:00:00Z,2025-08-04T00:00:00Z,2025-08-04T04:04:34Z,0.58688964843750002,-2.0394750976562501,2.1222389435223978,0.52534179687500004,-0.56935791015625004,0.77469505833027374,24.750000000000057,4.5038981334030632,9.5583480163658159,9,15,0,20,8,216,1,0.26166666666666666
2025-08-04T06:00:00Z,2025-08-04T15:00:00Z,2025-08-04T16:00:00Z,2025-08-04T16:00:00Z,2025-08-04T00:00:00Z,2025-08-04T04:04:34Z,0.58688964843750002,-2.0394750976562501,2.1222389435223978,0.52534179687500004,-0.56935791015625004,0.77469505833027374,24.750000000000057,4.5038981334030632,9.5583480163658159,9,15,0,20,8,216,2,0.25666666666666665
2025-08-04T06:00:00Z,2025-08-04T16:00:00Z,2025-08-04T17:00:00Z,2025-08-04T17:00:00Z,2025-08-04T00:00:00Z,2025-08-04T04:04:34Z,2.0935644531249999,2.26713134765625,3.0859190959767924,1.59188720703125,2.1211962890625,2.6520894737248732,25.073034667968784,9.5228966669142228,29.386888673444346,10,16,0,21,8,216,1,0.28999999999999998
2025-08-04T06:00:00Z,2025-08-04T16:00:00Z,2025-08-04T17:00:00Z,2025-08-04T17:00:00Z,2025-08-04T00:00:00Z,2025-08-04T04:04:34Z,2.0935644531249999,2.26713134765625,3.0859190959767924,1.59188720703125,2.1211962890625,2.6520894737248732,25.073034667968784,9.5228966669142228,29.386888673444346,10,16,0,21,8,216,2,0.36166666666666664
2025-08-04T06:00:00Z,2025-08-04T17:00:00Z,2025-08-04T18:00:00Z,2025-08-04T18:00:00Z,2025-08-04T00:00:00Z,2025-08-04T04:04:34Z,2.3106201171875003,1.274677734375,2.6388953470084715,1.6698681640624999,1.06119873046875,1.9785354257374193,23.560913085937557,6.963768652462961,18.376656694627961,11,17,0,22,8,216,1,0.40499999999999997
2025-08-04T06:00:00Z,2025-08-04T17:00:00Z,2025-08-04T18:00:00Z,2025-08-04T18:00:00Z,2025-08-04T00:00:00Z,2025-08-04T04:04:34Z,2.3106201171875003,1.274677734375,2.6388953470084715,1.6698681640624999,1.06119873046875,1.9785354257374193,23.560913085937557,6.963768652462961,18.376656694627961,11,17,0,22,8,216,2,0.40833333333333338
2025-08-04T06:00:00Z,2025-08-04T18:00:00Z,2025-08-04T19:00:00Z,2025-08-04T19:00:00Z,2025-08-04T00:00:00Z,2025-08-04T04:04:34Z,3.1095703125000003,1.8845703125,3.6360738154137762,2.2784790039062499,1.5249877929687501,2.741724701706084,23.207446289062545,13.221032791137695,48.072651144582686,12,18,0,23,8,216,1,0.52666666666666673
2025-08-04T06:00:00Z,2025-08-04T18:00:00Z,2025-08-04T19:00:00Z,2025-08-04T19:00:00Z,2025-08-04T00:00:00Z,2025-08-04T04:04:34Z,3.1095703125000003,1.8845703125,3.6360738154137762,2.2784790039062499,1.5249877929687501,2.741724701706084,23.207446289062545,13.221032791137695,48.072651144582686,12,18,0,23,8,216,2,0.48166666666666669
2025-08-04T06:00:00Z,2025-08-04T19:00:00Z,2025-08-04T20:00:00Z,2025-08-04T20:00:00Z,2025-08-04T00:00:00Z,2025-08-04T04:04:34Z,3.7572680664062501,2.3718505859375001,4.4432801537657092,2.3102270507812501,2.1636694335937499,3.1652194938154494,22.161364746093795,19.742738524848225,87.722518268443807,13,19,0,0,8,217,1,0.81999999999999995
2025-08-04T06:00:00Z,2025-08-04T19:00:00Z,2025-08-04T20:00:00Z,2025-08-04T20:00:00Z,2025-08-04T00:00:00Z,2025-08-04T04:04:34Z,3.7572680664062501,2.3718505859375001,4.4432801537657092,2.3102270507812501,2.1636694335937499,3.1652194938154494,22.161364746093795,19.742738524848225,87.722518268443807,13,19,0,0,8,217,2,0.82333333333333325
2025-08-04T06:00:00Z,2025-08-04T20:00:00Z,2025-08-04T21:00:00Z,2025-08-04T21:00:00Z,2025-08-04T00:00:00Z,2025-08-04T04:04:34Z,3.67191650390625,1.7905419921875001,4.0852186523423537,1.9908593750000001,2.1171411132812499,2.9061671570250671,21.661389160156261,16.689011437445878,68.17826081340877,14,20,0,1,8,217,1,0.47333333333333333
2025-08-04T06:00:00Z,2025-08-04T20:00:00Z,2025-08-04T21:00:00Z,2025-08-04T21:00:00Z,2025-08-04T00:00:00Z,2025-08-04T04:04:34Z,3.67191650390625,1.7905419921875001,4.0852186523423537,1.9908593750000001,2.1171411132812499,2.9061671570250671,21.661389160156261,16.689011437445878,68.17826081340877,14,20,0,1,8,217,2,0.47999999999999998
2025-08-04T06:00:00Z,2025-08-04T21:00:00Z,2025-08-04T22:00:00Z,2025-08-04T22:00:00Z,2025-08-04T00:00:00Z,2025-08-04T04:04:34Z,3.4200683593750001,0.95712890625000002,3.5514734021216219,2.2479638671875,1.5248779296875001,2.7163567970037765,21.257824707031261,12.612963325977328,44.794603774143944,15,21,0,2,8,217,1,0.26833333333333337
2025-08-04T06:00:00Z,2025-08-04T21:00:00Z,2025-08-04T22:00:00Z,2025-08-04T22:00:00Z,2025-08-04T00:00:00Z,2025-08-04T04:04:34Z,3.4200683593750001,0.95712890625000002,3.5514734021216219,2.2479638671875,1.5248779296875001,2.7163567970037765,21.257824707031261,12.612963325977328,44.794603774143944,15,21,0,2,8,217,2,0.26166666666666666
2025-08-04T06:00:00Z,2025-08-04T22:00:00Z,2025-08-04T23:00:00Z,2025-08-04T23:00:00Z,2025-08-04T00:00:00Z,2025-08-04T04:04:34Z,3.4904736328124999,1.1098999023437501,3.6626880804379121,2.3965624999999999,1.1802587890625,2.671427076595116,20.561364746093773,13.415283974581957,49.13600070939107,16,22,0,3,8,217,1,0.065000000000000002
2025-08-04T06:00:00Z,2025-08-04T22:00:00Z,2025-08-04T23:00:00Z,2025-08-04T23:00:00Z,2025-08-04T00:00:00Z,2025-08-04T04:04:34Z,3.4904736328124999,1.1098999023437501,3.6626880804379121,2.3965624999999999,1.1802587890625,2.671427076595116,20.561364746093773,13.415283974581957,49.13600070939107,16,22,0,3,8,217,2,0.059999999999999998
2025-08-04T06:00:00Z,2025-08-04T23:00:00Z,2025-08-05T00:00:00Z,2025-08-05T00:00:00Z,2025-08-04T00:00:00Z,2025-08-04T04:04:34Z,3.3281689453125001,-0.274658203125,3.3394828427596948,2.2264404296875,-0.013093261718750001,2.2264789288132723,19.392553710937534,11.152145657086372,37.242399081796982,17,23,0,4,8,217,1,0.01
2025-08-04T06:00:00Z,2025-08-04T23:00:00Z,2025-08-05T00:00:00Z,2025-08-05T00:00:00Z,2025-08-04T00:00:00Z,2025-08-04T04:04:34Z,3.3281689453125001,-0.274658203125,3.3394828427596948,2.2264404296875,-0.013093261718750001,2.2264789288132723,19.392553710937534,11.152145657086372,37.242399081796982,17,23,0,4,8,217,2,0.01
2025-08-04T06:00:00Z,2025-08-05T00:00:00Z,2025-08-05T01:00:00Z,2025-08-05T01:00:00Z,2025-08-04T00:00:00Z,2025-08-04T04:04:34Z,2.749267578125,1.30793212890625,3.0445293018715618,1.8751318359375,1.5647021484375001,2.4422146129018367,19.692578125000011,9.269158669954539,28.220225174373425,18,24,0,5,8,217,1,0.01
2025-08-04T06:00:00Z,2025-08-05T00:00:00Z,2025-08-05T01:00:00Z,2025-08-05T01:00:00Z,2025-08-04T00:00:00Z,2025-08-04T04:04:34Z,2.749267578125,1.30793212890625,3.0445293018715618,1.8751318359375,1.5647021484375001,2.4422146129018367,19.692578125000011,9.269158669954539,28.220225174373425,18,24,0,5,8,217,2,0.01
2025-08-04T06:00:00Z,2025-08-05T01:00:00Z,2025-08-05T02:00:00Z,2025-08-05T02:00:00Z,2025-08-04T00:00:00Z,2025-08-04T04:04:34Z,3.0474218749999999,1.4209057617187499,3.3624029008900846,2.1611059570312499,1.175576171875,2.4601541198462007,21.892529296875011,11.305753267914056,38.014497584781779,19,25,0,6,8,217,1,0.01
2025-08-04T06:00:00Z,2025-08-05T01:00:00Z,2025-08-05T02:00:00Z,2025-08-05T02:00:00Z,2025-08-04T00:00:00Z,2025-08-04T04:04:34Z,3.0474218749999999,1.4209057617187499,3.3624029008900846,2.1611059570312499,1.175576171875,2.4601541198462007,21.892529296875011,11.305753267914056,38.014497584781779,19,25,0,6,8,217,2,0.01
2025-08-04T06:00:00Z,2025-08-05T02:00:00Z,2025-08-05T03:00:00Z,2025-08-05T03:00:00Z,2025-08-04T00:00:00Z,2025-08-04T04:04:34Z,4.0352832031250001,-0.46849609375000001,4.0623883516081731,3.5400122070312499,-0.61250488281250004,3.5926102846536825,24.292553710937511,16.502999119281771,67.0415913887702,20,26,0,7,8,217,1,0.01
2025-08-04T06:00:00Z,2025-08-05T02:00:00Z,2025-08-05T03:00:00Z,2025-08-05T03:00:00Z,2025-08-04T00:00:00Z,2025-08-04T04:04:34Z,4.0352832031250001,-0.46849609375000001,4.0623883516081731,3.5400122070312499,-0.61250488281250004,3.5926102846536825,24.292553710937511,16.502999119281771,67.0415913887702,20,26,0,7,8,217,2,0.01
2025-08-04T06:00:00Z,2025-08-05T03:00:00Z,2025-08-05T04:00:00Z,2025-08-05T04:00:00Z,2025-08-04T00:00:00Z,2025-08-04T04:04:34Z,3.87548828125,-0.26001953124999999,3.884201278865135,3.5515771484375001,-0.39692382812499999,3.5736883980891294,26.062683105468807,15.08701957473755,58.601020726458913,21,27,0,8,8,217,1,0.0083333333333333332
2025-08-04T06:00:00Z,2025-08-05T03:00:00Z,2025-08-05T04:00:00Z,2025-08-05T04:00:00Z,2025-08-04T00:00:00Z,2025-08-04T04:04:34Z,3.87548828125,-0.26001953124999999,3.884201278865135,3.5515771484375001,-0.39692382812499999,3.5736883980891294,26.062683105468807,15.08701957473755,58.601020726458913,21,27,0,8,8,217,2,0.0083333333333333332
2025-08-04T06:00:00Z,2025-08-05T04:00:00Z,2025-08-05T05:00:00Z,2025-08-05T05:00:00Z,2025-08-04T00:00:00Z,2025-08-04T04:04:34Z,3.5336767578125001,-0.54296142578125006,3.5751473450181979,3.2577954101562501,-0.64507568359375,3.3210470595881465,28.265612792968795,12.781678538590668,45.696384092118507,22,28,0,9,8,217,1,0.028333333333333335
2025-08-04T06:00:00Z,2025-08-05T04:00:00Z,2025-08-05T05:00:00Z,2025-08-05T05:00:00Z,2025-08-04T00:00:00Z,2025-08-04T04:04:34Z,3.5336767578125001,-0.54296142578125006,3.5751473450181979,3.2577954101562501,-0.64507568359375,3.3210470595881465,28.265612792968795,12.781678538590668,45.696384092118507,22,28,0,9,8,217,2,0.011666666666666667
2025-08-04T06:00:00Z,2025-08-05T05:00:00Z,2025-08-05T06:00:00Z,2025-08-05T06:00:00Z,2025-08-04T00:00:00Z,2025-08-04T04:04:34Z,3.0114892578124999,-0.90751953125000007,3.145259806362632,2.8522998046875001,-1.02043701171875,3.02934083105646,30.452514648437557,9.8926592495203014,31.114983515557725,23,29,0,10,8,217,1,0.088333333333333333
2025-08-04T06:00:00Z,2025-08-05T05:00:00Z,2025-08-05T06:00:00Z,2025-08-05T06:00:00Z,2025-08-04T00:00:00Z,2025-08-04T04:04:34Z,3.0114892578124999,-0.90751953125000007,3.145259806362632,2.8522998046875001,-1.02043701171875,3.02934083105646,30.452514648437557,9.8926592495203014,31.114983515557725,23,29,0,10,8,217,2,0.091666666666666674
2025-08-04T06:00:00Z,2025-08-05T06:00:00Z,2025-08-05T07:00:00Z,2025-08-05T07:00:00Z,2025-08-04T00:00:00Z,2025-08-04T04:04:34Z,3.3995532226562499,-0.68162353515624996,3.4672139762857728,3.2840966796875,-0.86485107421875007,3.3960651321951687,32.160864257812534,12.021572757351398,41.68136508122506,24,30,0,11,8,217,1,0.076666666666666661
2025-08-04T06:00:00Z,2025-08-05T06:00:00Z,2025-08-05T07:00:00Z,2025-08-05T07:00:00Z,2025-08-04T00:00:00Z,2025-08-04T04:04:34Z,3.3995532226562499,-0.68162353515624996,3.4672139762857728,3.2840966796875,-0.86485107421875007,3.3960651321951687,32.160864257812534,12.021572757351398,41.68136508122506,24,30,0,11,8,217,2,0.065000000000000002
2025-08-04T06:00:00Z,2025-08-05T07:00:00Z,2025-08-05T08:00:00Z,2025-08-05T08:00:00Z,2025-08-04T00:00:00Z,2025-08-04T04:04:34Z,4.6981640625000001,-1.7538281250000001,5.014843831088613,4.4257641601562501,-1.92522216796875,4.8263722191063811,33.460961914062523,25.148658650207516,126.11659569214645,25,31,0,12,8,217,1,0.070000000000000007
2025-08-04T06:00:00Z,2025-08-05T07:00:00Z,2025-08-05T08:00:00Z,2025-08-05T08:00:00Z,2025-08-04T00:00:00Z,2025-08-04T04:04:34Z,4.6981640625000001,-1.7538281250000001,5.014843831088613,4.4257641601562501,-1.92522216796875,4.8263722191063811,33.460961914062523,25.148658650207516,126.11659569214645,25,31,0,12,8,217,2,0.081666666666666665
2025-08-04T06:00:00Z,2025-08-05T08:00:00Z,2025-08-05T09:00:00Z,2025-08-05T09:00:00Z,2025-08-04T00:00:00Z,2025-08-04T04:04:34Z,7.9827832031249999,-2.05269287109375,8.2424738817380394,7.0329028320312501,-1.8580810546875,7.2742138716552587,34.159326171875023,67.938375691133743,559.98028720187642,26,32,0,13,8,217,1,0.18833333333333332
2025-08-04T06:00:00Z,2025-08-05T08:00:00Z,2025-08-05T09:00:00Z,2025-08-05T09:00:00Z,2025-08-04T00:00:00Z,2025-08-04T04:04:34Z,7.9827832031249999,-2.05269287109375,8.2424738817380394,7.0329028320312501,-1.8580810546875,7.2742138716552587,34.159326171875023,67.938375691133743,559.98028720187642,26,32,0,13,8,217,2,0.22333333333333336
2025-08-04T06:00:00Z,2025-08-05T09:00:00Z,2025-08-05T10:00:00Z,2025-08-05T10:00:00Z,2025-08-04T00:00:00Z,2025-08-04T04:04:34Z,10.82390625,-1.5518505859375,10.934586720579047,9.3634301757812501,-1.0241796875,9.4192764419045734,34.077172851562523,119.56518674986363,1307.3959032786126,27,33,0,14,8,217,1,0.14166666666666666
2025-08-04T06:00:00Z,2025-08-05T09:00:00Z,2025-08-05T10:00:00Z,2025-08-05T10:00:00Z,2025-08-04T00:00:00Z,2025-08-04T04:04:34Z,10.82390625,-1.5518505859375,10.934586720579047,9.3634301757812501,-1.0241796875,9.4192764419045734,34.077172851562523,119.56518674986363,1307.3959032786126,27,33,0,14,8,217,2,0.28666666666666668
2025-08-04T06:00:00Z,2025-08-05T10:00:00Z,2025-08-05T11:00:00Z,2025-08-05T11:00:00Z,2025-08-04T00:00:00Z,2025-08-04T04:04:34Z,7.6945776367187504,-1.552724609375,7.849680166736162,6.7824853515625003,-1.0277050781250001,6.8599041736575161,34.117016601562568,61.617478720051061,483.67750063307233,28,34,0,15,8,217,1,0.44500000000000001
2025-08-04T06:00:00Z,2025-08-05T10:00:00Z,2025-08-05T11:00:00Z,2025-08-05T11:00:00Z,2025-08-04T00:00:00Z,2025-08-04T04:04:34Z,7.6945776367187504,-1.552724609375,7.849680166736162,6.7824853515625003,-1.0277050781250001,6.8599041736575161,34.117016601562568,61.617478720051061,483.67750063307233,28,34,0,15,8,217,2,0.435
2025-08-04T06:00:00Z,2025-08-05T11:00:00Z,2025-08-05T12:00:00Z,2025-08-05T12:00:00Z,2025-08-04T00:00:00Z,2025-08-04T04:04:34Z,6.6459692382812499,-7.6873217773437501,10.161880890101209,5.6051464843750001,-6.5511425781249999,8.6217826573292662,33.222656250000057,103.26382322460414,1049.3546718648943,29,35,0,16,8,217,1,0.39166666666666666
2025-08-04T06:00:00Z,2025-08-05T11:00:00Z,2025-08-05T12:00:00Z,2025-08-05T12:00:00Z,2025-08-04T00:00:00Z,2025-08-04T04:04:34Z,6.6459692382812499,-7.6873217773437501,10.161880890101209,5.6051464843750001,-6.5511425781249999,8.6217826573292662,33.222656250000057,103.26382322460414,1049.3546718648943,29,35,0,16,8,217,2,0.37000000000000005
2025-08-04T06:00:00Z,2025-08-05T12:00:00Z,2025-08-05T13:00:00Z,2025-08-05T13:00:00Z,2025-08-04T00:00:00Z,2025-08-04T04:04:34Z,6.1279541015625005,-6.6113940429687501,9.0145633650365653,5.0748217773437503,-5.5222534179687504,7.499939925364064,32.310546875000057,81.26235266225936,732.54462726588486,30,36,0,17,8,217,1,0.59833333333333327
2025-08-04T06:00:00Z,2025-08-05T12:00:00Z,2025-08-05T13:00:00Z,2025-08-05T13:00:00Z,2025-08-04T00:00:00Z,2025-08-04T04:04:34Z,6.1279541015625005,-6.6113940429687501,9.0145633650365653,5.0748217773437503,-5.5222534179687504,7.499939925364064,32.310546875000057,81.26235266225936,732.54462726588486,30,36,0,17,8,217,2,0.57333333333333336
2025-08-04T06:00:00Z,2025-08-05T13:00:00Z,2025-08-05T14:00:00Z,2025-08-05T14:00:00Z,2025-08-04T00:00:00Z,2025-08-04T04:04:34Z,4.8212548828125001,-6.3399633789062504,7.9649001431854582,3.8102880859375001,-4.8053369140625,6.1326632188217358,31.024511718750034,63.439634290915734,505.29035224734781,31,37,0,18,8,217,1,0.60999999999999999
2025-08-04T06:00:00Z,2025-08-05T13:00:00Z,2025-08-05T14:00:00Z,2025-08-05T14:00:00Z,2025-08-04T00:00:00Z,2025-08-04T04:04:34Z,4.8212548828125001,-6.3399633789062504,7.9649001431854582,3.8102880859375001,-4.8053369140625,6.1326632188217358,31.024511718750034,63.439634290915734,505.29035224734781,31,37,0,18,8,217,2,0.67499999999999993
2025-08-04T06:00:00Z,2025-08-05T14:00:00Z,2025-08-05T15:00:00Z,2025-08-05T15:00:00Z,2025-08-04T00:00:00Z,2025-08-04T04:04:34Z,3.7786547851562502,-3.4530493164062501,5.1187675828189247,2.7218798828124999,-1.8793359375000001,3.3076477536821227,27.252600097656284,26.201781566917898,134.12083009684179,32,38,0,19,8,217,1,0.42499999999999999
2025-08-04T06:00:00Z,2025-08-05T14:00:00Z,2025-08-05T15:00:00Z,2025-08-05T15:00:00Z,2025-08-04T00:00:00Z,2025-08-04T04:04:34Z,3.7786547851562502,-3.4530493164062501,5.1187675828189247,2.7218798828124999,-1.8793359375000001,3.3076477536821227,27.252600097656284,26.201781566917898,134.12083009684179,32,38,0,19,8,217,2,0.46666666666666662
2025-08-04T06:00:00Z,2025-08-05T15:00:00Z,2025-08-05T16:00:00Z,2025-08-05T16:00:00Z,2025-08-04T00:00:00Z,2025-08-04T04:04:34Z,4.3004516601562504,-2.3633447265625001,4.9070645785348521,3.0201074218750001,-0.50947753906250004,3.062779163190458,25.499792480468784,24.079282777911427,118.15859559601346,33,39,0,20,8,217,1,0.13333333333333333
2025-08-04T06:00:00Z,2025-08-05T15:00:00Z,2025-08-05T16:00:00Z,2025-08-05T16:00:00Z,2025-08-04T00:00:00Z,2025-08-04T04:04:34Z,4.3004516601562504,-2.3633447265625001,4.9070645785348521,3.0201074218750001,-0.50947753906250004,3.062779163190458,25.499792480468784,24.079282777911427,118.15859559601346,33,39,0,20,8,217,2,0.15166666666666667
2025-08-04T06:00:00Z,2025-08-05T16:00:00Z,2025-08-05T17:00:00Z,2025-08-05T17:00:00Z,2025-08-04T00:00:00Z,2025-08-04T04:04:34Z,5.4848510742187502,1.3619653320312499,5.6514193679122391,3.8293432617187499,2.3282153320312502,4.4815685254580435,23.733020019531295,31.938540872013572,180.49808846695416,34,40,0,21,8,217,1,0.11166666666666668
2025-08-04T06:00:00Z,2025-08-05T16:00:00Z,2025-08-05T17:00:00Z,2025-08-05T17:00:00Z,2025-08-04T00:00:00Z,2025-08-04T04:04:34Z,5.4848510742187502,1.3619653320312499,5.6514193679122391,3.8293432617187499,2.3282153320312502,4.4815685254580435,23.733020019531295,31.938540872013572,180.49808846695416,34,40,0,21,8,217,2,0.12333333333333334
2025-08-04T06:00:00Z,2025-08-05T17:00:00Z,2025-08-05T18:00:00Z,2025-08-05T18:00:00Z,2025-08-04T00:00:00Z,2025-08-04T04:04:34Z,8.2984204101562504,3.02962158203125,8.8341603015797361,4.9593505859375,2.6248510742187499,5.6111497392304504,22.208520507812523,78.042388234007376,689.43896797734146,35,41,0,22,8,217,1,0.29333333333333333
2025-08-04T06:00:00Z,2025-08-05T17:00:00Z,2025-08-05T18:00:00Z,2025-08-05T18:00:00Z,2025-08-04T00:00:00Z,2025-08-04T04:04:34Z,8.2984204101562504,3.02962158203125,8.8341603015797361,4.9593505859375,2.6248510742187499,5.6111497392304504,22.208520507812523,78.042388234007376,689.43896797734146,35,41,0,22,8,217,2,0.28666666666666668
2025-08-04T06:00:00Z,2025-08-05T18:00:00Z,2025-08-05T19:00:00Z,2025-08-05T19:00:00Z,2025-08-04T00:00:00Z,2025-08-04T04:04:34Z,8.1650634765624996,1.4404467773437499,8.291148804276455,4.9343603515624999,1.2837670898437501,5.0986243262313309,21.473352050781273,68.743148494654889,569.9596734436567,36,42,0,23,8,217,1,0.42999999999999999
2025-08-04T06:00:00Z,2025-08-05T18:00:00Z,2025-08-05T19:00:00Z,2025-08-05T19:00:00Z,2025-08-04T00:00:00Z,2025-08-04T04:04:34Z,8.1650634765624996,1.4404467773437499,8.291148804276455,4.9343603515624999,1.2837670898437501,5.0986243262313309,21.473352050781273,68.743148494654889,569.9596734436567,36,42,0,23,8,217,2,0.41833333333333328
2025-08-04T06:00:00Z,2025-08-05T19:00:00Z,2025-08-05T20:00:00Z,2025-08-05T20:00:00Z,2025-08-04T00:00:00Z,2025-08-04T04:04:34Z,8.0601733398437503,2.0643286132812499,8.3203273308169585,4.6779418945312505,1.6231201171875,4.9515310039854734,20.461914062500057,69.227846891939649,575.99834654861729,37,43,0,0,8,218,1,0.55000000000000004
2025-08-04T06:00:00Z,2025-08-05T19:00:00Z,2025-08-05T20:00:00Z,2025-08-05T20:00:00Z,2025-08-04T00:00:00Z,2025-08-04T04:04:34Z,8.0601733398437503,2.0643286132812499,8.3203273308169585,4.6779418945312505,1.6231201171875,4.9515310039854734,20.461914062500057,69.227846891939649,575.99834654861729,37,43,0,0,8,218,2,0.49333333333333335
2025-08-04T06:00:00Z,2025-08-05T20:00:00Z,2025-08-05T21:00:00Z,2025-08-05T21:00:00Z,2025-08-04T00:00:00Z,2025-08-04T04:04:34Z,8.1521777343749999,1.699423828125,8.3274271633223265,4.7305737304687501,0.95860839843750001,4.826723306856934,19.834472656250057,69.346043160438526,577.47412348315822,38,44,0,1,8,218,1,0.50833333333333341
2025-08-04T06:00:00Z,2025-08-05T20:00:00Z,2025-08-05T21:00:00Z,2025-08-05T21:00:00Z,2025-08-04T00:00:00Z,2025-08-04T04:04:34Z,8.1521777343749999,1.699423828125,8.3274271633223265,4.7305737304687501,0.95860839843750001,4.826723306856934,19.834472656250057,69.346043160438526,577.47412348315822,38,44,0,1,8,218,2,0.47833333333333333
2025-08-04T06:00:00Z,2025-08-05T21:00:00Z,2025-08-05T22:00:00Z,2025-08-05T22:00:00Z,2025-08-04T00:00:00Z,2025-08-04T04:04:34Z,8.5547631835937494,0.46096923828125003,8.5671737326852817,5.2848022460937498,-0.033591308593750001,5.2849090017076534,18.991845703125023,73.396465766012668,628.80027358251823,39,45,0,2,8,218,1,0.038333333333333337
2025-08-04T06:00:00Z,2025-08-05T21:00:00Z,2025-08-05T22:00:00Z,2025-08-05T22:00:00Z,2025-08-04T00:00:00Z,2025-08-04T04:04:34Z,8.5547631835937494,0.46096923828125003,8.5671737326852817,5.2848022460937498,-0.033591308593750001,5.2849090017076534,18.991845703125023,73.396465766012668,628.80027358251823,39,45,0,2,8,218,2,0.030000000000000002
2025-08-04T06:00:00Z,2025-08-05T22:00:00Z,2025-08-05T23:00:00Z,2025-08-05T23:00:00Z,2025-08-04T00:00:00Z,2025-08-04T04:04:34Z,7.4891650390624998,-0.061293945312500001,7.4894158604024641,4.3148608398437505,-0.13142089843749999,4.3168617675069507,17.821020507812534,56.091349930047983,420.09144579748602,40,46,0,3,8,218,1,0.01
2025-08-04T06:00:00Z,2025-08-05T22:00:00Z,2025-08-05T23:00:00Z,2025-08-05T23:00:00Z,2025-08-04T00:00:00Z,2025-08-04T04:04:34Z,7.4891650390624998,-0.061293945312500001,7.4894158604024641,4.3148608398437505,-0.13142089843749999,4.3168617675069507,17.821020507812534,56.091349930047983,420.09144579748602,40,46,0,3,8,218,2,0.01
2025-08-04T06:00:00Z,2025-08-05T23:00:00Z,2025-08-06T00:00:00Z,2025-08-06T00:00:00Z,2025-08-04T00:00:00Z,2025-08-04T04:04:34Z,6.3735717773437504,1.2997119140625,6.5047419826238135,3.2423437499999999,1.0301586914062499,3.4020611285871833,17.124243164062534,42.311668260508782,275.22648488898295,41,47,0,4,8,218,1,0.01
2025-08-04T06:00:00Z,2025-08-05T23:00:00Z,2025-08-06T00:00:00Z,2025-08-06T00:00:00Z,2025-08-04T00:00:00Z,2025-08-04T04:04:34Z,6.3735717773437504,1.2997119140625,6.5047419826238135,3.2423437499999999,1.0301586914062499,3.4020611285871833,17.124243164062534,42.311668260508782,275.22648488898295,41,47,0,4,8,218,2,0.01
2025-08-04T06:00:00Z,2025-08-06T00:00:00Z,2025-08-06T01:00:00Z,2025-08-06T01:00:00Z,2025-08-04T00:00:00Z,2025-08-04T04:04:34Z,5.1406323242187497,1.3537866210937499,5.3159043358825686,2.3990649414062499,0.95517089843750003,2.5822207570822591,16.519653320312557,28.258838908255093,150.22128427940029,42,48,0,5,8,218,1,0.01
2025-08-04T06:00:00Z,2025-08-06T00:00:00Z,2025-08-06T01:00:00Z,2025-08-06T01:00:00Z,2025-08-04T00:00:00Z,2025-08-04T04:04:34Z,5.1406323242187497,1.3537866210937499,5.3159043358825686,2.3990649414062499,0.95517089843750003,2.5822207570822591,16.519653320312557,28.258838908255093,150.22128427940029,42,48,0,5,8,218,2,0.01
2025-08-04T06:00:00Z,2025-08-06T01:00:00Z,2025-08-06T02:00:00Z,2025-08-06T02:00:00Z,2025-08-04T00:00:00Z,2025-08-04T04:04:34Z,3.6590942382812499,0.19982421875,3.6645464061766346,1.98862548828125,-0.095471191406250003,1.9909158899939416,18.542504882812523,13.428900363022088,49.210828564216698,43,49,0,6,8,218,1,0.016666666666666666
2025-08-04T06:00:00Z,2025-08-06T01:00:00Z,2025-08-06T02:00:00Z,2025-08-06T02:00:00Z,2025-08-04T00:00:00Z,2025-08-04T04:04:34Z,3.6590942382812499,0.19982421875,3.6645464061766346,1.98862548828125,-0.095471191406250003,1.9909158899939416,18.542504882812523,13.428900363022088,49.210828564216698,43,49,0,6,8,218,2,0.011666666666666667
2025-08-04T06:00:00Z,2025-08-06T02:00:00Z,2025-08-06T03:00:00Z,2025-08-06T03:00:00Z,2025-08-04T00:00:00Z,2025-08-04T04:04:34Z,1.90721435546875,-0.19125976562499999,1.9167803462194122,1.5450683593750001,-0.18340332031250001,1.5559154903282517,20.997778320312534,3.6740468956530097,7.0423408806761323,44,50,0,7,8,218,1,0.028333333333333335
2025-08-04T06:00:00Z,2025-08-06T02:00:00Z,2025-08-06T03:00:00Z,2025-08-06T03:00:00Z,2025-08-04T00:00:00Z,2025-08-04T04:04:34Z,1.90721435546875,-0.19125976562499999,1.9167803462194122,1.5450683593750001,-0.18340332031250001,1.5559154903282517,20.997778320312534,3.6740468956530097,7.0423408806761323,44,50,0,7,8,218,2,0.021666666666666667
2025-08-04T06:00:00Z,2025-08-06T03:00:00Z,2025-08-06T04:00:00Z,2025-08-06T04:00:00Z,2025-08-04T00:00:00Z,2025-08-04T04:04:34Z,0.66046875000000005,-0.31029541015625001,0.72972749111610014,0.57446533203125005,-0.18480224609375001,0.60345860493249193,23.203686523437511,0.53250221129059805,0.38858150265886354,45,51,0,8,8,218,1,0.01
2025-08-04T06:00:00Z,2025-08-06T03:00:00Z,2025-08-06T04:00:00Z,2025-08-06T04:00:00Z,2025-08-04T00:00:00Z,2025-08-04T04:04:34Z,0.66046875000000005,-0.31029541015625001,0.72972749111610014,0.57446533203125005,-0.18480224609375001,0.60345860493249193,23.203686523437511,0.53250221129059805,0.38858150265886354,45,51,0,8,8,218,2,0.01
2025-08-04T06:00:00Z,2025-08-06T04:00:00Z,2025-08-06T05:00:00Z,2025-08-06T05:00:00Z,2025-08-04T00:00:00Z,2025-08-04T04:04:34Z,0.0130517578125,-0.14920166015625,0.14977143844998375,0.022709960937499999,0.01497314453125,0.027201790068605368,25.621411132812511,0.022431483775377271,0.0033595955916057262,46,52,0,9,8,218,1,0.01
2025-08-04T06:00:00Z,2025-08-06T04:00:00Z,2025-08-06T05:00:00Z,2025-08-06T05:00:00Z,2025-08-04T00:00:00Z,2025-08-04T04:04:34Z,0.0130517578125,-0.14920166015625,0.14977143844998375,0.022709960937499999,0.01497314453125,0.027201790068605368,25.621411132812511,0.022431483775377271,0.0033595955916057262,46,52,0,9,8,218,2,0.01
2025-08-04T06:00:00Z,2025-08-06T05:00:00Z,2025-08-06T06:00:00Z,2025-08-06T06:00:00Z,2025-08-04T00:00:00Z,2025-08-04T04:04:34Z,-0.53890625000000003,0.18474365234375001,0.56969304311214031,-0.48622070312499999,0.35186767578125,0.60018449947251074,27.827587890625011,0.32455016337037096,0.18489397021300893,47,53,0,10,8,218,1,0.01
2025-08-04T06:00:00Z,2025-08-06T05:00:00Z,2025-08-06T06:00:00Z,2025-08-06T06:00:00Z,2025-08-04T00:00:00Z,2025-08-04T04:04:34Z,-0.53890625000000003,0.18474365234375001,0.56969304311214031,-0.48622070312499999,0.35186767578125,0.60018449947251074,27.827587890625011,0.32455016337037096,0.18489397021300893,47,53,0,10,8,218,2,0.01
2025-08-05T06:00:00Z,2025-08-05T06:00:00Z,2025-08-05T07:00:00Z,2025-08-05T07:00:00Z,2025-08-05T00:00:00Z,2025-08-05T04:04:41Z,3.5620263671874999,-1.23487548828125,3.7700065400602205,3.3768847656250003,-1.346630859375,3.6354869538661894,31.395861816406295,14.212949312096836,53.58291186014948,0,6,0,11,8,217,1,0.076666666666666661
2025-08-05T06:00:00Z,2025-08-05T06:00:00Z,2025-08-05T07:00:00Z,2025-08-05T07:00:00Z,2025-08-05T00:00:00Z,2025-08-05T04:04:41Z,3.5620263671874999,-1.23487548828125,3.7700065400602205,3.3768847656250003,-1.346630859375,3.6354869538661894,31.395861816406295,14.212949312096836,53.58291186014948,0,6,0,11,8,217,2,0.065000000000000002
2025-08-05T06:00:00Z,2025-08-05T07:00:00Z,2025-08-05T08:00:00Z,2025-08-05T08:00:00Z,2025-08-05T00:00:00Z,2025-08-05T04:04:41Z,4.9315087890624998,-1.5847753906249999,5.1798930467077504,4.5617700195312505,-1.69410400390625,4.8661827017843597,32.583300781250045,26.8312919753313,138.98322273720407,1,7,0,12,8,217,1,0.070000000000000007
2025-08-05T06:00:00Z,2025-08-05T07:00:00Z,2025-08-05T08:00:00Z,2025-08-05T08:00:00Z,2025-08-05T00:00:00Z,2025-08-05T04:04:41Z,4.9315087890624998,-1.5847753906249999,5.1798930467077504,4.5617700195312505,-1.69410400390625,4.8661827017843597,32.583300781250045,26.8312919753313,138.98322273720407,1,7,0,12,8,217,2,0.081666666666666665
2025-08-05T06:00:00Z,2025-08-05T08:00:00Z,2025-08-05T09:00:00Z,2025-08-05T09:00:00Z,2025-08-05T00:00:00Z,2025-08-05T04:04:41Z,7.7271850585937498,-1.3396630859375001,7.8424540874383242,6.8650830078125002,-1.1741894531250001,6.9647746249240479,33.437512207031261,61.504086113578076,482.34297153558907,2,8,0,13,8,217,1,0.18833333333333332
2025-08-05T06:00:00Z,2025-08-05T08:00:00Z,2025-08-05T09:00:00Z,2025-08-05T09:00:00Z,2025-08-05T00:00:00Z,2025-08-05T04:04:41Z,7.7271850585937498,-1.3396630859375001,7.8424540874383242,6.8650830078125002,-1.1741894531250001,6.9647746249240479,33.437512207031261,61.504086113578076,482.34297153558907,2,8,0,13,8,217,2,0.22333333333333336
2025-08-05T06:00:00Z,2025-08-05T09:00:00Z,2025-08-05T10:00:00Z,2025-08-05T10:00:00Z,2025-08-05T00:00:00Z,2025-08-05T04:04:41Z,10.733078613281251,-1.2567504882812501,10.806405429589921,9.2655053710937505,-0.81180419921875002,9.3010007977440967,33.493041992187557,116.77839830867052,1261.9547175416315,3,9,0,14,8,217,1,0.14166666666666666
2025-08-05T06:00:00Z,2025-08-05T09:00:00Z,2025-08-05T10:00:00Z,2025-08-05T10:00:00Z,2025-08-05T00:00:00Z,2025-08-05T04:04:41Z,10.733078613281251,-1.2567504882812501,10.806405429589921,9.2655053710937505,-0.81180419921875002,9.3010007977440967,33.493041992187557,116.77839830867052,1261.9547175416315,3,9,0,14,8,217,2,0.28666666666666668
2025-08-05T06:00:00Z,2025-08-05T10:00:00Z,2025-08-05T11:00:00Z,2025-08-05T11:00:00Z,2025-08-05T00:00:00Z,2025-08-05T04:04:41Z,10.10217529296875,0.22451416015625,10.104669824293069,8.78271484375,0.61433105468750004,8.8041741618041627,33.257409667968773,102.10435225797892,1031.7307671901895,4,10,0,15,8,217,1,0.44500000000000001
2025-08-05T06:00:00Z,2025-08-05T10:00:00Z,2025-08-05T11:00:00Z,2025-08-05T11:00:00Z,2025-08-05T00:00:00Z,2025-08-05T04:04:41Z,10.10217529296875,0.22451416015625,10.104669824293069,8.78271484375,0.61433105468750004,8.8041741618041627,33.257409667968773,102.10435225797892,1031.7307671901895,4,10,0,15,8,217,2,0.435
2025-08-05T06:00:00Z,2025-08-05T11:00:00Z,2025-08-05T12:00:00Z,2025-08-05T12:00:00Z,2025-08-05T00:00:00Z,2025-08-05T04:04:41Z,6.9233935546875003,-5.1514868164062504,8.6296694451581306,5.8551269531250005,-4.22853759765625,7.2223986217878711,33.076513671875034,74.471194732695835,642.66179372916633,5,11,0,16,8,217,1,0.39166666666666666
2025-08-05T06:00:00Z,2025-08-05T11:00:00Z,2025-08-05T12:00:00Z,2025-08-05T12:00:00Z,2025-08-05T00:00:00Z,2025-08-05T04:04:41Z,6.9233935546875003,-5.1514868164062504,8.6296694451581306,5.8551269531250005,-4.22853759765625,7.2223986217878711,33.076513671875034,74.471194732695835,642.66179372916633,5,11,0,16,8,217,2,0.37000000000000005
2025-08-05T06:00:00Z,2025-08-05T12:00:00Z,2025-08-05T13:00:00Z,2025-08-05T13:00:00Z,2025-08-05T00:00:00Z,2025-08-05T04:04:41Z,5.5052978515625002,-5.5352514648437499,7.8068760213976471,4.4115380859375,-4.45961669921875,6.2729458301206336,31.386328125000034,60.947313213473556,475.80811809487869,6,12,0,17,8,217,1,0.59833333333333327
2025-08-05T06:00:00Z,2025-08-05T12:00:00Z,2025-08-05T13:00:00Z,2025-08-05T13:00:00Z,2025-08-05T00:00:00Z,2025-08-05T04:04:41Z,5.5052978515625002,-5.5352514648437499,7.8068760213976471,4.4115380859375,-4.45961669921875,6.2729458301206336,31.386328125000034,60.947313213473556,475.80811809487869,6,12,0,17,8,217,2,0.57333333333333336
2025-08-05T06:00:00Z,2025-08-05T13:00:00Z,2025-08-05T14:00:00Z,2025-08-05T14:00:00Z,2025-08-05T00:00:00Z,2025-08-05T04:04:41Z,1.92633056640625,0.096311035156250002,1.9287367022390309,1.3099658203125,0.51825927734374999,1.4087594290509176,30.237890625000034,3.7200252665638924,7.1749492648783137,7,13,0,18,8,217,1,0.60999999999999999
2025-08-05T06:00:00Z,2025-08-05T13:00:00Z,2025-08-05T14:00:00Z,2025-08-05T14:00:00Z,2025-08-05T00:00:00Z,2025-08-05T04:04:41Z,1.92633056640625,0.096311035156250002,1.9287367022390309,1.3099658203125,0.51825927734374999,1.4087594290509176,30.237890625000034,3.7200252665638924,7.1749492648783137,7,13,0,18,8,217,2,0.67499999999999993
2025-08-05T06:00:00Z,2025-08-05T14:00:00Z,2025-08-05T15:00:00Z,2025-08-05T15:00:00Z,2025-08-05T00:00:00Z,2025-08-05T04:04:41Z,1.8066357421875001,3.1748339843750002,3.6528760632263202,0.64114990234375002,2.8587573242187498,2.929772454654072,25.526538085937545,13.34350353329182,48.742164656337515,8,14,0,19,8,217,1,0.42499999999999999
2025-08-05T06:00:00Z,2025-08-05T14:00:00Z,2025-08-05T15:00:00Z,2025-08-05T15:00:00Z,2025-08-05T00:00:00Z,2025-08-05T04:04:41Z,1.8066357421875001,3.1748339843750002,3.6528760632263202,0.64114990234375002,2.8587573242187498,2.929772454654072,25.526538085937545,13.34350353329182,48.742164656337515,8,14,0,19,8,217,2,0.46666666666666662
2025-08-05T06:00:00Z,2025-08-05T15:00:00Z,2025-08-05T16:00:00Z,2025-08-05T16:00:00Z,2025-08-05T00:00:00Z,2025-08-05T04:04:41Z,2.7828564453125,3.8642065429687502,4.7619725116741094,1.66835693359375,3.1098510742187502,3.5291059153402942,24.425085449218784,22.676382201939827,107.98430870985347,9,15,0,20,8,217,1,0.13333333333333333
2025-08-05T06:00:00Z,2025-08-05T15:00:00Z,2025-08-05T16:00:00Z,2025-08-05T16:00:00Z,2025-08-05T00:00:00Z,2025-08-05T04:04:41Z,2.7828564453125,3.8642065429687502,4.7619725116741094,1.66835693359375,3.1098510742187502,3.5291059153402942,24.425085449218784,22.676382201939827,107.98430870985347,9,15,0,20,8,217,2,0.15166666666666667
2025-08-05T06:00:00Z,2025-08-05T16:00:00Z,2025-08-05T17:00:00Z,2025-08-05T17:00:00Z,2025-08-05T00:00:00Z,2025-08-05T04:04:41Z,5.2516113281250005,3.0064819335937503,6.0513102018254239,3.0923974609375002,2.8753027343749999,4.2225925532446356,23.742089843750023,36.618355158716454,221.58902614600751,10,16,0,21,8,217,1,0.11166666666666668
2025-08-05T06:00:00Z,2025-08-05T16:00:00Z,2025-08-05T17:00:00Z,2025-08-05T17:00:00Z,2025-08-05T00:00:00Z,2025-08-05T04:04:41Z,5.2516113281250005,3.0064819335937503,6.0513102018254239,3.0923974609375002,2.8753027343749999,4.2225925532446356,23.742089843750023,36.618355158716454,221.58902614600751,10,16,0,21,8,217,2,0.12333333333333334
2025-08-05T06:00:00Z,2025-08-05T17:00:00Z,2025-08-05T18:00:00Z,2025-08-05T18:00:00Z,2025-08-05T00:00:00Z,2025-08-05T04:04:41Z,6.6520849609375006,2.247802734375,7.021598924760271,4.5233349609375004,2.63478515625,5.2347542433656615,22.850000000000023,49.302851460194596,346.18484880051773,11,17,0,22,8,217,1,0.29333333333333333
2025-08-05T06:00:00Z,2025-08-05T17:00:00Z,2025-08-05T18:00:00Z,2025-08-05T18:00:00Z,2025-08-05T00:00:00Z,2025-08-05T04:04:41Z,6.6520849609375006,2.247802734375,7.021598924760271,4.5233349609375004,2.63478515625,5.2347542433656615,22.850000000000023,49.302851460194596,346.18484880051773,11,17,0,22,8,217,2,0.28666666666666668
2025-08-05T06:00:00Z,2025-08-05T18:00:00Z,2025-08-05T19:00:00Z,2025-08-05T19:00:00Z,2025-08-05T00:00:00Z,2025-08-05T04:04:41Z,7.7225048828125002,2.799560546875,8.2142936957891859,4.9633544921875004,2.3422363281250003,5.4882564473525033,21.836376953125011,67.474620920681957,554.25635325452288,12,18,0,23,8,217,1,0.42999999999999999
2025-08-05T06:00:00Z,2025-08-05T18:00:00Z,2025-08-05T19:00:00Z,2025-08-05T19:00:00Z,2025-08-05T00:00:00Z,2025-08-05T04:04:41Z,7.7225048828125002,2.799560546875,8.2142936957891859,4.9633544921875004,2.3422363281250003,5.4882564473525033,21.836376953125011,67.474620920681957,554.25635325452288,12,18,0,23,8,217,2,0.41833333333333328
2025-08-05T06:00:00Z,2025-08-05T19:00:00Z,2025-08-05T20:00:00Z,2025-08-05T20:00:00Z,2025-08-05T00:00:00Z,2025-08-05T04:04:41Z,8.4481640625000001,2.0926855468749999,8.7034940584236633,5.1031030273437503,1.649466552734375,5.3630588675003716,20.947290039062523,75.750808825016009,659.29671452931359,13,19,0,0,8,218,1,0.55000000000000004
2025-08-05T06:00:00Z,2025-08-05T19:00:00Z,2025-08-05T20:00:00Z,2025-08-05T20:00:00Z,2025-08-05T00:00:00Z,2025-08-05T04:04:41Z,8.4481640625000001,2.0926855468749999,8.7034940584236633,5.1031030273437503,1.649466552734375,5.3630588675003716,20.947290039062523,75.750808825016009,659.29671452931359,13,19,0,0,8,218,2,0.49333333333333335
2025-08-05T06:00:00Z,2025-08-05T20:00:00Z,2025-08-05T21:00:00Z,2025-08-05T21:00:00Z,2025-08-05T00:00:00Z,2025-08-05T04:04:41Z,8.8007763671875008,1.3062207031249999,8.897183666223734,5.43096923828125,0.66412353515625,5.4714245802264019,19.825805664062557,79.159877190518401,704.29996635975704,14,20,0,1,8,218,1,0.50833333333333341
2025-08-05T06:00:00Z,2025-08-05T20:00:00Z,2025-08-05T21:00:00Z,2025-08-05T21:00:00Z,2025-08-05T00:00:00Z,2025-08-05T04:04:41Z,8.8007763671875008,1.3062207031249999,8.897183666223734,5.43096923828125,0.66412353515625,5.4714245802264019,19.825805664062557,79.159877190518401,704.29996635975704,14,20,0,1,8,218,2,0.47833333333333333
2025-08-05T06:00:00Z,2025-08-05T21:00:00Z,2025-08-05T22:00:00Z,2025-08-05T22:00:00Z,2025-08-05T00:00:00Z,2025-08-05T04:04:41Z,8.6187304687499999,0.74836914062500004,8.6511601108521514,5.4090161132812504,0.11326416015625,5.4102018523999735,19.196215820312545,74.84257126359941,647.47506710926075,15,21,0,2,8,218,1,0.038333333333333337
2025-08-05T06:00:00Z,2025-08-05T21:00:00Z,2025-08-05T22:00:00Z,2025-08-05T22:00:00Z,2025-08-05T00:00:00Z,2025-08-05T04:04:41Z,8.6187304687499999,0.74836914062500004,8.6511601108521514,5.4090161132812504,0.11326416015625,5.4102018523999735,19.196215820312545,74.84257126359941,647.47506710926075,15,21,0,2,8,218,2,0.030000000000000002
2025-08-05T06:00:00Z,2025-08-05T22:00:00Z,2025-08-05T23:00:00Z,2025-08-05T23:00:00Z,2025-08-05T00:00:00Z,2025-08-05T04:04:41Z,7.87583251953125,0.32354248046875,7.8824753480346406,4.7535449218750001,-0.230830078125,4.7591461260661871,17.979980468750057,62.133417612373826,489.76513261867802,16,22,0,3,8,218,1,0.01
2025-08-05T06:00:00Z,2025-08-05T22:00:00Z,2025-08-05T23:00:00Z,2025-08-05T23:00:00Z,2025-08-05T00:00:00Z,2025-08-05T04:04:41Z,7.87583251953125,0.32354248046875,7.8824753480346406,4.7535449218750001,-0.230830078125,4.7591461260661871,17.979980468750057,62.133417612373826,489.76513261867802,16,22,0,3,8,218,2,0.01
2025-08-05T06:00:00Z,2025-08-05T23:00:00Z,2025-08-06T00:00:00Z,2025-08-06T00:00:00Z,2025-08-05T00:00:00Z,2025-08-05T04:04:41Z,6.8611743164062498,0.55017333984375005,6.8831972007191249,3.7701342773437503,0.12843994140625001,3.7723214719520821,17.337695312500045,47.378403703987594,326.11489574982801,17,23,0,4,8,218,1,0.01
2025-08-05T06:00:00Z,2025-08-05T23:00:00Z,2025-08-06T00:00:00Z,2025-08-06T00:00:00Z,2025-08-05T00:00:00Z,2025-08-05T04:04:41Z,6.8611743164062498,0.55017333984375005,6.8831972007191249,3.7701342773437503,0.12843994140625001,3.7723214719520821,17.337695312500045,47.378403703987594,326.11489574982801,17,23,0,4,8,218,2,0.01
2025-08-05T06:00:00Z,2025-08-06T00:00:00Z,2025-08-06T01:00:00Z,2025-08-06T01:00:00Z,2025-08-05T00:00:00Z,2025-08-05T04:04:41Z,5.5642211914062498,0.50049804687499999,5.5866855792876047,2.6923974609374999,0.17470947265625,2.6980599488333317,16.668994140625045,31.211055761820081,174.36635513890155,18,24,0,5,8,218,1,0.01
2025-08-05T06:00:00Z,2025-08-06T00:00:00Z,2025-08-06T01:00:00Z,2025-08-06T01:00:00Z,2025-08-05T00:00:00Z,2025-08-05T04:04:41Z,5.5642211914062498,0.50049804687499999,5.5866855792876047,2.6923974609374999,0.17470947265625,2.6980599488333317,16.668994140625045,31.211055761820081,174.36635513890155,18,24,0,5,8,218,2,0.01
2025-08-05T06:00:00Z,2025-08-06T01:00:00Z,2025-08-06T02:00:00Z,2025-08-06T02:00:00Z,2025-08-05T00:00:00Z,2025-08-05T04:04:41Z,3.6840942382812503,0.23652587890625001,3.6916791366435788,2.0528027343750002,0.056791992187500001,2.0535881760065973,18.415795898437523,13.628494847929479,50.312030093955762,19,25,0,6,8,218,1,0.016666666666666666
2025-08-05T06:00:00Z,2025-08-06T01:00:00Z,2025-08-06T02:00:00Z,2025-08-06T02:00:00Z,2025-08-05T00:00:00Z,2025-08-05T04:04:41Z,3.6840942382812503,0.23652587890625001,3.6916791366435788,2.0528027343750002,0.056791992187500001,2.0535881760065973,18.415795898437523,13.628494847929479,50.312030093955762,19,25,0,6,8,218,2,0.011666666666666667
2025-08-05T06:00:00Z,2025-08-06T02:00:00Z,2025-08-06T03:00:00Z,2025-08-06T03:00:00Z,2025-08-05T00:00:00Z,2025-08-05T04:04:41Z,1.80014892578125,0.33176269531250002,1.8304651433426431,1.4281762695312501,0.33640625000000002,1.4672616064939683,20.622631835937511,3.350602640992403,6.1331613435283971,20,26,0,7,8,218,1,0.028333333333333335
2025-08-05T06:00:00Z,2025-08-06T02:00:00Z,2025-08-06T03:00:00Z,2025-08-06T03:00:00Z,2025-08-05T00:00:00Z,2025-08-05T04:04:41Z,1.80014892578125,0.33176269531250002,1.8304651433426431,1.4281762695312501,0.33640625000000002,1.4672616064939683,20.622631835937511,3.350602640992403,6.1331613435283971,20,26,0,7,8,218,2,0.021666666666666667
2025-08-05T06:00:00Z,2025-08-06T03:00:00Z,2025-08-06T04:00:00Z,2025-08-06T04:00:00Z,2025-08-05T00:00:00Z,2025-08-05T04:04:41Z,0.87503417968749997,-0.25157226562500001,0.91047977487315535,0.71851318359375005,-0.16636474609375002,0.73752181238310766,22.880786132812545,0.82897342045307165,0.75476353322994227,21,27,0,8,8,218,1,0.01
2025-08-05T06:00:00Z,2025-08-06T03:00:00Z,2025-08-06T04:00:00Z,2025-08-06T04:00:00Z,2025-08-05T00:00:00Z,2025-08-05T04:04:41Z,0.87503417968749997,-0.25157226562500001,0.91047977487315535,0.71851318359375005,-0.16636474609375002,0.73752181238310766,22.880786132812545,0.82897342045307165,0.75476353322994227,21,27,0,8,8,218,2,0.01
2025-08-05T06:00:00Z,2025-08-06T04:00:00Z,2025-08-06T05:00:00Z,2025-08-06T05:00:00Z,2025-08-05T00:00:00Z,2025-08-05T04:04:41Z,-0.14948730468750002,-0.56315673828125001,0.58265939118348531,-0.19207763671875,-0.4335986328125,0.47423790749404388,25.350000000000023,0.33949196613430976,0.19780818229950134,22,28,0,9,8,218,1,0.01
2025-08-05T06:00:00Z,2025-08-06T04:00:00Z,2025-08-06T05:00:00Z,2025-08-06T05:00:00Z,2025-08-05T00:00:00Z,2025-08-05T04:04:41Z,-0.14948730468750002,-0.56315673828125001,0.58265939118348531,-0.19207763671875,-0.4335986328125,0.47423790749404388,25.350000000000023,0.33949196613430976,0.19780818229950134,22,28,0,9,8,218,2,0.01
2025-08-05T06:00:00Z,2025-08-06T05:00:00Z,2025-08-06T06:00:00Z,2025-08-06T06:00:00Z,2025-08-05T00:00:00Z,2025-08-05T04:04:41Z,-0.83427734375000007,-0.30239257812500003,0.8873894058414491,-0.84886230468750001,-0.16865478515625001,0.86545459088011945,27.574804687500034,0.78745995759964005,0.69878362389827731,23,29,0,10,8,218,1,0.01
2025-08-05T06:00:00Z,2025-08-06T05:00:00Z,2025-08-06T06:00:00Z,2025-08-06T06:00:00Z,2025-08-05T00:00:00Z,2025-08-05T04:04:41Z,-0.83427734375000007,-0.30239257812500003,0.8873894058414491,-0.84886230468750001,-0.16865478515625001,0.86545459088011945,27.574804687500034,0.78745995759964005,0.69878362389827731,23,29,0,10,8,218,2,0.01
2025-08-05T06:00:00Z,2025-08-06T06:00:00Z,2025-08-06T07:00:00Z,2025-08-06T07:00:00Z,2025-08-05T00:00:00Z,2025-08-05T04:04:41Z,-0.93949951171875001,-0.082502441406250002,0.94311504354334286,-0.95042968750000001,0.039079589843749998,0.95123278182772031,29.497021484375011,0.88946598535776145,0.83886875151100759,24,30,0,11,8,218,1,0.0083333333333333332
2025-08-05T06:00:00Z,2025-08-06T06:00:00Z,2025-08-06T07:00:00Z,2025-08-06T07:00:00Z,2025-08-05T00:00:00Z,2025-08-05T04:04:41Z,-0.93949951171875001,-0.082502441406250002,0.94311504354334286,-0.95042968750000001,0.039079589843749998,0.95123278182772031,29.497021484375011,0.88946598535776145,0.83886875151100759,24,30,0,11,8,218,2,0.01
2025-08-05T06:00:00Z,2025-08-06T07:00:00Z,2025-08-06T08:00:00Z,2025-08-06T08:00:00Z,2025-08-05T00:00:00Z,2025-08-05T04:04:41Z,-0.93624511718750003,-0.61924072265624996,1.1225034485707697,-0.96660400390625001,-0.48264160156250002,1.0804009514649684,30.972753906250034,1.2600139920532705,1.4143700513272184,25,31,0,12,8,218,1,0.01
2025-08-05T06:00:00Z,2025-08-06T07:00:00Z,2025-08-06T08:00:00Z,2025-08-06T08:00:00Z,2025-08-05T00:00:00Z,2025-08-05T04:04:41Z,-0.93624511718750003,-0.61924072265624996,1.1225034485707697,-0.96660400390625001,-0.48264160156250002,1.0804009514649684,30.972753906250034,1.2600139920532705,1.4143700513272184,25,31,0,12,8,218,2,0.011666666666666667
2025-08-05T06:00:00Z,2025-08-06T08:00:00Z,2025-08-06T09:00:00Z,2025-08-06T09:00:00Z,2025-08-05T00:00:00Z,2025-08-05T04:04:41Z,-0.52386474609375,-0.66474853515624999,0.84635978590210048,-0.59621093749999998,-0.56009521484375002,0.8180306422656155,32.250537109375045,0.7163248871922494,0.60626857816037849,26,32,0,13,8,218,1,0.049999999999999996
2025-08-05T06:00:00Z,2025-08-06T08:00:00Z,2025-08-06T09:00:00Z,2025-08-06T09:00:00Z,2025-08-05T00:00:00Z,2025-08-05T04:04:41Z,-0.52386474609375,-0.66474853515624999,0.84635978590210048,-0.59621093749999998,-0.56009521484375002,0.8180306422656155,32.250537109375045,0.7163248871922494,0.60626857816037849,26,32,0,13,8,218,2,0.048333333333333339
2025-08-05T06:00:00Z,2025-08-06T09:00:00Z,2025-08-06T10:00:00Z,2025-08-06T10:00:00Z,2025-08-05T00:00:00Z,2025-08-05T04:04:41Z,0.60019531250000002,-0.38031738281249999,0.71054607508332801,0.46105712890625,-0.27928710937500001,0.53905005850877863,33.075366210937545,0.50487572481632237,0.35873746467308826,27,33,0,14,8,218,1,0.014999999999999999
2025-08-05T06:00:00Z,2025-08-06T09:00:00Z,2025-08-06T10:00:00Z,2025-08-06T10:00:00Z,2025-08-05T00:00:00Z,2025-08-05T04:04:41Z,0.60019531250000002,-0.38031738281249999,0.71054607508332801,0.46105712890625,-0.27928710937500001,0.53905005850877863,33.075366210937545,0.50487572481632237,0.35873746467308826,27,33,0,14,8,218,2,0.011666666666666667
2025-08-05T06:00:00Z,2025-08-06T10:00:00Z,2025-08-06T11:00:00Z,2025-08-06T11:00:00Z,2025-08-05T00:00:00Z,2025-08-05T04:04:41Z,3.5470458984375002,-0.59758300781250007,3.5970321178505658,3.4216333007812501,-0.63974609375000002,3.4809265303197043,33.950000000000045,12.938640056848527,46.540703845792024,28,34,0,15,8,218,1,0.041666666666666664
2025-08-05T06:00:00Z,2025-08-06T10:00:00Z,2025-08-06T11:00:00Z,2025-08-06T11:00:00Z,2025-08-05T00:00:00Z,2025-08-05T04:04:41Z,3.5470458984375002,-0.59758300781250007,3.5970321178505658,3.4216333007812501,-0.63974609375000002,3.4809265303197043,33.950000000000045,12.938640056848527,46.540703845792024,28,34,0,15,8,218,2,0.038333333333333337
2025-08-05T06:00:00Z,2025-08-06T11:00:00Z,2025-08-06T12:00:00Z,2025-08-06T12:00:00Z,2025-08-05T00:00:00Z,2025-08-05T04:04:41Z,6.4298071289062504,-1.4449829101562501,6.5901741498671536,5.8716601562499999,-1.5803247070312501,6.0806100985137324,33.955981445312545,43.430395325577258,286.21386859313048,29,35,0,16,8,218,1,0.16833333333333333
2025-08-05T06:00:00Z,2025-08-06T11:00:00Z,2025-08-06T12:00:00Z,2025-08-06T12:00:00Z,2025-08-05T00:00:00Z,2025-08-05T04:04:41Z,6.4298071289062504,-1.4449829101562501,6.5901741498671536,5.8716601562499999,-1.5803247070312501,6.0806100985137324,33.955981445312545,43.430395325577258,286.21386859313048,29,35,0,16,8,218,2,0.17000000000000001
2025-08-05T06:00:00Z,2025-08-06T12:00:00Z,2025-08-06T13:00:00Z,2025-08-06T13:00:00Z,2025-08-05T00:00:00Z,2025-08-05T04:04:41Z,8.1220703125,0.075310058593750007,8.1224194527320019,6.9229638671874998,0.1010693359375,6.9237015906991939,33.050000000000011,65.97369776611923,535.86604610418863,30,36,0,17,8,218,1,0.3183333333333333
2025-08-05T06:00:00Z,2025-08-06T12:00:00Z,2025-08-06T13:00:00Z,2025-08-06T13:00:00Z,2025-08-05T00:00:00Z,2025-08-05T04:04:41Z,8.1220703125,0.075310058593750007,8.1224194527320019,6.9229638671874998,0.1010693359375,6.9237015906991939,33.050000000000011,65.97369776611923,535.86604610418863,30,36,0,17,8,218,2,0.32333333333333331
2025-08-05T06:00:00Z,2025-08-06T13:00:00Z,2025-08-06T14:00:00Z,2025-08-06T14:00:00Z,2025-08-05T00:00:00Z,2025-08-05T04:04:41Z,7.5521166992187503,0.90240478515625,7.6058399296127455,5.66094970703125,0.72150634765624999,5.7067436419770479,31.662109375000057,57.848801034891615,439.98872079140176,31,37,0,18,8,218,1,0.47333333333333333
2025-08-05T06:00:00Z,2025-08-06T13:00:00Z,2025-08-06T14:00:00Z,2025-08-06T14:00:00Z,2025-08-05T00:00:00Z,2025-08-05T04:04:41Z,7.5521166992187503,0.90240478515625,7.6058399296127455,5.66094970703125,0.72150634765624999,5.7067436419770479,31.662109375000057,57.848801034891615,439.98872079140176,31,37,0,18,8,218,2,0.44166666666666665
2025-08-05T06:00:00Z,2025-08-06T14:00:00Z,2025-08-06T15:00:00Z,2025-08-06T15:00:00Z,2025-08-05T00:00:00Z,2025-08-05T04:04:41Z,8.3681127929687502,0.28850097656250001,8.3730845289728659,4.57004638671875,0.77228027343750005,4.634839889090216,28.150000000000034,70.10854452932476,587.02476954729445,32,38,0,19,8,218,1,0.64333333333333331
2025-08-05T06:00:00Z,2025-08-06T14:00:00Z,2025-08-06T15:00:00Z,2025-08-06T15:00:00Z,2025-08-05T00:00:00Z,2025-08-05T04:04:41Z,8.3681127929687502,0.28850097656250001,8.3730845289728659,4.57004638671875,0.77228027343750005,4.634839889090216,28.150000000000034,70.10854452932476,587.02476954729445,32,38,0,19,8,218,2,0.64500000000000002
2025-08-05T06:00:00Z,2025-08-06T15:00:00Z,2025-08-06T16:00:00Z,2025-08-06T16:00:00Z,2025-08-05T00:00:00Z,2025-08-05T04:04:41Z,6.8707739257812506,0.88280517578125006,6.9272562618674405,3.44187255859375,1.6514453124999999,3.8175592110377159,25.971557617187557,47.986879317581668,332.41741024019478,33,39,0,20,8,218,1,0.65833333333333333
2025-08-05T06:00:00Z,2025-08-06T15:00:00Z,2025-08-06T16:00:00Z,2025-08-06T16:00:00Z,2025-08-05T00:00:00Z,2025-08-05T04:04:41Z,6.8707739257812506,0.88280517578125006,6.9272562618674405,3.44187255859375,1.6514453124999999,3.8175592110377159,25.971557617187557,47.986879317581668,332.41741024019478,33,39,0,20,8,218,2,0.66500000000000004
2025-08-05T06:00:00Z,2025-08-06T16:00:00Z,2025-08-06T17:00:00Z,2025-08-06T17:00:00Z,2025-08-05T00:00:00Z,2025-08-05T04:04:41Z,5.0554394531250004,2.1468750000000001,5.49240751673051,2.85237548828125,2.4580395507812502,3.7653690867367291,25.050000000000011,30.166540329837808,165.68693286135525,34,40,0,21,8,218,1,0.59999999999999998
2025-08-05T06:00:00Z,2025-08-06T16:00:00Z,2025-08-06T17:00:00Z,2025-08-06T17:00:00Z,2025-08-05T00:00:00Z,2025-08-05T04:04:41Z,5.0554394531250004,2.1468750000000001,5.49240751673051,2.85237548828125,2.4580395507812502,3.7653690867367291,25.050000000000011,30.166540329837808,165.68693286135525,34,40,0,21,8,218,2,0.58833333333333337
2025-08-05T06:00:00Z,2025-08-06T17:00:00Z,2025-08-06T18:00:00Z,2025-08-06T18:00:00Z,2025-08-05T00:00:00Z,2025-08-05T04:04:41Z,4.1881958007812496,2.65529541015625,4.9589895927374705,2.5083081054687502,2.5051342773437502,3.5450398163466126,24.430688476562523,24.591577780878545,121.94937828437072,35,41,0,22,8,218,1,0.22500000000000001
2025-08-05T06:00:00Z,2025-08-06T17:00:00Z,2025-08-06T18:00:00Z,2025-08-06T18:00:00Z,2025-08-05T00:00:00Z,2025-08-05T04:04:41Z,4.1881958007812496,2.65529541015625,4.9589895927374705,2.5083081054687502,2.5051342773437502,3.5450398163466126,24.430688476562523,24.591577780878545,121.94937828437072,35,41,0,22,8,218,2,0.21833333333333335
2025-08-05T06:00:00Z,2025-08-06T18:00:00Z,2025-08-06T19:00:00Z,2025-08-06T19:00:00Z,2025-08-05T00:00:00Z,2025-08-05T04:04:41Z,4.7216503906250002,1.5665087890625,4.9747293592213913,3.20865966796875,1.25661376953125,3.4459505264331445,23.530664062500023,24.747932197499274,123.11426488292,36,42,0,23,8,218,1,0.013333333333333334
2025-08-05T06:00:00Z,2025-08-06T18:00:00Z,2025-08-06T19:00:00Z,2025-08-06T19:00:00Z,2025-08-05T00:00:00Z,2025-08-05T04:04:41Z,4.7216503906250002,1.5665087890625,4.9747293592213913,3.20865966796875,1.25661376953125,3.4459505264331445,23.530664062500023,24.747932197499274,123.11426488292,36,42,0,23,8,218,2,0.01
2025-08-05T06:00:00Z,2025-08-06T19:00:00Z,2025-08-06T20:00:00Z,2025-08-06T20:00:00Z,2025-08-05T00:00:00Z,2025-08-05T04:04:41Z,4.9556835937499999,1.3999682617187501,5.1496321242572982,3.2827490234374999,1.4424682617187501,3.585687637949766,22.456518554687534,26.518711015182735,136.56160613768088,37,43,0,0,8,219,1,0.01
2025-08-05T06:00:00Z,2025-08-06T19:00:00Z,2025-08-06T20:00:00Z,2025-08-06T20:00:00Z,2025-08-05T00:00:00Z,2025-08-05T04:04:41Z,4.9556835937499999,1.3999682617187501,5.1496321242572982,3.2827490234374999,1.4424682617187501,3.585687637949766,22.456518554687534,26.518711015182735,136.56160613768088,37,43,0,0,8,219,2,0.0083333333333333332
2025-08-05T06:00:00Z,2025-08-06T20:00:00Z,2025-08-06T21:00:00Z,2025-08-06T21:00:00Z,2025-08-05T00:00:00Z,2025-08-05T04:04:41Z,4.6029199218750003,1.267578125,4.7742670757062049,3.0760498046875,1.3807080078125,3.3717112871293664,21.126782226562511,22.793626110172276,108.82285867375279,38,44,0,1,8,219,1,0.01
2025-08-05T06:00:00Z,2025-08-06T20:00:00Z,2025-08-06T21:00:00Z,2025-08-06T21:00:00Z,2025-08-05T00:00:00Z,2025-08-05T04:04:41Z,4.6029199218750003,1.267578125,4.7742670757062049,3.0760498046875,1.3807080078125,3.3717112871293664,21.126782226562511,22.793626110172276,108.82285867375279,38,44,0,1,8,219,2,0.01
2025-08-05T06:00:00Z,2025-08-06T21:00:00Z,2025-08-06T22:00:00Z,2025-08-06T22:00:00Z,2025-08-05T00:00:00Z,2025-08-05T04:04:41Z,4.9112670898437498,0.34431884765624998,4.9233220386882701,3.2545361328125,0.79551025390624996,3.3503495345787622,19.919018554687511,24.239099896633626,119.3368947190629,39,45,0,2,8,219,1,0.01
2025-08-05T06:00:00Z,2025-08-06T21:00:00Z,2025-08-06T22:00:00Z,2025-08-06T22:00:00Z,2025-08-05T00:00:00Z,2025-08-05T04:04:41Z,4.9112670898437498,0.34431884765624998,4.9233220386882701,3.2545361328125,0.79551025390624996,3.3503495345787622,19.919018554687511,24.239099896633626,119.3368947190629,39,45,0,2,8,219,2,0.01
2025-08-05T06:00:00Z,2025-08-06T22:00:00Z,2025-08-06T23:00:00Z,2025-08-06T23:00:00Z,2025-08-05T00:00:00Z,2025-08-05T04:04:41Z,4.1819165039062502,1.1797705078125,4.3451448878889689,2.5196826171875002,1.2832421875,2.827633463364132,18.884545898437523,18.880284096747641,82.037569924874404,40,46,0,3,8,219,1,0.01
2025-08-05T06:00:00Z,2025-08-06T22:00:00Z,2025-08-06T23:00:00Z,2025-08-06T23:00:00Z,2025-08-05T00:00:00Z,2025-08-05T04:04:41Z,4.1819165039062502,1.1797705078125,4.3451448878889689,2.5196826171875002,1.2832421875,2.827633463364132,18.884545898437523,18.880284096747641,82.037569924874404,40,46,0,3,8,219,2,0.01
2025-08-05T06:00:00Z,2025-08-06T23:00:00Z,2025-08-07T00:00:00Z,2025-08-07T00:00:00Z,2025-08-05T00:00:00Z,2025-08-05T04:04:41Z,4.2799023437499999,-0.40668701171874999,4.2991811310454775,2.5012841796875001,-0.55706054687500006,2.5625649260925361,18.869433593750045,18.48295839753747,79.461585988591651,41,47,0,4,8,219,1,0.01
2025-08-05T06:00:00Z,2025-08-06T23:00:00Z,2025-08-07T00:00:00Z,2025-08-07T00:00:00Z,2025-08-05T00:00:00Z,2025-08-05T04:04:41Z,4.2799023437499999,-0.40668701171874999,4.2991811310454775,2.5012841796875001,-0.55706054687500006,2.5625649260925361,18.869433593750045,18.48295839753747,79.461585988591651,41,47,0,4,8,219,2,0.01
2025-08-05T06:00:00Z,2025-08-07T00:00:00Z,2025-08-07T01:00:00Z,2025-08-07T01:00:00Z,2025-08-05T00:00:00Z,2025-08-05T04:04:41Z,4.6883593750000001,-0.102431640625,4.6894782087297857,2.5280322265624999,-0.01008056640625,2.5280523246874504,18.503320312500023,21.991205870151521,103.1272807117661,42,48,0,5,8,219,1,0.01
2025-08-05T06:00:00Z,2025-08-07T00:00:00Z,2025-08-07T01:00:00Z,2025-08-07T01:00:00Z,2025-08-05T00:00:00Z,2025-08-05T04:04:41Z,4.6883593750000001,-0.102431640625,4.6894782087297857,2.5280322265624999,-0.01008056640625,2.5280523246874504,18.503320312500023,21.991205870151521,103.1272807117661,42,48,0,5,8,219,2,0.0083333333333333332
2025-08-05T06:00:00Z,2025-08-07T01:00:00Z,2025-08-07T02:00:00Z,2025-08-07T02:00:00Z,2025-08-05T00:00:00Z,2025-08-05T04:04:41Z,4.3684106445312505,-0.54302490234375,4.4020322129465814,2.46427490234375,-0.27535400390625003,2.4796109819462613,19.997412109375034,19.377887603819378,85.302085450871147,43,49,0,6,8,219,1,0.01
2025-08-05T06:00:00Z,2025-08-07T01:00:00Z,2025-08-07T02:00:00Z,2025-08-07T02:00:00Z,2025-08-05T00:00:00Z,2025-08-05T04:04:41Z,4.3684106445312505,-0.54302490234375,4.4020322129465814,2.46427490234375,-0.27535400390625003,2.4796109819462613,19.997412109375034,19.377887603819378,85.302085450871147,43,49,0,6,8,219,2,0.0066666666666666671
2025-08-05T06:00:00Z,2025-08-07T02:00:00Z,2025-08-07T03:00:00Z,2025-08-07T03:00:00Z,2025-08-05T00:00:00Z,2025-08-05T04:04:41Z,2.2235449218749999,0.53960693359375,2.2880838407668871,1.75791259765625,0.50554199218749996,1.8291608477286656,22.487890625000034,5.2353276623785492,11.978868625408239,44,50,0,7,8,219,1,0.01
2025-08-05T06:00:00Z,2025-08-07T02:00:00Z,2025-08-07T03:00:00Z,2025-08-07T03:00:00Z,2025-08-05T00:00:00Z,2025-08-05T04:04:41Z,2.2235449218749999,0.53960693359375,2.2880838407668871,1.75791259765625,0.50554199218749996,1.8291608477286656,22.487890625000034,5.2353276623785492,11.978868625408239,44,50,0,7,8,219,2,0.01
2025-08-05T06:00:00Z,2025-08-07T03:00:00Z,2025-08-07T04:00:00Z,2025-08-07T04:00:00Z,2025-08-05T00:00:00Z,2025-08-05T04:04:41Z,1.8907763671875,0.11176513671875,1.894076745145381,1.6363623046875,0.066381835937499994,1.6377081975567624,24.950000000000045,3.5875267165005207,6.7950509263114025,45,51,0,8,8,219,1,0.011666666666666667
2025-08-05T06:00:00Z,2025-08-07T03:00:00Z,2025-08-07T04:00:00Z,2025-08-07T04:00:00Z,2025-08-05T00:00:00Z,2025-08-05T04:04:41Z,1.8907763671875,0.11176513671875,1.894076745145381,1.6363623046875,0.066381835937499994,1.6377081975567624,24.950000000000045,3.5875267165005207,6.7950509263114025,45,51,0,8,8,219,2,0.01
2025-08-05T06:00:00Z,2025-08-07T04:00:00Z,2025-08-07T05:00:00Z,2025-08-07T05:00:00Z,2025-08-05T00:00:00Z,2025-08-05T04:04:41Z,1.8055688476562501,0.026171875000000001,1.8057585194780985,1.6917285156249999,0.025771484375000001,1.6919248032893355,27.150000000000034,3.2607638306677345,5.8881520672343015,46,52,0,9,8,219,1,0.17166666666666666
2025-08-05T06:00:00Z,2025-08-07T04:00:00Z,2025-08-07T05:00:00Z,2025-08-07T05:00:00Z,2025-08-05T00:00:00Z,2025-08-05T04:04:41Z,1.8055688476562501,0.026171875000000001,1.8057585194780985,1.6917285156249999,0.025771484375000001,1.6919248032893355,27.150000000000034,3.2607638306677345,5.8881520672343015,46,52,0,9,8,219,2,0.18666666666666668
2025-08-05T06:00:00Z,2025-08-07T05:00:00Z,2025-08-07T06:00:00Z,2025-08-07T06:00:00Z,2025-08-05T00:00:00Z,2025-08-05T04:04:41Z,1.8834252929687501,0.19193847656250002,1.8931801850271821,1.79814697265625,0.19270751953125001,1.8084437296628071,29.221459960937523,3.5841312129795555,6.7854061929503331,47,53,0,10,8,219,1,0.31666666666666665
2025-08-05T06:00:00Z,2025-08-07T05:00:00Z,2025-08-07T06:00:00Z,2025-08-07T06:00:00Z,2025-08-05T00:00:00Z,2025-08-05T04:04:41Z,1.8834252929687501,0.19193847656250002,1.8931801850271821,1.79814697265625,0.19270751953125001,1.8084437296628071,29.221459960937523,3.5841312129795555,6.7854061929503331,47,53,0,10,8,219,2,0.3666666666666667
2025-08-06T06:00:00Z,2025-08-06T06:00:00Z,2025-08-06T07:00:00Z,2025-08-06T07:00:00Z,2025-08-06T00:00:00Z,2025-08-06T04:05:07Z,0.49339111328125002,-0.69135009765625,0.84935254646949621,0.47422119140625002,-0.62989257812499999,0.78844809490271617,29.893847656250045,0.7213997481942177,0.61272271315121218,0,6,0,11,8,218,1,0.0083333333333333332
2025-08-06T06:00:00Z,2025-08-06T06:00:00Z,2025-08-06T07:00:00Z,2025-08-06T07:00:00Z,2025-08-06T00:00:00Z,2025-08-06T04:05:07Z,0.49339111328125002,-0.69135009765625,0.84935254646949621,0.47422119140625002,-0.62989257812499999,0.78844809490271617,29.893847656250045,0.7213997481942177,0.61272271315121218,0,6,0,11,8,218,2,0.01
2025-08-06T06:00:00Z,2025-08-06T07:00:00Z,2025-08-06T08:00:00Z,2025-08-06T08:00:00Z,2025-08-06T00:00:00Z,2025-08-06T04:05:07Z,0.56569091796875004,-0.75732666015625005,0.94527767605912882,0.51813720703124999,-0.6987353515625,0.86988347313494518,31.215820312500057,0.89354988485574727,0.84465275859934297,1,7,0,12,8,218,1,0.01
2025-08-06T06:00:00Z,2025-08-06T07:00:00Z,2025-08-06T08:00:00Z,2025-08-06T08:00:00Z,2025-08-06T00:00:00Z,2025-08-06T04:05:07Z,0.56569091796875004,-0.75732666015625005,0.94527767605912882,0.51813720703124999,-0.6987353515625,0.86988347313494518,31.215820312500057,0.89354988485574727,0.84465275859934297,1,7,0,12,8,218,2,0.011666666666666667
2025-08-06T06:00:00Z,2025-08-06T08:00:00Z,2025-08-06T09:00:00Z,2025-08-06T09:00:00Z,2025-08-06T00:00:00Z,2025-08-06T04:05:07Z,1.58131103515625,-0.51553466796875003,1.6632259569236467,1.4997265625,-0.44353515625000001,1.5639383610289053,32.066625976562534,2.7663205837845801,4.6010162001226895,2,8,0,13,8,218,1,0.049999999999999996
2025-08-06T06:00:00Z,2025-08-06T08:00:00Z,2025-08-06T09:00:00Z,2025-08-06T09:00:00Z,2025-08-06T00:00:00Z,2025-08-06T04:05:07Z,1.58131103515625,-0.51553466796875003,1.6632259569236467,1.4997265625,-0.44353515625000001,1.5639383610289053,32.066625976562534,2.7663205837845801,4.6010162001226895,2,8,0,13,8,218,2,0.048333333333333339
2025-08-06T06:00:00Z,2025-08-06T09:00:00Z,2025-08-06T10:00:00Z,2025-08-06T10:00:00Z,2025-08-06T00:00:00Z,2025-08-06T04:05:07Z,3.8772241210937501,-0.74630371093750003,3.9483966510661372,3.7960058593750001,-0.84578369140624998,3.8890886512212748,33.355712890625057,15.589836114150287,61.554856703780921,3,9,0,14,8,218,1,0.014999999999999999
2025-08-06T06:00:00Z,2025-08-06T09:00:00Z,2025-08-06T10:00:00Z,2025-08-06T10:00:00Z,2025-08-06T00:00:00Z,2025-08-06T04:05:07Z,3.8772241210937501,-0.74630371093750003,3.9483966510661372,3.7960058593750001,-0.84578369140624998,3.8890886512212748,33.355712890625057,15.589836114150287,61.554856703780921,3,9,0,14,8,218,2,0.011666666666666667
2025-08-06T06:00:00Z,2025-08-06T10:00:00Z,2025-08-06T11:00:00Z,2025-08-06T11:00:00Z,2025-08-06T00:00:00Z,2025-08-06T04:05:07Z,7.1672070312500002,-1.4756787109375,7.3175463296595264,6.4369580078124997,-1.4765063476562501,6.6041274509968888,33.749340820312511,53.546484286713607,391.82887955841267,4,10,0,15,8,218,1,0.041666666666666664
2025-08-06T06:00:00Z,2025-08-06T10:00:00Z,2025-08-06T11:00:00Z,2025-08-06T11:00:00Z,2025-08-06T00:00:00Z,2025-08-06T04:05:07Z,7.1672070312500002,-1.4756787109375,7.3175463296595264,6.4369580078124997,-1.4765063476562501,6.6041274509968888,33.749340820312511,53.546484286713607,391.82887955841267,4,10,0,15,8,218,2,0.038333333333333337
2025-08-06T06:00:00Z,2025-08-06T11:00:00Z,2025-08-06T12:00:00Z,2025-08-06T12:00:00Z,2025-08-06T00:00:00Z,2025-08-06T04:05:07Z,8.9799975585937499,-0.081306152343750007,8.9803656296811578,7.71537109375,-0.013605957031250001,7.7153830907052052,33.250000000000057,80.646966842758658,724.23924917274576,5,11,0,16,8,218,1,0.16833333333333333
2025-08-06T06:00:00Z,2025-08-06T11:00:00Z,2025-08-06T12:00:00Z,2025-08-06T12:00:00Z,2025-08-06T00:00:00Z,2025-08-06T04:05:07Z,8.9799975585937499,-0.081306152343750007,8.9803656296811578,7.71537109375,-0.013605957031250001,7.7153830907052052,33.250000000000057,80.646966842758658,724.23924917274576,5,11,0,16,8,218,2,0.17000000000000001
2025-08-06T06:00:00Z,2025-08-06T12:00:00Z,2025-08-06T13:00:00Z,2025-08-06T13:00:00Z,2025-08-06T00:00:00Z,2025-08-06T04:05:07Z,9.2749780273437494,0.60041015625000005,9.2943913067740755,7.6252026367187504,0.64943359374999998,7.6528085853308534,32.661059570312545,86.385709763437504,802.90258985480193,6,12,0,17,8,218,1,0.3183333333333333
2025-08-06T06:00:00Z,2025-08-06T12:00:00Z,2025-08-06T13:00:00Z,2025-08-06T13:00:00Z,2025-08-06T00:00:00Z,2025-08-06T04:05:07Z,9.2749780273437494,0.60041015625000005,9.2943913067740755,7.6252026367187504,0.64943359374999998,7.6528085853308534,32.661059570312545,86.385709763437504,802.90258985480193,6,12,0,17,8,218,2,0.32333333333333331
2025-08-06T06:00:00Z,2025-08-06T13:00:00Z,2025-08-06T14:00:00Z,2025-08-06T14:00:00Z,2025-08-06T00:00:00Z,2025-08-06T04:05:07Z,9.0587719726562508,0.54325195312499996,9.0750466851227021,6.7907177734374997,0.47824218750000003,6.8075372542781389,31.244091796875011,82.356472337156546,747.38883128171199,7,13,0,18,8,218,1,0.47333333333333333
2025-08-06T06:00:00Z,2025-08-06T13:00:00Z,2025-08-06T14:00:00Z,2025-08-06T14:00:00Z,2025-08-06T00:00:00Z,2025-08-06T04:05:07Z,9.0587719726562508,0.54325195312499996,9.0750466851227021,6.7907177734374997,0.47824218750000003,6.8075372542781389,31.244091796875011,82.356472337156546,747.38883128171199,7,13,0,18,8,218,2,0.44166666666666665
2025-08-06T06:00:00Z,2025-08-06T14:00:00Z,2025-08-06T15:00:00Z,2025-08-06T15:00:00Z,2025-08-06T00:00:00Z,2025-08-06T04:05:07Z,8.0374121093749995,0.26616699218750001,8.0418180956583463,4.8420605468750004,0.88060302734375007,4.9214847385083305,27.788647460937511,64.670838283658028,520.0711175709157,8,14,0,19,8,218,1,0.64333333333333331
2025-08-06T06:00:00Z,2025-08-06T14:00:00Z,2025-08-06T15:00:00Z,2025-08-06T15:00:00Z,2025-08-06T00:00:00Z,2025-08-06T04:05:07Z,8.0374121093749995,0.26616699218750001,8.0418180956583463,4.8420605468750004,0.88060302734375007,4.9214847385083305,27.788647460937511,64.670838283658028,520.0711175709157,8,14,0,19,8,218,2,0.64500000000000002
2025-08-06T06:00:00Z,2025-08-06T15:00:00Z,2025-08-06T16:00:00Z,2025-08-06T16:00:00Z,2025-08-06T00:00:00Z,2025-08-06T04:05:07Z,5.8050976562500001,1.2383154296875001,5.9357041622710094,3.49530029296875,2.1947802734374999,4.1272490337630243,25.610205078125034,35.232583902001387,209.13019491467219,9,15,0,20,8,218,1,0.65833333333333333
2025-08-06T06:00:00Z,2025-08-06T15:00:00Z,2025-08-06T16:00:00Z,2025-08-06T16:00:00Z,2025-08-06T00:00:00Z,2025-08-06T04:05:07Z,5.8050976562500001,1.2383154296875001,5.9357041622710094,3.49530029296875,2.1947802734374999,4.1272490337630243,25.610205078125034,35.232583902001387,209.13019491467219,9,15,0,20,8,218,2,0.66500000000000004
2025-08-06T06:00:00Z,2025-08-06T16:00:00Z,2025-08-06T17:00:00Z,2025-08-06T17:00:00Z,2025-08-06T00:00:00Z,2025-08-06T04:05:07Z,6.1013378906250004,2.9084375000000002,6.7590925978997047,3.5390649414062501,2.8980175781250002,4.5742197741923505,24.450024414062511,45.685332746982581,308.79139440271496,10,16,0,21,8,218,1,0.59999999999999998
2025-08-06T06:00:00Z,2025-08-06T16:00:00Z,2025-08-06T17:00:00Z,2025-08-06T17:00:00Z,2025-08-06T00:00:00Z,2025-08-06T04:05:07Z,6.1013378906250004,2.9084375000000002,6.7590925978997047,3.5390649414062501,2.8980175781250002,4.5742197741923505,24.450024414062511,45.685332746982581,308.79139440271496,10,16,0,21,8,218,2,0.58833333333333337
2025-08-06T06:00:00Z,2025-08-06T17:00:00Z,2025-08-06T18:00:00Z,2025-08-06T18:00:00Z,2025-08-06T00:00:00Z,2025-08-06T04:05:07Z,5.742431640625,2.3653247070312502,6.2104977350405335,3.4501977539062501,2.6860546875,4.3724997799085656,23.671557617187545,38.570282116943595,239.54064972715258,11,17,0,22,8,218,1,0.22500000000000001
2025-08-06T06:00:00Z,2025-08-06T17:00:00Z,2025-08-06T18:00:00Z,2025-08-06T18:00:00Z,2025-08-06T00:00:00Z,2025-08-06T04:05:07Z,5.742431640625,2.3653247070312502,6.2104977350405335,3.4501977539062501,2.6860546875,4.3724997799085656,23.671557617187545,38.570282116943595,239.54064972715258,11,17,0,22,8,218,2,0.21833333333333335
2025-08-06T06:00:00Z,2025-08-06T18:00:00Z,2025-08-06T19:00:00Z,2025-08-06T19:00:00Z,2025-08-06T00:00:00Z,2025-08-06T04:05:07Z,5.8273559570312505,2.0416552734375002,6.1746606146008345,3.61501220703125,2.1837548828125,4.2233989445933693,22.571533203125057,38.126433705502755,235.41778857655763,12,18,0,23,8,218,1,0.013333333333333334
2025-08-06T06:00:00Z,2025-08-06T18:00:00Z,2025-08-06T19:00:00Z,2025-08-06T19:00:00Z,2025-08-06T00:00:00Z,2025-08-06T04:05:07Z,5.8273559570312505,2.0416552734375002,6.1746606146008345,3.61501220703125,2.1837548828125,4.2233989445933693,22.571533203125057,38.126433705502755,235.41778857655763,12,18,0,23,8,218,2,0.01
2025-08-06T06:00:00Z,2025-08-06T19:00:00Z,2025-08-06T20:00:00Z,2025-08-06T20:00:00Z,2025-08-06T00:00:00Z,2025-08-06T04:05:07Z,5.2124682617187501,0.84006591796874996,5.2797287928413486,3.3408349609374999,1.1052807617187501,3.518923670449225,21.930664062500057,27.875536125957964,147.17527070010945,13,19,0,0,8,219,1,0.01
2025-08-06T06:00:00Z,2025-08-06T19:00:00Z,2025-08-06T20:00:00Z,2025-08-06T20:00:00Z,2025-08-06T00:00:00Z,2025-08-06T04:05:07Z,5.2124682617187501,0.84006591796874996,5.2797287928413486,3.3408349609374999,1.1052807617187501,3.518923670449225,21.930664062500057,27.875536125957964,147.17527070010945,13,19,0,0,8,219,2,0.0083333333333333332
2025-08-06T06:00:00Z,2025-08-06T20:00:00Z,2025-08-06T21:00:00Z,2025-08-06T21:00:00Z,2025-08-06T00:00:00Z,2025-08-06T04:05:07Z,3.7762963867187502,0.53571289062500005,3.8141057538467495,2.65303466796875,1.0846997070312501,2.8662111582850511,21.166748046875057,14.547402701526881,55.485332347419423,14,20,0,1,8,219,1,0.01
2025-08-06T06:00:00Z,2025-08-06T20:00:00Z,2025-08-06T21:00:00Z,2025-08-06T21:00:00Z,2025-08-06T00:00:00Z,2025-08-06T04:05:07Z,3.7762963867187502,0.53571289062500005,3.8141057538467495,2.65303466796875,1.0846997070312501,2.8662111582850511,21.166748046875057,14.547402701526881,55.485332347419423,14,20,0,1,8,219,2,0.01
2025-08-06T06:00:00Z,2025-08-06T21:00:00Z,2025-08-06T22:00:00Z,2025-08-06T22:00:00Z,2025-08-06T00:00:00Z,2025-08-06T04:05:07Z,3.7324902343750002,1.04209228515625,3.8752341452468286,2.8449536132812501,1.3084057617187501,3.1314033114597142,20.249975585937534,15.017439680486918,58.196095024007526,15,21,0,2,8,219,1,0.01
2025-08-06T06:00:00Z,2025-08-06T21:00:00Z,2025-08-06T22:00:00Z,2025-08-06T22:00:00Z,2025-08-06T00:00:00Z,2025-08-06T04:05:07Z,3.7324902343750002,1.04209228515625,3.8752341452468286,2.8449536132812501,1.3084057617187501,3.1314033114597142,20.249975585937534,15.017439680486918,58.196095024007526,15,21,0,2,8,219,2,0.01
2025-08-06T06:00:00Z,2025-08-06T22:00:00Z,2025-08-06T23:00:00Z,2025-08-06T23:00:00Z,2025-08-06T00:00:00Z,2025-08-06T04:05:07Z,3.4787451171875001,0.59447021484375007,3.5291730513949369,2.5345092773437501,0.67148681640624996,2.6219519106095253,18.944042968750011,12.455062426692249,43.956070669723914,16,22,0,3,8,219,1,0.01
2025-08-06T06:00:00Z,2025-08-06T22:00:00Z,2025-08-06T23:00:00Z,2025-08-06T23:00:00Z,2025-08-06T00:00:00Z,2025-08-06T04:05:07Z,3.4787451171875001,0.59447021484375007,3.5291730513949369,2.5345092773437501,0.67148681640624996,2.6219519106095253,18.944042968750011,12.455062426692249,43.956070669723914,16,22,0,3,8,219,2,0.01
2025-08-06T06:00:00Z,2025-08-06T23:00:00Z,2025-08-07T00:00:00Z,2025-08-07T00:00:00Z,2025-08-06T00:00:00Z,2025-08-06T04:05:07Z,1.8760937500000001,0.73067382812500004,2.0133583888359037,1.3871484375000001,0.66429443359375007,1.5380077640123708,18.066284179687557,4.0536120018959059,8.1613737291030226,17,23,0,4,8,219,1,0.01
2025-08-06T06:00:00Z,2025-08-06T23:00:00Z,2025-08-07T00:00:00Z,2025-08-07T00:00:00Z,2025-08-06T00:00:00Z,2025-08-06T04:05:07Z,1.8760937500000001,0.73067382812500004,2.0133583888359037,1.3871484375000001,0.66429443359375007,1.5380077640123708,18.066284179687557,4.0536120018959059,8.1613737291030226,17,23,0,4,8,219,2,0.01
2025-08-06T06:00:00Z,2025-08-07T00:00:00Z,2025-08-07T01:00:00Z,2025-08-07T01:00:00Z,2025-08-06T00:00:00Z,2025-08-06T04:05:07Z,1.2636376953124999,0.25937011718750003,1.2899818148735833,1.0152099609375,0.034218749999999999,1.0157864872296161,17.987353515625045,1.6640530827045439,2.1465982156731886,18,24,0,5,8,219,1,0.01
2025-08-06T06:00:00Z,2025-08-07T00:00:00Z,2025-08-07T01:00:00Z,2025-08-07T01:00:00Z,2025-08-06T00:00:00Z,2025-08-06T04:05:07Z,1.2636376953124999,0.25937011718750003,1.2899818148735833,1.0152099609375,0.034218749999999999,1.0157864872296161,17.987353515625045,1.6640530827045439,2.1465982156731886,18,24,0,5,8,219,2,0.0083333333333333332
2025-08-06T06:00:00Z,2025-08-07T01:00:00Z,2025-08-07T02:00:00Z,2025-08-07T02:00:00Z,2025-08-06T00:00:00Z,2025-08-06T04:05:07Z,0.54648193359374997,-0.75002929687499997,0.92800131999645918,0.56148437500000004,-0.74564208984375002,0.93340603678982903,21.161840820312534,0.86118644991517068,0.79918216228434302,19,25,0,6,8,219,1,0.01
2025-08-06T06:00:00Z,2025-08-07T01:00:00Z,2025-08-07T02:00:00Z,2025-08-07T02:00:00Z,2025-08-06T00:00:00Z,2025-08-06T04:05:07Z,0.54648193359374997,-0.75002929687499997,0.92800131999645918,0.56148437500000004,-0.74564208984375002,0.93340603678982903,21.161840820312534,0.86118644991517068,0.79918216228434302,19,25,0,6,8,219,2,0.0066666666666666671
2025-08-06T06:00:00Z,2025-08-07T02:00:00Z,2025-08-07T03:00:00Z,2025-08-07T03:00:00Z,2025-08-06T00:00:00Z,2025-08-06T04:05:07Z,-0.083510742187500001,-0.21016357421875001,0.22614767739047673,0.068413085937500007,-0.15738525390624999,0.17161138795146008,23.450000000000045,0.05114277198910714,0.011565819100647311,20,26,0,7,8,219,1,0.01
2025-08-06T06:00:00Z,2025-08-07T02:00:00Z,2025-08-07T03:00:00Z,2025-08-07T03:00:00Z,2025-08-06T00:00:00Z,2025-08-06T04:05:07Z,-0.083510742187500001,-0.21016357421875001,0.22614767739047673,0.068413085937500007,-0.15738525390624999,0.17161138795146008,23.450000000000045,0.05114277198910714,0.011565819100647311,20,26,0,7,8,219,2,0.01
2025-08-06T06:00:00Z,2025-08-07T03:00:00Z,2025-08-07T04:00:00Z,2025-08-07T04:00:00Z,2025-08-06T00:00:00Z,2025-08-06T04:05:07Z,-1.7981787109375,-0.57716064453125004,1.8885341103788877,-1.5417529296875001,-0.45797851562500003,1.608336537225362,25.650000000000034,3.5665610860645769,6.7355722677829251,21,27,0,8,8,219,1,0.011666666666666667
2025-08-06T06:00:00Z,2025-08-07T03:00:00Z,2025-08-07T04:00:00Z,2025-08-07T04:00:00Z,2025-08-06T00:00:00Z,2025-08-06T04:05:07Z,-1.7981787109375,-0.57716064453125004,1.8885341103788877,-1.5417529296875001,-0.45797851562500003,1.608336537225362,25.650000000000034,3.5665610860645769,6.7355722677829251,21,27,0,8,8,219,2,0.01
2025-08-06T06:00:00Z,2025-08-07T04:00:00Z,2025-08-07T05:00:00Z,2025-08-07T05:00:00Z,2025-08-06T00:00:00Z,2025-08-06T04:05:07Z,-2.9427099609375,-0.81232910156250004,3.0527725895398961,-2.6804687500000002,-0.61577636718750006,2.7502896673101906,27.615478515625057,9.3194204834461232,28.450071402260971,22,28,0,9,8,219,1,0.17166666666666666
2025-08-06T06:00:00Z,2025-08-07T04:00:00Z,2025-08-07T05:00:00Z,2025-08-07T05:00:00Z,2025-08-06T00:00:00Z,2025-08-06T04:05:07Z,-2.9427099609375,-0.81232910156250004,3.0527725895398961,-2.6804687500000002,-0.61577636718750006,2.7502896673101906,27.615478515625057,9.3194204834461232,28.450071402260971,22,28,0,9,8,219,2,0.18666666666666668
2025-08-06T06:00:00Z,2025-08-07T05:00:00Z,2025-08-07T06:00:00Z,2025-08-07T06:00:00Z,2025-08-06T00:00:00Z,2025-08-06T04:05:07Z,-3.02156494140625,-1.0205957031249999,3.1892742566879644,-2.7771533203124998,-0.76776123046875,2.8813257142387827,29.350000000000023,10.171470284372568,32.439608330616039,23,29,0,10,8,219,1,0.31666666666666665
2025-08-06T06:00:00Z,2025-08-07T05:00:00Z,2025-08-07T06:00:00Z,2025-08-07T06:00:00Z,2025-08-06T00:00:00Z,2025-08-06T04:05:07Z,-3.02156494140625,-1.0205957031249999,3.1892742566879644,-2.7771533203124998,-0.76776123046875,2.8813257142387827,29.350000000000023,10.171470284372568,32.439608330616039,23,29,0,10,8,219,2,0.3666666666666667
2025-08-06T06:00:00Z,2025-08-07T06:00:00Z,2025-08-07T07:00:00Z,2025-08-07T07:00:00Z,2025-08-06T00:00:00Z,2025-08-06T04:05:07Z,-2.4370947265625,-0.89796386718749999,2.5972619839001756,-2.28424072265625,-0.60058837890625005,2.3618768130278056,30.950000000000045,6.7457698130130757,17.520531487480259,24,30,0,11,8,219,1,0.32833333333333331
2025-08-06T06:00:00Z,2025-08-07T06:00:00Z,2025-08-07T07:00:00Z,2025-08-07T07:00:00Z,2025-08-06T00:00:00Z,2025-08-06T04:05:07Z,-2.4370947265625,-0.89796386718749999,2.5972619839001756,-2.28424072265625,-0.60058837890625005,2.3618768130278056,30.950000000000045,6.7457698130130757,17.520531487480259,24,30,0,11,8,219,2,0.315
2025-08-06T06:00:00Z,2025-08-07T07:00:00Z,2025-08-07T08:00:00Z,2025-08-07T08:00:00Z,2025-08-06T00:00:00Z,2025-08-06T04:05:07Z,-1.8845458984375001,-0.68732177734375,2.0059722004376273,-1.80439208984375,-0.40825683593750001,1.8500012048591736,32.636791992187511,4.023924468928576,8.0718806213314664,25,31,0,12,8,219,1,0.19000000000000003
2025-08-06T06:00:00Z,2025-08-07T07:00:00Z,2025-08-07T08:00:00Z,2025-08-07T08:00:00Z,2025-08-06T00:00:00Z,2025-08-06T04:05:07Z,-1.8845458984375001,-0.68732177734375,2.0059722004376273,-1.80439208984375,-0.40825683593750001,1.8500012048591736,32.636791992187511,4.023924468928576,8.0718806213314664,25,31,0,12,8,219,2,0.18666666666666668
2025-08-06T06:00:00Z,2025-08-07T08:00:00Z,2025-08-07T09:00:00Z,2025-08-07T09:00:00Z,2025-08-06T00:00:00Z,2025-08-06T04:05:07Z,-0.98645996093749999,-0.35325195312500002,1.0478025562668958,-1.02413818359375,-0.15938476562500001,1.0364663634715994,34.050000000000068,1.0978901969194412,1.1503721548325561,26,32,0,13,8,219,1,0.045000000000000005
2025-08-06T06:00:00Z,2025-08-07T08:00:00Z,2025-08-07T09:00:00Z,2025-08-07T09:00:00Z,2025-08-06T00:00:00Z,2025-08-06T04:05:07Z,-0.98645996093749999,-0.35325195312500002,1.0478025562668958,-1.02413818359375,-0.15938476562500001,1.0364663634715994,34.050000000000068,1.0978901969194412,1.1503721548325561,26,32,0,13,8,219,2,0.074999999999999997
2025-08-06T06:00:00Z,2025-08-07T09:00:00Z,2025-08-07T10:00:00Z,2025-08-07T10:00:00Z,2025-08-06T00:00:00Z,2025-08-06T04:05:07Z,0.62757812499999999,-0.15759521484375,0.64706302221666423,0.56207763671875,-0.0480419921875,0.56412702710708595,34.838452148437568,0.41869055472016331,0.27091917571080049,27,33,0,14,8,219,1,0.033333333333333333
2025-08-06T06:00:00Z,2025-08-07T09:00:00Z,2025-08-07T10:00:00Z,2025-08-07T10:00:00Z,2025-08-06T00:00:00Z,2025-08-06T04:05:07Z,0.62757812499999999,-0.15759521484375,0.64706302221666423,0.56207763671875,-0.0480419921875,0.56412702710708595,34.838452148437568,0.41869055472016331,0.27091917571080049,27,33,0,14,8,219,2,0.045000000000000005
2025-08-06T06:00:00Z,2025-08-07T10:00:00Z,2025-08-07T11:00:00Z,2025-08-07T11:00:00Z,2025-08-06T00:00:00Z,2025-08-06T04:05:07Z,4.5509619140625004,-0.73526123046875003,4.6099743405227143,4.4374658203125001,-0.84291259765625004,4.5168135398452414,35.669946289062523,21.251863420277836,97.97054505577411,28,34,0,15,8,219,1,0.024999999999999998
2025-08-06T06:00:00Z,2025-08-07T10:00:00Z,2025-08-07T11:00:00Z,2025-08-07T11:00:00Z,2025-08-06T00:00:00Z,2025-08-06T04:05:07Z,4.5509619140625004,-0.73526123046875003,4.6099743405227143,4.4374658203125001,-0.84291259765625004,4.5168135398452414,35.669946289062523,21.251863420277836,97.97054505577411,28,34,0,15,8,219,2,0.046666666666666669
2025-08-06T06:00:00Z,2025-08-07T11:00:00Z,2025-08-07T12:00:00Z,2025-08-07T12:00:00Z,2025-08-06T00:00:00Z,2025-08-06T04:05:07Z,8.5738671874999994,-0.4149169921875,8.5839008998994775,7.4179785156250002,-0.67654541015625003,7.4487662703482362,35.170849609375068,73.683354659295063,632.49061436753527,29,35,0,16,8,219,1,0.10833333333333334
2025-08-06T06:00:00Z,2025-08-07T11:00:00Z,2025-08-07T12:00:00Z,2025-08-07T12:00:00Z,2025-08-06T00:00:00Z,2025-08-06T04:05:07Z,8.5738671874999994,-0.4149169921875,8.5839008998994775,7.4179785156250002,-0.67654541015625003,7.4487662703482362,35.170849609375068,73.683354659295063,632.49061436753527,29,35,0,16,8,219,2,0.105
2025-08-06T06:00:00Z,2025-08-07T12:00:00Z,2025-08-07T13:00:00Z,2025-08-07T13:00:00Z,2025-08-06T00:00:00Z,2025-08-06T04:05:07Z,11.396142578125,-0.032541503906249998,11.396189038903751,8.7660717773437504,0.055202636718750003,8.7662455895693068,33.729150390625023,129.87312461043001,1480.0586791335634,30,36,0,17,8,219,1,0.52000000000000002
2025-08-06T06:00:00Z,2025-08-07T12:00:00Z,2025-08-07T13:00:00Z,2025-08-07T13:00:00Z,2025-08-06T00:00:00Z,2025-08-06T04:05:07Z,11.396142578125,-0.032541503906249998,11.396189038903751,8.7660717773437504,0.055202636718750003,8.7662455895693068,33.729150390625023,129.87312461043001,1480.0586791335634,30,36,0,17,8,219,2,0.56666666666666676
2025-08-06T06:00:00Z,2025-08-07T13:00:00Z,2025-08-07T14:00:00Z,2025-08-07T14:00:00Z,2025-08-06T00:00:00Z,2025-08-06T04:05:07Z,9.7348339843749994,-0.41403808593750002,9.7436348576878231,6.8546606445312506,-0.0235791015625,6.8547011988646211,31.825000000000045,94.93842023994921,925.04530078378423,31,37,0,18,8,219,1,0.78666666666666663
2025-08-06T06:00:00Z,2025-08-07T13:00:00Z,2025-08-07T14:00:00Z,2025-08-07T14:00:00Z,2025-08-06T00:00:00Z,2025-08-06T04:05:07Z,9.7348339843749994,-0.41403808593750002,9.7436348576878231,6.8546606445312506,-0.0235791015625,6.8547011988646211,31.825000000000045,94.93842023994921,925.04530078378423,31,37,0,18,8,219,2,0.73666666666666669
2025-08-06T06:00:00Z,2025-08-07T14:00:00Z,2025-08-07T15:00:00Z,2025-08-07T15:00:00Z,2025-08-06T00:00:00Z,2025-08-06T04:05:07Z,8.2197949218749997,0.47963623046875004,8.2337767440743921,4.3056372070312499,1.1456738281250001,4.4554551146905803,29.055664062500057,67.795079471260294,558.20954871313825,32,38,0,19,8,219,1,0.38999999999999996
2025-08-06T06:00:00Z,2025-08-07T14:00:00Z,2025-08-07T15:00:00Z,2025-08-07T15:00:00Z,2025-08-06T00:00:00Z,2025-08-06T04:05:07Z,8.2197949218749997,0.47963623046875004,8.2337767440743921,4.3056372070312499,1.1456738281250001,4.4554551146905803,29.055664062500057,67.795079471260294,558.20954871313825,32,38,0,19,8,219,2,0.40833333333333338
2025-08-06T06:00:00Z,2025-08-07T15:00:00Z,2025-08-07T16:00:00Z,2025-08-07T16:00:00Z,2025-08-06T00:00:00Z,2025-08-06T04:05:07Z,6.9431591796875001,3.0085400390624999,7.5669526601612214,3.35874267578125,2.6940478515624999,4.3056992682516402,27.641918945312511,57.258772561120985,433.27442134894079,33,39,0,20,8,219,1,0.20666666666666667
2025-08-06T06:00:00Z,2025-08-07T15:00:00Z,2025-08-07T16:00:00Z,2025-08-07T16:00:00Z,2025-08-06T00:00:00Z,2025-08-06T04:05:07Z,6.9431591796875001,3.0085400390624999,7.5669526601612214,3.35874267578125,2.6940478515624999,4.3056992682516402,27.641918945312511,57.258772561120985,433.27442134894079,33,39,0,20,8,219,2,0.19666666666666666
2025-08-06T06:00:00Z,2025-08-07T16:00:00Z,2025-08-07T17:00:00Z,2025-08-07T17:00:00Z,2025-08-06T00:00:00Z,2025-08-06T04:05:07Z,7.8624267578125,4.4596826171875001,9.0391660880863522,3.5429443359374999,3.0860156249999999,4.6985047627192795,26.700341796875023,81.706523568010326,738.55883701138725,34,40,0,21,8,219,1,0.063333333333333339
2025-08-06T06:00:00Z,2025-08-07T16:00:00Z,2025-08-07T17:00:00Z,2025-08-07T17:00:00Z,2025-08-06T00:00:00Z,2025-08-06T04:05:07Z,7.8624267578125,4.4596826171875001,9.0391660880863522,3.5429443359374999,3.0860156249999999,4.6985047627192795,26.700341796875023,81.706523568010326,738.55883701138725,34,40,0,21,8,219,2,0.056666666666666671
2025-08-06T06:00:00Z,2025-08-07T17:00:00Z,2025-08-07T18:00:00Z,2025-08-07T18:00:00Z,2025-08-06T00:00:00Z,2025-08-06T04:05:07Z,9.5559765624999997,3.6159521484375001,10.217230446791296,6.48813720703125,2.7319775390625001,7.0398597778084513,27.275488281250034,104.39179800283907,1066.5950569498941,35,41,0,22,8,219,1,0.14999999999999999
2025-08-06T06:00:00Z,2025-08-07T17:00:00Z,2025-08-07T18:00:00Z,2025-08-07T18:00:00Z,2025-08-06T00:00:00Z,2025-08-06T04:05:07Z,9.5559765624999997,3.6159521484375001,10.217230446791296,6.48813720703125,2.7319775390625001,7.0398597778084513,27.275488281250034,104.39179800283907,1066.5950569498941,35,41,0,22,8,219,2,0.18000000000000002
2025-08-06T06:00:00Z,2025-08-07T18:00:00Z,2025-08-07T19:00:00Z,2025-08-07T19:00:00Z,2025-08-06T00:00:00Z,2025-08-06T04:05:07Z,6.8362475585937501,1.1833056640624999,6.9379026353056732,4.1399853515625002,0.1856982421875,4.1441479882243115,26.853222656250011,48.134492976981406,333.95242567410173,36,42,0,23,8,219,1,0.20833333333333334
2025-08-06T06:00:00Z,2025-08-07T18:00:00Z,2025-08-07T19:00:00Z,2025-08-07T19:00:00Z,2025-08-06T00:00:00Z,2025-08-06T04:05:07Z,6.8362475585937501,1.1833056640624999,6.9379026353056732,4.1399853515625002,0.1856982421875,4.1441479882243115,26.853222656250011,48.134492976981406,333.95242567410173,36,42,0,23,8,219,2,0.21333333333333335
2025-08-06T06:00:00Z,2025-08-07T19:00:00Z,2025-08-07T20:00:00Z,2025-08-07T20:00:00Z,2025-08-06T00:00:00Z,2025-08-06T04:05:07Z,7.3456640625,1.39519287109375,7.476987606426456,4.0148388671874997,1.1068139648437501,4.1646090191340353,25.670190429687523,55.905343666654822,418.00356172858989,37,43,0,0,8,220,1,0.021666666666666667
2025-08-06T06:00:00Z,2025-08-07T19:00:00Z,2025-08-07T20:00:00Z,2025-08-07T20:00:00Z,2025-08-06T00:00:00Z,2025-08-06T04:05:07Z,7.3456640625,1.39519287109375,7.476987606426456,4.0148388671874997,1.1068139648437501,4.1646090191340353,25.670190429687523,55.905343666654822,418.00356172858989,37,43,0,0,8,220,2,0.02
2025-08-06T06:00:00Z,2025-08-07T20:00:00Z,2025-08-07T21:00:00Z,2025-08-07T21:00:00Z,2025-08-06T00:00:00Z,2025-08-06T04:05:07Z,6.5204931640625006,1.33009033203125,6.6547705741031224,3.7781250000000002,0.90171875000000001,3.8842406233041955,23.674218750000023,44.285971393948799,294.71297927802311,38,44,0,1,8,220,1,0.01
2025-08-06T06:00:00Z,2025-08-07T20:00:00Z,2025-08-07T21:00:00Z,2025-08-07T21:00:00Z,2025-08-06T00:00:00Z,2025-08-06T04:05:07Z,6.5204931640625006,1.33009033203125,6.6547705741031224,3.7781250000000002,0.90171875000000001,3.8842406233041955,23.674218750000023,44.285971393948799,294.71297927802311,38,44,0,1,8,220,2,0.01
2025-08-06T06:00:00Z,2025-08-07T21:00:00Z,2025-08-07T22:00:00Z,2025-08-07T22:00:00Z,2025-08-06T00:00:00Z,2025-08-06T04:05:07Z,8.02752685546875,0.93084228515625,8.0813151637036729,4.2507885742187499,0.24596435546875001,4.2578987736757936,22.166064453125045,65.307654775106926,527.77174083999614,39,45,0,2,8,220,1,0.011666666666666667
2025-08-06T06:00:00Z,2025-08-07T21:00:00Z,2025-08-07T22:00:00Z,2025-08-07T22:00:00Z,2025-08-06T00:00:00Z,2025-08-06T04:05:07Z,8.02752685546875,0.93084228515625,8.0813151637036729,4.2507885742187499,0.24596435546875001,4.2578987736757936,22.166064453125045,65.307654775106926,527.77174083999614,39,45,0,2,8,220,2,0.01
2025-08-06T06:00:00Z,2025-08-07T22:00:00Z,2025-08-07T23:00:00Z,2025-08-07T23:00:00Z,2025-08-06T00:00:00Z,2025-08-06T04:05:07Z,7.1694995117187501,0.72280273437499998,7.2058425629037561,3.6000390625000001,0.67494628906249998,3.6627631297485124,21.498437500000023,51.924167041355375,374.15737290992297,40,46,0,3,8,220,1,0.043333333333333335
2025-08-06T06:00:00Z,2025-08-07T22:00:00Z,2025-08-07T23:00:00Z,2025-08-07T23:00:00Z,2025-08-06T00:00:00Z,2025-08-06T04:05:07Z,7.1694995117187501,0.72280273437499998,7.2058425629037561,3.6000390625000001,0.67494628906249998,3.6627631297485124,21.498437500000023,51.924167041355375,374.15737290992297,40,46,0,3,8,220,2,0.040000000000000001
2025-08-06T06:00:00Z,2025-08-07T23:00:00Z,2025-08-08T00:00:00Z,2025-08-08T00:00:00Z,2025-08-06T00:00:00Z,2025-08-06T04:05:07Z,7.7761938476562502,1.260986328125,7.8777710855320677,4.0868090820312499,1.1729077148437501,4.2517903264993082,21.806518554687557,62.059277276045094,488.88878011424532,41,47,0,4,8,220,1,0.040000000000000001
2025-08-06T06:00:00Z,2025-08-07T23:00:00Z,2025-08-08T00:00:00Z,2025-08-08T00:00:00Z,2025-08-06T00:00:00Z,2025-08-06T04:05:07Z,7.7761938476562502,1.260986328125,7.8777710855320677,4.0868090820312499,1.1729077148437501,4.2517903264993082,21.806518554687557,62.059277276045094,488.88878011424532,41,47,0,4,8,220,2,0.040000000000000001
2025-08-06T06:00:00Z,2025-08-08T00:00:00Z,2025-08-08T01:00:00Z,2025-08-08T01:00:00Z,2025-08-06T00:00:00Z,2025-08-06T04:05:07Z,7.5276000976562498,3.0035864257812501,8.1047081778045396,4.0701123046875001,2.1349829101562499,4.5960816136604716,21.603466796875011,65.686294647371781,532.36824939823259,42,48,0,5,8,220,1,0.018333333333333333
2025-08-06T06:00:00Z,2025-08-08T00:00:00Z,2025-08-08T01:00:00Z,2025-08-08T01:00:00Z,2025-08-06T00:00:00Z,2025-08-06T04:05:07Z,7.5276000976562498,3.0035864257812501,8.1047081778045396,4.0701123046875001,2.1349829101562499,4.5960816136604716,21.603466796875011,65.686294647371781,532.36824939823259,42,48,0,5,8,220,2,0.018333333333333333
2025-08-06T06:00:00Z,2025-08-08T01:00:00Z,2025-08-08T02:00:00Z,2025-08-08T02:00:00Z,2025-08-06T00:00:00Z,2025-08-06T04:05:07Z,7.6864575195312499,3.5717724609374999,8.4758001222462784,4.9889794921875001,2.4768823242187499,5.5699966267040706,23.575488281250045,71.839187712270032,608.89459599373163,43,49,0,6,8,220,1,0.048333333333333339
2025-08-06T06:00:00Z,2025-08-08T01:00:00Z,2025-08-08T02:00:00Z,2025-08-08T02:00:00Z,2025-08-06T00:00:00Z,2025-08-06T04:05:07Z,7.6864575195312499,3.5717724609374999,8.4758001222462784,4.9889794921875001,2.4768823242187499,5.5699966267040706,23.575488281250045,71.839187712270032,608.89459599373163,43,49,0,6,8,220,2,0.041666666666666664
2025-08-06T06:00:00Z,2025-08-08T02:00:00Z,2025-08-08T03:00:00Z,2025-08-08T03:00:00Z,2025-08-06T00:00:00Z,2025-08-06T04:05:07Z,9.3601977539062506,0.88242919921875007,9.401701084583868,7.1148120117187501,0.37151611328125,7.1245051887499535,25.631494140625023,88.391983283865486,831.0350051084373,44,50,0,7,8,220,1,0.33833333333333337
2025-08-06T06:00:00Z,2025-08-08T02:00:00Z,2025-08-08T03:00:00Z,2025-08-08T03:00:00Z,2025-08-06T00:00:00Z,2025-08-06T04:05:07Z,9.3601977539062506,0.88242919921875007,9.401701084583868,7.1148120117187501,0.37151611328125,7.1245051887499535,25.631494140625023,88.391983283865486,831.0350051084373,44,50,0,7,8,220,2,0.36166666666666664
2025-08-06T06:00:00Z,2025-08-08T03:00:00Z,2025-08-08T04:00:00Z,2025-08-08T04:00:00Z,2025-08-06T00:00:00Z,2025-08-06T04:05:07Z,7.7693896484375005,1.02177001953125,7.8362892673803639,5.8666040039062501,0.49753906250000002,5.8876640238181244,25.618627929687534,61.407429482060678,481.20638058768861,45,51,0,8,8,220,1,0.055
2025-08-06T06:00:00Z,2025-08-08T03:00:00Z,2025-08-08T04:00:00Z,2025-08-08T04:00:00Z,2025-08-06T00:00:00Z,2025-08-06T04:05:07Z,7.7693896484375005,1.02177001953125,7.8362892673803639,5.8666040039062501,0.49753906250000002,5.8876640238181244,25.618627929687534,61.407429482060678,481.20638058768861,45,51,0,8,8,220,2,0.045000000000000005
2025-08-06T06:00:00Z,2025-08-08T04:00:00Z,2025-08-08T05:00:00Z,2025-08-08T05:00:00Z,2025-08-06T00:00:00Z,2025-08-06T04:05:07Z,6.8314672851562506,0.87679687500000003,6.8875044848021609,5.6015893554687501,0.22560302734375001,5.6061305758292388,28.286328125000011,47.437718028169883,326.72749566780038,46,52,0,9,8,220,1,0.14499999999999999
2025-08-06T06:00:00Z,2025-08-08T04:00:00Z,2025-08-08T05:00:00Z,2025-08-08T05:00:00Z,2025-08-06T00:00:00Z,2025-08-06T04:05:07Z,6.8314672851562506,0.87679687500000003,6.8875044848021609,5.6015893554687501,0.22560302734375001,5.6061305758292388,28.286328125000011,47.437718028169883,326.72749566780038,46,52,0,9,8,220,2,0.14666666666666667
2025-08-06T06:00:00Z,2025-08-08T05:00:00Z,2025-08-08T06:00:00Z,2025-08-08T06:00:00Z,2025-08-06T00:00:00Z,2025-08-06T04:05:07Z,5.0621752929687505,0.099145507812500006,5.0631461097288764,4.4301660156249998,-0.44308105468750003,4.4522681575823428,31.647998046875045,25.635448528462653,129.79602148804054,47,53,0,10,8,220,1,0.023333333333333334
2025-08-06T06:00:00Z,2025-08-08T05:00:00Z,2025-08-08T06:00:00Z,2025-08-08T06:00:00Z,2025-08-06T00:00:00Z,2025-08-06T04:05:07Z,5.0621752929687505,0.099145507812500006,5.0631461097288764,4.4301660156249998,-0.44308105468750003,4.4522681575823428,31.647998046875045,25.635448528462653,129.79602148804054,47,53,0,10,8,220,2,0.0083333333333333332
2025-08-11T06:00:00Z,2025-08-11T06:00:00Z,2025-08-11T07:00:00Z,2025-08-11T07:00:00Z,2025-08-11T00:00:00Z,2025-08-11T04:06:13Z,4.1324438476562504,-1.1557763671875001,4.2910268194199315,3.8544189453125002,-1.2251708984375,4.0444516484144151,34.728515625000057,18.412911164981132,79.010295632530728,0,6,0,11,8,223,1,0.21166666666666667
2025-08-11T06:00:00Z,2025-08-11T06:00:00Z,2025-08-11T07:00:00Z,2025-08-11T07:00:00Z,2025-08-11T00:00:00Z,2025-08-11T04:06:13Z,4.1324438476562504,-1.1557763671875001,4.2910268194199315,3.8544189453125002,-1.2251708984375,4.0444516484144151,34.728515625000057,18.412911164981132,79.010295632530728,0,6,0,11,8,223,2,0.22333333333333336
2025-08-11T06:00:00Z,2025-08-11T07:00:00Z,2025-08-11T08:00:00Z,2025-08-11T08:00:00Z,2025-08-11T00:00:00Z,2025-08-11T04:06:13Z,5.0680102539062499,-1.4335302734374999,5.2668526634566764,4.5419335937500005,-1.2543603515624999,4.7119614452589476,36.162646484375045,27.739736978560686,146.10110758912001,1,7,0,12,8,223,1,0.26166666666666666
2025-08-11T06:00:00Z,2025-08-11T07:00:00Z,2025-08-11T08:00:00Z,2025-08-11T08:00:00Z,2025-08-11T00:00:00Z,2025-08-11T04:06:13Z,5.0680102539062499,-1.4335302734374999,5.2668526634566764,4.5419335937500005,-1.2543603515624999,4.7119614452589476,36.162646484375045,27.739736978560686,146.10110758912001,1,7,0,12,8,223,2,0.24333333333333332
2025-08-11T06:00:00Z,2025-08-11T08:00:00Z,2025-08-11T09:00:00Z,2025-08-11T09:00:00Z,2025-08-11T00:00:00Z,2025-08-11T04:06:13Z,6.8767822265624998,-1.0293237304687499,6.9533906213927024,6.1677978515624998,-0.69907958984374996,6.2072894737296647,37.266650390625045,48.349641133671994,336.19394120657768,2,8,0,13,8,223,1,0.42333333333333334
2025-08-11T06:00:00Z,2025-08-11T08:00:00Z,2025-08-11T09:00:00Z,2025-08-11T09:00:00Z,2025-08-11T00:00:00Z,2025-08-11T04:06:13Z,6.8767822265624998,-1.0293237304687499,6.9533906213927024,6.1677978515624998,-0.69907958984374996,6.2072894737296647,37.266650390625045,48.349641133671994,336.19394120657768,2,8,0,13,8,223,2,0.435
2025-08-11T06:00:00Z,2025-08-11T09:00:00Z,2025-08-11T10:00:00Z,2025-08-11T10:00:00Z,2025-08-11T00:00:00Z,2025-08-11T04:06:13Z,8.5279858398437494,-0.076418457031249998,8.5283282221752312,7.4913671874999999,0.23822265625,7.4951539258311746,37.365014648437523,72.732382265150534,620.28562833792057,3,9,0,14,8,223,1,0.54000000000000004
2025-08-11T06:00:00Z,2025-08-11T09:00:00Z,2025-08-11T10:00:00Z,2025-08-11T10:00:00Z,2025-08-11T00:00:00Z,2025-08-11T04:06:13Z,8.5279858398437494,-0.076418457031249998,8.5283282221752312,7.4913671874999999,0.23822265625,7.4951539258311746,37.365014648437523,72.732382265150534,620.28562833792057,3,9,0,14,8,223,2,0.54000000000000004
2025-08-11T06:00:00Z,2025-08-11T10:00:00Z,2025-08-11T11:00:00Z,2025-08-11T11:00:00Z,2025-08-11T00:00:00Z,2025-08-11T04:06:13Z,9.5977636718750006,0.016638183593750001,9.5977780934087438,8.3365429687500008,0.38242431640625002,8.3453098820591354,37.247460937500023,92.117344330316783,884.12182943650453,4,10,0,15,8,223,1,0.40166666666666667
2025-08-11T06:00:00Z,2025-08-11T10:00:00Z,2025-08-11T11:00:00Z,2025-08-11T11:00:00Z,2025-08-11T00:00:00Z,2025-08-11T04:06:13Z,9.5977636718750006,0.016638183593750001,9.5977780934087438,8.3365429687500008,0.38242431640625002,8.3453098820591354,37.247460937500023,92.117344330316783,884.12182943650453,4,10,0,15,8,223,2,0.45000000000000001
2025-08-11T06:00:00Z,2025-08-11T11:00:00Z,2025-08-11T12:00:00Z,2025-08-11T12:00:00Z,2025-08-11T00:00:00Z,2025-08-11T04:06:13Z,10.002045898437499,-0.34117431640625001,10.007863012083332,8.54351806640625,0.085927734374999995,8.5439501711178547,36.751538085937568,100.15732206862566,1002.3607589199164,5,11,0,16,8,223,1,0.33833333333333332
2025-08-11T06:00:00Z,2025-08-11T11:00:00Z,2025-08-11T12:00:00Z,2025-08-11T12:00:00Z,2025-08-11T00:00:00Z,2025-08-11T04:06:13Z,10.002045898437499,-0.34117431640625001,10.007863012083332,8.54351806640625,0.085927734374999995,8.5439501711178547,36.751538085937568,100.15732206862566,1002.3607589199164,5,11,0,16,8,223,2,0.375
2025-08-11T06:00:00Z,2025-08-11T12:00:00Z,2025-08-11T13:00:00Z,2025-08-11T13:00:00Z,2025-08-11T00:00:00Z,2025-08-11T04:06:13Z,9.3579736328125005,-1.3528198242187501,9.4552520849109705,7.7270166015625001,-0.76151611328125002,7.7644505505289603,36.206176757812557,89.401791989213251,845.3164801007855,6,12,0,17,8,223,1,0.40999999999999998
2025-08-11T06:00:00Z,2025-08-11T12:00:00Z,2025-08-11T13:00:00Z,2025-08-11T13:00:00Z,2025-08-11T00:00:00Z,2025-08-11T04:06:13Z,9.3579736328125005,-1.3528198242187501,9.4552520849109705,7.7270166015625001,-0.76151611328125002,7.7644505505289603,36.206176757812557,89.401791989213251,845.3164801007855,6,12,0,17,8,223,2,0.44666666666666671
2025-08-11T06:00:00Z,2025-08-11T13:00:00Z,2025-08-11T14:00:00Z,2025-08-11T14:00:00Z,2025-08-11T00:00:00Z,2025-08-11T04:06:13Z,4.8147680664062502,-5.5550244140625002,7.3512099530700254,3.8438769531250001,-4.0751635742187498,5.6019950185094656,35.202099609375068,54.040287774115804,397.26150135184849,7,13,0,18,8,223,1,0.44833333333333331
2025-08-11T06:00:00Z,2025-08-11T13:00:00Z,2025-08-11T14:00:00Z,2025-08-11T14:00:00Z,2025-08-11T00:00:00Z,2025-08-11T04:06:13Z,4.8147680664062502,-5.5550244140625002,7.3512099530700254,3.8438769531250001,-4.0751635742187498,5.6019950185094656,35.202099609375068,54.040287774115804,397.26150135184849,7,13,0,18,8,223,2,0.48166666666666669
2025-08-11T06:00:00Z,2025-08-11T14:00:00Z,2025-08-11T15:00:00Z,2025-08-11T15:00:00Z,2025-08-11T00:00:00Z,2025-08-11T04:06:13Z,3.1532568359374999,-6.5251000976562503,7.2470656101500959,2.1793383789062499,-3.7763623046874999,4.3600949560804763,31.256616210937523,52.519959957820184,380.61559565677874,8,14,0,19,8,223,1,0.37666666666666665
2025-08-11T06:00:00Z,2025-08-11T14:00:00Z,2025-08-11T15:00:00Z,2025-08-11T15:00:00Z,2025-08-11T00:00:00Z,2025-08-11T04:06:13Z,3.1532568359374999,-6.5251000976562503,7.2470656101500959,2.1793383789062499,-3.7763623046874999,4.3600949560804763,31.256616210937523,52.519959957820184,380.61559565677874,8,14,0,19,8,223,2,0.39333333333333331
2025-08-11T06:00:00Z,2025-08-11T15:00:00Z,2025-08-11T16:00:00Z,2025-08-11T16:00:00Z,2025-08-11T00:00:00Z,2025-08-11T04:06:13Z,2.8020507812500002,-2.081318359375,3.4904691223065099,2.27750732421875,-0.39169677734375002,2.3109448234978545,28.453222656250034,12.183374693775177,42.525693174112781,9,15,0,20,8,223,1,0.63
2025-08-11T06:00:00Z,2025-08-11T15:00:00Z,2025-08-11T16:00:00Z,2025-08-11T16:00:00Z,2025-08-11T00:00:00Z,2025-08-11T04:06:13Z,2.8020507812500002,-2.081318359375,3.4904691223065099,2.27750732421875,-0.39169677734375002,2.3109448234978545,28.453222656250034,12.183374693775177,42.525693174112781,9,15,0,20,8,223,2,0.6333333333333333
2025-08-11T06:00:00Z,2025-08-11T16:00:00Z,2025-08-11T17:00:00Z,2025-08-11T17:00:00Z,2025-08-11T00:00:00Z,2025-08-11T04:06:13Z,3.6706787109375001,2.9563305664062502,4.7131489067074561,2.6694848632812502,2.73992919921875,3.8253576894218946,27.911279296875023,22.213772616797687,104.69681812270805,10,16,0,21,8,223,1,0.45500000000000002
2025-08-11T06:00:00Z,2025-08-11T16:00:00Z,2025-08-11T17:00:00Z,2025-08-11T17:00:00Z,2025-08-11T00:00:00Z,2025-08-11T04:06:13Z,3.6706787109375001,2.9563305664062502,4.7131489067074561,2.6694848632812502,2.73992919921875,3.8253576894218946,27.911279296875023,22.213772616797687,104.69681812270805,10,16,0,21,8,223,2,0.44500000000000001
2025-08-11T06:00:00Z,2025-08-11T17:00:00Z,2025-08-11T18:00:00Z,2025-08-11T18:00:00Z,2025-08-11T00:00:00Z,2025-08-11T04:06:13Z,4.2583959960937499,2.2789013671875002,4.8298372540817915,3.0518481445312502,1.5682348632812499,3.4312006183972388,26.651000976562557,23.327327900916341,112.66719733402735,11,17,0,22,8,223,1,0.21666666666666667
2025-08-11T06:00:00Z,2025-08-11T17:00:00Z,2025-08-11T18:00:00Z,2025-08-11T18:00:00Z,2025-08-11T00:00:00Z,2025-08-11T04:06:13Z,4.2583959960937499,2.2789013671875002,4.8298372540817915,3.0518481445312502,1.5682348632812499,3.4312006183972388,26.651000976562557,23.327327900916341,112.66719733402735,11,17,0,22,8,223,2,0.21666666666666667
2025-08-11T06:00:00Z,2025-08-11T18:00:00Z,2025-08-11T19:00:00Z,2025-08-11T19:00:00Z,2025-08-11T00:00:00Z,2025-08-11T04:06:13Z,4.4994970703124997,0.56666992187499998,4.5350400975193796,3.2993627929687501,0.57496337890625004,3.3490861032093284,25.733642578125057,20.566588686108584,93.270304360690844,12,18,0,23,8,223,1,0.27166666666666667
2025-08-11T06:00:00Z,2025-08-11T18:00:00Z,2025-08-11T19:00:00Z,2025-08-11T19:00:00Z,2025-08-11T00:00:00Z,2025-08-11T04:06:13Z,4.4994970703124997,0.56666992187499998,4.5350400975193796,3.2993627929687501,0.57496337890625004,3.3490861032093284,25.733642578125057,20.566588686108584,93.270304360690844,12,18,0,23,8,223,2,0.26000000000000001
2025-08-11T06:00:00Z,2025-08-11T19:00:00Z,2025-08-11T20:00:00Z,2025-08-11T20:00:00Z,2025-08-11T00:00:00Z,2025-08-11T04:06:13Z,4.0426782226562503,1.0692895507812501,4.1817014904640271,2.6599487304687499,1.37924072265625,2.9962697174579676,24.849487304687557,17.486627355349064,73.123855675052212,13,19,0,0,8,224,1,0.34666666666666668
2025-08-11T06:00:00Z,2025-08-11T19:00:00Z,2025-08-11T20:00:00Z,2025-08-11T20:00:00Z,2025-08-11T00:00:00Z,2025-08-11T04:06:13Z,4.0426782226562503,1.0692895507812501,4.1817014904640271,2.6599487304687499,1.37924072265625,2.9962697174579676,24.849487304687557,17.486627355349064,73.123855675052212,13,19,0,0,8,224,2,0.33333333333333331
2025-08-11T06:00:00Z,2025-08-11T20:00:00Z,2025-08-11T21:00:00Z,2025-08-11T21:00:00Z,2025-08-11T00:00:00Z,2025-08-11T04:06:13Z,5.227255859375,1.0649658203125001,5.3346373839094392,3.3644335937500003,1.31016845703125,3.6105338653103902,23.899975585937511,28.458356017804146,151.81500989718216,14,20,0,1,8,224,1,0.33333333333333331
2025-08-11T06:00:00Z,2025-08-11T20:00:00Z,2025-08-11T21:00:00Z,2025-08-11T21:00:00Z,2025-08-11T00:00:00Z,2025-08-11T04:06:13Z,5.227255859375,1.0649658203125001,5.3346373839094392,3.3644335937500003,1.31016845703125,3.6105338653103902,23.899975585937511,28.458356017804146,151.81500989718216,14,20,0,1,8,224,2,0.32666666666666666
2025-08-11T06:00:00Z,2025-08-11T21:00:00Z,2025-08-11T22:00:00Z,2025-08-11T22:00:00Z,2025-08-11T00:00:00Z,2025-08-11T04:06:13Z,5.4751123046875003,0.95633056640625003,5.5580052987725166,3.00095703125,0.71082763671875004,3.0839940065655083,22.469335937500034,30.891422901183372,171.69469217139985,15,21,0,2,8,224,1,0.10166666666666667
2025-08-11T06:00:00Z,2025-08-11T21:00:00Z,2025-08-11T22:00:00Z,2025-08-11T22:00:00Z,2025-08-11T00:00:00Z,2025-08-11T04:06:13Z,5.4751123046875003,0.95633056640625003,5.5580052987725166,3.00095703125,0.71082763671875004,3.0839940065655083,22.469335937500034,30.891422901183372,171.69469217139985,15,21,0,2,8,224,2,0.098333333333333328
2025-08-11T06:00:00Z,2025-08-11T22:00:00Z,2025-08-11T23:00:00Z,2025-08-11T23:00:00Z,2025-08-11T00:00:00Z,2025-08-11T04:06:13Z,6.1846435546874998,0.94713623046875006,6.2567469932548967,2.9662841796874999,0.72166992187500001,3.0528100679215884,21.969360351562557,39.14688293760419,244.93214211515644,16,22,0,3,8,224,1,0.01
2025-08-11T06:00:00Z,2025-08-11T22:00:00Z,2025-08-11T23:00:00Z,2025-08-11T23:00:00Z,2025-08-11T00:00:00Z,2025-08-11T04:06:13Z,6.1846435546874998,0.94713623046875006,6.2567469932548967,2.9662841796874999,0.72166992187500001,3.0528100679215884,21.969360351562557,39.14688293760419,244.93214211515644,16,22,0,3,8,224,2,0.01
2025-08-11T06:00:00Z,2025-08-11T23:00:00Z,2025-08-12T00:00:00Z,2025-08-12T00:00:00Z,2025-08-11T00:00:00Z,2025-08-11T04:06:13Z,6.0396752929687505,0.98728271484375008,6.1198369915812636,3.19307373046875,0.60072021484375004,3.2490898148145337,21.688671875000011,37.452404803526413,229.20261234029675,17,23,0,4,8,224,1,0.01
2025-08-11T06:00:00Z,2025-08-11T23:00:00Z,2025-08-12T00:00:00Z,2025-08-12T00:00:00Z,2025-08-11T00:00:00Z,2025-08-11T04:06:13Z,6.0396752929687505,0.98728271484375008,6.1198369915812636,3.19307373046875,0.60072021484375004,3.2490898148145337,21.688671875000011,37.452404803526413,229.20261234029675,17,23,0,4,8,224,2,0.0066666666666666671
2025-08-11T06:00:00Z,2025-08-12T00:00:00Z,2025-08-12T01:00:00Z,2025-08-12T01:00:00Z,2025-08-11T00:00:00Z,2025-08-11T04:06:13Z,5.1301147460937502,1.1610864257812501,5.2598668230499923,2.8729174804687498,0.73606933593750001,2.9657128851071173,21.560620117187511,27.666198996222018,145.52052222012719,18,24,0,5,8,224,1,0.01
2025-08-11T06:00:00Z,2025-08-12T00:00:00Z,2025-08-12T01:00:00Z,2025-08-12T01:00:00Z,2025-08-11T00:00:00Z,2025-08-11T04:06:13Z,5.1301147460937502,1.1610864257812501,5.2598668230499923,2.8729174804687498,0.73606933593750001,2.9657128851071173,21.560620117187511,27.666198996222018,145.52052222012719,18,24,0,5,8,224,2,0.01
2025-08-11T06:00:00Z,2025-08-12T01:00:00Z,2025-08-12T02:00:00Z,2025-08-12T02:00:00Z,2025-08-11T00:00:00Z,2025-08-11T04:06:13Z,3.7667919921875002,0.68723144531250002,3.8289697010859443,2.1244555664062501,0.17389892578124999,2.1315609984287041,23.013232421875045,14.661008971834185,56.136559140502285,19,25,0,6,8,224,1,0.01
2025-08-11T06:00:00Z,2025-08-12T01:00:00Z,2025-08-12T02:00:00Z,2025-08-12T02:00:00Z,2025-08-11T00:00:00Z,2025-08-11T04:06:13Z,3.7667919921875002,0.68723144531250002,3.8289697010859443,2.1244555664062501,0.17389892578124999,2.1315609984287041,23.013232421875045,14.661008971834185,56.136559140502285,19,25,0,6,8,224,2,0.01
2025-08-11T06:00:00Z,2025-08-12T02:00:00Z,2025-08-12T03:00:00Z,2025-08-12T03:00:00Z,2025-08-11T00:00:00Z,2025-08-11T04:06:13Z,3.39741943359375,0.080803222656250007,3.3983801977636512,2.8524267578125002,-0.29593261718750002,2.8677368293830896,26.244580078125011,11.548987968552114,39.247852016538161,20,26,0,7,8,224,1,0.01
2025-08-11T06:00:00Z,2025-08-12T02:00:00Z,2025-08-12T03:00:00Z,2025-08-12T03:00:00Z,2025-08-11T00:00:00Z,2025-08-11T04:06:13Z,3.39741943359375,0.080803222656250007,3.3983801977636512,2.8524267578125002,-0.29593261718750002,2.8677368293830896,26.244580078125011,11.548987968552114,39.247852016538161,20,26,0,7,8,224,2,0.01
2025-08-11T06:00:00Z,2025-08-12T03:00:00Z,2025-08-12T04:00:00Z,2025-08-12T04:00:00Z,2025-08-11T00:00:00Z,2025-08-11T04:06:13Z,3.7239599609375,1.0193994140625,3.8609652881185808,3.38688232421875,0.65029052734375004,3.4487460979402957,28.376660156250011,14.907052956056596,57.555614011479996,21,27,0,8,8,224,1,0.01
2025-08-11T06:00:00Z,2025-08-12T03:00:00Z,2025-08-12T04:00:00Z,2025-08-12T04:00:00Z,2025-08-11T00:00:00Z,2025-08-11T04:06:13Z,3.7239599609375,1.0193994140625,3.8609652881185808,3.38688232421875,0.65029052734375004,3.4487460979402957,28.376660156250011,14.907052956056596,57.555614011479996,21,27,0,8,8,224,2,0.01
2025-08-11T06:00:00Z,2025-08-12T04:00:00Z,2025-08-12T05:00:00Z,2025-08-12T05:00:00Z,2025-08-11T00:00:00Z,2025-08-11T04:06:13Z,3.8273364257812501,0.56219726562500005,3.8684066334329721,3.3679321289062503,0.28798095703124998,3.380221864986324,30.917724609375057,14.96456988158822,57.889041396407137,22,28,0,9,8,224,1,0.01
2025-08-11T06:00:00Z,2025-08-12T04:00:00Z,2025-08-12T05:00:00Z,2025-08-12T05:00:00Z,2025-08-11T00:00:00Z,2025-08-11T04:06:13Z,3.8273364257812501,0.56219726562500005,3.8684066334329721,3.3679321289062503,0.28798095703124998,3.380221864986324,30.917724609375057,14.96456988158822,57.889041396407137,22,28,0,9,8,224,2,0.01
2025-08-11T06:00:00Z,2025-08-12T05:00:00Z,2025-08-12T06:00:00Z,2025-08-12T06:00:00Z,2025-08-11T00:00:00Z,2025-08-11T04:06:13Z,3.9234716796875002,0.033803710937500002,3.9236172994040843,3.58066650390625,-0.18866943359374999,3.5856336632970178,32.998999023437534,15.394772712183,60.403196533915157,23,29,0,10,8,224,1,0.0066666666666666671
2025-08-11T06:00:00Z,2025-08-12T05:00:00Z,2025-08-12T06:00:00Z,2025-08-12T06:00:00Z,2025-08-11T00:00:00Z,2025-08-11T04:06:13Z,3.9234716796875002,0.033803710937500002,3.9236172994040843,3.58066650390625,-0.18866943359374999,3.5856336632970178,32.998999023437534,15.394772712183,60.403196533915157,23,29,0,10,8,224,2,0.0050000000000000001
2025-08-11T06:00:00Z,2025-08-12T06:00:00Z,2025-08-12T07:00:00Z,2025-08-12T07:00:00Z,2025-08-11T00:00:00Z,2025-08-11T04:06:13Z,4.8579931640625,-0.7722216796875,4.9189860646943657,4.3173315429687502,-1.077119140625,4.4496670993472831,35.726489257812545,24.196423904657362,119.0218720024472,24,30,0,11,8,224,1,0.01
2025-08-11T06:00:00Z,2025-08-12T06:00:00Z,2025-08-12T07:00:00Z,2025-08-12T07:00:00Z,2025-08-11T00:00:00Z,2025-08-11T04:06:13Z,4.8579931640625,-0.7722216796875,4.9189860646943657,4.3173315429687502,-1.077119140625,4.4496670993472831,35.726489257812545,24.196423904657362,119.0218720024472,24,30,0,11,8,224,2,0.0050000000000000001
2025-08-11T06:00:00Z,2025-08-12T07:00:00Z,2025-08-12T08:00:00Z,2025-08-12T08:00:00Z,2025-08-11T00:00:00Z,2025-08-11T04:06:13Z,6.3665185546875005,-1.4927587890625,6.5391809356756267,5.7441699218749998,-1.4881958007812501,5.9338195820935091,37.413671875000034,42.760887309503566,279.62117908687958,25,31,0,12,8,224,1,0.01
2025-08-11T06:00:00Z,2025-08-12T07:00:00Z,2025-08-12T08:00:00Z,2025-08-12T08:00:00Z,2025-08-11T00:00:00Z,2025-08-11T04:06:13Z,6.3665185546875005,-1.4927587890625,6.5391809356756267,5.7441699218749998,-1.4881958007812501,5.9338195820935091,37.413671875000034,42.760887309503566,279.62117908687958,25,31,0,12,8,224,2,0.01
2025-08-11T06:00:00Z,2025-08-12T08:00:00Z,2025-08-12T09:00:00Z,2025-08-12T09:00:00Z,2025-08-11T00:00:00Z,2025-08-11T04:06:13Z,8.1334912109374997,-1.3609521484375,8.2465671663264946,7.0737475585937499,-0.99172363281249998,7.1429279911384977,38.337890625000057,68.005870028734194,560.81497489642641,26,32,0,13,8,224,1,0.01
2025-08-11T06:00:00Z,2025-08-12T08:00:00Z,2025-08-12T09:00:00Z,2025-08-12T09:00:00Z,2025-08-11T00:00:00Z,2025-08-11T04:06:13Z,8.1334912109374997,-1.3609521484375,8.2465671663264946,7.0737475585937499,-0.99172363281249998,7.1429279911384977,38.337890625000057,68.005870028734194,560.81497489642641,26,32,0,13,8,224,2,0.02
2025-08-11T06:00:00Z,2025-08-12T09:00:00Z,2025-08-12T10:00:00Z,2025-08-12T10:00:00Z,2025-08-11T00:00:00Z,2025-08-11T04:06:13Z,10.5179248046875,-1.6585058593749999,10.647881661750462,8.8260839843749999,-1.0858251953125,8.8926247449229692,38.603955078125068,113.37738388264179,1207.228966701224,27,33,0,14,8,224,1,0.01
2025-08-11T06:00:00Z,2025-08-12T09:00:00Z,2025-08-12T10:00:00Z,2025-08-12T10:00:00Z,2025-08-11T00:00:00Z,2025-08-11T04:06:13Z,10.5179248046875,-1.6585058593749999,10.647881661750462,8.8260839843749999,-1.0858251953125,8.8926247449229692,38.603955078125068,113.37738388264179,1207.228966701224,27,33,0,14,8,224,2,0.025000000000000005
2025-08-11T06:00:00Z,2025-08-12T10:00:00Z,2025-08-12T11:00:00Z,2025-08-12T11:00:00Z,2025-08-11T00:00:00Z,2025-08-11T04:06:13Z,9.5280883789062507,-2.1790478515625002,9.7740839824327015,7.7865234375000005,-1.6234667968750001,7.9539670406214533,38.750781250000045,95.532717695647491,933.74480582729325,28,34,0,15,8,224,1,0.01
2025-08-11T06:00:00Z,2025-08-12T10:00:00Z,2025-08-12T11:00:00Z,2025-08-12T11:00:00Z,2025-08-11T00:00:00Z,2025-08-11T04:06:13Z,9.5280883789062507,-2.1790478515625002,9.7740839824327015,7.7865234375000005,-1.6234667968750001,7.9539670406214533,38.750781250000045,95.532717695647491,933.74480582729325,28,34,0,15,8,224,2,0.21166666666666667
2025-08-11T06:00:00Z,2025-08-12T11:00:00Z,2025-08-12T12:00:00Z,2025-08-12T12:00:00Z,2025-08-11T00:00:00Z,2025-08-11T04:06:13Z,7.5358984375000002,-0.63058349609374997,7.5622351726100634,6.2197534179687501,-0.34872314453125003,6.2295216840352774,38.790722656250068,57.187400805860754,432.4645738042293,29,35,0,16,8,224,1,0.01
2025-08-11T06:00:00Z,2025-08-12T11:00:00Z,2025-08-12T12:00:00Z,2025-08-12T12:00:00Z,2025-08-11T00:00:00Z,2025-08-11T04:06:13Z,7.5358984375000002,-0.63058349609374997,7.5622351726100634,6.2197534179687501,-0.34872314453125003,6.2295216840352774,38.790722656250068,57.187400805860754,432.4645738042293,29,35,0,16,8,224,2,0.056666666666666664
2025-08-11T06:00:00Z,2025-08-12T12:00:00Z,2025-08-12T13:00:00Z,2025-08-12T13:00:00Z,2025-08-11T00:00:00Z,2025-08-11T04:06:13Z,8.2251708984375007,-6.0221972656250005,10.194130478594259,6.6601586914062505,-4.5410839843749997,8.060965050653758,38.552587890625034,103.92029621460441,1059.3770589858423,30,36,0,17,8,224,1,0.01
2025-08-11T06:00:00Z,2025-08-12T12:00:00Z,2025-08-12T13:00:00Z,2025-08-12T13:00:00Z,2025-08-11T00:00:00Z,2025-08-11T04:06:13Z,8.2251708984375007,-6.0221972656250005,10.194130478594259,6.6601586914062505,-4.5410839843749997,8.060965050653758,38.552587890625034,103.92029621460441,1059.3770589858423,30,36,0,17,8,224,2,0.14333333333333334
2025-08-11T06:00:00Z,2025-08-12T13:00:00Z,2025-08-12T14:00:00Z,2025-08-12T14:00:00Z,2025-08-11T00:00:00Z,2025-08-11T04:06:13Z,6.2085205078125005,-3.6571997070312499,7.2056114655897074,4.5479199218749997,-2.4734741210937501,5.1770309873042102,37.251269531250045,51.920836593037855,374.1213754578032,31,37,0,18,8,224,1,0.13999999999999999
2025-08-11T06:00:00Z,2025-08-12T13:00:00Z,2025-08-12T14:00:00Z,2025-08-12T14:00:00Z,2025-08-11T00:00:00Z,2025-08-11T04:06:13Z,6.2085205078125005,-3.6571997070312499,7.2056114655897074,4.5479199218749997,-2.4734741210937501,5.1770309873042102,37.251269531250045,51.920836593037855,374.1213754578032,31,37,0,18,8,224,2,0.18166666666666664
2025-08-11T06:00:00Z,2025-08-12T14:00:00Z,2025-08-12T15:00:00Z,2025-08-12T15:00:00Z,2025-08-11T00:00:00Z,2025-08-11T04:06:13Z,6.5792480468750005,-4.13100341796875,7.7686352792223428,4.8557861328124998,-2.0722509765625001,5.2794775383060779,34.950000000000045,60.351694101578005,468.85029995835384,32,38,0,19,8,224,1,0.42999999999999999
2025-08-11T06:00:00Z,2025-08-12T14:00:00Z,2025-08-12T15:00:00Z,2025-08-12T15:00:00Z,2025-08-11T00:00:00Z,2025-08-11T04:06:13Z,6.5792480468750005,-4.13100341796875,7.7686352792223428,4.8557861328124998,-2.0722509765625001,5.2794775383060779,34.950000000000045,60.351694101578005,468.85029995835384,32,38,0,19,8,224,2,0.47500000000000003
2025-08-11T06:00:00Z,2025-08-12T15:00:00Z,2025-08-12T16:00:00Z,2025-08-12T16:00:00Z,2025-08-11T00:00:00Z,2025-08-11T04:06:13Z,6.3761254882812501,-2.68276123046875,6.9175273083679265,4.7718212890625002,-0.69505371093750001,4.822175657920198,32.650000000000034,47.852184062016008,331.01879001404421,33,39,0,20,8,224,1,0.65000000000000002
2025-08-11T06:00:00Z,2025-08-12T15:00:00Z,2025-08-12T16:00:00Z,2025-08-12T16:00:00Z,2025-08-11T00:00:00Z,2025-08-11T04:06:13Z,6.3761254882812501,-2.68276123046875,6.9175273083679265,4.7718212890625002,-0.69505371093750001,4.822175657920198,32.650000000000034,47.852184062016008,331.01879001404421,33,39,0,20,8,224,2,0.66666666666666663
2025-08-11T06:00:00Z,2025-08-12T16:00:00Z,2025-08-12T17:00:00Z,2025-08-12T17:00:00Z,2025-08-11T00:00:00Z,2025-08-11T04:06:13Z,2.5931372070312499,-2.2567016601562502,3.4375955197553139,2.1434985351562501,-0.14143310546875001,2.1481595130575206,29.851342773437523,11.817062957441806,40.622282679168428,34,40,0,21,8,224,1,0.73166666666666658
2025-08-11T06:00:00Z,2025-08-12T16:00:00Z,2025-08-12T17:00:00Z,2025-08-12T17:00:00Z,2025-08-11T00:00:00Z,2025-08-11T04:06:13Z,2.5931372070312499,-2.2567016601562502,3.4375955197553139,2.1434985351562501,-0.14143310546875001,2.1481595130575206,29.851342773437523,11.817062957441806,40.622282679168428,34,40,0,21,8,224,2,0.7466666666666667
2025-08-11T06:00:00Z,2025-08-12T17:00:00Z,2025-08-12T18:00:00Z,2025-08-12T18:00:00Z,2025-08-11T00:00:00Z,2025-08-11T04:06:13Z,6.3411865234375,1.9731811523437501,6.641091053809606,3.6689184570312499,1.69093017578125,4.0398276576745422,28.451342773437545,44.104090384989981,292.8992800921672,35,41,0,22,8,224,1,0.98999999999999988
2025-08-11T06:00:00Z,2025-08-12T17:00:00Z,2025-08-12T18:00:00Z,2025-08-12T18:00:00Z,2025-08-11T00:00:00Z,2025-08-11T04:06:13Z,6.3411865234375,1.9731811523437501,6.641091053809606,3.6689184570312499,1.69093017578125,4.0398276576745422,28.451342773437545,44.104090384989981,292.8992800921672,35,41,0,22,8,224,2,0.96666666666666667
2025-08-11T06:00:00Z,2025-08-12T18:00:00Z,2025-08-12T19:00:00Z,2025-08-12T19:00:00Z,2025-08-11T00:00:00Z,2025-08-11T04:06:13Z,7.9357788085937502,2.6036206054687501,8.351971357478849,4.12929443359375,2.1897631835937501,4.6739849507172107,26.351293945312534,69.755425556147088,582.59531627368858,36,42,0,23,8,224,1,0.53666666666666663
2025-08-11T06:00:00Z,2025-08-12T18:00:00Z,2025-08-12T19:00:00Z,2025-08-12T19:00:00Z,2025-08-11T00:00:00Z,2025-08-11T04:06:13Z,7.9357788085937502,2.6036206054687501,8.351971357478849,4.12929443359375,2.1897631835937501,4.6739849507172107,26.351293945312534,69.755425556147088,582.59531627368858,36,42,0,23,8,224,2,0.52000000000000002
2025-08-11T06:00:00Z,2025-08-12T19:00:00Z,2025-08-12T20:00:00Z,2025-08-12T20:00:00Z,2025-08-11T00:00:00Z,2025-08-11T04:06:13Z,8.5344531250000006,3.2371191406249999,9.1277505702896491,4.8643505859375002,2.5900732421875001,5.5109333168535226,25.816796875000023,83.31583047342302,760.48611911794274,37,43,0,0,8,225,1,0.96833333333333327
2025-08-11T06:00:00Z,2025-08-12T19:00:00Z,2025-08-12T20:00:00Z,2025-08-12T20:00:00Z,2025-08-11T00:00:00Z,2025-08-11T04:06:13Z,8.5344531250000006,3.2371191406249999,9.1277505702896491,4.8643505859375002,2.5900732421875001,5.5109333168535226,25.816796875000023,83.31583047342302,760.48611911794274,37,43,0,0,8,225,2,0.93499999999999994
2025-08-11T06:00:00Z,2025-08-12T20:00:00Z,2025-08-12T21:00:00Z,2025-08-12T21:00:00Z,2025-08-11T00:00:00Z,2025-08-11T04:06:13Z,8.9959619140624998,2.9394384765625001,9.4640176097025037,5.34613037109375,2.03426025390625,5.7200808320646761,25.372241210937545,89.567629316759096,847.66962111311432,38,44,0,1,8,225,1,0.98999999999999988
2025-08-11T06:00:00Z,2025-08-12T20:00:00Z,2025-08-12T21:00:00Z,2025-08-12T21:00:00Z,2025-08-11T00:00:00Z,2025-08-11T04:06:13Z,8.9959619140624998,2.9394384765625001,9.4640176097025037,5.34613037109375,2.03426025390625,5.7200808320646761,25.372241210937545,89.567629316759096,847.66962111311432,38,44,0,1,8,225,2,0.97000000000000008
2025-08-11T06:00:00Z,2025-08-12T21:00:00Z,2025-08-12T22:00:00Z,2025-08-12T22:00:00Z,2025-08-11T00:00:00Z,2025-08-11T04:06:13Z,8.4827807617187503,2.6714794921875002,8.8935016797976782,4.9012768554687502,1.71409912109375,5.1923646454084871,24.619287109375023,79.094372128564132,703.42593138792779,39,45,0,2,8,225,1,0.98833333333333329
2025-08-11T06:00:00Z,2025-08-12T21:00:00Z,2025-08-12T22:00:00Z,2025-08-12T22:00:00Z,2025-08-11T00:00:00Z,2025-08-11T04:06:13Z,8.4827807617187503,2.6714794921875002,8.8935016797976782,4.9012768554687502,1.71409912109375,5.1923646454084871,24.619287109375023,79.094372128564132,703.42593138792779,39,45,0,2,8,225,2,0.97000000000000008
2025-08-11T06:00:00Z,2025-08-12T22:00:00Z,2025-08-12T23:00:00Z,2025-08-12T23:00:00Z,2025-08-11T00:00:00Z,2025-08-11T04:06:13Z,8.0702832031249994,2.2128759765625001,8.3681713095687122,4.1969384765625,1.3943359375,4.4224953683022399,23.924145507812511,70.026291066288934,585.99199981642687,40,46,0,3,8,225,1,0.84166666666666667
2025-08-11T06:00:00Z,2025-08-12T22:00:00Z,2025-08-12T23:00:00Z,2025-08-12T23:00:00Z,2025-08-11T00:00:00Z,2025-08-11T04:06:13Z,8.0702832031249994,2.2128759765625001,8.3681713095687122,4.1969384765625,1.3943359375,4.4224953683022399,23.924145507812511,70.026291066288934,585.99199981642687,40,46,0,3,8,225,2,0.83166666666666667
2025-08-11T06:00:00Z,2025-08-12T23:00:00Z,2025-08-13T00:00:00Z,2025-08-13T00:00:00Z,2025-08-11T00:00:00Z,2025-08-11T04:06:13Z,7.4043994140625005,1.1145776367187501,7.487817705529606,3.6815234375000001,0.88190429687500005,3.7856795968106449,23.086889648437534,56.067413991242653,419.8225751868851,41,47,0,4,8,225,1,0.97333333333333327
2025-08-11T06:00:00Z,2025-08-12T23:00:00Z,2025-08-13T00:00:00Z,2025-08-13T00:00:00Z,2025-08-11T00:00:00Z,2025-08-11T04:06:13Z,7.4043994140625005,1.1145776367187501,7.487817705529606,3.6815234375000001,0.88190429687500005,3.7856795968106449,23.086889648437534,56.067413991242653,419.8225751868851,41,47,0,4,8,225,2,0.95333333333333325
2025-08-11T06:00:00Z,2025-08-13T00:00:00Z,2025-08-13T01:00:00Z,2025-08-13T01:00:00Z,2025-08-11T00:00:00Z,2025-08-11T04:06:13Z,7.2009130859375006,0.75839355468750003,7.2407396069060157,3.54622314453125,0.45169433593750002,3.5748743144238126,22.489477539062534,52.428310055017484,379.61974113851403,42,48,0,5,8,225,1,0.97833333333333339
2025-08-11T06:00:00Z,2025-08-13T00:00:00Z,2025-08-13T01:00:00Z,2025-08-13T01:00:00Z,2025-08-11T00:00:00Z,2025-08-11T04:06:13Z,7.2009130859375006,0.75839355468750003,7.2407396069060157,3.54622314453125,0.45169433593750002,3.5748743144238126,22.489477539062534,52.428310055017484,379.61974113851403,42,48,0,5,8,225,2,0.95666666666666667
2025-08-11T06:00:00Z,2025-08-13T01:00:00Z,2025-08-13T02:00:00Z,2025-08-13T02:00:00Z,2025-08-11T00:00:00Z,2025-08-11T04:06:13Z,6.5745483398437505,0.30726806640624998,6.5817246628505552,3.67083740234375,0.15163330078125001,3.6739678676264478,23.789501953125011,43.319099537575255,285.11438579893712,43,49,0,6,8,225,1,0.96333333333333337
2025-08-11T06:00:00Z,2025-08-13T01:00:00Z,2025-08-13T02:00:00Z,2025-08-13T02:00:00Z,2025-08-11T00:00:00Z,2025-08-11T04:06:13Z,6.5745483398437505,0.30726806640624998,6.5817246628505552,3.67083740234375,0.15163330078125001,3.6739678676264478,23.789501953125011,43.319099537575255,285.11438579893712,43,49,0,6,8,225,2,0.93166666666666664
2025-08-11T06:00:00Z,2025-08-13T02:00:00Z,2025-08-13T03:00:00Z,2025-08-13T03:00:00Z,2025-08-11T00:00:00Z,2025-08-11T04:06:13Z,6.3767797851562502,0.43403808593749998,6.3915342045882602,5.1335351562499998,0.12221679687500001,5.1349897902423427,26.305249023437511,40.851709488421683,261.10509851114995,44,50,0,7,8,225,1,0.65500000000000003
2025-08-11T06:00:00Z,2025-08-13T02:00:00Z,2025-08-13T03:00:00Z,2025-08-13T03:00:00Z,2025-08-11T00:00:00Z,2025-08-11T04:06:13Z,6.3767797851562502,0.43403808593749998,6.3915342045882602,5.1335351562499998,0.12221679687500001,5.1349897902423427,26.305249023437511,40.851709488421683,261.10509851114995,44,50,0,7,8,225,2,0.59500000000000008
2025-08-11T06:00:00Z,2025-08-13T03:00:00Z,2025-08-13T04:00:00Z,2025-08-13T04:00:00Z,2025-08-11T00:00:00Z,2025-08-11T04:06:13Z,5.8018798828125,0.46676757812500003,5.820625580345558,4.85589599609375,0.087802734374999997,4.8566897414847325,29.086621093750011,33.879682146573067,197.20094455631991,45,51,0,8,8,225,1,0.28833333333333333
2025-08-11T06:00:00Z,2025-08-13T03:00:00Z,2025-08-13T04:00:00Z,2025-08-13T04:00:00Z,2025-08-11T00:00:00Z,2025-08-11T04:06:13Z,5.8018798828125,0.46676757812500003,5.820625580345558,4.85589599609375,0.087802734374999997,4.8566897414847325,29.086621093750011,33.879682146573067,197.20094455631991,45,51,0,8,8,225,2,0.3666666666666667
2025-08-11T06:00:00Z,2025-08-13T04:00:00Z,2025-08-13T05:00:00Z,2025-08-13T05:00:00Z,2025-08-11T00:00:00Z,2025-08-11T04:06:13Z,5.5741259765624998,-0.21238281250000002,5.5781705658427345,4.8923901367187499,-0.4666748046875,4.9145973002060934,31.666210937500011,31.115986861634251,173.57028203871744,46,52,0,9,8,225,1,0.27499999999999997
2025-08-11T06:00:00Z,2025-08-13T04:00:00Z,2025-08-13T05:00:00Z,2025-08-13T05:00:00Z,2025-08-11T00:00:00Z,2025-08-11T04:06:13Z,5.5741259765624998,-0.21238281250000002,5.5781705658427345,4.8923901367187499,-0.4666748046875,4.9145973002060934,31.666210937500011,31.115986861634251,173.57028203871744,46,52,0,9,8,225,2,0.28333333333333333
2025-08-11T06:00:00Z,2025-08-13T05:00:00Z,2025-08-13T06:00:00Z,2025-08-13T06:00:00Z,2025-08-11T00:00:00Z,2025-08-11T04:06:13Z,5.3358740234375004,-0.17112792968750001,5.3386174579486614,4.9085864257812499,-0.42005859374999999,4.9265271664273991,34.004565429687545,28.500836362314228,152.15506256998876,47,53,0,10,8,225,1,0.23999999999999999
2025-08-11T06:00:00Z,2025-08-13T05:00:00Z,2025-08-13T06:00:00Z,2025-08-13T06:00:00Z,2025-08-11T00:00:00Z,2025-08-11T04:06:13Z,5.3358740234375004,-0.17112792968750001,5.3386174579486614,4.9085864257812499,-0.42005859374999999,4.9265271664273991,34.004565429687545,28.500836362314228,152.15506256998876,47,53,0,10,8,225,2,0.28499999999999998
2025-08-18T06:00:00Z,2025-08-18T06:00:00Z,2025-08-18T07:00:00Z,2025-08-18T07:00:00Z,2025-08-18T00:00:00Z,2025-08-18T04:03:27Z,0.69468750000000001,0.30045898437500002,0.75687933248828143,0.82332519531250004,0.1028857421875,0.82972878290549801,23.201342773437545,0.57286632394790649,0.43359068087470704,0,6,0,11,8,230,1,0.011666666666666667
2025-08-18T06:00:00Z,2025-08-18T06:00:00Z,2025-08-18T07:00:00Z,2025-08-18T07:00:00Z,2025-08-18T00:00:00Z,2025-08-18T04:03:27Z,0.69468750000000001,0.30045898437500002,0.75687933248828143,0.82332519531250004,0.1028857421875,0.82972878290549801,23.201342773437545,0.57286632394790649,0.43359068087470704,0,6,0,11,8,230,2,0.0083333333333333332
2025-08-18T06:00:00Z,2025-08-18T07:00:00Z,2025-08-18T08:00:00Z,2025-08-18T08:00:00Z,2025-08-18T00:00:00Z,2025-08-18T04:03:27Z,1.2763916015625001,1.8015045166015626,2.2078482837086235,1.1468066406249999,1.68525146484375,2.0384400826954918,24.579394531250045,4.8745940438751143,10.762364093545949,1,7,0,12,8,230,1,0.41666666666666669
2025-08-18T06:00:00Z,2025-08-18T07:00:00Z,2025-08-18T08:00:00Z,2025-08-18T08:00:00Z,2025-08-18T00:00:00Z,2025-08-18T04:03:27Z,1.2763916015625001,1.8015045166015626,2.2078482837086235,1.1468066406249999,1.68525146484375,2.0384400826954918,24.579394531250045,4.8745940438751143,10.762364093545949,1,7,0,12,8,230,2,0.40166666666666667
2025-08-18T06:00:00Z,2025-08-18T08:00:00Z,2025-08-18T09:00:00Z,2025-08-18T09:00:00Z,2025-08-18T00:00:00Z,2025-08-18T04:03:27Z,0.58722167968750005,3.1125048828124999,3.1674147102371459,0.30727539062500003,3.1075146484375002,3.122669604030722,26.521264648437523,10.032515946626663,31.777138590034038,2,8,0,13,8,230,1,0.27999999999999997
2025-08-18T06:00:00Z,2025-08-18T08:00:00Z,2025-08-18T09:00:00Z,2025-08-18T09:00:00Z,2025-08-18T00:00:00Z,2025-08-18T04:03:27Z,0.58722167968750005,3.1125048828124999,3.1674147102371459,0.30727539062500003,3.1075146484375002,3.122669604030722,26.521264648437523,10.032515946626663,31.777138590034038,2,8,0,13,8,230,2,0.33333333333333331
2025-08-18T06:00:00Z,2025-08-18T09:00:00Z,2025-08-18T10:00:00Z,2025-08-18T10:00:00Z,2025-08-18T00:00:00Z,2025-08-18T04:03:27Z,0.060903320312500002,3.2085546874999999,3.2091326549557451,-0.43498535156250001,3.3303735351562502,3.3586604680650725,27.981958007812523,10.298532397103308,33.049356613663896,3,9,0,14,8,230,1,0.041666666666666664
2025-08-18T06:00:00Z,2025-08-18T09:00:00Z,2025-08-18T10:00:00Z,2025-08-18T10:00:00Z,2025-08-18T00:00:00Z,2025-08-18T04:03:27Z,0.060903320312500002,3.2085546874999999,3.2091326549557451,-0.43498535156250001,3.3303735351562502,3.3586604680650725,27.981958007812523,10.298532397103308,33.049356613663896,3,9,0,14,8,230,2,0.055
2025-08-18T06:00:00Z,2025-08-18T10:00:00Z,2025-08-18T11:00:00Z,2025-08-18T11:00:00Z,2025-08-18T00:00:00Z,2025-08-18T04:03:27Z,3.3207373046874999,0.56983886718749999,3.3692747856624479,2.6879833984374999,0.84050537109375001,2.8163281110540108,28.774243164062511,11.352012581300734,38.248049756699444,4,10,0,15,8,230,1,0.17833333333333334
2025-08-18T06:00:00Z,2025-08-18T10:00:00Z,2025-08-18T11:00:00Z,2025-08-18T11:00:00Z,2025-08-18T00:00:00Z,2025-08-18T04:03:27Z,3.3207373046874999,0.56983886718749999,3.3692747856624479,2.6879833984374999,0.84050537109375001,2.8163281110540108,28.774243164062511,11.352012581300734,38.248049756699444,4,10,0,15,8,230,2,0.19166666666666665
2025-08-18T06:00:00Z,2025-08-18T11:00:00Z,2025-08-18T12:00:00Z,2025-08-18T12:00:00Z,2025-08-18T00:00:00Z,2025-08-18T04:03:27Z,6.6957812500000005,-1.25407958984375,6.8122097857827484,5.4718994140625004,-0.49668945312500001,5.4943956547069988,27.185205078125023,46.406202165514237,316.12878451292863,5,11,0,16,8,230,1,0.081666666666666665
2025-08-18T06:00:00Z,2025-08-18T11:00:00Z,2025-08-18T12:00:00Z,2025-08-18T12:00:00Z,2025-08-18T00:00:00Z,2025-08-18T04:03:27Z,6.6957812500000005,-1.25407958984375,6.8122097857827484,5.4718994140625004,-0.49668945312500001,5.4943956547069988,27.185205078125023,46.406202165514237,316.12878451292863,5,11,0,16,8,230,2,0.08666666666666667
2025-08-18T06:00:00Z,2025-08-18T12:00:00Z,2025-08-18T13:00:00Z,2025-08-18T13:00:00Z,2025-08-18T00:00:00Z,2025-08-18T04:03:27Z,8.3500048828125006,6.5150854492187502,10.590982955024264,5.9092041015625005,4.9330957031249998,7.6976701884475025,23.759765625000057,112.16891995361451,1187.9791193122123,6,12,0,17,8,230,1,0.024999999999999998
2025-08-18T06:00:00Z,2025-08-18T12:00:00Z,2025-08-18T13:00:00Z,2025-08-18T13:00:00Z,2025-08-18T00:00:00Z,2025-08-18T04:03:27Z,8.3500048828125006,6.5150854492187502,10.590982955024264,5.9092041015625005,4.9330957031249998,7.6976701884475025,23.759765625000057,112.16891995361451,1187.9791193122123,6,12,0,17,8,230,2,0.021666666666666667
2025-08-18T06:00:00Z,2025-08-18T13:00:00Z,2025-08-18T14:00:00Z,2025-08-18T14:00:00Z,2025-08-18T00:00:00Z,2025-08-18T04:03:27Z,2.2121337890624999,5.1938183593750002,5.645288748230052,1.4153808593750001,4.0186645507812502,4.2606299708835289,24.882592773437523,31.869285050892827,179.91131631194148,7,13,0,18,8,230,1,0.014999999999999999
2025-08-18T06:00:00Z,2025-08-18T13:00:00Z,2025-08-18T14:00:00Z,2025-08-18T14:00:00Z,2025-08-18T00:00:00Z,2025-08-18T04:03:27Z,2.2121337890624999,5.1938183593750002,5.645288748230052,1.4153808593750001,4.0186645507812502,4.2606299708835289,24.882592773437523,31.869285050892827,179.91131631194148,7,13,0,18,8,230,2,0.01
2025-08-18T06:00:00Z,2025-08-18T14:00:00Z,2025-08-18T15:00:00Z,2025-08-18T15:00:00Z,2025-08-18T00:00:00Z,2025-08-18T04:03:27Z,0.061459960937500002,5.6279760742187497,5.6283116490451315,-0.7041015625,3.8038598632812501,3.8684762982079897,21.592602539062511,31.677892018777126,178.29304866647709,8,14,0,19,8,230,1,0.18166666666666667
2025-08-18T06:00:00Z,2025-08-18T14:00:00Z,2025-08-18T15:00:00Z,2025-08-18T15:00:00Z,2025-08-18T00:00:00Z,2025-08-18T04:03:27Z,0.061459960937500002,5.6279760742187497,5.6283116490451315,-0.7041015625,3.8038598632812501,3.8684762982079897,21.592602539062511,31.677892018777126,178.29304866647709,8,14,0,19,8,230,2,0.18000000000000002
2025-08-18T06:00:00Z,2025-08-18T15:00:00Z,2025-08-18T16:00:00Z,2025-08-18T16:00:00Z,2025-08-18T00:00:00Z,2025-08-18T04:03:27Z,-0.32024414062500001,4.3755468750000004,4.3872504789363136,-0.71247558593750004,2.6651953124999999,2.7587837019833499,19.519262695312534,19.247966764926915,84.445651407975859,9,15,0,20,8,230,1,0.18833333333333332
2025-08-18T06:00:00Z,2025-08-18T15:00:00Z,2025-08-18T16:00:00Z,2025-08-18T16:00:00Z,2025-08-18T00:00:00Z,2025-08-18T04:03:27Z,-0.32024414062500001,4.3755468750000004,4.3872504789363136,-0.71247558593750004,2.6651953124999999,2.7587837019833499,19.519262695312534,19.247966764926915,84.445651407975859,9,15,0,20,8,230,2,0.18166666666666667
2025-08-18T06:00:00Z,2025-08-18T16:00:00Z,2025-08-18T17:00:00Z,2025-08-18T17:00:00Z,2025-08-18T00:00:00Z,2025-08-18T04:03:27Z,-1.1559716796874999,3.2265771484374999,3.4273999794390217,-1.131640625,2.1675854492187501,2.4452069817942288,19.685009765625011,11.747070619058606,40.261909598230204,10,16,0,21,8,230,1,0.21166666666666667
2025-08-18T06:00:00Z,2025-08-18T16:00:00Z,2025-08-18T17:00:00Z,2025-08-18T17:00:00Z,2025-08-18T00:00:00Z,2025-08-18T04:03:27Z,-1.1559716796874999,3.2265771484374999,3.4273999794390217,-1.131640625,2.1675854492187501,2.4452069817942288,19.685009765625011,11.747070619058606,40.261909598230204,10,16,0,21,8,230,2,0.19499999999999998
2025-08-18T06:00:00Z,2025-08-18T17:00:00Z,2025-08-18T18:00:00Z,2025-08-18T18:00:00Z,2025-08-18T00:00:00Z,2025-08-18T04:03:27Z,-2.1577490234374999,2.6743408203125001,3.4362740972360193,-1.730673828125,1.7035791015625001,2.4284591111726255,19.775292968750023,11.80797967133522,40.575454685298702,11,17,0,22,8,230,1,0.45999999999999996
2025-08-18T06:00:00Z,2025-08-18T17:00:00Z,2025-08-18T18:00:00Z,2025-08-18T18:00:00Z,2025-08-18T00:00:00Z,2025-08-18T04:03:27Z,-2.1577490234374999,2.6743408203125001,3.4362740972360193,-1.730673828125,1.7035791015625001,2.4284591111726255,19.775292968750023,11.80797967133522,40.575454685298702,11,17,0,22,8,230,2,0.38833333333333336
2025-08-18T06:00:00Z,2025-08-18T18:00:00Z,2025-08-18T19:00:00Z,2025-08-18T19:00:00Z,2025-08-18T00:00:00Z,2025-08-18T04:03:27Z,-2.5962451171874998,1.4781298828125,2.9875335410641384,-2.0990673828125002,0.66616210937499998,2.2022388230058674,19.613452148437545,8.9253566589832296,26.664802384672555,12,18,0,23,8,230,1,0.72000000000000008
2025-08-18T06:00:00Z,2025-08-18T18:00:00Z,2025-08-18T19:00:00Z,2025-08-18T19:00:00Z,2025-08-18T00:00:00Z,2025-08-18T04:03:27Z,-2.5962451171874998,1.4781298828125,2.9875335410641384,-2.0990673828125002,0.66616210937499998,2.2022388230058674,19.613452148437545,8.9253566589832296,26.664802384672555,12,18,0,23,8,230,2,0.69666666666666666
2025-08-18T06:00:00Z,2025-08-18T19:00:00Z,2025-08-18T20:00:00Z,2025-08-18T20:00:00Z,2025-08-18T00:00:00Z,2025-08-18T04:03:27Z,-3.7271240234375003,0.0045849609375000003,3.727126843555467,-2.9061767578125002,-0.27494140625000002,2.9191533232292377,19.835205078125057,13.891474507951738,51.775287535153396,13,19,0,0,8,231,1,0.31666666666666665
2025-08-18T06:00:00Z,2025-08-18T19:00:00Z,2025-08-18T20:00:00Z,2025-08-18T20:00:00Z,2025-08-18T00:00:00Z,2025-08-18T04:03:27Z,-3.7271240234375003,0.0045849609375000003,3.727126843555467,-2.9061767578125002,-0.27494140625000002,2.9191533232292377,19.835205078125057,13.891474507951738,51.775287535153396,13,19,0,0,8,231,2,0.27333333333333337
2025-08-18T06:00:00Z,2025-08-18T20:00:00Z,2025-08-18T21:00:00Z,2025-08-18T21:00:00Z,2025-08-18T00:00:00Z,2025-08-18T04:03:27Z,-3.8924926757812504,-0.55916748046874998,3.9324505721273151,-2.9333007812500003,-0.44960937500000003,2.9675582662131088,19.626684570312534,15.464167502224448,60.812074341595164,14,20,0,1,8,231,1,0.29166666666666669
2025-08-18T06:00:00Z,2025-08-18T20:00:00Z,2025-08-18T21:00:00Z,2025-08-18T21:00:00Z,2025-08-18T00:00:00Z,2025-08-18T04:03:27Z,-3.8924926757812504,-0.55916748046874998,3.9324505721273151,-2.9333007812500003,-0.44960937500000003,2.9675582662131088,19.626684570312534,15.464167502224448,60.812074341595164,14,20,0,1,8,231,2,0.27000000000000002
2025-08-18T06:00:00Z,2025-08-18T21:00:00Z,2025-08-18T22:00:00Z,2025-08-18T22:00:00Z,2025-08-18T00:00:00Z,2025-08-18T04:03:27Z,-3.9094177246093751,-0.4273834228515625,3.9327094395109157,-2.9266601562500001,-0.18881835937499999,2.9327447967762796,19.448608398437557,15.466203535618261,60.824084637923036,15,21,0,2,8,231,1,0.5116666666666666
2025-08-18T06:00:00Z,2025-08-18T21:00:00Z,2025-08-18T22:00:00Z,2025-08-18T22:00:00Z,2025-08-18T00:00:00Z,2025-08-18T04:03:27Z,-3.9094177246093751,-0.4273834228515625,3.9327094395109157,-2.9266601562500001,-0.18881835937499999,2.9327447967762796,19.448608398437557,15.466203535618261,60.824084637923036,15,21,0,2,8,231,2,0.54999999999999993
2025-08-18T06:00:00Z,2025-08-18T22:00:00Z,2025-08-18T23:00:00Z,2025-08-18T23:00:00Z,2025-08-18T00:00:00Z,2025-08-18T04:03:27Z,-5.2328759765625001,-0.98213378906250004,5.3242443375283974,-3.8024169921875002,-0.65482910156249996,3.8583903554110988,19.495092773437534,28.347577765703203,150.92943040169118,16,22,0,3,8,231,1,0.48999999999999999
2025-08-18T06:00:00Z,2025-08-18T22:00:00Z,2025-08-18T23:00:00Z,2025-08-18T23:00:00Z,2025-08-18T00:00:00Z,2025-08-18T04:03:27Z,-5.2328759765625001,-0.98213378906250004,5.3242443375283974,-3.8024169921875002,-0.65482910156249996,3.8583903554110988,19.495092773437534,28.347577765703203,150.92943040169118,16,22,0,3,8,231,2,0.48166666666666669
2025-08-18T06:00:00Z,2025-08-18T23:00:00Z,2025-08-19T00:00:00Z,2025-08-19T00:00:00Z,2025-08-18T00:00:00Z,2025-08-18T04:03:27Z,-8.1694763183593757,-1.9689575195312501,8.4034003254607192,-5.3523925781250004,-1.2300170898437501,5.4919075330594627,18.413378906250045,70.617137029953327,593.42407230061394,17,23,0,4,8,231,1,0.46833333333333332
2025-08-18T06:00:00Z,2025-08-18T23:00:00Z,2025-08-19T00:00:00Z,2025-08-19T00:00:00Z,2025-08-18T00:00:00Z,2025-08-18T04:03:27Z,-8.1694763183593757,-1.9689575195312501,8.4034003254607192,-5.3523925781250004,-1.2300170898437501,5.4919075330594627,18.413378906250045,70.617137029953327,593.42407230061394,17,23,0,4,8,231,2,0.52666666666666673
2025-08-18T06:00:00Z,2025-08-19T00:00:00Z,2025-08-19T01:00:00Z,2025-08-19T01:00:00Z,2025-08-18T00:00:00Z,2025-08-18T04:03:27Z,-8.8208691406249997,-2.5146386718750002,9.1723028758387439,-5.8828613281250002,-1.5160009765625,6.0750569023579599,17.134765625000057,84.131140046119697,771.67629779261586,18,24,0,5,8,231,1,0.51500000000000001
2025-08-18T06:00:00Z,2025-08-19T00:00:00Z,2025-08-19T01:00:00Z,2025-08-19T01:00:00Z,2025-08-18T00:00:00Z,2025-08-18T04:03:27Z,-8.8208691406249997,-2.5146386718750002,9.1723028758387439,-5.8828613281250002,-1.5160009765625,6.0750569023579599,17.134765625000057,84.131140046119697,771.67629779261586,18,24,0,5,8,231,2,0.55333333333333334
2025-08-18T06:00:00Z,2025-08-19T01:00:00Z,2025-08-19T02:00:00Z,2025-08-19T02:00:00Z,2025-08-18T00:00:00Z,2025-08-18T04:03:27Z,-7.910927734375,-4.5969580078124999,9.1495792550310764,-5.4286962890624997,-3.6197436523437503,6.5248208793470974,17.863745117187534,83.714800544095027,765.95520239731616,19,25,0,6,8,231,1,0.3833333333333333
2025-08-18T06:00:00Z,2025-08-19T01:00:00Z,2025-08-19T02:00:00Z,2025-08-19T02:00:00Z,2025-08-18T00:00:00Z,2025-08-18T04:03:27Z,-7.910927734375,-4.5969580078124999,9.1495792550310764,-5.4286962890624997,-3.6197436523437503,6.5248208793470974,17.863745117187534,83.714800544095027,765.95520239731616,19,25,0,6,8,231,2,0.46333333333333337
2025-08-18T06:00:00Z,2025-08-19T02:00:00Z,2025-08-19T03:00:00Z,2025-08-19T03:00:00Z,2025-08-18T00:00:00Z,2025-08-18T04:03:27Z,-10.3803369140625,-4.2206445312500005,11.205589440480992,-8.0827148437500007,-3.7688500976562502,8.9182122818410257,19.884106445312511,125.56523470861912,1407.0324681424197,20,26,0,7,8,231,1,0.58666666666666667
2025-08-18T06:00:00Z,2025-08-19T02:00:00Z,2025-08-19T03:00:00Z,2025-08-19T03:00:00Z,2025-08-18T00:00:00Z,2025-08-18T04:03:27Z,-10.3803369140625,-4.2206445312500005,11.205589440480992,-8.0827148437500007,-3.7688500976562502,8.9182122818410257,19.884106445312511,125.56523470861912,1407.0324681424197,20,26,0,7,8,231,2,0.61833333333333329
2025-08-18T06:00:00Z,2025-08-19T03:00:00Z,2025-08-19T04:00:00Z,2025-08-19T04:00:00Z,2025-08-18T00:00:00Z,2025-08-18T04:03:27Z,-10.725556640624999,-3.8238208007812502,11.386798091111583,-8.4713281249999994,-3.47383544921875,9.1559233794120871,21.940185546875057,129.65917076774238,1476.4027981932397,21,27,0,8,8,231,1,0.95166666666666666
2025-08-18T06:00:00Z,2025-08-19T03:00:00Z,2025-08-19T04:00:00Z,2025-08-19T04:00:00Z,2025-08-18T00:00:00Z,2025-08-18T04:03:27Z,-10.725556640624999,-3.8238208007812502,11.386798091111583,-8.4713281249999994,-3.47383544921875,9.1559233794120871,21.940185546875057,129.65917076774238,1476.4027981932397,21,27,0,8,8,231,2,0.95166666666666666
2025-08-18T06:00:00Z,2025-08-19T04:00:00Z,2025-08-19T05:00:00Z,2025-08-19T05:00:00Z,2025-08-18T00:00:00Z,2025-08-18T04:03:27Z,-10.516074218750001,-3.8006445312500001,11.181802888048912,-8.6203710937500002,-3.6355419921875001,9.3556380525819414,23.996777343750011,125.03271582717899,1398.0911829369488,22,28,0,9,8,231,1,0.97666666666666657
2025-08-18T06:00:00Z,2025-08-19T04:00:00Z,2025-08-19T05:00:00Z,2025-08-19T05:00:00Z,2025-08-18T00:00:00Z,2025-08-18T04:03:27Z,-10.516074218750001,-3.8006445312500001,11.181802888048912,-8.6203710937500002,-3.6355419921875001,9.3556380525819414,23.996777343750011,125.03271582717899,1398.0911829369488,22,28,0,9,8,231,2,0.96666666666666667
2025-08-18T06:00:00Z,2025-08-19T05:00:00Z,2025-08-19T06:00:00Z,2025-08-19T06:00:00Z,2025-08-18T00:00:00Z,2025-08-18T04:03:27Z,-9.837895507812501,-3.3616210937500002,10.396378427153483,-8.3168505859374999,-3.2616284179687502,8.933544851049346,25.950000000000045,108.08468440058232,1123.6892812079066,23,29,0,10,8,231,1,0.89666666666666661
2025-08-18T06:00:00Z,2025-08-19T05:00:00Z,2025-08-19T06:00:00Z,2025-08-19T06:00:00Z,2025-08-18T00:00:00Z,2025-08-18T04:03:27Z,-9.837895507812501,-3.3616210937500002,10.396378427153483,-8.3168505859374999,-3.2616284179687502,8.933544851049346,25.950000000000045,108.08468440058232,1123.6892812079066,23,29,0,10,8,231,2,0.91999999999999993
2025-08-18T06:00:00Z,2025-08-19T06:00:00Z,2025-08-19T07:00:00Z,2025-08-19T07:00:00Z,2025-08-18T00:00:00Z,2025-08-18T04:03:27Z,-8.6140771484375005,-3.148701171875,9.1715126445423465,-7.4347460937500003,-2.9544555664062502,8.0002660688504452,27.850000000000023,84.116644189000141,771.47686579588424,24,30,0,11,8,231,1,0.74833333333333341
2025-08-18T06:00:00Z,2025-08-19T06:00:00Z,2025-08-19T07:00:00Z,2025-08-19T07:00:00Z,2025-08-18T00:00:00Z,2025-08-18T04:03:27Z,-8.6140771484375005,-3.148701171875,9.1715126445423465,-7.4347460937500003,-2.9544555664062502,8.0002660688504452,27.850000000000023,84.116644189000141,771.47686579588424,24,30,0,11,8,231,2,0.79166666666666663
2025-08-18T06:00:00Z,2025-08-19T07:00:00Z,2025-08-19T08:00:00Z,2025-08-19T08:00:00Z,2025-08-18T00:00:00Z,2025-08-18T04:03:27Z,-6.871337890625,-2.5393408203124999,7.3255399943515549,-6.1731738281249999,-2.3154589843750002,6.5931347188246026,29.518310546875057,53.663536208844178,393.11438073622082,25,31,0,12,8,231,1,0.46666666666666662
2025-08-18T06:00:00Z,2025-08-19T07:00:00Z,2025-08-19T08:00:00Z,2025-08-19T08:00:00Z,2025-08-18T00:00:00Z,2025-08-18T04:03:27Z,-6.871337890625,-2.5393408203124999,7.3255399943515549,-6.1731738281249999,-2.3154589843750002,6.5931347188246026,29.518310546875057,53.663536208844178,393.11438073622082,25,31,0,12,8,231,2,0.5116666666666666
2025-08-18T06:00:00Z,2025-08-19T08:00:00Z,2025-08-19T09:00:00Z,2025-08-19T09:00:00Z,2025-08-18T00:00:00Z,2025-08-18T04:03:27Z,-3.6147558593750002,-1.6162792968749999,3.9596488087193591,-3.6650830078125001,-1.4212011718749999,3.9309854012823293,30.626464843750057,15.67881868839264,62.082615741620742,26,32,0,13,8,231,1,0.23666666666666666
2025-08-18T06:00:00Z,2025-08-19T08:00:00Z,2025-08-19T09:00:00Z,2025-08-19T09:00:00Z,2025-08-18T00:00:00Z,2025-08-18T04:03:27Z,-3.6147558593750002,-1.6162792968749999,3.9596488087193591,-3.6650830078125001,-1.4212011718749999,3.9309854012823293,30.626464843750057,15.67881868839264,62.082615741620742,26,32,0,13,8,231,2,0.26166666666666666
2025-08-18T06:00:00Z,2025-08-19T09:00:00Z,2025-08-19T10:00:00Z,2025-08-19T10:00:00Z,2025-08-18T00:00:00Z,2025-08-18T04:03:27Z,-0.49159667968750004,-0.094111328125000004,0.50052396302397539,-0.77460449218750005,0.010170898437500001,0.77467126349960913,31.199243164062523,0.25052423756122588,0.12539338421770466,27,33,0,14,8,231,1,0.080000000000000002
2025-08-18T06:00:00Z,2025-08-19T09:00:00Z,2025-08-19T10:00:00Z,2025-08-19T10:00:00Z,2025-08-18T00:00:00Z,2025-08-18T04:03:27Z,-0.49159667968750004,-0.094111328125000004,0.50052396302397539,-0.77460449218750005,0.010170898437500001,0.77467126349960913,31.199243164062523,0.25052423756122588,0.12539338421770466,27,33,0,14,8,231,2,0.068333333333333343
2025-08-18T06:00:00Z,2025-08-19T10:00:00Z,2025-08-19T11:00:00Z,2025-08-19T11:00:00Z,2025-08-18T00:00:00Z,2025-08-18T04:03:27Z,0.28903320312500003,1.2225390625000001,1.2562411997093061,-0.033420410156250004,1.2892822265625001,1.2897153110454143,31.550000000000011,1.5781419518470767,1.9825269388999578,28,34,0,15,8,231,1,0.013333333333333334
2025-08-18T06:00:00Z,2025-08-19T10:00:00Z,2025-08-19T11:00:00Z,2025-08-19T11:00:00Z,2025-08-18T00:00:00Z,2025-08-18T04:03:27Z,0.28903320312500003,1.2225390625000001,1.2562411997093061,-0.033420410156250004,1.2892822265625001,1.2897153110454143,31.550000000000011,1.5781419518470767,1.9825269388999578,28,34,0,15,8,231,2,0.011666666666666667
2025-08-18T06:00:00Z,2025-08-19T11:00:00Z,2025-08-19T12:00:00Z,2025-08-19T12:00:00Z,2025-08-18T00:00:00Z,2025-08-18T04:03:27Z,0.85727050781250003,1.4224414062499999,1.6607986867105775,0.59062500000000007,1.4412158203125001,1.5575432357864203,31.786621093750057,2.758252277779579,4.5809017605527842,29,35,0,16,8,231,1,0.01
2025-08-18T06:00:00Z,2025-08-19T11:00:00Z,2025-08-19T12:00:00Z,2025-08-19T12:00:00Z,2025-08-18T00:00:00Z,2025-08-18T04:03:27Z,0.85727050781250003,1.4224414062499999,1.6607986867105775,0.59062500000000007,1.4412158203125001,1.5575432357864203,31.786621093750057,2.758252277779579,4.5809017605527842,29,35,0,16,8,231,2,0.0083333333333333332
2025-08-18T06:00:00Z,2025-08-19T12:00:00Z,2025-08-19T13:00:00Z,2025-08-19T13:00:00Z,2025-08-18T00:00:00Z,2025-08-18T04:03:27Z,1.9168896484375,0.94772949218750002,2.1383772152379521,1.779775390625,0.79336425781249997,1.9485962348954569,31.750000000000057,4.5726571146488189,9.7780657870607506,30,36,0,17,8,231,1,0.01
2025-08-18T06:00:00Z,2025-08-19T12:00:00Z,2025-08-19T13:00:00Z,2025-08-19T13:00:00Z,2025-08-18T00:00:00Z,2025-08-18T04:03:27Z,1.9168896484375,0.94772949218750002,2.1383772152379521,1.779775390625,0.79336425781249997,1.9485962348954569,31.750000000000057,4.5726571146488189,9.7780657870607506,30,36,0,17,8,231,2,0.0083333333333333332
2025-08-18T06:00:00Z,2025-08-19T13:00:00Z,2025-08-19T14:00:00Z,2025-08-19T14:00:00Z,2025-08-18T00:00:00Z,2025-08-18T04:03:27Z,1.9401123046875,0.4384130859375,1.9890303639515121,1.62738037109375,0.16190673828124999,1.6354145236367765,29.357934570312523,3.9562417887210848,7.8690850449000802,31,37,0,18,8,231,1,0.01
2025-08-18T06:00:00Z,2025-08-19T13:00:00Z,2025-08-19T14:00:00Z,2025-08-19T14:00:00Z,2025-08-18T00:00:00Z,2025-08-18T04:03:27Z,1.9401123046875,0.4384130859375,1.9890303639515121,1.62738037109375,0.16190673828124999,1.6354145236367765,29.357934570312523,3.9562417887210848,7.8690850449000802,31,37,0,18,8,231,2,0.01
2025-08-18T06:00:00Z,2025-08-19T14:00:00Z,2025-08-19T15:00:00Z,2025-08-19T15:00:00Z,2025-08-18T00:00:00Z,2025-08-18T04:03:27Z,2.3240429687500002,0.78078613281249998,2.4516938442204834,2.0973168945312501,0.59964355468749997,2.1813552092138657,25.584277343750045,6.0108027057886124,14.736647992605766,32,38,0,19,8,231,1,0.031666666666666669
2025-08-18T06:00:00Z,2025-08-19T14:00:00Z,2025-08-19T15:00:00Z,2025-08-19T15:00:00Z,2025-08-18T00:00:00Z,2025-08-18T04:03:27Z,2.3240429687500002,0.78078613281249998,2.4516938442204834,2.0973168945312501,0.59964355468749997,2.1813552092138657,25.584277343750045,6.0108027057886124,14.736647992605766,32,38,0,19,8,231,2,0.034999999999999996
2025-08-18T06:00:00Z,2025-08-19T15:00:00Z,2025-08-19T16:00:00Z,2025-08-19T16:00:00Z,2025-08-18T00:00:00Z,2025-08-18T04:03:27Z,3.6693554687500001,1.9978564453125001,4.1779899392078761,2.6658251953124998,1.7111791992187499,3.1677686506122651,24.494091796875011,17.455599932122233,72.929320899244374,33,39,0,20,8,231,1,0.036666666666666667
2025-08-18T06:00:00Z,2025-08-19T15:00:00Z,2025-08-19T16:00:00Z,2025-08-19T16:00:00Z,2025-08-18T00:00:00Z,2025-08-18T04:03:27Z,3.6693554687500001,1.9978564453125001,4.1779899392078761,2.6658251953124998,1.7111791992187499,3.1677686506122651,24.494091796875011,17.455599932122233,72.929320899244374,33,39,0,20,8,231,2,0.033333333333333333
2025-08-18T06:00:00Z,2025-08-19T16:00:00Z,2025-08-19T17:00:00Z,2025-08-19T17:00:00Z,2025-08-18T00:00:00Z,2025-08-18T04:03:27Z,3.2908837890625002,1.865712890625,3.7829618955731834,2.0152685546875002,1.1627148437500001,2.3266312890934895,22.728198242187545,14.310800703358654,54.137213755947698,34,40,0,21,8,231,1,0.02
2025-08-18T06:00:00Z,2025-08-19T16:00:00Z,2025-08-19T17:00:00Z,2025-08-19T17:00:00Z,2025-08-18T00:00:00Z,2025-08-18T04:03:27Z,3.2908837890625002,1.865712890625,3.7829618955731834,2.0152685546875002,1.1627148437500001,2.3266312890934895,22.728198242187545,14.310800703358654,54.137213755947698,34,40,0,21,8,231,2,0.016666666666666666
2025-08-18T06:00:00Z,2025-08-19T17:00:00Z,2025-08-19T18:00:00Z,2025-08-19T18:00:00Z,2025-08-18T00:00:00Z,2025-08-18T04:03:27Z,2.1758209228515626,-0.094354248046875006,2.177865793028376,1.3338330078125,-0.62038085937499998,1.4710482328628807,21.785131835937534,4.7430994124431169,10.329833963292852,35,41,0,22,8,231,1,0.01
2025-08-18T06:00:00Z,2025-08-19T17:00:00Z,2025-08-19T18:00:00Z,2025-08-19T18:00:00Z,2025-08-18T00:00:00Z,2025-08-18T04:03:27Z,2.1758209228515626,-0.094354248046875006,2.177865793028376,1.3338330078125,-0.62038085937499998,1.4710482328628807,21.785131835937534,4.7430994124431169,10.329833963292852,35,41,0,22,8,231,2,0.0083333333333333332
2025-08-18T06:00:00Z,2025-08-19T18:00:00Z,2025-08-19T19:00:00Z,2025-08-19T19:00:00Z,2025-08-18T00:00:00Z,2025-08-18T04:03:27Z,0.89351806640625009,-0.7072601318359375,1.1395575584756357,0.39767578125000003,-0.86473388671875007,0.9517934239279624,20.764672851562523,1.2985914290789518,1.4798196783785968,36,42,0,23,8,231,1,0.01
2025-08-18T06:00:00Z,2025-08-19T18:00:00Z,2025-08-19T19:00:00Z,2025-08-19T19:00:00Z,2025-08-18T00:00:00Z,2025-08-18T04:03:27Z,0.89351806640625009,-0.7072601318359375,1.1395575584756357,0.39767578125000003,-0.86473388671875007,0.9517934239279624,20.764672851562523,1.2985914290789518,1.4798196783785968,36,42,0,23,8,231,2,0.01
2025-08-18T06:00:00Z,2025-08-19T19:00:00Z,2025-08-19T20:00:00Z,2025-08-19T20:00:00Z,2025-08-18T00:00:00Z,2025-08-18T04:03:27Z,-0.69057006835937507,0.17256774902343752,0.71180520321004126,-0.65607910156250004,0.30732421874999999,0.72449152026601049,20.450000000000045,0.50666664731688815,0.36064795585314785,37,43,0,0,8,232,1,0.01
2025-08-18T06:00:00Z,2025-08-19T19:00:00Z,2025-08-19T20:00:00Z,2025-08-19T20:00:00Z,2025-08-18T00:00:00Z,2025-08-18T04:03:27Z,-0.69057006835937507,0.17256774902343752,0.71180520321004126,-0.65607910156250004,0.30732421874999999,0.72449152026601049,20.450000000000045,0.50666664731688815,0.36064795585314785,37,43,0,0,8,232,2,0.01
2025-08-18T06:00:00Z,2025-08-19T20:00:00Z,2025-08-19T21:00:00Z,2025-08-19T21:00:00Z,2025-08-18T00:00:00Z,2025-08-18T04:03:27Z,-1.9781127929687501,0.13808593750000001,1.9829266118144371,-1.5508935546875,0.3648681640625,1.5932355742694075,20.925781250000057,3.9319979478418832,7.7968633683754254,38,44,0,1,8,232,1,0.033333333333333333
2025-08-18T06:00:00Z,2025-08-19T20:00:00Z,2025-08-19T21:00:00Z,2025-08-19T21:00:00Z,2025-08-18T00:00:00Z,2025-08-18T04:03:27Z,-1.9781127929687501,0.13808593750000001,1.9829266118144371,-1.5508935546875,0.3648681640625,1.5932355742694075,20.925781250000057,3.9319979478418832,7.7968633683754254,38,44,0,1,8,232,2,0.028333333333333332
2025-08-18T06:00:00Z,2025-08-19T21:00:00Z,2025-08-19T22:00:00Z,2025-08-19T22:00:00Z,2025-08-18T00:00:00Z,2025-08-18T04:03:27Z,-4.6130187988281248,-0.98375549316406252,4.7167485950251944,-3.6224462890625002,-0.47593505859375002,3.6535778761566471,22.237890625000034,22.247717308672144,104.93688935819704,39,45,0,2,8,232,1,0.29333333333333333
2025-08-18T06:00:00Z,2025-08-19T21:00:00Z,2025-08-19T22:00:00Z,2025-08-19T22:00:00Z,2025-08-18T00:00:00Z,2025-08-18T04:03:27Z,-4.6130187988281248,-0.98375549316406252,4.7167485950251944,-3.6224462890625002,-0.47593505859375002,3.6535778761566471,22.237890625000034,22.247717308672144,104.93688935819704,39,45,0,2,8,232,2,0.26000000000000001
2025-08-18T06:00:00Z,2025-08-19T22:00:00Z,2025-08-19T23:00:00Z,2025-08-19T23:00:00Z,2025-08-18T00:00:00Z,2025-08-18T04:03:27Z,-7.7761474609375005,-2.6159942626953128,8.2043826895568159,-4.6631103515625005,-1.56336669921875,4.9182022718749048,20.962109375000011,67.311895316699534,552.25254873759013,40,46,0,3,8,232,1,0.19166666666666665
2025-08-18T06:00:00Z,2025-08-19T22:00:00Z,2025-08-19T23:00:00Z,2025-08-19T23:00:00Z,2025-08-18T00:00:00Z,2025-08-18T04:03:27Z,-7.7761474609375005,-2.6159942626953128,8.2043826895568159,-4.6631103515625005,-1.56336669921875,4.9182022718749048,20.962109375000011,67.311895316699534,552.25254873759013,40,46,0,3,8,232,2,0.16500000000000001
2025-08-18T06:00:00Z,2025-08-19T23:00:00Z,2025-08-20T00:00:00Z,2025-08-20T00:00:00Z,2025-08-18T00:00:00Z,2025-08-18T04:03:27Z,-8.8646728515625011,-3.443511962890625,9.5100052262761707,-5.1442041015625,-1.9514892578125,5.5019220425129642,20.130566406250011,90.440199403800079,860.08676899559782,41,47,0,4,8,232,1,0.33499999999999996
2025-08-18T06:00:00Z,2025-08-19T23:00:00Z,2025-08-20T00:00:00Z,2025-08-20T00:00:00Z,2025-08-18T00:00:00Z,2025-08-18T04:03:27Z,-8.8646728515625011,-3.443511962890625,9.5100052262761707,-5.1442041015625,-1.9514892578125,5.5019220425129642,20.130566406250011,90.440199403800079,860.08676899559782,41,47,0,4,8,232,2,0.28999999999999998
2025-08-18T06:00:00Z,2025-08-20T00:00:00Z,2025-08-20T01:00:00Z,2025-08-20T01:00:00Z,2025-08-18T00:00:00Z,2025-08-18T04:03:27Z,-9.5162841796875011,-3.3563568115234377,10.090827301803872,-5.6993017578125,-2.3001757812500001,6.1459620199976586,19.915771484375057,101.82479563483041,1027.4964277925465,42,48,0,5,8,232,1,0.23166666666666666
2025-08-18T06:00:00Z,2025-08-20T00:00:00Z,2025-08-20T01:00:00Z,2025-08-20T01:00:00Z,2025-08-18T00:00:00Z,2025-08-18T04:03:27Z,-9.5162841796875011,-3.3563568115234377,10.090827301803872,-5.6993017578125,-2.3001757812500001,6.1459620199976586,19.915771484375057,101.82479563483041,1027.4964277925465,42,48,0,5,8,232,2,0.16666666666666666
2025-08-18T06:00:00Z,2025-08-20T01:00:00Z,2025-08-20T02:00:00Z,2025-08-20T02:00:00Z,2025-08-18T00:00:00Z,2025-08-18T04:03:27Z,-9.6919433593750011,-3.9389923095703128,10.461807993658995,-6.3359179687500005,-2.73923828125,6.9027011284130353,20.643872070312511,109.44942649618726,1145.0388850192046,43,49,0,6,8,232,1,0.44166666666666665
2025-08-18T06:00:00Z,2025-08-20T01:00:00Z,2025-08-20T02:00:00Z,2025-08-20T02:00:00Z,2025-08-18T00:00:00Z,2025-08-18T04:03:27Z,-9.6919433593750011,-3.9389923095703128,10.461807993658995,-6.3359179687500005,-2.73923828125,6.9027011284130353,20.643872070312511,109.44942649618726,1145.0388850192046,43,49,0,6,8,232,2,0.31666666666666671
2025-08-18T06:00:00Z,2025-08-20T02:00:00Z,2025-08-20T03:00:00Z,2025-08-20T03:00:00Z,2025-08-18T00:00:00Z,2025-08-18T04:03:27Z,-10.852258300781251,-4.8236877441406252,11.87600411248868,-8.0803857421875005,-4.1105078124999999,9.0658098490521279,22.709936523437534,141.03947367984804,1674.9853694451142,44,50,0,7,8,232,1,0.15666666666666665
2025-08-18T06:00:00Z,2025-08-20T02:00:00Z,2025-08-20T03:00:00Z,2025-08-20T03:00:00Z,2025-08-18T00:00:00Z,2025-08-18T04:03:27Z,-10.852258300781251,-4.8236877441406252,11.87600411248868,-8.0803857421875005,-4.1105078124999999,9.0658098490521279,22.709936523437534,141.03947367984804,1674.9853694451142,44,50,0,7,8,232,2,0.10833333333333334
2025-08-18T06:00:00Z,2025-08-20T03:00:00Z,2025-08-20T04:00:00Z,2025-08-20T04:00:00Z,2025-08-18T00:00:00Z,2025-08-18T04:03:27Z,-11.83768310546875,-4.722421264648438,12.744881478707601,-9.1600439453125002,-4.1886499023437498,10.072298301999425,24.850000000000023,162.43200390630403,2070.1766381348148,45,51,0,8,8,232,1,0.65000000000000002
2025-08-18T06:00:00Z,2025-08-20T03:00:00Z,2025-08-20T04:00:00Z,2025-08-20T04:00:00Z,2025-08-18T00:00:00Z,2025-08-18T04:03:27Z,-11.83768310546875,-4.722421264648438,12.744881478707601,-9.1600439453125002,-4.1886499023437498,10.072298301999425,24.850000000000023,162.43200390630403,2070.1766381348148,45,51,0,8,8,232,2,0.68999999999999995
2025-08-18T06:00:00Z,2025-08-20T04:00:00Z,2025-08-20T05:00:00Z,2025-08-20T05:00:00Z,2025-08-18T00:00:00Z,2025-08-18T04:03:27Z,-11.349810791015626,-4.0770507812500005,12.059873468023866,-9.0639013671874995,-3.6941479492187499,9.7878004201567439,26.743896484375057,145.440548064746,1753.9946067808801,46,52,0,9,8,232,1,0.97000000000000008
2025-08-18T06:00:00Z,2025-08-20T04:00:00Z,2025-08-20T05:00:00Z,2025-08-20T05:00:00Z,2025-08-18T00:00:00Z,2025-08-18T04:03:27Z,-11.349810791015626,-4.0770507812500005,12.059873468023866,-9.0639013671874995,-3.6941479492187499,9.7878004201567439,26.743896484375057,145.440548064746,1753.9946067808801,46,52,0,9,8,232,2,0.97166666666666668
2025-08-18T06:00:00Z,2025-08-20T05:00:00Z,2025-08-20T06:00:00Z,2025-08-20T06:00:00Z,2025-08-18T00:00:00Z,2025-08-18T04:03:27Z,-9.891265869140625,-3.2517913818359379,10.412074129826809,-8.2173681640625009,-2.9902734375,8.7445339941454847,28.795117187500011,108.41128768500872,1128.7863638862909,47,53,0,10,8,232,1,0.97666666666666657
2025-08-18T06:00:00Z,2025-08-20T05:00:00Z,2025-08-20T06:00:00Z,2025-08-20T06:00:00Z,2025-08-18T00:00:00Z,2025-08-18T04:03:27Z,-9.891265869140625,-3.2517913818359379,10.412074129826809,-8.2173681640625009,-2.9902734375,8.7445339941454847,28.795117187500011,108.41128768500872,1128.7863638862909,47,53,0,10,8,232,2,0.96333333333333326
2025-08-25T06:00:00Z,2025-08-25T06:00:00Z,2025-08-25T07:00:00Z,2025-08-25T07:00:00Z,2025-08-25T00:00:00Z,2025-08-25T04:05:43Z,2.8948339843749999,-1.1806469726562501,3.1263382848205672,2.6004150390625003,-1.35149169921875,2.9306463772416502,29.165332031250045,9.7739910711348053,30.556802481183126,0,6,0,11,8,237,1,0.026666666666666668
2025-08-25T06:00:00Z,2025-08-25T06:00:00Z,2025-08-25T07:00:00Z,2025-08-25T07:00:00Z,2025-08-25T00:00:00Z,2025-08-25T04:05:43Z,2.8948339843749999,-1.1806469726562501,3.1263382848205672,2.6004150390625003,-1.35149169921875,2.9306463772416502,29.165332031250045,9.7739910711348053,30.556802481183126,0,6,0,11,8,237,2,0.029999999999999999
2025-08-25T06:00:00Z,2025-08-25T07:00:00Z,2025-08-25T08:00:00Z,2025-08-25T08:00:00Z,2025-08-25T00:00:00Z,2025-08-25T04:05:43Z,3.1950781250000002,-0.98196289062499997,3.3425701703057968,2.9387353515624999,-1.08945556640625,3.1341791425661572,30.189550781250034,11.172775343418124,37.345785582437529,1,7,0,12,8,237,1,0.024999999999999998
2025-08-25T06:00:00Z,2025-08-25T07:00:00Z,2025-08-25T08:00:00Z,2025-08-25T08:00:00Z,2025-08-25T00:00:00Z,2025-08-25T04:05:43Z,3.1950781250000002,-0.98196289062499997,3.3425701703057968,2.9387353515624999,-1.08945556640625,3.1341791425661572,30.189550781250034,11.172775343418124,37.345785582437529,1,7,0,12,8,237,2,0.024999999999999998
2025-08-25T06:00:00Z,2025-08-25T08:00:00Z,2025-08-25T09:00:00Z,2025-08-25T09:00:00Z,2025-08-25T00:00:00Z,2025-08-25T04:05:43Z,3.4546020507812503,-0.59004150390624999,3.504628982587739,3.1877685546875001,-0.65065429687499998,3.2534934105198881,31.110546875000011,12.28242430559397,43.045340197824714,2,8,0,13,8,237,1,0.026666666666666668
2025-08-25T06:00:00Z,2025-08-25T08:00:00Z,2025-08-25T09:00:00Z,2025-08-25T09:00:00Z,2025-08-25T00:00:00Z,2025-08-25T04:05:43Z,3.4546020507812503,-0.59004150390624999,3.504628982587739,3.1877685546875001,-0.65065429687499998,3.2534934105198881,31.110546875000011,12.28242430559397,43.045340197824714,2,8,0,13,8,237,2,0.026666666666666668
2025-08-25T06:00:00Z,2025-08-25T09:00:00Z,2025-08-25T10:00:00Z,2025-08-25T10:00:00Z,2025-08-25T00:00:00Z,2025-08-25T04:05:43Z,3.15919921875,-0.11264648437500001,3.1612068793726009,2.9545947265625001,-0.1111279296875,2.9566838544199419,31.714721679687557,9.9932289341926577,31.590664053915155,3,9,0,14,8,237,1,0.036666666666666667
2025-08-25T06:00:00Z,2025-08-25T09:00:00Z,2025-08-25T10:00:00Z,2025-08-25T10:00:00Z,2025-08-25T00:00:00Z,2025-08-25T04:05:43Z,3.15919921875,-0.11264648437500001,3.1612068793726009,2.9545947265625001,-0.1111279296875,2.9566838544199419,31.714721679687557,9.9932289341926577,31.590664053915155,3,9,0,14,8,237,2,0.041666666666666664
2025-08-25T06:00:00Z,2025-08-25T10:00:00Z,2025-08-25T11:00:00Z,2025-08-25T11:00:00Z,2025-08-25T00:00:00Z,2025-08-25T04:05:43Z,2.7291113281250001,0.12353271484375,2.7319057401266371,2.6587988281250001,0.11980224609375001,2.6614965313913115,32.114721679687534,7.4633089729368693,20.389056623504871,4,10,0,15,8,237,1,0.048333333333333332
2025-08-25T06:00:00Z,2025-08-25T10:00:00Z,2025-08-25T11:00:00Z,2025-08-25T11:00:00Z,2025-08-25T00:00:00Z,2025-08-25T04:05:43Z,2.7291113281250001,0.12353271484375,2.7319057401266371,2.6587988281250001,0.11980224609375001,2.6614965313913115,32.114721679687534,7.4633089729368693,20.389056623504871,4,10,0,15,8,237,2,0.040000000000000001
2025-08-25T06:00:00Z,2025-08-25T11:00:00Z,2025-08-25T12:00:00Z,2025-08-25T12:00:00Z,2025-08-25T00:00:00Z,2025-08-25T04:05:43Z,3.4743359375000002,-0.67160400390624997,3.5386525888630143,3.3727465820312501,-0.70690673828125006,3.4460320142492749,32.431542968750023,12.522062144666913,44.311227626129124,5,11,0,16,8,237,1,0.11166666666666668
2025-08-25T06:00:00Z,2025-08-25T11:00:00Z,2025-08-25T12:00:00Z,2025-08-25T12:00:00Z,2025-08-25T00:00:00Z,2025-08-25T04:05:43Z,3.4743359375000002,-0.67160400390624997,3.5386525888630143,3.3727465820312501,-0.70690673828125006,3.4460320142492749,32.431542968750023,12.522062144666913,44.311227626129124,5,11,0,16,8,237,2,0.10833333333333334
2025-08-25T06:00:00Z,2025-08-25T12:00:00Z,2025-08-25T13:00:00Z,2025-08-25T13:00:00Z,2025-08-25T00:00:00Z,2025-08-25T04:05:43Z,4.99302001953125,-0.49633056640625001,5.0176282192475155,4.5643652343749999,-0.68731689453125,4.6158243582570631,31.938891601562545,25.176592946588993,126.3267832333129,6,12,0,17,8,237,1,0.20833333333333334
2025-08-25T06:00:00Z,2025-08-25T12:00:00Z,2025-08-25T13:00:00Z,2025-08-25T13:00:00Z,2025-08-25T00:00:00Z,2025-08-25T04:05:43Z,4.99302001953125,-0.49633056640625001,5.0176282192475155,4.5643652343749999,-0.68731689453125,4.6158243582570631,31.938891601562545,25.176592946588993,126.3267832333129,6,12,0,17,8,237,2,0.21833333333333335
2025-08-25T06:00:00Z,2025-08-25T13:00:00Z,2025-08-25T14:00:00Z,2025-08-25T14:00:00Z,2025-08-25T00:00:00Z,2025-08-25T04:05:43Z,5.72760009765625,0.10984619140625,5.7286533377782902,3.99240966796875,-0.11446289062500001,3.994050163708585,29.935180664062557,32.817469064438342,187.9999036934305,7,13,0,18,8,237,1,0.26499999999999996
2025-08-25T06:00:00Z,2025-08-25T13:00:00Z,2025-08-25T14:00:00Z,2025-08-25T14:00:00Z,2025-08-25T00:00:00Z,2025-08-25T04:05:43Z,5.72760009765625,0.10984619140625,5.7286533377782902,3.99240966796875,-0.11446289062500001,3.994050163708585,29.935180664062557,32.817469064438342,187.9999036934305,7,13,0,18,8,237,2,0.26000000000000001
2025-08-25T06:00:00Z,2025-08-25T14:00:00Z,2025-08-25T15:00:00Z,2025-08-25T15:00:00Z,2025-08-25T00:00:00Z,2025-08-25T04:05:43Z,7.1289111328125001,1.3184863281250001,7.2498124208141101,3.5977099609375003,1.1612573242187501,3.7804808604304032,26.616137695312545,52.559780136990547,381.04854687241283,8,14,0,19,8,237,1,0.29499999999999998
2025-08-25T06:00:00Z,2025-08-25T14:00:00Z,2025-08-25T15:00:00Z,2025-08-25T15:00:00Z,2025-08-25T00:00:00Z,2025-08-25T04:05:43Z,7.1289111328125001,1.3184863281250001,7.2498124208141101,3.5977099609375003,1.1612573242187501,3.7804808604304032,26.616137695312545,52.559780136990547,381.04854687241283,8,14,0,19,8,237,2,0.29999999999999999
2025-08-25T06:00:00Z,2025-08-25T15:00:00Z,2025-08-25T16:00:00Z,2025-08-25T16:00:00Z,2025-08-25T00:00:00Z,2025-08-25T04:05:43Z,5.4847607421875004,1.7599609375,5.7602137894844718,2.8374291992187501,2.1383398437499999,3.5529567613394808,24.904907226562557,33.180062900567059,191.12425585580851,9,15,0,20,8,237,1,0.31833333333333336
2025-08-25T06:00:00Z,2025-08-25T15:00:00Z,2025-08-25T16:00:00Z,2025-08-25T16:00:00Z,2025-08-25T00:00:00Z,2025-08-25T04:05:43Z,5.4847607421875004,1.7599609375,5.7602137894844718,2.8374291992187501,2.1383398437499999,3.5529567613394808,24.904907226562557,33.180062900567059,191.12425585580851,9,15,0,20,8,237,2,0.31
2025-08-25T06:00:00Z,2025-08-25T16:00:00Z,2025-08-25T17:00:00Z,2025-08-25T17:00:00Z,2025-08-25T00:00:00Z,2025-08-25T04:05:43Z,4.8561572265624999,2.2025537109375,5.3323077423063028,2.8921386718750002,2.4420043945312502,3.7852148631570213,24.342138671875034,28.433505858659739,151.61620343104295,10,16,0,21,8,237,1,0.16166666666666665
2025-08-25T06:00:00Z,2025-08-25T16:00:00Z,2025-08-25T17:00:00Z,2025-08-25T17:00:00Z,2025-08-25T00:00:00Z,2025-08-25T04:05:43Z,4.8561572265624999,2.2025537109375,5.3323077423063028,2.8921386718750002,2.4420043945312502,3.7852148631570213,24.342138671875034,28.433505858659739,151.61620343104295,10,16,0,21,8,237,2,0.098333333333333328
2025-08-25T06:00:00Z,2025-08-25T17:00:00Z,2025-08-25T18:00:00Z,2025-08-25T18:00:00Z,2025-08-25T00:00:00Z,2025-08-25T04:05:43Z,4.5875634765625,2.2104174804687502,5.0923161812138131,2.9332836914062499,2.2926708984375002,3.7229683134311107,23.621923828125034,25.931684089452034,132.05233449484138,11,17,0,22,8,237,1,0.043333333333333335
2025-08-25T06:00:00Z,2025-08-25T17:00:00Z,2025-08-25T18:00:00Z,2025-08-25T18:00:00Z,2025-08-25T00:00:00Z,2025-08-25T04:05:43Z,4.5875634765625,2.2104174804687502,5.0923161812138131,2.9332836914062499,2.2926708984375002,3.7229683134311107,23.621923828125034,25.931684089452034,132.05233449484138,11,17,0,22,8,237,2,0.046666666666666669
2025-08-25T06:00:00Z,2025-08-25T18:00:00Z,2025-08-25T19:00:00Z,2025-08-25T19:00:00Z,2025-08-25T00:00:00Z,2025-08-25T04:05:43Z,4.9562646484375001,2.3281274414062501,5.475832050819319,3.2490698242187501,2.1262963867187499,3.8829873868996887,22.840185546875034,29.98473664878011,164.19138197676679,12,18,0,23,8,237,1,0.056666666666666671
2025-08-25T06:00:00Z,2025-08-25T18:00:00Z,2025-08-25T19:00:00Z,2025-08-25T19:00:00Z,2025-08-25T00:00:00Z,2025-08-25T04:05:43Z,4.9562646484375001,2.3281274414062501,5.475832050819319,3.2490698242187501,2.1262963867187499,3.8829873868996887,22.840185546875034,29.98473664878011,164.19138197676679,12,18,0,23,8,237,2,0.051666666666666666
2025-08-25T06:00:00Z,2025-08-25T19:00:00Z,2025-08-25T20:00:00Z,2025-08-25T20:00:00Z,2025-08-25T00:00:00Z,2025-08-25T04:05:43Z,5.19985107421875,2.0722949218750002,5.5975760322913706,3.1813647460937502,1.9178637695312499,3.7147386295900775,21.895092773437511,31.332857437282804,175.38805181413665,13,19,0,0,8,238,1,0.028333333333333335
2025-08-25T06:00:00Z,2025-08-25T19:00:00Z,2025-08-25T20:00:00Z,2025-08-25T20:00:00Z,2025-08-25T00:00:00Z,2025-08-25T04:05:43Z,5.19985107421875,2.0722949218750002,5.5975760322913706,3.1813647460937502,1.9178637695312499,3.7147386295900775,21.895092773437511,31.332857437282804,175.38805181413665,13,19,0,0,8,238,2,0.024999999999999998
2025-08-25T06:00:00Z,2025-08-25T20:00:00Z,2025-08-25T21:00:00Z,2025-08-25T21:00:00Z,2025-08-25T00:00:00Z,2025-08-25T04:05:43Z,4.8952612304687504,0.90567138671875003,4.978335381957657,3.1790698242187503,1.1282275390625001,3.3733340076484066,21.118334960937545,24.783823175251491,123.38218381353667,14,20,0,1,8,238,1,0.01
2025-08-25T06:00:00Z,2025-08-25T20:00:00Z,2025-08-25T21:00:00Z,2025-08-25T21:00:00Z,2025-08-25T00:00:00Z,2025-08-25T04:05:43Z,4.8952612304687504,0.90567138671875003,4.978335381957657,3.1790698242187503,1.1282275390625001,3.3733340076484066,21.118334960937545,24.783823175251491,123.38218381353667,14,20,0,1,8,238,2,0.0083333333333333332
2025-08-25T06:00:00Z,2025-08-25T21:00:00Z,2025-08-25T22:00:00Z,2025-08-25T22:00:00Z,2025-08-25T00:00:00Z,2025-08-25T04:05:43Z,5.0092431640625001,0.72093994140625006,5.0608567926608767,3.1941259765624999,0.99500122070312502,3.3455146365472759,19.954882812500045,25.612271475821736,129.62003807388686,15,21,0,2,8,238,1,0.01
2025-08-25T06:00:00Z,2025-08-25T21:00:00Z,2025-08-25T22:00:00Z,2025-08-25T22:00:00Z,2025-08-25T00:00:00Z,2025-08-25T04:05:43Z,5.0092431640625001,0.72093994140625006,5.0608567926608767,3.1941259765624999,0.99500122070312502,3.3455146365472759,19.954882812500045,25.612271475821736,129.62003807388686,15,21,0,2,8,238,2,0.01
2025-08-25T06:00:00Z,2025-08-25T22:00:00Z,2025-08-25T23:00:00Z,2025-08-25T23:00:00Z,2025-08-25T00:00:00Z,2025-08-25T04:05:43Z,4.9530517578125002,0.73541259765625,5.0073499382768336,2.6820117187500001,0.90625732421875005,2.8309873184478342,18.622460937500023,25.073553404361011,125.552056091708,16,22,0,3,8,238,1,0.01
2025-08-25T06:00:00Z,2025-08-25T22:00:00Z,2025-08-25T23:00:00Z,2025-08-25T23:00:00Z,2025-08-25T00:00:00Z,2025-08-25T04:05:43Z,4.9530517578125002,0.73541259765625,5.0073499382768336,2.6820117187500001,0.90625732421875005,2.8309873184478342,18.622460937500023,25.073553404361011,125.552056091708,16,22,0,3,8,238,2,0.01
2025-08-25T06:00:00Z,2025-08-25T23:00:00Z,2025-08-26T00:00:00Z,2025-08-26T00:00:00Z,2025-08-25T00:00:00Z,2025-08-25T04:05:43Z,4.8264208984375001,-0.15004394531250001,4.8287526209570091,2.4423364257812499,-0.065114746093749995,2.4432042785769643,18.345092773437557,23.316851874399184,112.59130960097141,17,23,0,4,8,238,1,0.01
2025-08-25T06:00:00Z,2025-08-25T23:00:00Z,2025-08-26T00:00:00Z,2025-08-26T00:00:00Z,2025-08-25T00:00:00Z,2025-08-25T04:05:43Z,4.8264208984375001,-0.15004394531250001,4.8287526209570091,2.4423364257812499,-0.065114746093749995,2.4432042785769643,18.345092773437557,23.316851874399184,112.59130960097141,17,23,0,4,8,238,2,0.0066666666666666671
2025-08-25T06:00:00Z,2025-08-26T00:00:00Z,2025-08-26T01:00:00Z,2025-08-26T01:00:00Z,2025-08-25T00:00:00Z,2025-08-25T04:05:43Z,4.2053417968750004,-0.17622314453125001,4.2090324571345779,2.0868652343749998,0.085712890624999996,2.0886247164252167,17.832958984375011,17.715954225212343,74.567026343029212,18,24,0,5,8,238,1,0.01
2025-08-25T06:00:00Z,2025-08-26T00:00:00Z,2025-08-26T01:00:00Z,2025-08-26T01:00:00Z,2025-08-25T00:00:00Z,2025-08-25T04:05:43Z,4.2053417968750004,-0.17622314453125001,4.2090324571345779,2.0868652343749998,0.085712890624999996,2.0886247164252167,17.832958984375011,17.715954225212343,74.567026343029212,18,24,0,5,8,238,2,0.01
2025-08-25T06:00:00Z,2025-08-26T01:00:00Z,2025-08-26T02:00:00Z,2025-08-26T02:00:00Z,2025-08-25T00:00:00Z,2025-08-25T04:05:43Z,3.6737744140625002,0.017094726562499999,3.6738141862506484,1.9878784179687501,0.26216064453124999,2.0050907231761315,18.958496093750057,13.496910675096514,49.585141908727387,19,25,0,6,8,238,1,0.011666666666666667
2025-08-25T06:00:00Z,2025-08-26T01:00:00Z,2025-08-26T02:00:00Z,2025-08-26T02:00:00Z,2025-08-25T00:00:00Z,2025-08-25T04:05:43Z,3.6737744140625002,0.017094726562499999,3.6738141862506484,1.9878784179687501,0.26216064453124999,2.0050907231761315,18.958496093750057,13.496910675096514,49.585141908727387,19,25,0,6,8,238,2,0.0083333333333333332
2025-08-25T06:00:00Z,2025-08-26T02:00:00Z,2025-08-26T03:00:00Z,2025-08-26T03:00:00Z,2025-08-25T00:00:00Z,2025-08-25T04:05:43Z,2.9106958007812502,-0.22984375000000001,2.919756529935273,2.3329565429687502,-0.16458984374999999,2.3387552347448315,21.327050781250023,8.524978194099667,24.890860749778312,20,26,0,7,8,238,1,0.043333333333333335
2025-08-25T06:00:00Z,2025-08-26T02:00:00Z,2025-08-26T03:00:00Z,2025-08-26T03:00:00Z,2025-08-25T00:00:00Z,2025-08-25T04:05:43Z,2.9106958007812502,-0.22984375000000001,2.919756529935273,2.3329565429687502,-0.16458984374999999,2.3387552347448315,21.327050781250023,8.524978194099667,24.890860749778312,20,26,0,7,8,238,2,0.024999999999999998
2025-08-25T06:00:00Z,2025-08-26T03:00:00Z,2025-08-26T04:00:00Z,2025-08-26T04:00:00Z,2025-08-25T00:00:00Z,2025-08-25T04:05:43Z,2.2537792968749999,-0.40685546875,2.2902079581282901,1.9387475585937501,-0.35575927734375001,1.9711181495205643,23.388159179687534,5.2450524914741523,12.012260956774719,21,27,0,8,8,238,1,0.16333333333333333
2025-08-25T06:00:00Z,2025-08-26T03:00:00Z,2025-08-26T04:00:00Z,2025-08-26T04:00:00Z,2025-08-25T00:00:00Z,2025-08-25T04:05:43Z,2.2537792968749999,-0.40685546875,2.2902079581282901,1.9387475585937501,-0.35575927734375001,1.9711181495205643,23.388159179687534,5.2450524914741523,12.012260956774719,21,27,0,8,8,238,2,0.14166666666666669
2025-08-25T06:00:00Z,2025-08-26T04:00:00Z,2025-08-26T05:00:00Z,2025-08-26T05:00:00Z,2025-08-25T00:00:00Z,2025-08-25T04:05:43Z,1.7447583007812499,-0.12028564453125,1.748899701076472,1.5542968750000001,-0.081040039062499999,1.5564081288550307,25.445117187500045,3.058650164425373,5.3492723582610369,22,28,0,9,8,238,1,0.22166666666666668
2025-08-25T06:00:00Z,2025-08-26T04:00:00Z,2025-08-26T05:00:00Z,2025-08-26T05:00:00Z,2025-08-25T00:00:00Z,2025-08-25T04:05:43Z,1.7447583007812499,-0.12028564453125,1.748899701076472,1.5542968750000001,-0.081040039062499999,1.5564081288550307,25.445117187500045,3.058650164425373,5.3492723582610369,22,28,0,9,8,238,2,0.24333333333333332
2025-08-25T06:00:00Z,2025-08-26T05:00:00Z,2025-08-26T06:00:00Z,2025-08-26T06:00:00Z,2025-08-25T00:00:00Z,2025-08-25T04:05:43Z,1.4199682617187501,-0.11327880859375,1.4244795375030799,1.2909423828125,-0.0379638671875,1.2915004804309773,27.583325195312511,2.0291419527649883,2.8904711904027671,23,29,0,10,8,238,1,0.19666666666666666
2025-08-25T06:00:00Z,2025-08-26T05:00:00Z,2025-08-26T06:00:00Z,2025-08-26T06:00:00Z,2025-08-25T00:00:00Z,2025-08-25T04:05:43Z,1.4199682617187501,-0.11327880859375,1.4244795375030799,1.2909423828125,-0.0379638671875,1.2915004804309773,27.583325195312511,2.0291419527649883,2.8904711904027671,23,29,0,10,8,238,2,0.20333333333333334
2025-08-25T06:00:00Z,2025-08-26T06:00:00Z,2025-08-26T07:00:00Z,2025-08-26T07:00:00Z,2025-08-25T00:00:00Z,2025-08-25T04:05:43Z,1.1812646484375,-0.12827392578124999,1.1882088914342899,1.0699829101562501,-0.058312988281249999,1.0715707315099303,29.446093750000045,1.411840369683504,1.6775612805438143,24,30,0,11,8,238,1,0.031666666666666669
2025-08-25T06:00:00Z,2025-08-26T06:00:00Z,2025-08-26T07:00:00Z,2025-08-26T07:00:00Z,2025-08-25T00:00:00Z,2025-08-25T04:05:43Z,1.1812646484375,-0.12827392578124999,1.1882088914342899,1.0699829101562501,-0.058312988281249999,1.0715707315099303,29.446093750000045,1.411840369683504,1.6775612805438143,24,30,0,11,8,238,2,0.021666666666666667
2025-08-25T06:00:00Z,2025-08-26T07:00:00Z,2025-08-26T08:00:00Z,2025-08-26T08:00:00Z,2025-08-25T00:00:00Z,2025-08-25T04:05:43Z,1.10352783203125,0.0064624023437499997,1.103546754202849,1.0284716796875,0.062095947265625,1.030344555275585,31.050000000000011,1.2178154387116431,1.3439162746083524,25,31,0,12,8,238,1,0.0083333333333333332
2025-08-25T06:00:00Z,2025-08-26T07:00:00Z,2025-08-26T08:00:00Z,2025-08-26T08:00:00Z,2025-08-25T00:00:00Z,2025-08-25T04:05:43Z,1.10352783203125,0.0064624023437499997,1.103546754202849,1.0284716796875,0.062095947265625,1.030344555275585,31.050000000000011,1.2178154387116431,1.3439162746083524,25,31,0,12,8,238,2,0.0066666666666666671
2025-08-25T06:00:00Z,2025-08-26T08:00:00Z,2025-08-26T09:00:00Z,2025-08-26T09:00:00Z,2025-08-25T00:00:00Z,2025-08-25T04:05:43Z,1.5973754882812501,-0.035764160156250002,1.5977758058355509,1.4774414062500001,0.0088134765625000003,1.4774676938163811,32.150000000000034,2.552887525713444,4.0789419236043241,26,32,0,13,8,238,1,0.0083333333333333332
2025-08-25T06:00:00Z,2025-08-26T08:00:00Z,2025-08-26T09:00:00Z,2025-08-26T09:00:00Z,2025-08-25T00:00:00Z,2025-08-25T04:05:43Z,1.5973754882812501,-0.035764160156250002,1.5977758058355509,1.4774414062500001,0.0088134765625000003,1.4774676938163811,32.150000000000034,2.552887525713444,4.0789419236043241,26,32,0,13,8,238,2,0.01
2025-08-25T06:00:00Z,2025-08-26T09:00:00Z,2025-08-26T10:00:00Z,2025-08-26T10:00:00Z,2025-08-25T00:00:00Z,2025-08-25T04:05:43Z,3.2359106445312502,0.028002929687500001,3.2360318081659418,3.0802465820312501,0.010107421875,3.0802631650708285,33.297680664062511,10.471901863461735,33.887407522154376,27,33,0,14,8,238,1,0.02
2025-08-25T06:00:00Z,2025-08-26T09:00:00Z,2025-08-26T10:00:00Z,2025-08-26T10:00:00Z,2025-08-25T00:00:00Z,2025-08-25T04:05:43Z,3.2359106445312502,0.028002929687500001,3.2360318081659418,3.0802465820312501,0.010107421875,3.0802631650708285,33.297680664062511,10.471901863461735,33.887407522154376,27,33,0,14,8,238,2,0.013333333333333334
2025-08-25T06:00:00Z,2025-08-26T10:00:00Z,2025-08-26T11:00:00Z,2025-08-26T11:00:00Z,2025-08-25T00:00:00Z,2025-08-25T04:05:43Z,5.5522631835937499,-0.23046875,5.5570443856979557,5.172119140625,-0.38230957031250001,5.186229556467012,34.050000000000068,30.880742304617169,171.6056556500582,28,34,0,15,8,238,1,0.066666666666666666
2025-08-25T06:00:00Z,2025-08-26T10:00:00Z,2025-08-26T11:00:00Z,2025-08-26T11:00:00Z,2025-08-25T00:00:00Z,2025-08-25T04:05:43Z,5.5522631835937499,-0.23046875,5.5570443856979557,5.172119140625,-0.38230957031250001,5.186229556467012,34.050000000000068,30.880742304617169,171.6056556500582,28,34,0,15,8,238,2,0.080000000000000002
2025-08-25T06:00:00Z,2025-08-26T11:00:00Z,2025-08-26T12:00:00Z,2025-08-26T12:00:00Z,2025-08-25T00:00:00Z,2025-08-25T04:05:43Z,7.4964697265625002,0.12190673828125,7.497460877797657,6.5389233398437501,-0.054428710937499999,6.5391498628589071,33.664916992187557,56.211919614106414,421.4466681726696,29,35,0,16,8,238,1,0.16666666666666666
2025-08-25T06:00:00Z,2025-08-26T11:00:00Z,2025-08-26T12:00:00Z,2025-08-26T12:00:00Z,2025-08-25T00:00:00Z,2025-08-25T04:05:43Z,7.4964697265625002,0.12190673828125,7.497460877797657,6.5389233398437501,-0.054428710937499999,6.5391498628589071,33.664916992187557,56.211919614106414,421.4466681726696,29,35,0,16,8,238,2,0.18499999999999997
2025-08-25T06:00:00Z,2025-08-26T12:00:00Z,2025-08-26T13:00:00Z,2025-08-26T13:00:00Z,2025-08-25T00:00:00Z,2025-08-25T04:05:43Z,8.3757836914062498,1.0646606445312501,8.4431779996184257,6.7687695312500002,0.85204345703125006,6.8221857948789486,33.096704101562523,71.287254733240601,601.89098081689156,30,36,0,17,8,238,1,0.27166666666666667
2025-08-25T06:00:00Z,2025-08-26T12:00:00Z,2025-08-26T13:00:00Z,2025-08-26T13:00:00Z,2025-08-25T00:00:00Z,2025-08-25T04:05:43Z,8.3757836914062498,1.0646606445312501,8.4431779996184257,6.7687695312500002,0.85204345703125006,6.8221857948789486,33.096704101562523,71.287254733240601,601.89098081689156,30,36,0,17,8,238,2,0.3116666666666667
2025-08-25T06:00:00Z,2025-08-26T13:00:00Z,2025-08-26T14:00:00Z,2025-08-26T14:00:00Z,2025-08-25T00:00:00Z,2025-08-25T04:05:43Z,8.2836254882812508,1.30579833984375,8.3859144125397247,5.5050585937500003,1.1393286132812501,5.6217203603222838,30.404675292968761,70.323560534441469,589.72735982688255,31,37,0,18,8,238,1,0.6283333333333333
2025-08-25T06:00:00Z,2025-08-26T13:00:00Z,2025-08-26T14:00:00Z,2025-08-26T14:00:00Z,2025-08-25T00:00:00Z,2025-08-25T04:05:43Z,8.2836254882812508,1.30579833984375,8.3859144125397247,5.5050585937500003,1.1393286132812501,5.6217203603222838,30.404675292968761,70.323560534441469,589.72735982688255,31,37,0,18,8,238,2,0.65000000000000002
2025-08-25T06:00:00Z,2025-08-26T14:00:00Z,2025-08-26T15:00:00Z,2025-08-26T15:00:00Z,2025-08-25T00:00:00Z,2025-08-25T04:05:43Z,8.0916235351562502,1.3899804687499999,8.2101411156082449,4.1588427734374998,1.85389404296875,4.5533390316039872,26.750000000000057,67.406417138200993,553.41619680218423,32,38,0,19,8,238,1,0.81999999999999995
2025-08-25T06:00:00Z,2025-08-26T14:00:00Z,2025-08-26T15:00:00Z,2025-08-26T15:00:00Z,2025-08-25T00:00:00Z,2025-08-25T04:05:43Z,8.0916235351562502,1.3899804687499999,8.2101411156082449,4.1588427734374998,1.85389404296875,4.5533390316039872,26.750000000000057,67.406417138200993,553.41619680218423,32,38,0,19,8,238,2,0.82500000000000007
2025-08-25T06:00:00Z,2025-08-26T15:00:00Z,2025-08-26T16:00:00Z,2025-08-26T16:00:00Z,2025-08-25T00:00:00Z,2025-08-25T04:05:43Z,6.2440112304687503,1.3695239257812499,6.3924386605979384,3.7981225585937501,2.2600146484375001,4.4196607540908399,25.711108398437545,40.863272029507165,261.21595991995196,33,39,0,20,8,238,1,0.72333333333333327
2025-08-25T06:00:00Z,2025-08-26T15:00:00Z,2025-08-26T16:00:00Z,2025-08-26T16:00:00Z,2025-08-25T00:00:00Z,2025-08-25T04:05:43Z,6.2440112304687503,1.3695239257812499,6.3924386605979384,3.7981225585937501,2.2600146484375001,4.4196607540908399,25.711108398437545,40.863272029507165,261.21595991995196,33,39,0,20,8,238,2,0.68000000000000005
2025-08-25T06:00:00Z,2025-08-26T16:00:00Z,2025-08-26T17:00:00Z,2025-08-26T17:00:00Z,2025-08-25T00:00:00Z,2025-08-25T04:05:43Z,6.7254663085937505,3.3453662109375002,7.511549251207235,3.94535400390625,3.22867919921875,5.0980572365958103,24.720336914062557,56.423372153311973,423.82693884879774,34,40,0,21,8,238,1,0.505
2025-08-25T06:00:00Z,2025-08-26T16:00:00Z,2025-08-26T17:00:00Z,2025-08-26T17:00:00Z,2025-08-25T00:00:00Z,2025-08-25T04:05:43Z,6.7254663085937505,3.3453662109375002,7.511549251207235,3.94535400390625,3.22867919921875,5.0980572365958103,24.720336914062557,56.423372153311973,423.82693884879774,34,40,0,21,8,238,2,0.51666666666666672
2025-08-25T06:00:00Z,2025-08-26T17:00:00Z,2025-08-26T18:00:00Z,2025-08-26T18:00:00Z,2025-08-25T00:00:00Z,2025-08-25T04:05:43Z,8.0502221679687498,2.265419921875,8.3629064550599637,4.6768505859375002,2.3699218750000002,5.2430392995654209,23.454943847656295,69.938204376083604,584.8866608320526,35,41,0,22,8,238,1,0.4433333333333333
2025-08-25T06:00:00Z,2025-08-26T17:00:00Z,2025-08-26T18:00:00Z,2025-08-26T18:00:00Z,2025-08-25T00:00:00Z,2025-08-25T04:05:43Z,8.0502221679687498,2.265419921875,8.3629064550599637,4.6768505859375002,2.3699218750000002,5.2430392995654209,23.454943847656295,69.938204376083604,584.8866608320526,35,41,0,22,8,238,2,0.44166666666666665
2025-08-25T06:00:00Z,2025-08-26T18:00:00Z,2025-08-26T19:00:00Z,2025-08-26T19:00:00Z,2025-08-25T00:00:00Z,2025-08-25T04:05:43Z,8.3892724609374998,0.95850585937499999,8.4438513669000912,4.3923071289062499,1.2467065429687501,4.5658119890028059,22.479382324218761,71.298625906300543,602.03499981701407,36,42,0,23,8,238,1,0.44500000000000001
2025-08-25T06:00:00Z,2025-08-26T18:00:00Z,2025-08-26T19:00:00Z,2025-08-26T19:00:00Z,2025-08-25T00:00:00Z,2025-08-25T04:05:43Z,8.3892724609374998,0.95850585937499999,8.4438513669000912,4.3923071289062499,1.2467065429687501,4.5658119890028059,22.479382324218761,71.298625906300543,602.03499981701407,36,42,0,23,8,238,2,0.45000000000000001
2025-08-25T06:00:00Z,2025-08-26T19:00:00Z,2025-08-26T20:00:00Z,2025-08-26T20:00:00Z,2025-08-25T00:00:00Z,2025-08-25T04:05:43Z,8.3968749999999996,0.22570556640625,8.3999079023720107,4.7648095703125,0.31508300781249998,4.7752159682210982,21.150000000000034,70.558452768331748,592.68450498785216,37,43,0,0,8,239,1,0.51000000000000001
2025-08-25T06:00:00Z,2025-08-26T19:00:00Z,2025-08-26T20:00:00Z,2025-08-26T20:00:00Z,2025-08-25T00:00:00Z,2025-08-25T04:05:43Z,8.3968749999999996,0.22570556640625,8.3999079023720107,4.7648095703125,0.31508300781249998,4.7752159682210982,21.150000000000034,70.558452768331748,592.68450498785216,37,43,0,0,8,239,2,0.52333333333333332
2025-08-25T06:00:00Z,2025-08-26T20:00:00Z,2025-08-26T21:00:00Z,2025-08-26T21:00:00Z,2025-08-25T00:00:00Z,2025-08-25T04:05:43Z,8.6604370117187504,0.72381103515625,8.690631257196566,4.7781054687499998,0.61623046874999998,4.8176790948665831,20.179382324218807,75.527071648561972,656.37792963351728,38,44,0,1,8,239,1,0.51666666666666672
2025-08-25T06:00:00Z,2025-08-26T20:00:00Z,2025-08-26T21:00:00Z,2025-08-26T21:00:00Z,2025-08-25T00:00:00Z,2025-08-25T04:05:43Z,8.6604370117187504,0.72381103515625,8.690631257196566,4.7781054687499998,0.61623046874999998,4.8176790948665831,20.179382324218807,75.527071648561972,656.37792963351728,38,44,0,1,8,239,2,0.50666666666666671
2025-08-25T06:00:00Z,2025-08-26T21:00:00Z,2025-08-26T22:00:00Z,2025-08-26T22:00:00Z,2025-08-25T00:00:00Z,2025-08-25T04:05:43Z,8.5756567382812499,1.209921875,8.6605888619903979,4.8021264648437505,0.92466796875000001,4.8903404213597428,19.600732421875023,75.005799436432142,649.59439118384989,39,45,0,2,8,239,1,0.315
2025-08-25T06:00:00Z,2025-08-26T21:00:00Z,2025-08-26T22:00:00Z,2025-08-26T22:00:00Z,2025-08-25T00:00:00Z,2025-08-25T04:05:43Z,8.5756567382812499,1.209921875,8.6605888619903979,4.8021264648437505,0.92466796875000001,4.8903404213597428,19.600732421875023,75.005799436432142,649.59439118384989,39,45,0,2,8,239,2,0.31333333333333335
2025-08-25T06:00:00Z,2025-08-26T22:00:00Z,2025-08-26T23:00:00Z,2025-08-26T23:00:00Z,2025-08-25T00:00:00Z,2025-08-25T04:05:43Z,8.1154248046874997,1.34718994140625,8.2264840909566779,4.4011376953125003,0.79592041015625004,4.472527508289236,19.409765625000034,67.675040498763323,556.7276440179254,40,46,0,3,8,239,1,0.035000000000000003
2025-08-25T06:00:00Z,2025-08-26T22:00:00Z,2025-08-26T23:00:00Z,2025-08-26T23:00:00Z,2025-08-25T00:00:00Z,2025-08-25T04:05:43Z,8.1154248046874997,1.34718994140625,8.2264840909566779,4.4011376953125003,0.79592041015625004,4.472527508289236,19.409765625000034,67.675040498763323,556.7276440179254,40,46,0,3,8,239,2,0.023333333333333334
2025-08-25T06:00:00Z,2025-08-26T23:00:00Z,2025-08-27T00:00:00Z,2025-08-27T00:00:00Z,2025-08-25T00:00:00Z,2025-08-25T04:05:43Z,7.6470458984374998,1.7306884765625001,7.8404460061731189,3.8884338378906249,1.3273828125,4.1087544149745945,19.019946289062545,61.472593575716012,481.97255078982596,41,47,0,4,8,239,1,0.059999999999999998
2025-08-25T06:00:00Z,2025-08-26T23:00:00Z,2025-08-27T00:00:00Z,2025-08-27T00:00:00Z,2025-08-25T00:00:00Z,2025-08-25T04:05:43Z,7.6470458984374998,1.7306884765625001,7.8404460061731189,3.8884338378906249,1.3273828125,4.1087544149745945,19.019946289062545,61.472593575716012,481.97255078982596,41,47,0,4,8,239,2,0.051666666666666666
2025-08-25T06:00:00Z,2025-08-27T00:00:00Z,2025-08-27T01:00:00Z,2025-08-27T01:00:00Z,2025-08-25T00:00:00Z,2025-08-25T04:05:43Z,7.1620703125,1.9349755859375,7.4188531242617293,3.4232666015625002,1.4202441406249999,3.706190449012694,18.402172851562511,55.03938167936802,408.32908872941323,42,48,0,5,8,239,1,0.055
2025-08-25T06:00:00Z,2025-08-27T00:00:00Z,2025-08-27T01:00:00Z,2025-08-27T01:00:00Z,2025-08-25T00:00:00Z,2025-08-25T04:05:43Z,7.1620703125,1.9349755859375,7.4188531242617293,3.4232666015625002,1.4202441406249999,3.706190449012694,18.402172851562511,55.03938167936802,408.32908872941323,42,48,0,5,8,239,2,0.038333333333333337
2025-08-25T06:00:00Z,2025-08-27T01:00:00Z,2025-08-27T02:00:00Z,2025-08-27T02:00:00Z,2025-08-25T00:00:00Z,2025-08-25T04:05:43Z,6.2198876953125,1.2814257812500001,6.350516118801055,3.1028479003906249,0.76580322265625,3.195953639962446,18.968847656250034,40.329054975152019,256.11031367571678,43,49,0,6,8,239,1,0.01
2025-08-25T06:00:00Z,2025-08-27T01:00:00Z,2025-08-27T02:00:00Z,2025-08-27T02:00:00Z,2025-08-25T00:00:00Z,2025-08-25T04:05:43Z,6.2198876953125,1.2814257812500001,6.350516118801055,3.1028479003906249,0.76580322265625,3.195953639962446,18.968847656250034,40.329054975152019,256.11031367571678,43,49,0,6,8,239,2,0.01
2025-08-25T06:00:00Z,2025-08-27T02:00:00Z,2025-08-27T03:00:00Z,2025-08-27T03:00:00Z,2025-08-25T00:00:00Z,2025-08-25T04:05:43Z,5.5050390624999999,0.47619384765625,5.5255964076465576,4.2457092285156248,0.24805419921874999,4.252949298881048,21.510253906250057,30.532215660196542,168.70870116947199,44,50,0,7,8,239,1,0.081666666666666665
2025-08-25T06:00:00Z,2025-08-27T02:00:00Z,2025-08-27T03:00:00Z,2025-08-27T03:00:00Z,2025-08-25T00:00:00Z,2025-08-25T04:05:43Z,5.5050390624999999,0.47619384765625,5.5255964076465576,4.2457092285156248,0.24805419921874999,4.252949298881048,21.510253906250057,30.532215660196542,168.70870116947199,44,50,0,7,8,239,2,0.055
2025-08-25T06:00:00Z,2025-08-27T03:00:00Z,2025-08-27T04:00:00Z,2025-08-27T04:00:00Z,2025-08-25T00:00:00Z,2025-08-25T04:05:43Z,4.4381250000000003,0.81512207031250006,4.5123583085938046,3.667197265625,0.59734863281250006,3.7155297299484014,23.902172851562511,20.36137750513554,91.87783095971335,45,51,0,8,8,239,1,0.070000000000000007
2025-08-25T06:00:00Z,2025-08-27T03:00:00Z,2025-08-27T04:00:00Z,2025-08-27T04:00:00Z,2025-08-25T00:00:00Z,2025-08-25T04:05:43Z,4.4381250000000003,0.81512207031250006,4.5123583085938046,3.667197265625,0.59734863281250006,3.7155297299484014,23.902172851562511,20.36137750513554,91.87783095971335,45,51,0,8,8,239,2,0.061666666666666668
2025-08-25T06:00:00Z,2025-08-27T04:00:00Z,2025-08-27T05:00:00Z,2025-08-27T05:00:00Z,2025-08-25T00:00:00Z,2025-08-25T04:05:43Z,3.2823828124999999,0.066479492187500003,3.283055962160395,2.8952099609375002,-0.0982666015625,2.8968771190532685,25.818530273437545,10.778456450676916,35.386275713281023,46,52,0,9,8,239,1,0.053333333333333337
2025-08-25T06:00:00Z,2025-08-27T04:00:00Z,2025-08-27T05:00:00Z,2025-08-27T05:00:00Z,2025-08-25T00:00:00Z,2025-08-25T04:05:43Z,3.2823828124999999,0.066479492187500003,3.283055962160395,2.8952099609375002,-0.0982666015625,2.8968771190532685,25.818530273437545,10.778456450676916,35.386275713281023,46,52,0,9,8,239,2,0.065000000000000002
2025-08-25T06:00:00Z,2025-08-27T05:00:00Z,2025-08-27T06:00:00Z,2025-08-27T06:00:00Z,2025-08-25T00:00:00Z,2025-08-25T04:05:43Z,2.6743286132812503,-0.02849609375,2.6744804278913361,2.4540502929687502,-0.18158203125,2.4607590037410989,27.728515625000057,7.1528455591738247,19.130145451739853,47,53,0,10,8,239,1,0.018333333333333333
2025-08-25T06:00:00Z,2025-08-27T05:00:00Z,2025-08-27T06:00:00Z,2025-08-27T06:00:00Z,2025-08-25T00:00:00Z,2025-08-25T04:05:43Z,2.6743286132812503,-0.02849609375,2.6744804278913361,2.4540502929687502,-0.18158203125,2.4607590037410989,27.728515625000057,7.1528455591738247,19.130145451739853,47,53,0,10,8,239,2,0.031666666666666669
2025-09-01T06:00:00Z,2025-09-01T06:00:00Z,2025-09-01T07:00:00Z,2025-09-01T07:00:00Z,2025-09-01T00:00:00Z,2025-09-01T04:02:20Z,-4.6723120117187502,-1.71798583984375,4.9781497447098708,-4.2553637695312503,-1.5605712890625001,4.532494187451916,23.312890625000023,24.781974880754952,123.36838192603669,0,6,0,11,9,244,1,0.13666666666666669
2025-09-01T06:00:00Z,2025-09-01T06:00:00Z,2025-09-01T07:00:00Z,2025-09-01T07:00:00Z,2025-09-01T00:00:00Z,2025-09-01T04:02:20Z,-4.6723120117187502,-1.71798583984375,4.9781497447098708,-4.2553637695312503,-1.5605712890625001,4.532494187451916,23.312890625000023,24.781974880754952,123.36838192603669,0,6,0,11,9,244,2,0.13
2025-09-01T06:00:00Z,2025-09-01T07:00:00Z,2025-09-01T08:00:00Z,2025-09-01T08:00:00Z,2025-09-01T00:00:00Z,2025-09-01T04:02:20Z,-2.6448217773437501,-1.6555834960937501,3.1202626406201381,-2.5377099609375002,-1.4745361328125,2.9350006222846106,24.681445312500045,9.7360389464497565,30.378998592229824,1,7,0,12,9,244,1,0.094999999999999987
2025-09-01T06:00:00Z,2025-09-01T07:00:00Z,2025-09-01T08:00:00Z,2025-09-01T08:00:00Z,2025-09-01T00:00:00Z,2025-09-01T04:02:20Z,-2.6448217773437501,-1.6555834960937501,3.1202626406201381,-2.5377099609375002,-1.4745361328125,2.9350006222846106,24.681445312500045,9.7360389464497565,30.378998592229824,1,7,0,12,9,244,2,0.099999999999999992
2025-09-01T06:00:00Z,2025-09-01T08:00:00Z,2025-09-01T09:00:00Z,2025-09-01T09:00:00Z,2025-09-01T00:00:00Z,2025-09-01T04:02:20Z,-0.39079101562500002,-0.57428466796875,0.69463695392427582,-0.5407763671875,-0.45162841796875003,0.70456178382414825,25.963183593750045,0.48252049775719652,0.33517656876808438,2,8,0,13,9,244,1,0.061666666666666668
2025-09-01T06:00:00Z,2025-09-01T08:00:00Z,2025-09-01T09:00:00Z,2025-09-01T09:00:00Z,2025-09-01T00:00:00Z,2025-09-01T04:02:20Z,-0.39079101562500002,-0.57428466796875,0.69463695392427582,-0.5407763671875,-0.45162841796875003,0.70456178382414825,25.963183593750045,0.48252049775719652,0.33517656876808438,2,8,0,13,9,244,2,0.068333333333333343
2025-09-01T06:00:00Z,2025-09-01T09:00:00Z,2025-09-01T10:00:00Z,2025-09-01T10:00:00Z,2025-09-01T00:00:00Z,2025-09-01T04:02:20Z,2.8545068359374999,0.165009765625,2.8592721974596147,2.5438696289062501,0.1987255859375,2.5516199849072012,26.782690429687534,8.1754374991655343,23.375801143432774,3,9,0,14,9,244,1,0.0083333333333333332
2025-09-01T06:00:00Z,2025-09-01T09:00:00Z,2025-09-01T10:00:00Z,2025-09-01T10:00:00Z,2025-09-01T00:00:00Z,2025-09-01T04:02:20Z,2.8545068359374999,0.165009765625,2.8592721974596147,2.5438696289062501,0.1987255859375,2.5516199849072012,26.782690429687534,8.1754374991655343,23.375801143432774,3,9,0,14,9,244,2,0.0083333333333333332
2025-09-01T06:00:00Z,2025-09-01T10:00:00Z,2025-09-01T11:00:00Z,2025-09-01T11:00:00Z,2025-09-01T00:00:00Z,2025-09-01T04:02:20Z,6.0317968750000004,-0.2871142578125,6.0386263453122346,5.5291577148437501,-0.49330322265624998,5.5511199865521919,27.692773437500023,36.465008138298998,220.19855882595738,4,10,0,15,9,244,1,0.01
2025-09-01T06:00:00Z,2025-09-01T10:00:00Z,2025-09-01T11:00:00Z,2025-09-01T11:00:00Z,2025-09-01T00:00:00Z,2025-09-01T04:02:20Z,6.0317968750000004,-0.2871142578125,6.0386263453122346,5.5291577148437501,-0.49330322265624998,5.5511199865521919,27.692773437500023,36.465008138298998,220.19855882595738,4,10,0,15,9,244,2,0.0083333333333333332
2025-09-01T06:00:00Z,2025-09-01T11:00:00Z,2025-09-01T12:00:00Z,2025-09-01T12:00:00Z,2025-09-01T00:00:00Z,2025-09-01T04:02:20Z,8.9805151367187506,-0.1141845703125,8.9812410187530354,7.5706201171875005,-0.26396972656250001,7.5752207212269109,27.090502929687545,80.662690236932065,724.45106223890423,5,11,0,16,9,244,1,0.011666666666666667
2025-09-01T06:00:00Z,2025-09-01T11:00:00Z,2025-09-01T12:00:00Z,2025-09-01T12:00:00Z,2025-09-01T00:00:00Z,2025-09-01T04:02:20Z,8.9805151367187506,-0.1141845703125,8.9812410187530354,7.5706201171875005,-0.26396972656250001,7.5752207212269109,27.090502929687545,80.662690236932065,724.45106223890423,5,11,0,16,9,244,2,0.01
2025-09-01T06:00:00Z,2025-09-01T12:00:00Z,2025-09-01T13:00:00Z,2025-09-01T13:00:00Z,2025-09-01T00:00:00Z,2025-09-01T04:02:20Z,9.7482788085937511,1.16316650390625,9.8174281787995525,7.5275292968750005,1.10279296875,7.6078807592677133,25.754492187500034,96.381896045887501,946.22234216702509,6,12,0,17,9,244,1,0.055
2025-09-01T06:00:00Z,2025-09-01T12:00:00Z,2025-09-01T13:00:00Z,2025-09-01T13:00:00Z,2025-09-01T00:00:00Z,2025-09-01T04:02:20Z,9.7482788085937511,1.16316650390625,9.8174281787995525,7.5275292968750005,1.10279296875,7.6078807592677133,25.754492187500034,96.381896045887501,946.22234216702509,6,12,0,17,9,244,2,0.058333333333333327
2025-09-01T06:00:00Z,2025-09-01T13:00:00Z,2025-09-01T14:00:00Z,2025-09-01T14:00:00Z,2025-09-01T00:00:00Z,2025-09-01T04:02:20Z,9.6159545898437511,1.5927758789062501,9.7469747960258246,6.0434008789062501,1.4901416015625,6.2244048852779565,23.183203125000034,95.003517674362669,925.99689230580691,7,13,0,18,9,244,1,0.11
2025-09-01T06:00:00Z,2025-09-01T13:00:00Z,2025-09-01T14:00:00Z,2025-09-01T14:00:00Z,2025-09-01T00:00:00Z,2025-09-01T04:02:20Z,9.6159545898437511,1.5927758789062501,9.7469747960258246,6.0434008789062501,1.4901416015625,6.2244048852779565,23.183203125000034,95.003517674362669,925.99689230580691,7,13,0,18,9,244,2,0.11666666666666665
2025-09-01T06:00:00Z,2025-09-01T14:00:00Z,2025-09-01T15:00:00Z,2025-09-01T15:00:00Z,2025-09-01T00:00:00Z,2025-09-01T04:02:20Z,8.7717480468750004,2.1385693359375,9.0286788957448003,4.1609204101562502,2.3330004882812498,4.7703406521940765,20.064697265625057,81.517042602467541,735.99120218842847,8,14,0,19,9,244,1,0.12833333333333333
2025-09-01T06:00:00Z,2025-09-01T14:00:00Z,2025-09-01T15:00:00Z,2025-09-01T15:00:00Z,2025-09-01T00:00:00Z,2025-09-01T04:02:20Z,8.7717480468750004,2.1385693359375,9.0286788957448003,4.1609204101562502,2.3330004882812498,4.7703406521940765,20.064697265625057,81.517042602467541,735.99120218842847,8,14,0,19,9,244,2,0.11833333333333333
2025-09-01T06:00:00Z,2025-09-01T15:00:00Z,2025-09-01T16:00:00Z,2025-09-01T16:00:00Z,2025-09-01T00:00:00Z,2025-09-01T04:02:20Z,7.0914013671875002,3.4568164062500002,7.8890780841025974,3.5839892578125001,2.9443188476562501,4.6383178499084368,18.704516601562545,62.23755301706791,490.99691551512393,9,15,0,20,9,244,1,0.215
2025-09-01T06:00:00Z,2025-09-01T15:00:00Z,2025-09-01T16:00:00Z,2025-09-01T16:00:00Z,2025-09-01T00:00:00Z,2025-09-01T04:02:20Z,7.0914013671875002,3.4568164062500002,7.8890780841025974,3.5839892578125001,2.9443188476562501,4.6383178499084368,18.704516601562545,62.23755301706791,490.99691551512393,9,15,0,20,9,244,2,0.16666666666666666
2025-09-01T06:00:00Z,2025-09-01T16:00:00Z,2025-09-01T17:00:00Z,2025-09-01T17:00:00Z,2025-09-01T00:00:00Z,2025-09-01T04:02:20Z,6.4638134765624997,4.0987646484375002,7.6538066544087702,3.0691088867187499,3.1426806640625,4.3927065819160198,17.981689453125057,58.580756303071972,448.36578241275078,10,16,0,21,9,244,1,0.59666666666666668
2025-09-01T06:00:00Z,2025-09-01T16:00:00Z,2025-09-01T17:00:00Z,2025-09-01T17:00:00Z,2025-09-01T00:00:00Z,2025-09-01T04:02:20Z,6.4638134765624997,4.0987646484375002,7.6538066544087702,3.0691088867187499,3.1426806640625,4.3927065819160198,17.981689453125057,58.580756303071972,448.36578241275078,10,16,0,21,9,244,2,0.47833333333333333
2025-09-01T06:00:00Z,2025-09-01T17:00:00Z,2025-09-01T18:00:00Z,2025-09-01T18:00:00Z,2025-09-01T00:00:00Z,2025-09-01T04:02:20Z,6.0248608398437504,3.5114062500000003,6.9734440552729611,2.9692895507812502,2.5742504882812502,3.9298150099966507,17.713378906250057,48.628921992021802,339.11106697959701,11,17,0,22,9,244,1,0.41500000000000004
2025-09-01T06:00:00Z,2025-09-01T17:00:00Z,2025-09-01T18:00:00Z,2025-09-01T18:00:00Z,2025-09-01T00:00:00Z,2025-09-01T04:02:20Z,6.0248608398437504,3.5114062500000003,6.9734440552729611,2.9692895507812502,2.5742504882812502,3.9298150099966507,17.713378906250057,48.628921992021802,339.11106697959701,11,17,0,22,9,244,2,0.38833333333333336
2025-09-01T06:00:00Z,2025-09-01T18:00:00Z,2025-09-01T19:00:00Z,2025-09-01T19:00:00Z,2025-09-01T00:00:00Z,2025-09-01T04:02:20Z,5.3160473632812497,2.1265429687499999,5.7256042970667815,2.9549902343749999,1.5628173828125,3.3428080198049854,17.152124023437523,32.782544566589593,187.69987803924863,12,18,0,23,9,244,1,0.16166666666666668
2025-09-01T06:00:00Z,2025-09-01T18:00:00Z,2025-09-01T19:00:00Z,2025-09-01T19:00:00Z,2025-09-01T00:00:00Z,2025-09-01T04:02:20Z,5.3160473632812497,2.1265429687499999,5.7256042970667815,2.9549902343749999,1.5628173828125,3.3428080198049854,17.152124023437523,32.782544566589593,187.69987803924863,12,18,0,23,9,244,2,0.15666666666666668
2025-09-01T06:00:00Z,2025-09-01T19:00:00Z,2025-09-01T20:00:00Z,2025-09-01T20:00:00Z,2025-09-01T00:00:00Z,2025-09-01T04:02:20Z,4.6708227539062497,0.81958740234375005,4.7421839597899336,2.9058666992187501,0.69954833984374998,2.9888842656427199,16.486621093750045,22.488308708488933,106.64369684020049,13,19,0,0,9,245,1,0.043333333333333335
2025-09-01T06:00:00Z,2025-09-01T19:00:00Z,2025-09-01T20:00:00Z,2025-09-01T20:00:00Z,2025-09-01T00:00:00Z,2025-09-01T04:02:20Z,4.6708227539062497,0.81958740234375005,4.7421839597899336,2.9058666992187501,0.69954833984374998,2.9888842656427199,16.486621093750045,22.488308708488933,106.64369684020049,13,19,0,0,9,245,2,0.041666666666666664
2025-09-01T06:00:00Z,2025-09-01T20:00:00Z,2025-09-01T21:00:00Z,2025-09-01T21:00:00Z,2025-09-01T00:00:00Z,2025-09-01T04:02:20Z,4.0504003906249997,0.78117187500000007,4.1250421601077205,2.5696130371093751,0.90972656250000006,2.7258968393907597,15.675366210937511,17.015972822666168,70.191605288745109,14,20,0,1,9,245,1,0.01
2025-09-01T06:00:00Z,2025-09-01T20:00:00Z,2025-09-01T21:00:00Z,2025-09-01T21:00:00Z,2025-09-01T00:00:00Z,2025-09-01T04:02:20Z,4.0504003906249997,0.78117187500000007,4.1250421601077205,2.5696130371093751,0.90972656250000006,2.7258968393907597,15.675366210937511,17.015972822666168,70.191605288745109,14,20,0,1,9,245,2,0.0066666666666666671
2025-09-01T06:00:00Z,2025-09-01T21:00:00Z,2025-09-01T22:00:00Z,2025-09-01T22:00:00Z,2025-09-01T00:00:00Z,2025-09-01T04:02:20Z,3.69132568359375,1.570537109375,4.0115423610231078,2.2531945800781252,1.498515625,2.7059997956508757,15.336132812500011,16.092472114282849,64.55563358002874,15,21,0,2,9,245,1,0.01
2025-09-01T06:00:00Z,2025-09-01T21:00:00Z,2025-09-01T22:00:00Z,2025-09-01T22:00:00Z,2025-09-01T00:00:00Z,2025-09-01T04:02:20Z,3.69132568359375,1.570537109375,4.0115423610231078,2.2531945800781252,1.498515625,2.7059997956508757,15.336132812500011,16.092472114282849,64.55563358002874,15,21,0,2,9,245,2,0.01
2025-09-01T06:00:00Z,2025-09-01T22:00:00Z,2025-09-01T23:00:00Z,2025-09-01T23:00:00Z,2025-09-01T00:00:00Z,2025-09-01T04:02:20Z,3.4693579101562499,1.4646728515625,3.765861238929014,2.1048632812500001,1.2191137695312499,2.4324242672311938,14.772497558593784,14.181710870867969,53.406355270299912,16,22,0,3,9,245,1,0.01
2025-09-01T06:00:00Z,2025-09-01T22:00:00Z,2025-09-01T23:00:00Z,2025-09-01T23:00:00Z,2025-09-01T00:00:00Z,2025-09-01T04:02:20Z,3.4693579101562499,1.4646728515625,3.765861238929014,2.1048632812500001,1.2191137695312499,2.4324242672311938,14.772497558593784,14.181710870867969,53.406355270299912,16,22,0,3,9,245,2,0.01
2025-09-01T06:00:00Z,2025-09-01T23:00:00Z,2025-09-02T00:00:00Z,2025-09-02T00:00:00Z,2025-09-01T00:00:00Z,2025-09-01T04:02:20Z,3.1526782226562502,0.90783447265625006,3.2807839620057315,1.9371789550781251,0.53139892578125003,2.0087426720013299,14.084130859375023,10.763543405354024,35.312860578638038,17,23,0,4,9,245,1,0.02
2025-09-01T06:00:00Z,2025-09-01T23:00:00Z,2025-09-02T00:00:00Z,2025-09-02T00:00:00Z,2025-09-01T00:00:00Z,2025-09-01T04:02:20Z,3.1526782226562502,0.90783447265625006,3.2807839620057315,1.9371789550781251,0.53139892578125003,2.0087426720013299,14.084130859375023,10.763543405354024,35.312860578638038,17,23,0,4,9,245,2,0.01
2025-09-01T06:00:00Z,2025-09-02T00:00:00Z,2025-09-02T01:00:00Z,2025-09-02T01:00:00Z,2025-09-01T00:00:00Z,2025-09-01T04:02:20Z,3.0770849609374999,0.15425048828125001,3.0809487288760162,1.9319506835937501,-0.15810546875000001,1.9384093435306733,13.650000000000034,9.4922450699627401,29.245120382481335,18,24,0,5,9,245,1,0.021666666666666667
2025-09-01T06:00:00Z,2025-09-02T00:00:00Z,2025-09-02T01:00:00Z,2025-09-02T01:00:00Z,2025-09-01T00:00:00Z,2025-09-01T04:02:20Z,3.0770849609374999,0.15425048828125001,3.0809487288760162,1.9319506835937501,-0.15810546875000001,1.9384093435306733,13.650000000000034,9.4922450699627401,29.245120382481335,18,24,0,5,9,245,2,0.02
2025-09-01T06:00:00Z,2025-09-02T01:00:00Z,2025-09-02T02:00:00Z,2025-09-02T02:00:00Z,2025-09-01T00:00:00Z,2025-09-01T04:02:20Z,2.93058349609375,0.10058837890625,2.9323092690826549,1.75612548828125,-0.13483642578124999,1.7612942946335008,15.768298339843795,8.5984376495480532,25.213278419399032,19,25,0,6,9,245,1,0.01
2025-09-01T06:00:00Z,2025-09-02T01:00:00Z,2025-09-02T02:00:00Z,2025-09-02T02:00:00Z,2025-09-01T00:00:00Z,2025-09-01T04:02:20Z,2.93058349609375,0.10058837890625,2.9323092690826549,1.75612548828125,-0.13483642578124999,1.7612942946335008,15.768298339843795,8.5984376495480532,25.213278419399032,19,25,0,6,9,245,2,0.0083333333333333332
2025-09-01T06:00:00Z,2025-09-02T02:00:00Z,2025-09-02T03:00:00Z,2025-09-02T03:00:00Z,2025-09-01T00:00:00Z,2025-09-01T04:02:20Z,1.99947021484375,0.185517578125,2.0080582441355324,1.4430517578124999,0.034267578125000003,1.4434585697678679,19.168273925781307,4.0322979118406774,8.0970890646821641,20,26,0,7,9,245,1,0.01
2025-09-01T06:00:00Z,2025-09-02T02:00:00Z,2025-09-02T03:00:00Z,2025-09-02T03:00:00Z,2025-09-01T00:00:00Z,2025-09-01T04:02:20Z,1.99947021484375,0.185517578125,2.0080582441355324,1.4430517578124999,0.034267578125000003,1.4434585697678679,19.168273925781307,4.0322979118406774,8.0970890646821641,20,26,0,7,9,245,2,0.01
2025-09-01T06:00:00Z,2025-09-02T03:00:00Z,2025-09-02T04:00:00Z,2025-09-02T04:00:00Z,2025-09-01T00:00:00Z,2025-09-01T04:02:20Z,1.8119946289062501,0.30220214843749998,1.8370222300520318,1.43870849609375,0.17866455078125001,1.4497596898928475,21.680480957031307,3.3746506737053399,6.1993083062567749,21,27,0,8,9,245,1,0.01
2025-09-01T06:00:00Z,2025-09-02T03:00:00Z,2025-09-02T04:00:00Z,2025-09-02T04:00:00Z,2025-09-01T00:00:00Z,2025-09-01T04:02:20Z,1.8119946289062501,0.30220214843749998,1.8370222300520318,1.43870849609375,0.17866455078125001,1.4497596898928475,21.680480957031307,3.3746506737053399,6.1993083062567749,21,27,0,8,9,245,2,0.01
2025-09-01T06:00:00Z,2025-09-02T04:00:00Z,2025-09-02T05:00:00Z,2025-09-02T05:00:00Z,2025-09-01T00:00:00Z,2025-09-01T04:02:20Z,3.274619140625,-0.0043750000000000004,3.2746220631963947,2.8058715820312501,-0.01383544921875,2.8059056923755716,24.422802734375011,10.723149656772613,35.114262453024445,22,28,0,9,9,245,1,0.01
2025-09-01T06:00:00Z,2025-09-02T04:00:00Z,2025-09-02T05:00:00Z,2025-09-02T05:00:00Z,2025-09-01T00:00:00Z,2025-09-01T04:02:20Z,3.274619140625,-0.0043750000000000004,3.2746220631963947,2.8058715820312501,-0.01383544921875,2.8059056923755716,24.422802734375011,10.723149656772613,35.114262453024445,22,28,0,9,9,245,2,0.01
2025-09-01T06:00:00Z,2025-09-02T05:00:00Z,2025-09-02T06:00:00Z,2025-09-02T06:00:00Z,2025-09-01T00:00:00Z,2025-09-01T04:02:20Z,5.7419335937499998,0.38789550781249998,5.7550207923182954,5.1171728515624997,0.38010009765625002,5.1312702206185339,26.568286132812545,33.120264320015899,190.60780980876928,23,29,0,10,9,245,1,0.01
2025-09-01T06:00:00Z,2025-09-02T05:00:00Z,2025-09-02T06:00:00Z,2025-09-02T06:00:00Z,2025-09-01T00:00:00Z,2025-09-01T04:02:20Z,5.7419335937499998,0.38789550781249998,5.7550207923182954,5.1171728515624997,0.38010009765625002,5.1312702206185339,26.568286132812545,33.120264320015899,190.60780980876928,23,29,0,10,9,245,2,0.01
2025-09-01T06:00:00Z,2025-09-02T06:00:00Z,2025-09-02T07:00:00Z,2025-09-02T07:00:00Z,2025-09-01T00:00:00Z,2025-09-01T04:02:20Z,7.4054248046874998,-0.075913085937499999,7.4058138873791206,6.5434326171875004,-0.15672119140625002,6.5453091559917214,27.654882812500034,54.846079334497439,406.17985600371816,24,30,0,11,9,245,1,0.036666666666666674
2025-09-01T06:00:00Z,2025-09-02T06:00:00Z,2025-09-02T07:00:00Z,2025-09-02T07:00:00Z,2025-09-01T00:00:00Z,2025-09-01T04:02:20Z,7.4054248046874998,-0.075913085937499999,7.4058138873791206,6.5434326171875004,-0.15672119140625002,6.5453091559917214,27.654882812500034,54.846079334497439,406.17985600371816,24,30,0,11,9,245,2,0.031666666666666669
2025-09-01T06:00:00Z,2025-09-02T07:00:00Z,2025-09-02T08:00:00Z,2025-09-02T08:00:00Z,2025-09-01T00:00:00Z,2025-09-01T04:02:20Z,9.6197949218750001,0.22731201171875001,9.6224801942952141,8.2400317382812496,0.34618408203125001,8.2473005563356381,28.286547851562545,92.592125089603655,890.9658898224161,25,31,0,12,9,245,1,0.18000000000000002
2025-09-01T06:00:00Z,2025-09-02T07:00:00Z,2025-09-02T08:00:00Z,2025-09-02T08:00:00Z,2025-09-01T00:00:00Z,2025-09-01T04:02:20Z,9.6197949218750001,0.22731201171875001,9.6224801942952141,8.2400317382812496,0.34618408203125001,8.2473005563356381,28.286547851562545,92.592125089603655,890.9658898224161,25,31,0,12,9,245,2,0.17666666666666667
2025-09-01T06:00:00Z,2025-09-02T08:00:00Z,2025-09-02T09:00:00Z,2025-09-02T09:00:00Z,2025-09-01T00:00:00Z,2025-09-01T04:02:20Z,11.12046630859375,-0.1976953125,11.122223444849199,9.4184643554687497,0.10461181640625,9.4190453044545439,28.691442871093784,123.70385435715319,1375.8619091493399,26,32,0,13,9,245,1,0.33499999999999996
2025-09-01T06:00:00Z,2025-09-02T08:00:00Z,2025-09-02T09:00:00Z,2025-09-02T09:00:00Z,2025-09-01T00:00:00Z,2025-09-01T04:02:20Z,11.12046630859375,-0.1976953125,11.122223444849199,9.4184643554687497,0.10461181640625,9.4190453044545439,28.691442871093784,123.70385435715319,1375.8619091493399,26,32,0,13,9,245,2,0.40666666666666668
2025-09-01T06:00:00Z,2025-09-02T09:00:00Z,2025-09-02T10:00:00Z,2025-09-02T10:00:00Z,2025-09-01T00:00:00Z,2025-09-01T04:02:20Z,12.63263671875,0.75055664062500005,12.654913896929408,10.40670166015625,1.1977514648437499,10.475402045508048,28.526477050781295,160.14684573869704,2026.6445436880472,27,33,0,14,9,245,1,0.56833333333333336
2025-09-01T06:00:00Z,2025-09-02T09:00:00Z,2025-09-02T10:00:00Z,2025-09-02T10:00:00Z,2025-09-01T00:00:00Z,2025-09-01T04:02:20Z,12.63263671875,0.75055664062500005,12.654913896929408,10.40670166015625,1.1977514648437499,10.475402045508048,28.526477050781295,160.14684573869704,2026.6445436880472,27,33,0,14,9,245,2,0.66333333333333333
2025-09-01T06:00:00Z,2025-09-02T10:00:00Z,2025-09-02T11:00:00Z,2025-09-02T11:00:00Z,2025-09-01T00:00:00Z,2025-09-01T04:02:20Z,13.84380859375,-0.87982910156250005,13.871738738469039,11.361621093750001,-0.057949218750000003,11.36176887592327,28.752600097656284,192.42513562834262,2669.2712081508394,28,34,0,15,9,245,1,0.81333333333333335
2025-09-01T06:00:00Z,2025-09-02T10:00:00Z,2025-09-02T11:00:00Z,2025-09-02T11:00:00Z,2025-09-01T00:00:00Z,2025-09-01T04:02:20Z,13.84380859375,-0.87982910156250005,13.871738738469039,11.361621093750001,-0.057949218750000003,11.36176887592327,28.752600097656284,192.42513562834262,2669.2712081508394,28,34,0,15,9,245,2,0.81999999999999995
2025-09-01T06:00:00Z,2025-09-02T11:00:00Z,2025-09-02T12:00:00Z,2025-09-02T12:00:00Z,2025-09-01T00:00:00Z,2025-09-01T04:02:20Z,13.5272119140625,-2.5814526367187502,13.771323824657404,11.013825683593749,-1.50123046875,11.115666831499254,27.945117187500045,189.64935988357664,2611.7227480957249,29,35,0,16,9,245,1,0.80500000000000005
2025-09-01T06:00:00Z,2025-09-02T11:00:00Z,2025-09-02T12:00:00Z,2025-09-02T12:00:00Z,2025-09-01T00:00:00Z,2025-09-01T04:02:20Z,13.5272119140625,-2.5814526367187502,13.771323824657404,11.013825683593749,-1.50123046875,11.115666831499254,27.945117187500045,189.64935988357664,2611.7227480957249,29,35,0,16,9,245,2,0.82166666666666666
2025-09-01T06:00:00Z,2025-09-02T12:00:00Z,2025-09-02T13:00:00Z,2025-09-02T13:00:00Z,2025-09-01T00:00:00Z,2025-09-01T04:02:20Z,11.032727050781251,-4.8849121093750005,12.065795974296883,8.8461450195312494,-3.3813647460937499,9.470370069469471,26.947058105468784,145.58343249335886,1756.5799937026914,30,36,0,17,9,245,1,0.64500000000000002
2025-09-01T06:00:00Z,2025-09-02T12:00:00Z,2025-09-02T13:00:00Z,2025-09-02T13:00:00Z,2025-09-01T00:00:00Z,2025-09-01T04:02:20Z,11.032727050781251,-4.8849121093750005,12.065795974296883,8.8461450195312494,-3.3813647460937499,9.470370069469471,26.947058105468784,145.58343249335886,1756.5799937026914,30,36,0,17,9,245,2,0.75666666666666671
2025-09-01T06:00:00Z,2025-09-02T13:00:00Z,2025-09-02T14:00:00Z,2025-09-02T14:00:00Z,2025-09-01T00:00:00Z,2025-09-01T04:02:20Z,6.86859130859375,-3.2288916015625002,7.5896829669710479,5.2218457031250001,-1.9861669921875,5.5868176870290087,24.250000000000057,57.603287539130449,437.19069027727397,31,37,0,18,9,245,1,0.83499999999999996
2025-09-01T06:00:00Z,2025-09-02T13:00:00Z,2025-09-02T14:00:00Z,2025-09-02T14:00:00Z,2025-09-01T00:00:00Z,2025-09-01T04:02:20Z,6.86859130859375,-3.2288916015625002,7.5896829669710479,5.2218457031250001,-1.9861669921875,5.5868176870290087,24.250000000000057,57.603287539130449,437.19069027727397,31,37,0,18,9,245,2,0.85166666666666668
2025-09-01T06:00:00Z,2025-09-02T14:00:00Z,2025-09-02T15:00:00Z,2025-09-02T15:00:00Z,2025-09-01T00:00:00Z,2025-09-01T04:02:20Z,4.9156030273437503,-2.9810131835937499,5.7488775185414056,3.5932421875,-1.1628076171874999,3.7767063656867812,21.060217285156284,33.049592723190791,189.99806060330118,32,38,0,19,9,245,1,0.8716666666666667
2025-09-01T06:00:00Z,2025-09-02T14:00:00Z,2025-09-02T15:00:00Z,2025-09-02T15:00:00Z,2025-09-01T00:00:00Z,2025-09-01T04:02:20Z,4.9156030273437503,-2.9810131835937499,5.7488775185414056,3.5932421875,-1.1628076171874999,3.7767063656867812,21.060217285156284,33.049592723190791,189.99806060330118,32,38,0,19,9,245,2,0.85999999999999999
2025-09-01T06:00:00Z,2025-09-02T15:00:00Z,2025-09-02T16:00:00Z,2025-09-02T16:00:00Z,2025-09-01T00:00:00Z,2025-09-01T04:02:20Z,6.5028710937500005,0.23252929687500001,6.5070271503839994,4.3406469726562502,0.96155029296875005,4.4458739418856847,19.618286132812557,42.341402335834509,275.51665458460764,33,39,0,20,9,245,1,0.78833333333333344
2025-09-01T06:00:00Z,2025-09-02T15:00:00Z,2025-09-02T16:00:00Z,2025-09-02T16:00:00Z,2025-09-01T00:00:00Z,2025-09-01T04:02:20Z,6.5028710937500005,0.23252929687500001,6.5070271503839994,4.3406469726562502,0.96155029296875005,4.4458739418856847,19.618286132812557,42.341402335834509,275.51665458460764,33,39,0,20,9,245,2,0.82333333333333336
2025-09-01T06:00:00Z,2025-09-02T16:00:00Z,2025-09-02T17:00:00Z,2025-09-02T17:00:00Z,2025-09-01T00:00:00Z,2025-09-01T04:02:20Z,8.0364965820312495,2.2370483398437502,8.3420418716161837,5.0897900390624997,2.0939404296875002,5.5036850532002388,18.227282714843795,69.589662587797648,580.5198791390502,34,40,0,21,9,245,1,0.82666666666666666
2025-09-01T06:00:00Z,2025-09-02T16:00:00Z,2025-09-02T17:00:00Z,2025-09-02T17:00:00Z,2025-09-01T00:00:00Z,2025-09-01T04:02:20Z,8.0364965820312495,2.2370483398437502,8.3420418716161837,5.0897900390624997,2.0939404296875002,5.5036850532002388,18.227282714843795,69.589662587797648,580.5198791390502,34,40,0,21,9,245,2,0.87166666666666659
2025-09-01T06:00:00Z,2025-09-02T17:00:00Z,2025-09-02T18:00:00Z,2025-09-02T18:00:00Z,2025-09-01T00:00:00Z,2025-09-01T04:02:20Z,8.8931811523437503,2.736328125,9.3046312455716436,5.6310400390625004,2.2945629882812502,6.0805946443349752,17.542895507812545,86.576162616068117,805.5592677991591,35,41,0,22,9,245,1,0.73999999999999988
2025-09-01T06:00:00Z,2025-09-02T17:00:00Z,2025-09-02T18:00:00Z,2025-09-02T18:00:00Z,2025-09-01T00:00:00Z,2025-09-01T04:02:20Z,8.8931811523437503,2.736328125,9.3046312455716436,5.6310400390625004,2.2945629882812502,6.0805946443349752,17.542895507812545,86.576162616068117,805.5592677991591,35,41,0,22,9,245,2,0.76666666666666661
2025-09-01T06:00:00Z,2025-09-02T18:00:00Z,2025-09-02T19:00:00Z,2025-09-02T19:00:00Z,2025-09-01T00:00:00Z,2025-09-01T04:02:20Z,9.3818798828125001,3.8251953125,10.131721932341701,6.16506103515625,2.89603759765625,6.8113883558523103,17.105419921875011,102.65178931429386,1040.0393851897506,36,42,0,23,9,245,1,0.8833333333333333
2025-09-01T06:00:00Z,2025-09-02T18:00:00Z,2025-09-02T19:00:00Z,2025-09-02T19:00:00Z,2025-09-01T00:00:00Z,2025-09-01T04:02:20Z,9.3818798828125001,3.8251953125,10.131721932341701,6.16506103515625,2.89603759765625,6.8113883558523103,17.105419921875011,102.65178931429386,1040.0393851897506,36,42,0,23,9,245,2,0.8849999999999999
2025-09-01T06:00:00Z,2025-09-02T19:00:00Z,2025-09-02T20:00:00Z,2025-09-02T20:00:00Z,2025-09-01T00:00:00Z,2025-09-01T04:02:20Z,9.5844360351562496,3.7203076171875002,10.281152799103074,6.2487463378906254,2.803505859375,6.8488302577047024,16.604541015625045,105.70210287850497,1086.7394708804225,37,43,0,0,9,246,1,0.98333333333333339
2025-09-01T06:00:00Z,2025-09-02T19:00:00Z,2025-09-02T20:00:00Z,2025-09-02T20:00:00Z,2025-09-01T00:00:00Z,2025-09-01T04:02:20Z,9.5844360351562496,3.7203076171875002,10.281152799103074,6.2487463378906254,2.803505859375,6.8488302577047024,16.604541015625045,105.70210287850497,1086.7394708804225,37,43,0,0,9,246,2,0.96166666666666656
2025-09-01T06:00:00Z,2025-09-02T20:00:00Z,2025-09-02T21:00:00Z,2025-09-02T21:00:00Z,2025-09-01T00:00:00Z,2025-09-01T04:02:20Z,10.43302490234375,3.8009130859375002,11.103825867680731,6.9889721679687504,2.6048437500000001,7.4586153491486531,16.880102539062534,123.29494889977575,1369.0456429477038,38,44,0,1,9,246,1,0.98999999999999988
2025-09-01T06:00:00Z,2025-09-02T20:00:00Z,2025-09-02T21:00:00Z,2025-09-02T21:00:00Z,2025-09-01T00:00:00Z,2025-09-01T04:02:20Z,10.43302490234375,3.8009130859375002,11.103825867680731,6.9889721679687504,2.6048437500000001,7.4586153491486531,16.880102539062534,123.29494889977575,1369.0456429477038,38,44,0,1,9,246,2,0.97000000000000008
2025-09-01T06:00:00Z,2025-09-02T21:00:00Z,2025-09-02T22:00:00Z,2025-09-02T22:00:00Z,2025-09-01T00:00:00Z,2025-09-01T04:02:20Z,11.7174267578125,4.0413964843750003,12.39479630202203,8.0135620117187507,2.7615063476562502,8.4760305228218495,16.509106445312511,153.63097536861898,1904.224645374996,39,45,0,2,9,246,1,0.98999999999999988
2025-09-01T06:00:00Z,2025-09-02T21:00:00Z,2025-09-02T22:00:00Z,2025-09-02T22:00:00Z,2025-09-01T00:00:00Z,2025-09-01T04:02:20Z,11.7174267578125,4.0413964843750003,12.39479630202203,8.0135620117187507,2.7615063476562502,8.4760305228218495,16.509106445312511,153.63097536861898,1904.224645374996,39,45,0,2,9,246,2,0.97000000000000008
2025-09-01T06:00:00Z,2025-09-02T22:00:00Z,2025-09-02T23:00:00Z,2025-09-02T23:00:00Z,2025-09-01T00:00:00Z,2025-09-01T04:02:20Z,12.437590332031251,4.4801513671875002,13.219886895898515,8.4861206054687504,3.0687402343749999,9.0239353697061269,15.913427734375034,174.76540954034928,2310.3789474388009,40,46,0,3,9,246,1,0.98999999999999988
2025-09-01T06:00:00Z,2025-09-02T22:00:00Z,2025-09-02T23:00:00Z,2025-09-02T23:00:00Z,2025-09-01T00:00:00Z,2025-09-01T04:02:20Z,12.437590332031251,4.4801513671875002,13.219886895898515,8.4861206054687504,3.0687402343749999,9.0239353697061269,15.913427734375034,174.76540954034928,2310.3789474388009,40,46,0,3,9,246,2,0.97000000000000008
2025-09-01T06:00:00Z,2025-09-02T23:00:00Z,2025-09-03T00:00:00Z,2025-09-03T00:00:00Z,2025-09-01T00:00:00Z,2025-09-01T04:02:20Z,12.474375,4.2385839843750004,13.174810276934741,8.4895166015624994,2.90248779296875,8.9719745606269914,15.526794433593807,173.57562583322527,2286.8259390529556,41,47,0,4,9,246,1,0.98666666666666669
2025-09-01T06:00:00Z,2025-09-02T23:00:00Z,2025-09-03T00:00:00Z,2025-09-03T00:00:00Z,2025-09-01T00:00:00Z,2025-09-01T04:02:20Z,12.474375,4.2385839843750004,13.174810276934741,8.4895166015624994,2.90248779296875,8.9719745606269914,15.526794433593807,173.57562583322527,2286.8259390529556,41,47,0,4,9,246,2,0.97000000000000008
2025-09-01T06:00:00Z,2025-09-03T00:00:00Z,2025-09-03T01:00:00Z,2025-09-03T01:00:00Z,2025-09-01T00:00:00Z,2025-09-01T04:02:20Z,12.646350097656251,4.5886889648437501,13.4531125472349,8.5986120605468752,3.2010986328125002,9.1751382455402943,15.275549316406284,180.98623720856909,2434.8282186674328,42,48,0,5,9,246,1,0.98999999999999988
2025-09-01T06:00:00Z,2025-09-03T00:00:00Z,2025-09-03T01:00:00Z,2025-09-03T01:00:00Z,2025-09-01T00:00:00Z,2025-09-01T04:02:20Z,12.646350097656251,4.5886889648437501,13.4531125472349,8.5986120605468752,3.2010986328125002,9.1751382455402943,15.275549316406284,180.98623720856909,2434.8282186674328,42,48,0,5,9,246,2,0.97000000000000008
2025-09-01T06:00:00Z,2025-09-03T01:00:00Z,2025-09-03T02:00:00Z,2025-09-03T02:00:00Z,2025-09-01T00:00:00Z,2025-09-01T04:02:20Z,13.967822265625001,3.9913085937499999,14.52689241147714,9.6142138671874999,2.8788134765625002,10.03596907711748,15.892028808593807,211.03060313463212,3065.6188672659314,43,49,0,6,9,246,1,0.98999999999999988
2025-09-01T06:00:00Z,2025-09-03T01:00:00Z,2025-09-03T02:00:00Z,2025-09-03T02:00:00Z,2025-09-01T00:00:00Z,2025-09-01T04:02:20Z,13.967822265625001,3.9913085937499999,14.52689241147714,9.6142138671874999,2.8788134765625002,10.03596907711748,15.892028808593807,211.03060313463212,3065.6188672659314,43,49,0,6,9,246,2,0.97000000000000008
2025-09-01T06:00:00Z,2025-09-03T02:00:00Z,2025-09-03T03:00:00Z,2025-09-03T03:00:00Z,2025-09-01T00:00:00Z,2025-09-01T04:02:20Z,13.948735351562501,4.2010107421875,14.567625378348533,10.322216796875001,3.6101538085937501,10.935326704008087,17.410278320312557,212.21570916390422,3091.4789505003223,44,50,0,7,9,246,1,0.97999999999999998
2025-09-01T06:00:00Z,2025-09-03T02:00:00Z,2025-09-03T03:00:00Z,2025-09-03T03:00:00Z,2025-09-01T00:00:00Z,2025-09-01T04:02:20Z,13.948735351562501,4.2010107421875,14.567625378348533,10.322216796875001,3.6101538085937501,10.935326704008087,17.410278320312557,212.21570916390422,3091.4789505003223,44,50,0,7,9,246,2,0.96333333333333326
2025-09-01T06:00:00Z,2025-09-03T03:00:00Z,2025-09-03T04:00:00Z,2025-09-03T04:00:00Z,2025-09-01T00:00:00Z,2025-09-01T04:02:20Z,14.19249755859375,3.6800097656249999,14.661836816230936,11.05029296875,3.2456616210937499,11.517087047246218,19.585351562500023,214.96945882578493,3151.8471257771339,45,51,0,8,9,246,1,0.97166666666666668
2025-09-01T06:00:00Z,2025-09-03T03:00:00Z,2025-09-03T04:00:00Z,2025-09-03T04:00:00Z,2025-09-01T00:00:00Z,2025-09-01T04:02:20Z,14.19249755859375,3.6800097656249999,14.661836816230936,11.05029296875,3.2456616210937499,11.517087047246218,19.585351562500023,214.96945882578493,3151.8471257771339,45,51,0,8,9,246,2,0.96166666666666656
2025-09-01T06:00:00Z,2025-09-03T04:00:00Z,2025-09-03T05:00:00Z,2025-09-03T05:00:00Z,2025-09-01T00:00:00Z,2025-09-01T04:02:20Z,13.865158691406251,2.6643750000000002,14.118835634658522,11.082839355468749,2.7079589843750003,11.408872426326111,20.600390625000045,199.34151967850332,2814.4701515038355,46,52,0,9,9,246,1,0.98166666666666658
2025-09-01T06:00:00Z,2025-09-03T04:00:00Z,2025-09-03T05:00:00Z,2025-09-03T05:00:00Z,2025-09-01T00:00:00Z,2025-09-01T04:02:20Z,13.865158691406251,2.6643750000000002,14.118835634658522,11.082839355468749,2.7079589843750003,11.408872426326111,20.600390625000045,199.34151967850332,2814.4701515038355,46,52,0,9,9,246,2,0.96666666666666667
2025-09-01T06:00:00Z,2025-09-03T05:00:00Z,2025-09-03T06:00:00Z,2025-09-03T06:00:00Z,2025-09-01T00:00:00Z,2025-09-01T04:02:20Z,13.1252685546875,1.3740795898437501,13.196998497836304,10.80948974609375,1.9551416015625001,10.984882669062346,21.586560058593761,174.16076935189366,2298.3994115189557,47,53,0,10,9,246,1,0.98499999999999999
2025-09-01T06:00:00Z,2025-09-03T05:00:00Z,2025-09-03T06:00:00Z,2025-09-03T06:00:00Z,2025-09-01T00:00:00Z,2025-09-01T04:02:20Z,13.1252685546875,1.3740795898437501,13.196998497836304,10.80948974609375,1.9551416015625001,10.984882669062346,21.586560058593761,174.16076935189366,2298.3994115189557,47,53,0,10,9,246,2,0.97000000000000008
2025-09-08T06:00:00Z,2025-09-08T06:00:00Z,2025-09-08T07:00:00Z,2025-09-08T07:00:00Z,2025-09-08T00:00:00Z,2025-09-08T04:03:52Z,3.1978491210937499,-0.91915039062500004,3.3273227138145405,2.9752099609375002,-0.99468017578125001,3.1370787308822741,31.098730468750034,11.071076441866158,36.837044111398328,0,6,0,11,9,251,1,0.14000000000000001
2025-09-08T06:00:00Z,2025-09-08T06:00:00Z,2025-09-08T07:00:00Z,2025-09-08T07:00:00Z,2025-09-08T00:00:00Z,2025-09-08T04:03:52Z,3.1978491210937499,-0.91915039062500004,3.3273227138145405,2.9752099609375002,-0.99468017578125001,3.1370787308822741,31.098730468750034,11.071076441866158,36.837044111398328,0,6,0,11,9,251,2,0.14833333333333334
2025-09-08T06:00:00Z,2025-09-08T07:00:00Z,2025-09-08T08:00:00Z,2025-09-08T08:00:00Z,2025-09-08T00:00:00Z,2025-09-08T04:03:52Z,3.6292211914062502,-1.0604052734375,3.7809662521749994,3.3820556640624999,-1.26382568359375,3.6104786210872994,32.163818359375057,14.29570580008626,54.051581181148549,1,7,0,12,9,251,1,0.23333333333333336
2025-09-08T06:00:00Z,2025-09-08T07:00:00Z,2025-09-08T08:00:00Z,2025-09-08T08:00:00Z,2025-09-08T00:00:00Z,2025-09-08T04:03:52Z,3.6292211914062502,-1.0604052734375,3.7809662521749994,3.3820556640624999,-1.26382568359375,3.6104786210872994,32.163818359375057,14.29570580008626,54.051581181148549,1,7,0,12,9,251,2,0.26166666666666666
2025-09-08T06:00:00Z,2025-09-08T08:00:00Z,2025-09-08T09:00:00Z,2025-09-08T09:00:00Z,2025-09-08T00:00:00Z,2025-09-08T04:03:52Z,5.8983251953125002,0.092695312500000002,5.8990535283736589,5.4014233398437499,-0.15032226562500001,5.4035146784062169,33.300366210937511,34.798832530617716,205.28017582302451,2,8,0,13,9,251,1,0.11166666666666665
2025-09-08T06:00:00Z,2025-09-08T08:00:00Z,2025-09-08T09:00:00Z,2025-09-08T09:00:00Z,2025-09-08T00:00:00Z,2025-09-08T04:03:52Z,5.8983251953125002,0.092695312500000002,5.8990535283736589,5.4014233398437499,-0.15032226562500001,5.4035146784062169,33.300366210937511,34.798832530617716,205.28017582302451,2,8,0,13,9,251,2,0.12000000000000001
2025-09-08T06:00:00Z,2025-09-08T09:00:00Z,2025-09-08T10:00:00Z,2025-09-08T10:00:00Z,2025-09-08T00:00:00Z,2025-09-08T04:03:52Z,6.9170410156250002,-0.49307128906250003,6.9345926850779271,6.3020458984375001,-0.54414794921874998,6.3254944072895904,33.863110351562511,48.088575707936293,333.47468534007112,3,9,0,14,9,251,1,0.56666666666666665
2025-09-08T06:00:00Z,2025-09-08T09:00:00Z,2025-09-08T10:00:00Z,2025-09-08T10:00:00Z,2025-09-08T00:00:00Z,2025-09-08T04:03:52Z,6.9170410156250002,-0.49307128906250003,6.9345926850779271,6.3020458984375001,-0.54414794921874998,6.3254944072895904,33.863110351562511,48.088575707936293,333.47468534007112,3,9,0,14,9,251,2,0.55500000000000005
2025-09-08T06:00:00Z,2025-09-08T10:00:00Z,2025-09-08T11:00:00Z,2025-09-08T11:00:00Z,2025-09-08T00:00:00Z,2025-09-08T04:03:52Z,9.7199194335937502,-0.73104003906250004,9.7473716115815527,8.1845239257812494,-0.87477050781249999,8.2311393702830866,33.587866210937534,95.011253334265959,926.10999353120712,4,10,0,15,9,251,1,0.57999999999999996
2025-09-08T06:00:00Z,2025-09-08T10:00:00Z,2025-09-08T11:00:00Z,2025-09-08T11:00:00Z,2025-09-08T00:00:00Z,2025-09-08T04:03:52Z,9.7199194335937502,-0.73104003906250004,9.7473716115815527,8.1845239257812494,-0.87477050781249999,8.2311393702830866,33.587866210937534,95.011253334265959,926.10999353120712,4,10,0,15,9,251,2,0.60333333333333339
2025-09-08T06:00:00Z,2025-09-08T11:00:00Z,2025-09-08T12:00:00Z,2025-09-08T12:00:00Z,2025-09-08T00:00:00Z,2025-09-08T04:03:52Z,13.735085449218751,-0.19007812500000001,13.736400619920204,10.86537353515625,0.60980957031250005,10.882472594521824,32.950000000000045,188.68870199094417,2591.903603000344,5,11,0,16,9,251,1,0.44
2025-09-08T06:00:00Z,2025-09-08T11:00:00Z,2025-09-08T12:00:00Z,2025-09-08T12:00:00Z,2025-09-08T00:00:00Z,2025-09-08T04:03:52Z,13.735085449218751,-0.19007812500000001,13.736400619920204,10.86537353515625,0.60980957031250005,10.882472594521824,32.950000000000045,188.68870199094417,2591.903603000344,5,11,0,16,9,251,2,0.45000000000000001
2025-09-08T06:00:00Z,2025-09-08T12:00:00Z,2025-09-08T13:00:00Z,2025-09-08T13:00:00Z,2025-09-08T00:00:00Z,2025-09-08T04:03:52Z,10.991914062499999,-1.5670410156250001,11.103053287363629,8.5219580078125006,-0.44094238281250003,8.5333579833427802,31.869458007812511,123.27779230203629,1368.7598970780548,6,12,0,17,9,251,1,0.315
2025-09-08T06:00:00Z,2025-09-08T12:00:00Z,2025-09-08T13:00:00Z,2025-09-08T13:00:00Z,2025-09-08T00:00:00Z,2025-09-08T04:03:52Z,10.991914062499999,-1.5670410156250001,11.103053287363629,8.5219580078125006,-0.44094238281250003,8.5333579833427802,31.869458007812511,123.27779230203629,1368.7598970780548,6,12,0,17,9,251,2,0.34333333333333332
2025-09-08T06:00:00Z,2025-09-08T13:00:00Z,2025-09-08T14:00:00Z,2025-09-08T14:00:00Z,2025-09-08T00:00:00Z,2025-09-08T04:03:52Z,6.8087036132812502,-15.430014648437501,16.86546165820862,5.4534521484375,-10.750117187500001,12.054258993413097,27.920727539062511,284.44379694450504,4797.2759512828279,7,13,0,18,9,251,1,0.64833333333333332
2025-09-08T06:00:00Z,2025-09-08T13:00:00Z,2025-09-08T14:00:00Z,2025-09-08T14:00:00Z,2025-09-08T00:00:00Z,2025-09-08T04:03:52Z,6.8087036132812502,-15.430014648437501,16.86546165820862,5.4534521484375,-10.750117187500001,12.054258993413097,27.920727539062511,284.44379694450504,4797.2759512828279,7,13,0,18,9,251,2,0.65666666666666662
2025-09-08T06:00:00Z,2025-09-08T14:00:00Z,2025-09-08T15:00:00Z,2025-09-08T15:00:00Z,2025-09-08T00:00:00Z,2025-09-08T04:03:52Z,4.9088842773437502,-12.379074707031251,13.316855313872473,4.05727294921875,-7.7474462890625002,8.7455353058786809,25.748974609375011,177.33863545061354,2361.5929498553965,8,14,0,19,9,251,1,0.98999999999999988
2025-09-08T06:00:00Z,2025-09-08T14:00:00Z,2025-09-08T15:00:00Z,2025-09-08T15:00:00Z,2025-09-08T00:00:00Z,2025-09-08T04:03:52Z,4.9088842773437502,-12.379074707031251,13.316855313872473,4.05727294921875,-7.7474462890625002,8.7455353058786809,25.748974609375011,177.33863545061354,2361.5929498553965,8,14,0,19,9,251,2,0.97000000000000008
2025-09-08T06:00:00Z,2025-09-08T15:00:00Z,2025-09-08T16:00:00Z,2025-09-08T16:00:00Z,2025-09-08T00:00:00Z,2025-09-08T04:03:52Z,11.38541259765625,-5.0184179687499997,12.442352628339325,8.8459960937500011,-2.5599243164062502,9.2089553911596447,23.751513671875045,154.8121389279425,1926.227223688918,9,15,0,20,9,251,1,0.98833333333333329
2025-09-08T06:00:00Z,2025-09-08T15:00:00Z,2025-09-08T16:00:00Z,2025-09-08T16:00:00Z,2025-09-08T00:00:00Z,2025-09-08T04:03:52Z,11.38541259765625,-5.0184179687499997,12.442352628339325,8.8459960937500011,-2.5599243164062502,9.2089553911596447,23.751513671875045,154.8121389279425,1926.227223688918,9,15,0,20,9,251,2,0.96666666666666667
2025-09-08T06:00:00Z,2025-09-08T16:00:00Z,2025-09-08T17:00:00Z,2025-09-08T17:00:00Z,2025-09-08T00:00:00Z,2025-09-08T04:03:52Z,11.16955810546875,-12.33602294921875,16.641408908956425,8.2161499023437496,-8.3979052734374999,11.748614054407122,22.400244140625034,276.93649047509427,4608.6133798073597,10,16,0,21,9,251,1,0.91999999999999993
2025-09-08T06:00:00Z,2025-09-08T16:00:00Z,2025-09-08T17:00:00Z,2025-09-08T17:00:00Z,2025-09-08T00:00:00Z,2025-09-08T04:03:52Z,11.16955810546875,-12.33602294921875,16.641408908956425,8.2161499023437496,-8.3979052734374999,11.748614054407122,22.400244140625034,276.93649047509427,4608.6133798073597,10,16,0,21,9,251,2,0.92166666666666675
2025-09-08T06:00:00Z,2025-09-08T17:00:00Z,2025-09-08T18:00:00Z,2025-09-08T18:00:00Z,2025-09-08T00:00:00Z,2025-09-08T04:03:52Z,6.2192114257812499,-8.3728906250000001,10.429951494459642,4.4391430664062499,-5.4521606445312498,7.0307927616875538,21.451293945312557,108.78388817678092,1134.6106770625468,11,17,0,22,9,251,1,0.71833333333333327
2025-09-08T06:00:00Z,2025-09-08T17:00:00Z,2025-09-08T18:00:00Z,2025-09-08T18:00:00Z,2025-09-08T00:00:00Z,2025-09-08T04:03:52Z,6.2192114257812499,-8.3728906250000001,10.429951494459642,4.4391430664062499,-5.4521606445312498,7.0307927616875538,21.451293945312557,108.78388817678092,1134.6106770625468,11,17,0,22,9,251,2,0.74833333333333341
2025-09-08T06:00:00Z,2025-09-08T18:00:00Z,2025-09-08T19:00:00Z,2025-09-08T19:00:00Z,2025-09-08T00:00:00Z,2025-09-08T04:03:52Z,2.6963671874999999,-0.39332275390624999,2.724903447567832,1.7496313476562499,0.77166992187500005,1.9122458840400192,20.050000000000011,7.4250987985670562,20.232677314747139,12,18,0,23,9,251,1,0.36166666666666664
2025-09-08T06:00:00Z,2025-09-08T18:00:00Z,2025-09-08T19:00:00Z,2025-09-08T19:00:00Z,2025-09-08T00:00:00Z,2025-09-08T04:03:52Z,2.6963671874999999,-0.39332275390624999,2.724903447567832,1.7496313476562499,0.77166992187500005,1.9122458840400192,20.050000000000011,7.4250987985670562,20.232677314747139,12,18,0,23,9,251,2,0.35499999999999998
2025-09-08T06:00:00Z,2025-09-08T19:00:00Z,2025-09-08T20:00:00Z,2025-09-08T20:00:00Z,2025-09-08T00:00:00Z,2025-09-08T04:03:52Z,2.77095458984375,5.3426806640624998,6.0185069591322611,1.2945263671875,4.2430468750000001,4.4361295403528214,20.153173828125034,36.222426017123453,218.00492306071098,13,19,0,0,9,252,1,0.088333333333333333
2025-09-08T06:00:00Z,2025-09-08T19:00:00Z,2025-09-08T20:00:00Z,2025-09-08T20:00:00Z,2025-09-08T00:00:00Z,2025-09-08T04:03:52Z,2.77095458984375,5.3426806640624998,6.0185069591322611,1.2945263671875,4.2430468750000001,4.4361295403528214,20.153173828125034,36.222426017123453,218.00492306071098,13,19,0,0,9,252,2,0.093333333333333338
2025-09-08T06:00:00Z,2025-09-08T20:00:00Z,2025-09-08T21:00:00Z,2025-09-08T21:00:00Z,2025-09-08T00:00:00Z,2025-09-08T04:03:52Z,2.3932666015624999,3.0469824218750001,3.8745098922792494,0.51470214843750006,3.0635302734375003,3.1064668093952368,20.451293945312557,15.011826905369761,58.163471846038931,14,20,0,1,9,252,1,0.16666666666666666
2025-09-08T06:00:00Z,2025-09-08T20:00:00Z,2025-09-08T21:00:00Z,2025-09-08T21:00:00Z,2025-09-08T00:00:00Z,2025-09-08T04:03:52Z,2.3932666015624999,3.0469824218750001,3.8745098922792494,0.51470214843750006,3.0635302734375003,3.1064668093952368,20.451293945312557,15.011826905369761,58.163471846038931,14,20,0,1,9,252,2,0.16
2025-09-08T06:00:00Z,2025-09-08T21:00:00Z,2025-09-08T22:00:00Z,2025-09-08T22:00:00Z,2025-09-08T00:00:00Z,2025-09-08T04:03:52Z,1.6436279296875,2.8103295898437501,3.2556819830567232,0.54119140625000006,2.5698144531250002,2.6261824882686651,19.982299804687557,10.599465174800157,34.508487799634054,15,21,0,2,9,252,1,0.018333333333333333
2025-09-08T06:00:00Z,2025-09-08T21:00:00Z,2025-09-08T22:00:00Z,2025-09-08T22:00:00Z,2025-09-08T00:00:00Z,2025-09-08T04:03:52Z,1.6436279296875,2.8103295898437501,3.2556819830567232,0.54119140625000006,2.5698144531250002,2.6261824882686651,19.982299804687557,10.599465174800157,34.508487799634054,15,21,0,2,9,252,2,0.014999999999999999
2025-09-08T06:00:00Z,2025-09-08T22:00:00Z,2025-09-08T23:00:00Z,2025-09-08T23:00:00Z,2025-09-08T00:00:00Z,2025-09-08T04:03:52Z,-0.6811474609375,3.4068115234375003,3.4742375594895845,-0.44569335937499999,2.50923583984375,2.5485107554309718,20.623437500000023,12.070326619768144,41.935182097705443,16,22,0,3,9,252,1,0.016666666666666666
2025-09-08T06:00:00Z,2025-09-08T22:00:00Z,2025-09-08T23:00:00Z,2025-09-08T23:00:00Z,2025-09-08T00:00:00Z,2025-09-08T04:03:52Z,-0.6811474609375,3.4068115234375003,3.4742375594895845,-0.44569335937499999,2.50923583984375,2.5485107554309718,20.623437500000023,12.070326619768144,41.935182097705443,16,22,0,3,9,252,2,0.018333333333333337
2025-09-08T06:00:00Z,2025-09-08T23:00:00Z,2025-09-09T00:00:00Z,2025-09-09T00:00:00Z,2025-09-08T00:00:00Z,2025-09-08T04:03:52Z,-0.43708251953124999,1.1512402343750001,1.231419995827415,0.70508544921875005,0.49353271484375,0.86065093465414233,17.450000000000045,1.5163952061235908,1.8673193783974242,17,23,0,4,9,252,1,0.01
2025-09-08T06:00:00Z,2025-09-08T23:00:00Z,2025-09-09T00:00:00Z,2025-09-09T00:00:00Z,2025-09-08T00:00:00Z,2025-09-08T04:03:52Z,-0.43708251953124999,1.1512402343750001,1.231419995827415,0.70508544921875005,0.49353271484375,0.86065093465414233,17.450000000000045,1.5163952061235908,1.8673193783974242,17,23,0,4,9,252,2,0.01
2025-09-08T06:00:00Z,2025-09-09T00:00:00Z,2025-09-09T01:00:00Z,2025-09-09T01:00:00Z,2025-09-08T00:00:00Z,2025-09-08T04:03:52Z,-0.36730224609375001,0.0016357421875,0.36730588837917866,0.060629882812500001,-0.66636962890625007,0.66912216001154146,17.239794921875045,0.13491361563801765,0.049554565446369124,18,24,0,5,9,252,1,0.01
2025-09-08T06:00:00Z,2025-09-09T00:00:00Z,2025-09-09T01:00:00Z,2025-09-09T01:00:00Z,2025-09-08T00:00:00Z,2025-09-08T04:03:52Z,-0.36730224609375001,0.0016357421875,0.36730588837917866,0.060629882812500001,-0.66636962890625007,0.66912216001154146,17.239794921875045,0.13491361563801765,0.049554565446369124,18,24,0,5,9,252,2,0.01
2025-09-08T06:00:00Z,2025-09-09T01:00:00Z,2025-09-09T02:00:00Z,2025-09-09T02:00:00Z,2025-09-08T00:00:00Z,2025-09-08T04:03:52Z,-0.99139160156250006,0.28438232421874998,1.0313731691181021,-0.53928222656250002,-0.22398925781250001,0.58394906242034694,18.681127929687534,1.0637306139767171,1.0971032144251112,19,25,0,6,9,252,1,0.01
2025-09-08T06:00:00Z,2025-09-09T01:00:00Z,2025-09-09T02:00:00Z,2025-09-09T02:00:00Z,2025-09-08T00:00:00Z,2025-09-08T04:03:52Z,-0.99139160156250006,0.28438232421874998,1.0313731691181021,-0.53928222656250002,-0.22398925781250001,0.58394906242034694,18.681127929687534,1.0637306139767171,1.0971032144251112,19,25,0,6,9,252,2,0.01
2025-09-08T06:00:00Z,2025-09-09T02:00:00Z,2025-09-09T03:00:00Z,2025-09-09T03:00:00Z,2025-09-08T00:00:00Z,2025-09-08T04:03:52Z,-1.5729125976562501,-0.14273193359375,1.5793753337104968,-1.3973144531250001,-0.33913818359375003,1.4378812150116178,20.661914062500045,2.494426444733143,3.9396355985666958,20,26,0,7,9,252,1,0.01
2025-09-08T06:00:00Z,2025-09-09T02:00:00Z,2025-09-09T03:00:00Z,2025-09-09T03:00:00Z,2025-09-08T00:00:00Z,2025-09-08T04:03:52Z,-1.5729125976562501,-0.14273193359375,1.5793753337104968,-1.3973144531250001,-0.33913818359375003,1.4378812150116178,20.661914062500045,2.494426444733143,3.9396355985666958,20,26,0,7,9,252,2,0.01
2025-09-08T06:00:00Z,2025-09-09T03:00:00Z,2025-09-09T04:00:00Z,2025-09-09T04:00:00Z,2025-09-08T00:00:00Z,2025-09-08T04:03:52Z,-1.65501953125,-0.50719238281250001,1.730992132276167,-1.5322607421875001,-0.64331298828125005,1.6618286863995158,22.673486328125023,2.9963337620019912,5.1866301676988957,21,27,0,8,9,252,1,0.01
2025-09-08T06:00:00Z,2025-09-09T03:00:00Z,2025-09-09T04:00:00Z,2025-09-09T04:00:00Z,2025-09-08T00:00:00Z,2025-09-08T04:03:52Z,-1.65501953125,-0.50719238281250001,1.730992132276167,-1.5322607421875001,-0.64331298828125005,1.6618286863995158,22.673486328125023,2.9963337620019912,5.1866301676988957,21,27,0,8,9,252,2,0.01
2025-09-08T06:00:00Z,2025-09-09T04:00:00Z,2025-09-09T05:00:00Z,2025-09-09T05:00:00Z,2025-09-08T00:00:00Z,2025-09-08T04:03:52Z,-0.57458251953125006,-0.63493164062499996,0.85631960156102549,-0.81341064453125,-0.77881835937499999,1.1261416045668102,24.593090820312511,0.73328326001763344,0.62792482904966973,22,28,0,9,9,252,1,0.01
2025-09-08T06:00:00Z,2025-09-09T04:00:00Z,2025-09-09T05:00:00Z,2025-09-09T05:00:00Z,2025-09-08T00:00:00Z,2025-09-08T04:03:52Z,-0.57458251953125006,-0.63493164062499996,0.85631960156102549,-0.81341064453125,-0.77881835937499999,1.1261416045668102,24.593090820312511,0.73328326001763344,0.62792482904966973,22,28,0,9,9,252,2,0.01
2025-09-08T06:00:00Z,2025-09-09T05:00:00Z,2025-09-09T06:00:00Z,2025-09-09T06:00:00Z,2025-09-08T00:00:00Z,2025-09-08T04:03:52Z,1.8071533203125001,-0.39114746093750002,1.8489995833732216,1.4683984375000001,-0.5329638671875,1.5621281813538532,26.234851074218795,3.4187994593143469,6.3213587759088226,23,29,0,10,9,252,1,0.018333333333333333
2025-09-08T06:00:00Z,2025-09-09T05:00:00Z,2025-09-09T06:00:00Z,2025-09-09T06:00:00Z,2025-09-08T00:00:00Z,2025-09-08T04:03:52Z,1.8071533203125001,-0.39114746093750002,1.8489995833732216,1.4683984375000001,-0.5329638671875,1.5621281813538532,26.234851074218795,3.4187994593143469,6.3213587759088226,23,29,0,10,9,252,2,0.013333333333333334
2025-09-08T06:00:00Z,2025-09-09T06:00:00Z,2025-09-09T07:00:00Z,2025-09-09T07:00:00Z,2025-09-08T00:00:00Z,2025-09-08T04:03:52Z,2.6045654296875003,-1.0244824218749999,2.7988078373218297,2.2779223632812502,-1.1021459960937501,2.5305446231675743,27.585400390625011,7.8333253102540974,21.923972270630621,24,30,0,11,9,252,1,0.01
2025-09-08T06:00:00Z,2025-09-09T06:00:00Z,2025-09-09T07:00:00Z,2025-09-09T07:00:00Z,2025-09-08T00:00:00Z,2025-09-08T04:03:52Z,2.6045654296875003,-1.0244824218749999,2.7988078373218297,2.2779223632812502,-1.1021459960937501,2.5305446231675743,27.585400390625011,7.8333253102540974,21.923972270630621,24,30,0,11,9,252,2,0.0083333333333333332
2025-09-08T06:00:00Z,2025-09-09T07:00:00Z,2025-09-09T08:00:00Z,2025-09-09T08:00:00Z,2025-09-08T00:00:00Z,2025-09-08T04:03:52Z,3.8801318359375001,-1.5708886718750001,4.1860619063364215,3.6000219726562501,-1.6546069335937501,3.9620553136351226,28.769384765625034,17.523114283680915,73.352841183296306,25,31,0,12,9,252,1,0.025000000000000005
2025-09-08T06:00:00Z,2025-09-09T07:00:00Z,2025-09-09T08:00:00Z,2025-09-09T08:00:00Z,2025-09-08T00:00:00Z,2025-09-08T04:03:52Z,3.8801318359375001,-1.5708886718750001,4.1860619063364215,3.6000219726562501,-1.6546069335937501,3.9620553136351226,28.769384765625034,17.523114283680915,73.352841183296306,25,31,0,12,9,252,2,0.014999999999999999
2025-09-08T06:00:00Z,2025-09-09T08:00:00Z,2025-09-09T09:00:00Z,2025-09-09T09:00:00Z,2025-09-08T00:00:00Z,2025-09-08T04:03:52Z,5.3960620117187501,-2.5593286132812501,5.9722397963472913,5.0612597656250005,-2.5015380859375003,5.645710159982559,29.197729492187534,35.667648185074334,213.01574793301518,26,32,0,13,9,252,1,0.096666666666666665
2025-09-08T06:00:00Z,2025-09-09T08:00:00Z,2025-09-09T09:00:00Z,2025-09-09T09:00:00Z,2025-09-08T00:00:00Z,2025-09-08T04:03:52Z,5.3960620117187501,-2.5593286132812501,5.9722397963472913,5.0612597656250005,-2.5015380859375003,5.645710159982559,29.197729492187534,35.667648185074334,213.01574793301518,26,32,0,13,9,252,2,0.105
2025-09-08T06:00:00Z,2025-09-09T09:00:00Z,2025-09-09T10:00:00Z,2025-09-09T10:00:00Z,2025-09-08T00:00:00Z,2025-09-08T04:03:52Z,5.52093505859375,-2.4000805664062499,6.0200590235022213,4.9144824218750003,-2.3693530273437502,5.4558199423277669,29.176855468750034,36.241110646450515,218.17362516890685,27,33,0,14,9,252,1,0.10833333333333334
2025-09-08T06:00:00Z,2025-09-09T09:00:00Z,2025-09-09T10:00:00Z,2025-09-09T10:00:00Z,2025-09-08T00:00:00Z,2025-09-08T04:03:52Z,5.52093505859375,-2.4000805664062499,6.0200590235022213,4.9144824218750003,-2.3693530273437502,5.4558199423277669,29.176855468750034,36.241110646450515,218.17362516890685,27,33,0,14,9,252,2,0.105
2025-09-08T06:00:00Z,2025-09-09T10:00:00Z,2025-09-09T11:00:00Z,2025-09-09T11:00:00Z,2025-09-08T00:00:00Z,2025-09-08T04:03:52Z,5.7092211914062503,-0.88328857421875007,5.7771450836678486,4.9659326171874998,-1.05076904296875,5.0758843899470518,29.368261718750034,33.375405317747592,192.81455874684727,28,34,0,15,9,252,1,0.25666666666666665
2025-09-08T06:00:00Z,2025-09-09T10:00:00Z,2025-09-09T11:00:00Z,2025-09-09T11:00:00Z,2025-09-08T00:00:00Z,2025-09-08T04:03:52Z,5.7092211914062503,-0.88328857421875007,5.7771450836678486,4.9659326171874998,-1.05076904296875,5.0758843899470518,29.368261718750034,33.375405317747592,192.81455874684727,28,34,0,15,9,252,2,0.25833333333333336
2025-09-08T06:00:00Z,2025-09-09T11:00:00Z,2025-09-09T12:00:00Z,2025-09-09T12:00:00Z,2025-09-08T00:00:00Z,2025-09-08T04:03:52Z,5.8510009765625002,-0.1197314453125,5.8522259053057706,5.0541406250000005,-0.16379638671874999,5.0567941142167845,29.218017578125057,34.248548046731948,200.43024009819405,29,35,0,16,9,252,1,0.26666666666666666
2025-09-08T06:00:00Z,2025-09-09T11:00:00Z,2025-09-09T12:00:00Z,2025-09-09T12:00:00Z,2025-09-08T00:00:00Z,2025-09-08T04:03:52Z,5.8510009765625002,-0.1197314453125,5.8522259053057706,5.0541406250000005,-0.16379638671874999,5.0567941142167845,29.218017578125057,34.248548046731948,200.43024009819405,29,35,0,16,9,252,2,0.29833333333333334
2025-09-08T06:00:00Z,2025-09-09T12:00:00Z,2025-09-09T13:00:00Z,2025-09-09T13:00:00Z,2025-09-08T00:00:00Z,2025-09-08T04:03:52Z,5.5779687500000001,0.51740966796874999,5.6019146852200539,4.5512207031249998,0.49483398437500004,4.578042219185626,28.635791015625045,31.381448140484096,175.79619518164941,30,36,0,17,9,252,1,0.20833333333333334
2025-09-08T06:00:00Z,2025-09-09T12:00:00Z,2025-09-09T13:00:00Z,2025-09-09T13:00:00Z,2025-09-08T00:00:00Z,2025-09-08T04:03:52Z,5.5779687500000001,0.51740966796874999,5.6019146852200539,4.5512207031249998,0.49483398437500004,4.578042219185626,28.635791015625045,31.381448140484096,175.79619518164941,30,36,0,17,9,252,2,0.21833333333333335
2025-09-08T06:00:00Z,2025-09-09T13:00:00Z,2025-09-09T14:00:00Z,2025-09-09T14:00:00Z,2025-09-08T00:00:00Z,2025-09-08T04:03:52Z,5.4362255859374997,0.50085205078125006,5.4592491606422673,3.4244189453125,0.76076660156249998,3.5079069165341505,25.935205078125023,29.8034013979733,162.70419406617032,31,37,0,18,9,252,1,0.16833333333333333
2025-09-08T06:00:00Z,2025-09-09T13:00:00Z,2025-09-09T14:00:00Z,2025-09-09T14:00:00Z,2025-09-08T00:00:00Z,2025-09-08T04:03:52Z,5.4362255859374997,0.50085205078125006,5.4592491606422673,3.4244189453125,0.76076660156249998,3.5079069165341505,25.935205078125023,29.8034013979733,162.70419406617032,31,37,0,18,9,252,2,0.16500000000000001
2025-09-08T06:00:00Z,2025-09-09T14:00:00Z,2025-09-09T15:00:00Z,2025-09-09T15:00:00Z,2025-09-08T00:00:00Z,2025-09-08T04:03:52Z,3.7516992187500002,0.63814208984374998,3.8055843644307128,2.5434912109374999,1.1222509765624999,2.7800710053003672,23.686376953125034,14.482472354799512,55.114270351725068,32,38,0,19,9,252,1,0.20666666666666667
2025-09-08T06:00:00Z,2025-09-09T14:00:00Z,2025-09-09T15:00:00Z,2025-09-09T15:00:00Z,2025-09-08T00:00:00Z,2025-09-08T04:03:52Z,3.7516992187500002,0.63814208984374998,3.8055843644307128,2.5434912109374999,1.1222509765624999,2.7800710053003672,23.686376953125034,14.482472354799512,55.114270351725068,32,38,0,19,9,252,2,0.19833333333333333
2025-09-08T06:00:00Z,2025-09-09T15:00:00Z,2025-09-09T16:00:00Z,2025-09-09T16:00:00Z,2025-09-08T00:00:00Z,2025-09-08T04:03:52Z,3.17264892578125,1.8113549804687501,3.6533146691093918,2.1600976562500001,1.9020410156250001,2.8781559911958428,23.869287109375023,13.346708071529866,48.75972438204078,33,39,0,20,9,252,1,0.31666666666666665
2025-09-08T06:00:00Z,2025-09-09T15:00:00Z,2025-09-09T16:00:00Z,2025-09-09T16:00:00Z,2025-09-08T00:00:00Z,2025-09-08T04:03:52Z,3.17264892578125,1.8113549804687501,3.6533146691093918,2.1600976562500001,1.9020410156250001,2.8781559911958428,23.869287109375023,13.346708071529866,48.75972438204078,33,39,0,20,9,252,2,0.31666666666666665
2025-09-08T06:00:00Z,2025-09-09T16:00:00Z,2025-09-09T17:00:00Z,2025-09-09T17:00:00Z,2025-09-08T00:00:00Z,2025-09-08T04:03:52Z,3.9782031250000003,1.7727905273437501,4.3553285016861238,2.5107495117187502,1.5850854492187501,2.9692354221113808,22.984545898437545,18.968886357599498,82.61573139849817,34,40,0,21,9,252,1,0.105
2025-09-08T06:00:00Z,2025-09-09T16:00:00Z,2025-09-09T17:00:00Z,2025-09-09T17:00:00Z,2025-09-08T00:00:00Z,2025-09-08T04:03:52Z,3.9782031250000003,1.7727905273437501,4.3553285016861238,2.5107495117187502,1.5850854492187501,2.9692354221113808,22.984545898437545,18.968886357599498,82.61573139849817,34,40,0,21,9,252,2,0.11666666666666668
2025-09-08T06:00:00Z,2025-09-09T17:00:00Z,2025-09-09T18:00:00Z,2025-09-09T18:00:00Z,2025-09-08T00:00:00Z,2025-09-08T04:03:52Z,5.5285107421874997,3.8187768554687502,6.7191880237381643,2.8481884765625001,2.7354858398437503,3.9490581634117623,21.671887207031261,45.147487698346374,303.35445864459507,35,41,0,22,9,252,1,0.023333333333333334
2025-09-08T06:00:00Z,2025-09-09T17:00:00Z,2025-09-09T18:00:00Z,2025-09-09T18:00:00Z,2025-09-08T00:00:00Z,2025-09-08T04:03:52Z,5.5285107421874997,3.8187768554687502,6.7191880237381643,2.8481884765625001,2.7354858398437503,3.9490581634117623,21.671887207031261,45.147487698346374,303.35445864459507,35,41,0,22,9,252,2,0.024999999999999998
2025-09-08T06:00:00Z,2025-09-09T18:00:00Z,2025-09-09T19:00:00Z,2025-09-09T19:00:00Z,2025-09-08T00:00:00Z,2025-09-08T04:03:52Z,5.1876318359375002,2.7052441406250001,5.8506298742629559,2.7426708984374999,2.154501953125,3.4877101833660724,21.851806640625057,34.229869925618168,200.26629957895676,36,42,0,23,9,252,1,0.01
2025-09-08T06:00:00Z,2025-09-09T18:00:00Z,2025-09-09T19:00:00Z,2025-09-09T19:00:00Z,2025-09-08T00:00:00Z,2025-09-08T04:03:52Z,5.1876318359375002,2.7052441406250001,5.8506298742629559,2.7426708984374999,2.154501953125,3.4877101833660724,21.851806640625057,34.229869925618168,200.26629957895676,36,42,0,23,9,252,2,0.01
2025-09-08T06:00:00Z,2025-09-09T19:00:00Z,2025-09-09T20:00:00Z,2025-09-09T20:00:00Z,2025-09-08T00:00:00Z,2025-09-08T04:03:52Z,7.5103320312499999,0.63485351562500003,7.5371165710715378,4.8166699218750004,1.0983227539062501,4.9403058617906979,22.164367675781307,56.808126205921177,428.16946939817177,37,43,0,0,9,253,1,0.053333333333333337
2025-09-08T06:00:00Z,2025-09-09T19:00:00Z,2025-09-09T20:00:00Z,2025-09-09T20:00:00Z,2025-09-08T00:00:00Z,2025-09-08T04:03:52Z,7.5103320312499999,0.63485351562500003,7.5371165710715378,4.8166699218750004,1.0983227539062501,4.9403058617906979,22.164367675781307,56.808126205921177,428.16946939817177,37,43,0,0,9,253,2,0.045000000000000005
2025-09-08T06:00:00Z,2025-09-09T20:00:00Z,2025-09-09T21:00:00Z,2025-09-09T21:00:00Z,2025-09-08T00:00:00Z,2025-09-08T04:03:52Z,3.5813281250000002,2.1182226562499999,4.1608626942458482,2.10050537109375,2.2311157226562499,3.06431071888567,21.802294921875045,17.312778360366821,72.036093613397114,38,44,0,1,9,253,1,0.155
2025-09-08T06:00:00Z,2025-09-09T20:00:00Z,2025-09-09T21:00:00Z,2025-09-09T21:00:00Z,2025-09-08T00:00:00Z,2025-09-08T04:03:52Z,3.5813281250000002,2.1182226562499999,4.1608626942458482,2.10050537109375,2.2311157226562499,3.06431071888567,21.802294921875045,17.312778360366821,72.036093613397114,38,44,0,1,9,253,2,0.13666666666666669
2025-09-08T06:00:00Z,2025-09-09T21:00:00Z,2025-09-09T22:00:00Z,2025-09-09T22:00:00Z,2025-09-08T00:00:00Z,2025-09-08T04:03:52Z,2.91672607421875,3.86977294921875,4.8458676901595963,1.5777929687500001,3.2769677734375002,3.6370246686522303,19.903869628906307,23.4824336705327,113.79276661035023,39,45,0,2,9,253,1,0.48166666666666669
2025-09-08T06:00:00Z,2025-09-09T21:00:00Z,2025-09-09T22:00:00Z,2025-09-09T22:00:00Z,2025-09-08T00:00:00Z,2025-09-08T04:03:52Z,2.91672607421875,3.86977294921875,4.8458676901595963,1.5777929687500001,3.2769677734375002,3.6370246686522303,19.903869628906307,23.4824336705327,113.79276661035023,39,45,0,2,9,253,2,0.44166666666666671
2025-09-08T06:00:00Z,2025-09-09T22:00:00Z,2025-09-09T23:00:00Z,2025-09-09T23:00:00Z,2025-09-08T00:00:00Z,2025-09-08T04:03:52Z,2.3179638671875002,2.3576611328124999,3.3062853032915283,1.275888671875,1.8587377929687501,2.2545061734289598,20.987048339843795,10.931522506761553,36.142732206706292,40,46,0,3,9,253,1,0.64000000000000001
2025-09-08T06:00:00Z,2025-09-09T22:00:00Z,2025-09-09T23:00:00Z,2025-09-09T23:00:00Z,2025-09-08T00:00:00Z,2025-09-08T04:03:52Z,2.3179638671875002,2.3576611328124999,3.3062853032915283,1.275888671875,1.8587377929687501,2.2545061734289598,20.987048339843795,10.931522506761553,36.142732206706292,40,46,0,3,9,253,2,0.62333333333333329
2025-09-08T06:00:00Z,2025-09-09T23:00:00Z,2025-09-10T00:00:00Z,2025-09-10T00:00:00Z,2025-09-08T00:00:00Z,2025-09-08T04:03:52Z,3.6009155273437501,0.67274902343749998,3.6632204251998579,2.8688525390624999,0.60671874999999997,2.9323066914098388,20.040905761718761,13.419183883601427,49.1574284919215,41,47,0,4,9,253,1,0.22166666666666668
2025-09-08T06:00:00Z,2025-09-09T23:00:00Z,2025-09-10T00:00:00Z,2025-09-10T00:00:00Z,2025-09-08T00:00:00Z,2025-09-08T04:03:52Z,3.6009155273437501,0.67274902343749998,3.6632204251998579,2.8688525390624999,0.60671874999999997,2.9323066914098388,20.040905761718761,13.419183883601427,49.1574284919215,41,47,0,4,9,253,2,0.22166666666666668
2025-09-08T06:00:00Z,2025-09-10T00:00:00Z,2025-09-10T01:00:00Z,2025-09-10T01:00:00Z,2025-09-08T00:00:00Z,2025-09-08T04:03:52Z,1.4947265625000001,-0.60489990234375002,1.6124860893969117,1.1816259765625001,-0.42767578125,1.2566409679598545,18.409545898437557,2.6001113884985454,4.1926434448363938,42,48,0,5,9,253,1,0.38500000000000001
2025-09-08T06:00:00Z,2025-09-10T00:00:00Z,2025-09-10T01:00:00Z,2025-09-10T01:00:00Z,2025-09-08T00:00:00Z,2025-09-08T04:03:52Z,1.4947265625000001,-0.60489990234375002,1.6124860893969117,1.1816259765625001,-0.42767578125,1.2566409679598545,18.409545898437557,2.6001113884985454,4.1926434448363938,42,48,0,5,9,253,2,0.38166666666666665
2025-09-08T06:00:00Z,2025-09-10T01:00:00Z,2025-09-10T02:00:00Z,2025-09-10T02:00:00Z,2025-09-08T00:00:00Z,2025-09-08T04:03:52Z,1.2656225585937499,0.33139892578125002,1.3082911406985667,1.268544921875,0.58031494140625006,1.3949808780173976,18.930932617187523,1.7116257088303568,2.2393047510546604,43,49,0,6,9,253,1,0.13333333333333333
2025-09-08T06:00:00Z,2025-09-10T01:00:00Z,2025-09-10T02:00:00Z,2025-09-10T02:00:00Z,2025-09-08T00:00:00Z,2025-09-08T04:03:52Z,1.2656225585937499,0.33139892578125002,1.3082911406985667,1.268544921875,0.58031494140625006,1.3949808780173976,18.930932617187523,1.7116257088303568,2.2393047510546604,43,49,0,6,9,253,2,0.11833333333333333
2025-09-08T06:00:00Z,2025-09-10T02:00:00Z,2025-09-10T03:00:00Z,2025-09-10T03:00:00Z,2025-09-08T00:00:00Z,2025-09-08T04:03:52Z,0.0026586914062500001,-0.34751953125000001,0.34752970123460442,0.33212890625000002,-0.3336767578125,0.47079697224077716,20.550000000000011,0.1207768932402134,0.041973557623815078,44,50,0,7,9,253,1,0.12666666666666668
2025-09-08T06:00:00Z,2025-09-10T02:00:00Z,2025-09-10T03:00:00Z,2025-09-10T03:00:00Z,2025-09-08T00:00:00Z,2025-09-08T04:03:52Z,0.0026586914062500001,-0.34751953125000001,0.34752970123460442,0.33212890625000002,-0.3336767578125,0.47079697224077716,20.550000000000011,0.1207768932402134,0.041973557623815078,44,50,0,7,9,253,2,0.13500000000000001
2025-09-08T06:00:00Z,2025-09-10T03:00:00Z,2025-09-10T04:00:00Z,2025-09-10T04:00:00Z,2025-09-08T00:00:00Z,2025-09-08T04:03:52Z,-1.5345800781250001,-1.0793212890625001,1.8761317814060046,-1.1073754882812501,-1.0979638671875001,1.559424613662189,22.130932617187511,3.519870461201668,6.6037408386926604,45,51,0,8,9,253,1,0.01
2025-09-08T06:00:00Z,2025-09-10T03:00:00Z,2025-09-10T04:00:00Z,2025-09-10T04:00:00Z,2025-09-08T00:00:00Z,2025-09-08T04:03:52Z,-1.5345800781250001,-1.0793212890625001,1.8761317814060046,-1.1073754882812501,-1.0979638671875001,1.559424613662189,22.130932617187511,3.519870461201668,6.6037408386926604,45,51,0,8,9,253,2,0.013333333333333334
2025-09-08T06:00:00Z,2025-09-10T04:00:00Z,2025-09-10T05:00:00Z,2025-09-10T05:00:00Z,2025-09-08T00:00:00Z,2025-09-08T04:03:52Z,-2.9965356445312499,-0.2751416015625,3.0091408690615817,-2.8309228515625002,-0.38881347656249998,2.8574989258187613,24.506359863281261,9.0549287698566907,27.247556227817281,46,52,0,9,9,253,1,0.01
2025-09-08T06:00:00Z,2025-09-10T04:00:00Z,2025-09-10T05:00:00Z,2025-09-10T05:00:00Z,2025-09-08T00:00:00Z,2025-09-08T04:03:52Z,-2.9965356445312499,-0.2751416015625,3.0091408690615817,-2.8309228515625002,-0.38881347656249998,2.8574989258187613,24.506359863281261,9.0549287698566907,27.247556227817281,46,52,0,9,9,253,2,0.041666666666666664
2025-09-08T06:00:00Z,2025-09-10T05:00:00Z,2025-09-10T06:00:00Z,2025-09-10T06:00:00Z,2025-09-08T00:00:00Z,2025-09-08T04:03:52Z,-3.33439208984375,0.164306640625,3.3384378503974048,-3.1216186523437499,-0.02374267578125,3.1217089430812832,26.275109863281273,11.145167280966046,37.207448299787778,47,53,0,10,9,253,1,0.02
2025-09-08T06:00:00Z,2025-09-10T05:00:00Z,2025-09-10T06:00:00Z,2025-09-10T06:00:00Z,2025-09-08T00:00:00Z,2025-09-08T04:03:52Z,-3.33439208984375,0.164306640625,3.3384378503974048,-3.1216186523437499,-0.02374267578125,3.1217089430812832,26.275109863281273,11.145167280966046,37.207448299787778,47,53,0,10,9,253,2,0.056666666666666671
2025-11-10T06:00:00Z,2025-11-10T06:00:00Z,2025-11-10T07:00:00Z,2025-11-10T07:00:00Z,2025-11-10T00:00:00Z,2025-11-10T04:01:51Z,5.0701562500000001,0.36416748046875003,5.0832177164907097,4.1493041992187498,0.393193359375,4.1678923157287722,10.632031250000011,25.839102353245025,131.34578286023191,0,6,0,11,11,314,1,0.20333333333333334
2025-11-10T06:00:00Z,2025-11-10T06:00:00Z,2025-11-10T07:00:00Z,2025-11-10T07:00:00Z,2025-11-10T00:00:00Z,2025-11-10T04:01:51Z,5.0701562500000001,0.36416748046875003,5.0832177164907097,4.1493041992187498,0.393193359375,4.1678923157287722,10.632031250000011,25.839102353245025,131.34578286023191,0,6,0,11,11,314,2,0.22500000000000001
2025-11-10T06:00:00Z,2025-11-10T07:00:00Z,2025-11-10T08:00:00Z,2025-11-10T08:00:00Z,2025-11-10T00:00:00Z,2025-11-10T04:01:51Z,7.9797265624999998,1.6462255859375001,8.1477662394096289,6.3521142578125005,1.5607446289062501,6.5410457375686164,11.49529296875005,66.386094692063324,540.89838109824427,1,7,0,12,11,314,1,0.4383333333333333
2025-11-10T06:00:00Z,2025-11-10T07:00:00Z,2025-11-10T08:00:00Z,2025-11-10T08:00:00Z,2025-11-10T00:00:00Z,2025-11-10T04:01:51Z,7.9797265624999998,1.6462255859375001,8.1477662394096289,6.3521142578125005,1.5607446289062501,6.5410457375686164,11.49529296875005,66.386094692063324,540.89838109824427,1,7,0,12,11,314,2,0.45166666666666666
2025-11-10T06:00:00Z,2025-11-10T08:00:00Z,2025-11-10T09:00:00Z,2025-11-10T09:00:00Z,2025-11-10T00:00:00Z,2025-11-10T04:01:51Z,12.8185498046875,-0.8951416015625,12.849766440760774,9.9276806640624997,-0.55718505859375,9.9433042072100228,11.805468750000045,165.11649758210183,2121.7084294464498,2,8,0,13,11,314,1,0.60666666666666669
2025-11-10T06:00:00Z,2025-11-10T08:00:00Z,2025-11-10T09:00:00Z,2025-11-10T09:00:00Z,2025-11-10T00:00:00Z,2025-11-10T04:01:51Z,12.8185498046875,-0.8951416015625,12.849766440760774,9.9276806640624997,-0.55718505859375,9.9433042072100228,11.805468750000045,165.11649758210183,2121.7084294464498,2,8,0,13,11,314,2,0.60499999999999998
2025-11-10T06:00:00Z,2025-11-10T09:00:00Z,2025-11-10T10:00:00Z,2025-11-10T10:00:00Z,2025-11-10T00:00:00Z,2025-11-10T04:01:51Z,12.996552734375001,-1.3521826171875,13.066705047854043,9.8995385742187505,-0.95851562499999998,9.9458341121202167,11.747070312500057,170.73878080761435,2230.9932890432992,3,9,0,14,11,314,1,0.37666666666666665
2025-11-10T06:00:00Z,2025-11-10T09:00:00Z,2025-11-10T10:00:00Z,2025-11-10T10:00:00Z,2025-11-10T00:00:00Z,2025-11-10T04:01:51Z,12.996552734375001,-1.3521826171875,13.066705047854043,9.8995385742187505,-0.95851562499999998,9.9458341121202167,11.747070312500057,170.73878080761435,2230.9932890432992,3,9,0,14,11,314,2,0.4383333333333333
2025-11-10T06:00:00Z,2025-11-10T10:00:00Z,2025-11-10T11:00:00Z,2025-11-10T11:00:00Z,2025-11-10T00:00:00Z,2025-11-10T04:01:51Z,11.223566894531251,-2.2168310546874999,11.440401818163764,8.4787866210937501,-1.4967700195312501,8.6098863556614926,10.561308593750027,130.88279376104475,1497.3517517102093,4,10,0,15,11,314,1,0.60166666666666668
2025-11-10T06:00:00Z,2025-11-10T10:00:00Z,2025-11-10T11:00:00Z,2025-11-10T11:00:00Z,2025-11-10T00:00:00Z,2025-11-10T04:01:51Z,11.223566894531251,-2.2168310546874999,11.440401818163764,8.4787866210937501,-1.4967700195312501,8.6098863556614926,10.561308593750027,130.88279376104475,1497.3517517102093,4,10,0,15,11,314,2,0.66500000000000004
2025-11-10T06:00:00Z,2025-11-10T11:00:00Z,2025-11-10T12:00:00Z,2025-11-10T12:00:00Z,2025-11-10T00:00:00Z,2025-11-10T04:01:51Z,8.756047363281251,-2.2277343750000003,9.0349967279231045,6.4356958007812501,-1.3247509765625001,6.5706274883070881,9.5275390625000114,81.63116587358121,737.53731656435446,5,11,0,16,11,314,1,0.57333333333333336
2025-11-10T06:00:00Z,2025-11-10T11:00:00Z,2025-11-10T12:00:00Z,2025-11-10T12:00:00Z,2025-11-10T00:00:00Z,2025-11-10T04:01:51Z,8.756047363281251,-2.2277343750000003,9.0349967279231045,6.4356958007812501,-1.3247509765625001,6.5706274883070881,9.5275390625000114,81.63116587358121,737.53731656435446,5,11,0,16,11,314,2,0.62333333333333341
2025-11-10T06:00:00Z,2025-11-10T12:00:00Z,2025-11-10T13:00:00Z,2025-11-10T13:00:00Z,2025-11-10T00:00:00Z,2025-11-10T04:01:51Z,7.8289672851562502,-0.50291992187500001,7.8451040273450534,5.0530151367187504,0.12818359374999999,5.0546407395200186,8.2963281250000023,61.545657199865573,482.83208316426351,6,12,0,17,11,314,1,0.3116666666666667
2025-11-10T06:00:00Z,2025-11-10T12:00:00Z,2025-11-10T13:00:00Z,2025-11-10T13:00:00Z,2025-11-10T00:00:00Z,2025-11-10T04:01:51Z,7.8289672851562502,-0.50291992187500001,7.8451040273450534,5.0530151367187504,0.12818359374999999,5.0546407395200186,8.2963281250000023,61.545657199865573,482.83208316426351,6,12,0,17,11,314,2,0.32500000000000001
2025-11-10T06:00:00Z,2025-11-10T13:00:00Z,2025-11-10T14:00:00Z,2025-11-10T14:00:00Z,2025-11-10T00:00:00Z,2025-11-10T04:01:51Z,7.6579394531250005,0.49181640625,7.6737161822147879,4.3563183593749999,1.1637817382812501,4.5090905493884925,6.8166796875000273,58.885920045185102,451.87383755534307,7,13,0,18,11,314,1,0.33666666666666667
2025-11-10T06:00:00Z,2025-11-10T13:00:00Z,2025-11-10T14:00:00Z,2025-11-10T14:00:00Z,2025-11-10T00:00:00Z,2025-11-10T04:01:51Z,7.6579394531250005,0.49181640625,7.6737161822147879,4.3563183593749999,1.1637817382812501,4.5090905493884925,6.8166796875000273,58.885920045185102,451.87383755534307,7,13,0,18,11,314,2,0.38000000000000006
2025-11-10T06:00:00Z,2025-11-10T14:00:00Z,2025-11-10T15:00:00Z,2025-11-10T15:00:00Z,2025-11-10T00:00:00Z,2025-11-10T04:01:51Z,7.7198730468750005,1.1873730468750001,7.8106526367719313,3.9928369140625,1.6901586914062501,4.3358255297505037,5.9242187500000227,61.006294612312324,476.49897587334254,8,14,0,19,11,314,1,0.45666666666666672
2025-11-10T06:00:00Z,2025-11-10T14:00:00Z,2025-11-10T15:00:00Z,2025-11-10T15:00:00Z,2025-11-10T00:00:00Z,2025-11-10T04:01:51Z,7.7198730468750005,1.1873730468750001,7.8106526367719313,3.9928369140625,1.6901586914062501,4.3358255297505037,5.9242187500000227,61.006294612312324,476.49897587334254,8,14,0,19,11,314,2,0.45833333333333331
2025-11-10T06:00:00Z,2025-11-10T15:00:00Z,2025-11-10T16:00:00Z,2025-11-10T16:00:00Z,2025-11-10T00:00:00Z,2025-11-10T04:01:51Z,6.7019116210937497,1.3561962890625001,6.8377545840296392,3.3976782226562499,1.9856494140625001,3.9353552444829276,5.286953125000025,46.754887751418345,319.698448048052,9,15,0,20,11,314,1,0.59999999999999998
2025-11-10T06:00:00Z,2025-11-10T15:00:00Z,2025-11-10T16:00:00Z,2025-11-10T16:00:00Z,2025-11-10T00:00:00Z,2025-11-10T04:01:51Z,6.7019116210937497,1.3561962890625001,6.8377545840296392,3.3976782226562499,1.9856494140625001,3.9353552444829276,5.286953125000025,46.754887751418345,319.698448048052,9,15,0,20,11,314,2,0.60666666666666669
2025-11-10T06:00:00Z,2025-11-10T16:00:00Z,2025-11-10T17:00:00Z,2025-11-10T17:00:00Z,2025-11-10T00:00:00Z,2025-11-10T04:01:51Z,5.9573315429687499,1.596923828125,6.1676547265296744,3.08628173828125,1.9752197265625,3.6642363373900939,4.8136132812500136,38.039964825683832,234.61736885415144,10,16,0,21,11,314,1,0.39666666666666667
2025-11-10T06:00:00Z,2025-11-10T16:00:00Z,2025-11-10T17:00:00Z,2025-11-10T17:00:00Z,2025-11-10T00:00:00Z,2025-11-10T04:01:51Z,5.9573315429687499,1.596923828125,6.1676547265296744,3.08628173828125,1.9752197265625,3.6642363373900939,4.8136132812500136,38.039964825683832,234.61736885415144,10,16,0,21,11,314,2,0.38500000000000001
2025-11-10T06:00:00Z,2025-11-10T17:00:00Z,2025-11-10T18:00:00Z,2025-11-10T18:00:00Z,2025-11-10T00:00:00Z,2025-11-10T04:01:51Z,5.3787646484375005,2.0264184570312502,5.7478240149014566,2.8885034179687499,2.1438549804687499,3.5971608489053994,4.4597656250000455,33.037480906277899,189.89362614495244,11,17,0,22,11,314,1,0.35166666666666663
2025-11-10T06:00:00Z,2025-11-10T17:00:00Z,2025-11-10T18:00:00Z,2025-11-10T18:00:00Z,2025-11-10T00:00:00Z,2025-11-10T04:01:51Z,5.3787646484375005,2.0264184570312502,5.7478240149014566,2.8885034179687499,2.1438549804687499,3.5971608489053994,4.4597656250000455,33.037480906277899,189.89362614495244,11,17,0,22,11,314,2,0.33666666666666667
2025-11-10T06:00:00Z,2025-11-10T18:00:00Z,2025-11-10T19:00:00Z,2025-11-10T19:00:00Z,2025-11-10T00:00:00Z,2025-11-10T04:01:51Z,4.8816259765624999,2.1579296875000002,5.3373151219731847,2.7432592773437499,2.1162402343750002,3.4646708634905146,4.0478125000000205,28.486932711243632,152.0437367383532,12,18,0,23,11,314,1,0.17500000000000002
2025-11-10T06:00:00Z,2025-11-10T18:00:00Z,2025-11-10T19:00:00Z,2025-11-10T19:00:00Z,2025-11-10T00:00:00Z,2025-11-10T04:01:51Z,4.8816259765624999,2.1579296875000002,5.3373151219731847,2.7432592773437499,2.1162402343750002,3.4646708634905146,4.0478125000000205,28.486932711243632,152.0437367383532,12,18,0,23,11,314,2,0.17333333333333334
2025-11-10T06:00:00Z,2025-11-10T19:00:00Z,2025-11-10T20:00:00Z,2025-11-10T20:00:00Z,2025-11-10T00:00:00Z,2025-11-10T04:01:51Z,5.0066162109375005,1.8873583984375,5.3505446085211492,2.7688085937500002,2.0400732421874999,3.4392150067004055,3.7319726562500364,28.62832760777474,153.17714393275631,13,19,0,0,11,315,1,0.20333333333333334
2025-11-10T06:00:00Z,2025-11-10T19:00:00Z,2025-11-10T20:00:00Z,2025-11-10T20:00:00Z,2025-11-10T00:00:00Z,2025-11-10T04:01:51Z,5.0066162109375005,1.8873583984375,5.3505446085211492,2.7688085937500002,2.0400732421874999,3.4392150067004055,3.7319726562500364,28.62832760777474,153.17714393275631,13,19,0,0,11,315,2,0.19166666666666668
2025-11-10T06:00:00Z,2025-11-10T20:00:00Z,2025-11-10T21:00:00Z,2025-11-10T21:00:00Z,2025-11-10T00:00:00Z,2025-11-10T04:01:51Z,4.7075097656249998,1.7719677734375001,5.0299620260550473,2.5584350585937501,2.0253051757812499,3.2630432121085868,3.4812695312500068,25.300517983555796,127.26064469680847,14,20,0,1,11,315,1,0.13
2025-11-10T06:00:00Z,2025-11-10T20:00:00Z,2025-11-10T21:00:00Z,2025-11-10T21:00:00Z,2025-11-10T00:00:00Z,2025-11-10T04:01:51Z,4.7075097656249998,1.7719677734375001,5.0299620260550473,2.5584350585937501,2.0253051757812499,3.2630432121085868,3.4812695312500068,25.300517983555796,127.26064469680847,14,20,0,1,11,315,2,0.12833333333333333
2025-11-10T06:00:00Z,2025-11-10T21:00:00Z,2025-11-10T22:00:00Z,2025-11-10T22:00:00Z,2025-11-10T00:00:00Z,2025-11-10T04:01:51Z,3.8892041015625001,1.3827734375,4.1277077080464579,2.2056152343750002,1.695576171875,2.782034708039669,3.1438671875000068,17.037970923066144,70.327763908611544,15,21,0,2,11,315,1,0.01
2025-11-10T06:00:00Z,2025-11-10T21:00:00Z,2025-11-10T22:00:00Z,2025-11-10T22:00:00Z,2025-11-10T00:00:00Z,2025-11-10T04:01:51Z,3.8892041015625001,1.3827734375,4.1277077080464579,2.2056152343750002,1.695576171875,2.782034708039669,3.1438671875000068,17.037970923066144,70.327763908611544,15,21,0,2,11,315,2,0.01
2025-11-10T06:00:00Z,2025-11-10T22:00:00Z,2025-11-10T23:00:00Z,2025-11-10T23:00:00Z,2025-11-10T00:00:00Z,2025-11-10T04:01:51Z,2.9946826171875003,1.19064453125,3.2226942730393322,1.78549072265625,1.5098046875,2.3382658777582397,2.57781250000005,10.38575837748051,33.470124044276709,16,22,0,3,11,315,1,0.01
2025-11-10T06:00:00Z,2025-11-10T22:00:00Z,2025-11-10T23:00:00Z,2025-11-10T23:00:00Z,2025-11-10T00:00:00Z,2025-11-10T04:01:51Z,2.9946826171875003,1.19064453125,3.2226942730393322,1.78549072265625,1.5098046875,2.3382658777582397,2.57781250000005,10.38575837748051,33.470124044276709,16,22,0,3,11,315,2,0.01
2025-11-10T06:00:00Z,2025-11-10T23:00:00Z,2025-11-11T00:00:00Z,2025-11-11T00:00:00Z,2025-11-10T00:00:00Z,2025-11-10T04:01:51Z,1.7633105468750001,1.3365478515625,2.2126057588818093,1.0364013671875001,1.5636767578124999,1.8759565018494249,2.0517578125000568,4.8956242442369478,10.832086396120076,17,23,0,4,11,315,1,0.029999999999999999
2025-11-10T06:00:00Z,2025-11-10T23:00:00Z,2025-11-11T00:00:00Z,2025-11-11T00:00:00Z,2025-11-10T00:00:00Z,2025-11-10T04:01:51Z,1.7633105468750001,1.3365478515625,2.2126057588818093,1.0364013671875001,1.5636767578124999,1.8759565018494249,2.0517578125000568,4.8956242442369478,10.832086396120076,17,23,0,4,11,315,2,0.026666666666666668
2025-11-10T06:00:00Z,2025-11-11T00:00:00Z,2025-11-11T01:00:00Z,2025-11-11T01:00:00Z,2025-11-10T00:00:00Z,2025-11-10T04:01:51Z,0.22924072265625001,0.6143798828125,0.6557544886073301,-0.047617187499999998,0.77468994140625003,0.77615198373864203,1.2943750000000023,0.43001394932866099,0.28198357743603447,18,24,0,5,11,315,1,0.26333333333333336
2025-11-10T06:00:00Z,2025-11-11T00:00:00Z,2025-11-11T01:00:00Z,2025-11-11T01:00:00Z,2025-11-10T00:00:00Z,2025-11-10T04:01:51Z,0.22924072265625001,0.6143798828125,0.6557544886073301,-0.047617187499999998,0.77468994140625003,0.77615198373864203,1.2943750000000023,0.43001394932866099,0.28198357743603447,18,24,0,5,11,315,2,0.23166666666666669
2025-11-10T06:00:00Z,2025-11-11T01:00:00Z,2025-11-11T02:00:00Z,2025-11-11T02:00:00Z,2025-11-10T00:00:00Z,2025-11-10T04:01:51Z,-2.1171728515625001,-0.69988769531250006,2.2298573204227958,-2.1041772460937502,-0.67715332031249997,2.2104521035726883,2.1758984375000523,4.972263669443131,11.087438542380079,19,25,0,6,11,315,1,0.33000000000000002
2025-11-10T06:00:00Z,2025-11-11T01:00:00Z,2025-11-11T02:00:00Z,2025-11-11T02:00:00Z,2025-11-10T00:00:00Z,2025-11-10T04:01:51Z,-2.1171728515625001,-0.69988769531250006,2.2298573204227958,-2.1041772460937502,-0.67715332031249997,2.2104521035726883,2.1758984375000523,4.972263669443131,11.087438542380079,19,25,0,6,11,315,2,0.28833333333333333
2025-11-10T06:00:00Z,2025-11-11T02:00:00Z,2025-11-11T03:00:00Z,2025-11-11T03:00:00Z,2025-11-10T00:00:00Z,2025-11-10T04:01:51Z,-5.7260278320312503,-1.9371386718750001,6.0448243123576502,-4.1194409179687499,-1.35877685546875,4.3377491881842083,2.3930664062500568,36.539900967270135,220.87728173809532,20,26,0,7,11,315,1,0.25333333333333335
2025-11-10T06:00:00Z,2025-11-11T02:00:00Z,2025-11-11T03:00:00Z,2025-11-11T03:00:00Z,2025-11-10T00:00:00Z,2025-11-10T04:01:51Z,-5.7260278320312503,-1.9371386718750001,6.0448243123576502,-4.1194409179687499,-1.35877685546875,4.3377491881842083,2.3930664062500568,36.539900967270135,220.87728173809532,20,26,0,7,11,315,2,0.20999999999999999
2025-11-10T06:00:00Z,2025-11-11T03:00:00Z,2025-11-11T04:00:00Z,2025-11-11T04:00:00Z,2025-11-10T00:00:00Z,2025-11-10T04:01:51Z,-7.8304003906249999,-3.2308081054687499,8.4707314496366095,-5.1688281250000001,-2.5680078124999999,5.7716070821610899,3.4984765625000023,71.753291291862737,607.80286116091838,21,27,0,8,11,315,1,0.37833333333333335
2025-11-10T06:00:00Z,2025-11-11T03:00:00Z,2025-11-11T04:00:00Z,2025-11-11T04:00:00Z,2025-11-10T00:00:00Z,2025-11-10T04:01:51Z,-7.8304003906249999,-3.2308081054687499,8.4707314496366095,-5.1688281250000001,-2.5680078124999999,5.7716070821610899,3.4984765625000023,71.753291291862737,607.80286116091838,21,27,0,8,11,315,2,0.40999999999999998
2025-11-10T06:00:00Z,2025-11-11T04:00:00Z,2025-11-11T05:00:00Z,2025-11-11T05:00:00Z,2025-11-10T00:00:00Z,2025-11-10T04:01:51Z,-8.7806323242187503,-3.7238134765624999,9.5376250094739863,-6.7935766601562504,-3.0992822265625,7.4671436411325285,4.8978125000000432,90.966290821343662,867.60237035673129,22,28,0,9,11,315,1,0.91833333333333333
2025-11-10T06:00:00Z,2025-11-11T04:00:00Z,2025-11-11T05:00:00Z,2025-11-11T05:00:00Z,2025-11-10T00:00:00Z,2025-11-10T04:01:51Z,-8.7806323242187503,-3.7238134765624999,9.5376250094739863,-6.7935766601562504,-3.0992822265625,7.4671436411325285,4.8978125000000432,90.966290821343662,867.60237035673129,22,28,0,9,11,315,2,0.93500000000000005
2025-11-10T06:00:00Z,2025-11-11T05:00:00Z,2025-11-11T06:00:00Z,2025-11-11T06:00:00Z,2025-11-10T00:00:00Z,2025-11-10T04:01:51Z,-9.7427514648437494,-3.7615820312500001,10.443692138489046,-7.6662329101562499,-3.195517578125,8.3055679892990231,6.3454882812500273,109.07070548353791,1139.100869397879,23,29,0,10,11,315,1,0.97333333333333327
2025-11-10T06:00:00Z,2025-11-11T05:00:00Z,2025-11-11T06:00:00Z,2025-11-11T06:00:00Z,2025-11-10T00:00:00Z,2025-11-10T04:01:51Z,-9.7427514648437494,-3.7615820312500001,10.443692138489046,-7.6662329101562499,-3.195517578125,8.3055679892990231,6.3454882812500273,109.07070548353791,1139.100869397879,23,29,0,10,11,315,2,0.97333333333333327
2025-11-10T06:00:00Z,2025-11-11T06:00:00Z,2025-11-11T07:00:00Z,2025-11-11T07:00:00Z,2025-11-10T00:00:00Z,2025-11-10T04:01:51Z,-10.206765136718751,-3.5692578125000001,10.8128467985184,-8.1607177734375007,-3.0772167968750002,8.721615549464925,7.7642968750000136,116.91765588822962,1264.2127011613195,24,30,0,11,11,315,1,0.98999999999999988
2025-11-10T06:00:00Z,2025-11-11T06:00:00Z,2025-11-11T07:00:00Z,2025-11-11T07:00:00Z,2025-11-10T00:00:00Z,2025-11-10T04:01:51Z,-10.206765136718751,-3.5692578125000001,10.8128467985184,-8.1607177734375007,-3.0772167968750002,8.721615549464925,7.7642968750000136,116.91765588822962,1264.2127011613195,24,30,0,11,11,315,2,0.97000000000000008
2025-11-10T06:00:00Z,2025-11-11T07:00:00Z,2025-11-11T08:00:00Z,2025-11-11T08:00:00Z,2025-11-10T00:00:00Z,2025-11-10T04:01:51Z,-9.9233666992187501,-3.289345703125,10.454329332952474,-8.0139233398437497,-3.01448486328125,8.5621309431615309,9.0645312500000159,109.29300180183051,1142.5850346233044,25,31,0,12,11,315,1,0.98833333333333329
2025-11-10T06:00:00Z,2025-11-11T07:00:00Z,2025-11-11T08:00:00Z,2025-11-11T08:00:00Z,2025-11-10T00:00:00Z,2025-11-10T04:01:51Z,-9.9233666992187501,-3.289345703125,10.454329332952474,-8.0139233398437497,-3.01448486328125,8.5621309431615309,9.0645312500000159,109.29300180183051,1142.5850346233044,25,31,0,12,11,315,2,0.96833333333333327
2025-11-10T06:00:00Z,2025-11-11T08:00:00Z,2025-11-11T09:00:00Z,2025-11-11T09:00:00Z,2025-11-10T00:00:00Z,2025-11-10T04:01:51Z,-9.8297802734374997,-3.0713183593750002,10.29842593257314,-7.9330883789062501,-2.8984277343750002,8.4459916267381878,9.8229687500000296,106.05757668869495,1092.2260981167206,26,32,0,13,11,315,1,0.98499999999999999
2025-11-10T06:00:00Z,2025-11-11T08:00:00Z,2025-11-11T09:00:00Z,2025-11-11T09:00:00Z,2025-11-10T00:00:00Z,2025-11-10T04:01:51Z,-9.8297802734374997,-3.0713183593750002,10.29842593257314,-7.9330883789062501,-2.8984277343750002,8.4459916267381878,9.8229687500000296,106.05757668869495,1092.2260981167206,26,32,0,13,11,315,2,0.97000000000000008
2025-11-10T06:00:00Z,2025-11-11T09:00:00Z,2025-11-11T10:00:00Z,2025-11-11T10:00:00Z,2025-11-10T00:00:00Z,2025-11-10T04:01:51Z,-9.5897729492187498,-2.7911376953125,9.9877021807702118,-7.734375,-2.7205883789062502,8.1989119868470794,10.188085937500034,99.754194851762037,996.31518946192034,27,33,0,14,11,315,1,0.97999999999999998
2025-11-10T06:00:00Z,2025-11-11T09:00:00Z,2025-11-11T10:00:00Z,2025-11-11T10:00:00Z,2025-11-10T00:00:00Z,2025-11-10T04:01:51Z,-9.5897729492187498,-2.7911376953125,9.9877021807702118,-7.734375,-2.7205883789062502,8.1989119868470794,10.188085937500034,99.754194851762037,996.31518946192034,27,33,0,14,11,315,2,0.96666666666666667
2025-11-10T06:00:00Z,2025-11-11T10:00:00Z,2025-11-11T11:00:00Z,2025-11-11T11:00:00Z,2025-11-10T00:00:00Z,2025-11-10T04:01:51Z,-9.6341113281249999,-2.9776464843750001,10.083773086926206,-7.4691967773437504,-2.75347900390625,7.9605619854150262,10.061328125000045,101.68247966861726,1025.3430518943239,28,34,0,15,11,315,1,0.96499999999999997
2025-11-10T06:00:00Z,2025-11-11T10:00:00Z,2025-11-11T11:00:00Z,2025-11-11T11:00:00Z,2025-11-10T00:00:00Z,2025-11-10T04:01:51Z,-9.6341113281249999,-2.9776464843750001,10.083773086926206,-7.4691967773437504,-2.75347900390625,7.9605619854150262,10.061328125000045,101.68247966861726,1025.3430518943239,28,34,0,15,11,315,2,0.96499999999999997
2025-11-10T06:00:00Z,2025-11-11T11:00:00Z,2025-11-11T12:00:00Z,2025-11-11T12:00:00Z,2025-11-10T00:00:00Z,2025-11-10T04:01:51Z,-9.9490429687499997,-3.8677392578125001,10.674402229654726,-6.9365869140625005,-3.2268945312500001,7.650430467114532,8.8796484375000091,113.94286296045779,1216.2719504383535,29,35,0,16,11,315,1,0.97999999999999998
2025-11-10T06:00:00Z,2025-11-11T11:00:00Z,2025-11-11T12:00:00Z,2025-11-11T12:00:00Z,2025-11-10T00:00:00Z,2025-11-10T04:01:51Z,-9.9490429687499997,-3.8677392578125001,10.674402229654726,-6.9365869140625005,-3.2268945312500001,7.650430467114532,8.8796484375000091,113.94286296045779,1216.2719504383535,29,35,0,16,11,315,2,0.97000000000000008
2025-11-10T06:00:00Z,2025-11-11T12:00:00Z,2025-11-11T13:00:00Z,2025-11-11T13:00:00Z,2025-11-10T00:00:00Z,2025-11-10T04:01:51Z,-10.40241455078125,-3.6965869140625003,11.039700326527147,-6.4907031250000005,-3.0199707031250003,7.1588721251757308,7.64812500000005,121.87498329952359,1345.4632929272411,30,36,0,17,11,315,1,0.98833333333333329
2025-11-10T06:00:00Z,2025-11-11T12:00:00Z,2025-11-11T13:00:00Z,2025-11-11T13:00:00Z,2025-11-10T00:00:00Z,2025-11-10T04:01:51Z,-10.40241455078125,-3.6965869140625003,11.039700326527147,-6.4907031250000005,-3.0199707031250003,7.1588721251757308,7.64812500000005,121.87498329952359,1345.4632929272411,30,36,0,17,11,315,2,0.97000000000000008
2025-11-10T06:00:00Z,2025-11-11T13:00:00Z,2025-11-11T14:00:00Z,2025-11-11T14:00:00Z,2025-11-10T00:00:00Z,2025-11-10T04:01:51Z,-9.9308813476562499,-3.0008007812500002,10.374353457925821,-5.8218359375000004,-2.6487182617187499,6.3960520724216208,6.9996484375000136,107.62720966997743,1116.5627148066378,31,37,0,18,11,315,1,0.94666666666666666
2025-11-10T06:00:00Z,2025-11-11T13:00:00Z,2025-11-11T14:00:00Z,2025-11-11T14:00:00Z,2025-11-10T00:00:00Z,2025-11-10T04:01:51Z,-9.9308813476562499,-3.0008007812500002,10.374353457925821,-5.8218359375000004,-2.6487182617187499,6.3960520724216208,6.9996484375000136,107.62720966997743,1116.5627148066378,31,37,0,18,11,315,2,0.95166666666666666
2025-11-10T06:00:00Z,2025-11-11T14:00:00Z,2025-11-11T15:00:00Z,2025-11-11T15:00:00Z,2025-11-10T00:00:00Z,2025-11-10T04:01:51Z,-9.2560498046874997,-3.1516186523437502,9.7778912919226375,-5.2942944335937501,-2.8121411132812502,5.9948053505171019,6.3785156250000341,95.607158116656549,934.83639879432678,32,38,0,19,11,315,1,0.86333333333333329
2025-11-10T06:00:00Z,2025-11-11T14:00:00Z,2025-11-11T15:00:00Z,2025-11-11T15:00:00Z,2025-11-10T00:00:00Z,2025-11-10T04:01:51Z,-9.2560498046874997,-3.1516186523437502,9.7778912919226375,-5.2942944335937501,-2.8121411132812502,5.9948053505171019,6.3785156250000341,95.607158116656549,934.83639879432678,32,38,0,19,11,315,2,0.81000000000000005
2025-11-10T06:00:00Z,2025-11-11T15:00:00Z,2025-11-11T16:00:00Z,2025-11-11T16:00:00Z,2025-11-10T00:00:00Z,2025-11-10T04:01:51Z,-8.9802099609375006,-3.4607470703125003,9.6239774120265711,-4.8873193359374998,-2.7054321289062502,5.5861662430997132,5.7776367187500455,92.620941227197662,891.38184625119095,33,39,0,20,11,315,1,0.85166666666666668
2025-11-10T06:00:00Z,2025-11-11T15:00:00Z,2025-11-11T16:00:00Z,2025-11-11T16:00:00Z,2025-11-10T00:00:00Z,2025-11-10T04:01:51Z,-8.9802099609375006,-3.4607470703125003,9.6239774120265711,-4.8873193359374998,-2.7054321289062502,5.5861662430997132,5.7776367187500455,92.620941227197662,891.38184625119095,33,39,0,20,11,315,2,0.79000000000000004
2025-11-10T06:00:00Z,2025-11-11T16:00:00Z,2025-11-11T17:00:00Z,2025-11-11T17:00:00Z,2025-11-10T00:00:00Z,2025-11-10T04:01:51Z,-9.2036035156249998,-3.6384960937500002,9.8967151872254497,-5.0292236328125002,-2.6238281250000002,5.6725271597746252,5.4968750000000455,97.944971497058873,969.33348692730635,34,40,0,21,11,315,1,0.8783333333333333
2025-11-10T06:00:00Z,2025-11-11T16:00:00Z,2025-11-11T17:00:00Z,2025-11-11T17:00:00Z,2025-11-10T00:00:00Z,2025-11-10T04:01:51Z,-9.2036035156249998,-3.6384960937500002,9.8967151872254497,-5.0292236328125002,-2.6238281250000002,5.6725271597746252,5.4968750000000455,97.944971497058873,969.33348692730635,34,40,0,21,11,315,2,0.77999999999999992
2025-11-10T06:00:00Z,2025-11-11T17:00:00Z,2025-11-11T18:00:00Z,2025-11-11T18:00:00Z,2025-11-10T00:00:00Z,2025-11-10T04:01:51Z,-9.4264794921875001,-4.0017968750000001,10.240746742566738,-4.9859570312499999,-2.884033203125,5.7599839439184866,5.1133789062500341,104.87289384539126,1073.976746030738,35,41,0,22,11,315,1,0.92666666666666664
2025-11-10T06:00:00Z,2025-11-11T17:00:00Z,2025-11-11T18:00:00Z,2025-11-11T18:00:00Z,2025-11-10T00:00:00Z,2025-11-10T04:01:51Z,-9.4264794921875001,-4.0017968750000001,10.240746742566738,-4.9859570312499999,-2.884033203125,5.7599839439184866,5.1133789062500341,104.87289384539126,1073.976746030738,35,41,0,22,11,315,2,0.87333333333333341
2025-11-10T06:00:00Z,2025-11-11T18:00:00Z,2025-11-11T19:00:00Z,2025-11-11T19:00:00Z,2025-11-10T00:00:00Z,2025-11-10T04:01:51Z,-9.4133691406250009,-4.0336328125000005,10.241177287975622,-5.14792724609375,-3.11666015625,6.0178671853598313,5.0013476562500045,104.88171224374773,1074.1122093546639,36,42,0,23,11,315,1,0.82333333333333336
2025-11-10T06:00:00Z,2025-11-11T18:00:00Z,2025-11-11T19:00:00Z,2025-11-11T19:00:00Z,2025-11-10T00:00:00Z,2025-11-10T04:01:51Z,-9.4133691406250009,-4.0336328125000005,10.241177287975622,-5.14792724609375,-3.11666015625,6.0178671853598313,5.0013476562500045,104.88171224374773,1074.1122093546639,36,42,0,23,11,315,2,0.79333333333333333
2025-11-10T06:00:00Z,2025-11-11T19:00:00Z,2025-11-11T20:00:00Z,2025-11-11T20:00:00Z,2025-11-10T00:00:00Z,2025-11-10T04:01:51Z,-9.1093212890624997,-4.2997509765624997,10.073112369462452,-5.1367675781250002,-3.1475048828125001,6.0243811415783375,4.4790625000000546,101.46759280781745,1022.0944642120053,37,43,0,0,11,316,1,0.48666666666666664
2025-11-10T06:00:00Z,2025-11-11T19:00:00Z,2025-11-11T20:00:00Z,2025-11-11T20:00:00Z,2025-11-10T00:00:00Z,2025-11-10T04:01:51Z,-9.1093212890624997,-4.2997509765624997,10.073112369462452,-5.1367675781250002,-3.1475048828125001,6.0243811415783375,4.4790625000000546,101.46759280781745,1022.0944642120053,37,43,0,0,11,316,2,0.42833333333333329
2025-11-10T06:00:00Z,2025-11-11T20:00:00Z,2025-11-11T21:00:00Z,2025-11-11T21:00:00Z,2025-11-10T00:00:00Z,2025-11-10T04:01:51Z,-8.9047485351562496,-4.4328124999999998,9.9470786231196353,-4.7615234375000002,-3.0786791992187501,5.6701297214053241,4.1525781250000477,98.944373134523616,984.20745888439262,38,44,0,1,11,316,1,0.57500000000000007
2025-11-10T06:00:00Z,2025-11-11T20:00:00Z,2025-11-11T21:00:00Z,2025-11-11T21:00:00Z,2025-11-10T00:00:00Z,2025-11-10T04:01:51Z,-8.9047485351562496,-4.4328124999999998,9.9470786231196353,-4.7615234375000002,-3.0786791992187501,5.6701297214053241,4.1525781250000477,98.944373134523616,984.20745888439262,38,44,0,1,11,316,2,0.50666666666666671
2025-11-10T06:00:00Z,2025-11-11T21:00:00Z,2025-11-11T22:00:00Z,2025-11-11T22:00:00Z,2025-11-10T00:00:00Z,2025-11-10T04:01:51Z,-8.5115869140624998,-4.7622314453125005,9.753253822923055,-4.5051318359375001,-3.128212890625,5.4846995130316856,3.9236328125000455,95.125960134363183,927.7876343397038,39,45,0,2,11,316,1,0.46833333333333332
2025-11-10T06:00:00Z,2025-11-11T21:00:00Z,2025-11-11T22:00:00Z,2025-11-11T22:00:00Z,2025-11-10T00:00:00Z,2025-11-10T04:01:51Z,-8.5115869140624998,-4.7622314453125005,9.753253822923055,-4.5051318359375001,-3.128212890625,5.4846995130316856,3.9236328125000455,95.125960134363183,927.7876343397038,39,45,0,2,11,316,2,0.42999999999999999
2025-11-10T06:00:00Z,2025-11-11T22:00:00Z,2025-11-11T23:00:00Z,2025-11-11T23:00:00Z,2025-11-10T00:00:00Z,2025-11-10T04:01:51Z,-8.4600000000000009,-4.6661376953125,9.6614926896218396,-4.6368359374999999,-2.91558837890625,5.4773080163986281,3.6331054687500455,93.344440991616253,901.84663425733766,40,46,0,3,11,316,1,0.60666666666666669
2025-11-10T06:00:00Z,2025-11-11T22:00:00Z,2025-11-11T23:00:00Z,2025-11-11T23:00:00Z,2025-11-10T00:00:00Z,2025-11-10T04:01:51Z,-8.4600000000000009,-4.6661376953125,9.6614926896218396,-4.6368359374999999,-2.91558837890625,5.4773080163986281,3.6331054687500455,93.344440991616253,901.84663425733766,40,46,0,3,11,316,2,0.56333333333333335
2025-11-10T06:00:00Z,2025-11-11T23:00:00Z,2025-11-12T00:00:00Z,2025-11-12T00:00:00Z,2025-11-10T00:00:00Z,2025-11-10T04:01:51Z,-8.1627758789062508,-4.7423339843750005,9.4403729623681603,-4.5124169921875001,-2.9613061523437501,5.3973364949103768,3.4240429687500296,89.120641668611796,841.33209599726399,41,47,0,4,11,316,1,0.73833333333333329
2025-11-10T06:00:00Z,2025-11-11T23:00:00Z,2025-11-12T00:00:00Z,2025-11-12T00:00:00Z,2025-11-10T00:00:00Z,2025-11-10T04:01:51Z,-8.1627758789062508,-4.7423339843750005,9.4403729623681603,-4.5124169921875001,-2.9613061523437501,5.3973364949103768,3.4240429687500296,89.120641668611796,841.33209599726399,41,47,0,4,11,316,2,0.68833333333333335
2025-11-10T06:00:00Z,2025-11-12T00:00:00Z,2025-11-12T01:00:00Z,2025-11-12T01:00:00Z,2025-11-10T00:00:00Z,2025-11-10T04:01:51Z,-8.0711376953124994,-4.6270263671874998,9.3033669549976761,-4.5194750976562501,-2.9425195312499999,5.3929654504847973,3.2473046875000477,86.552636699342727,805.23094013658431,42,48,0,5,11,316,1,0.66833333333333333
2025-11-10T06:00:00Z,2025-11-12T00:00:00Z,2025-11-12T01:00:00Z,2025-11-12T01:00:00Z,2025-11-10T00:00:00Z,2025-11-10T04:01:51Z,-8.0711376953124994,-4.6270263671874998,9.3033669549976761,-4.5194750976562501,-2.9425195312499999,5.3929654504847973,3.2473046875000477,86.552636699342727,805.23094013658431,42,48,0,5,11,316,2,0.58833333333333326
2025-11-10T06:00:00Z,2025-11-12T01:00:00Z,2025-11-12T02:00:00Z,2025-11-12T02:00:00Z,2025-11-10T00:00:00Z,2025-11-10T04:01:51Z,-8.1425048828124993,-4.6328417968749998,9.3682233577929477,-4.4417260742187503,-2.8989233398437499,5.3040255512851324,3.1050000000000182,87.763608881497376,822.18909068784831,43,49,0,6,11,316,1,0.28833333333333333
2025-11-10T06:00:00Z,2025-11-12T01:00:00Z,2025-11-12T02:00:00Z,2025-11-12T02:00:00Z,2025-11-10T00:00:00Z,2025-11-10T04:01:51Z,-8.1425048828124993,-4.6328417968749998,9.3682233577929477,-4.4417260742187503,-2.8989233398437499,5.3040255512851324,3.1050000000000182,87.763608881497376,822.18909068784831,43,49,0,6,11,316,2,0.20999999999999999
2025-11-10T06:00:00Z,2025-11-12T02:00:00Z,2025-11-12T03:00:00Z,2025-11-12T03:00:00Z,2025-11-10T00:00:00Z,2025-11-10T04:01:51Z,-8.7180078124999998,-4.5223437500000001,9.8211635365660772,-4.6510278320312501,-2.6905395507812502,5.3731799680121899,3.0491796875000432,96.455253211975091,947.30281575569779,44,50,0,7,11,316,1,0.35499999999999998
2025-11-10T06:00:00Z,2025-11-12T02:00:00Z,2025-11-12T03:00:00Z,2025-11-12T03:00:00Z,2025-11-10T00:00:00Z,2025-11-10T04:01:51Z,-8.7180078124999998,-4.5223437500000001,9.8211635365660772,-4.6510278320312501,-2.6905395507812502,5.3731799680121899,3.0491796875000432,96.455253211975091,947.30281575569779,44,50,0,7,11,316,2,0.29333333333333333
2025-11-10T06:00:00Z,2025-11-12T03:00:00Z,2025-11-12T04:00:00Z,2025-11-12T04:00:00Z,2025-11-10T00:00:00Z,2025-11-10T04:01:51Z,-8.1229223632812495,-4.3715039062500001,9.2245278536223001,-5.1697827148437501,-2.9850024414062499,5.969664387040404,4.7772070312500432,85.091914122253641,784.93273193876541,45,51,0,8,11,316,1,0.71666666666666667
2025-11-10T06:00:00Z,2025-11-12T03:00:00Z,2025-11-12T04:00:00Z,2025-11-12T04:00:00Z,2025-11-10T00:00:00Z,2025-11-10T04:01:51Z,-8.1229223632812495,-4.3715039062500001,9.2245278536223001,-5.1697827148437501,-2.9850024414062499,5.969664387040404,4.7772070312500432,85.091914122253641,784.93273193876541,45,51,0,8,11,316,2,0.68666666666666665
2025-11-10T06:00:00Z,2025-11-12T04:00:00Z,2025-11-12T05:00:00Z,2025-11-12T05:00:00Z,2025-11-10T00:00:00Z,2025-11-10T04:01:51Z,-8.0614819335937504,-4.4336010742187497,9.2002342063108422,-6.2103002929687499,-3.6683837890625002,7.2128267241563684,6.8220703125000455,84.644309450972088,778.74747118039352,46,52,0,9,11,316,1,0.74333333333333329
2025-11-10T06:00:00Z,2025-11-12T04:00:00Z,2025-11-12T05:00:00Z,2025-11-12T05:00:00Z,2025-11-10T00:00:00Z,2025-11-10T04:01:51Z,-8.0614819335937504,-4.4336010742187497,9.2002342063108422,-6.2103002929687499,-3.6683837890625002,7.2128267241563684,6.8220703125000455,84.644309450972088,778.74747118039352,46,52,0,9,11,316,2,0.80666666666666664
2025-11-10T06:00:00Z,2025-11-12T05:00:00Z,2025-11-12T06:00:00Z,2025-11-12T06:00:00Z,2025-11-10T00:00:00Z,2025-11-10T04:01:51Z,-8.97967529296875,-4.1248974609375004,9.8817684363884002,-7.0090356445312505,-3.6129907226562499,7.8854475223863947,8.6398437500000114,97.649347430402045,964.9482392716717,47,53,0,10,11,316,1,0.69666666666666666
2025-11-10T06:00:00Z,2025-11-12T05:00:00Z,2025-11-12T06:00:00Z,2025-11-12T06:00:00Z,2025-11-10T00:00:00Z,2025-11-10T04:01:51Z,-8.97967529296875,-4.1248974609375004,9.8817684363884002,-7.0090356445312505,-3.6129907226562499,7.8854475223863947,8.6398437500000114,97.649347430402045,964.9482392716717,47,53,0,10,11,316,2,0.71333333333333337
2025-12-01T06:00:00Z,2025-12-01T06:00:00Z,2025-12-01T07:00:00Z,2025-12-01T07:00:00Z,2025-12-01T00:00:00Z,2025-12-01T04:01:32Z,-10.30604736328125,-4.6876855468750005,11.322058471875915,-7.8884448242187499,-4.0406225585937499,8.8630803000853096,6.4554296875000432,128.18900804057716,1451.3634444871864,0,6,0,11,12,335,1,0.13166666666666668
2025-12-01T06:00:00Z,2025-12-01T06:00:00Z,2025-12-01T07:00:00Z,2025-12-01T07:00:00Z,2025-12-01T00:00:00Z,2025-12-01T04:01:32Z,-10.30604736328125,-4.6876855468750005,11.322058471875915,-7.8884448242187499,-4.0406225585937499,8.8630803000853096,6.4554296875000432,128.18900804057716,1451.3634444871864,0,6,0,11,12,335,2,0.13166666666666668
2025-12-01T06:00:00Z,2025-12-01T07:00:00Z,2025-12-01T08:00:00Z,2025-12-01T08:00:00Z,2025-12-01T00:00:00Z,2025-12-01T04:01:32Z,-10.81136474609375,-4.4150463867187497,11.678109533223134,-8.3017163085937504,-3.9163354492187499,9.1791163528511213,7.5580078125000227,136.37824226995704,1592.6400511769996,1,7,0,12,12,335,1,0.47833333333333333
2025-12-01T06:00:00Z,2025-12-01T07:00:00Z,2025-12-01T08:00:00Z,2025-12-01T08:00:00Z,2025-12-01T00:00:00Z,2025-12-01T04:01:32Z,-10.81136474609375,-4.4150463867187497,11.678109533223134,-8.3017163085937504,-3.9163354492187499,9.1791163528511213,7.5580078125000227,136.37824226995704,1592.6400511769996,1,7,0,12,12,335,2,0.64166666666666672
2025-12-01T06:00:00Z,2025-12-01T08:00:00Z,2025-12-01T09:00:00Z,2025-12-01T09:00:00Z,2025-12-01T00:00:00Z,2025-12-01T04:01:32Z,-10.916926269531251,-3.97849609375,11.619281834191195,-8.4178051757812504,-3.5733007812499999,9.1448303675186597,8.1597851562500523,135.0077103423655,1568.6926362567942,2,8,0,13,12,335,1,0.93666666666666665
2025-12-01T06:00:00Z,2025-12-01T08:00:00Z,2025-12-01T09:00:00Z,2025-12-01T09:00:00Z,2025-12-01T00:00:00Z,2025-12-01T04:01:32Z,-10.916926269531251,-3.97849609375,11.619281834191195,-8.4178051757812504,-3.5733007812499999,9.1448303675186597,8.1597851562500523,135.0077103423655,1568.6926362567942,2,8,0,13,12,335,2,0.95999999999999996
2025-12-01T06:00:00Z,2025-12-01T09:00:00Z,2025-12-01T10:00:00Z,2025-12-01T10:00:00Z,2025-12-01T00:00:00Z,2025-12-01T04:01:32Z,-10.89580322265625,-3.9417236328125003,11.586876760556267,-8.404423828125001,-3.4845288085937502,9.0981471135981895,8.2341210937500477,134.25571306431888,1555.6044016768669,3,9,0,14,12,335,1,0.97666666666666657
2025-12-01T06:00:00Z,2025-12-01T09:00:00Z,2025-12-01T10:00:00Z,2025-12-01T10:00:00Z,2025-12-01T00:00:00Z,2025-12-01T04:01:32Z,-10.89580322265625,-3.9417236328125003,11.586876760556267,-8.404423828125001,-3.4845288085937502,9.0981471135981895,8.2341210937500477,134.25571306431888,1555.6044016768669,3,9,0,14,12,335,2,0.96333333333333326
2025-12-01T06:00:00Z,2025-12-01T10:00:00Z,2025-12-01T11:00:00Z,2025-12-01T11:00:00Z,2025-12-01T00:00:00Z,2025-12-01T04:01:32Z,-10.6961328125,-4.3451269531249999,11.545015607672971,-7.6388256835937502,-3.5170434570312499,8.4095928856858375,7.7569726562500136,133.28738538141249,1538.8049445343295,4,10,0,15,12,335,1,0.85333333333333339
2025-12-01T06:00:00Z,2025-12-01T10:00:00Z,2025-12-01T11:00:00Z,2025-12-01T11:00:00Z,2025-12-01T00:00:00Z,2025-12-01T04:01:32Z,-10.6961328125,-4.3451269531249999,11.545015607672971,-7.6388256835937502,-3.5170434570312499,8.4095928856858375,7.7569726562500136,133.28738538141249,1538.8049445343295,4,10,0,15,12,335,2,0.87333333333333341
2025-12-01T06:00:00Z,2025-12-01T11:00:00Z,2025-12-01T12:00:00Z,2025-12-01T12:00:00Z,2025-12-01T00:00:00Z,2025-12-01T04:01:32Z,-10.86588623046875,-4.7506738281250005,11.859021266307023,-7.0181152343750002,-3.63252685546875,7.9024801675593057,6.1383984375000296,140.63638539472223,1667.8098852125613,5,11,0,16,12,335,1,0.68166666666666664
2025-12-01T06:00:00Z,2025-12-01T11:00:00Z,2025-12-01T12:00:00Z,2025-12-01T12:00:00Z,2025-12-01T00:00:00Z,2025-12-01T04:01:32Z,-10.86588623046875,-4.7506738281250005,11.859021266307023,-7.0181152343750002,-3.63252685546875,7.9024801675593057,6.1383984375000296,140.63638539472223,1667.8098852125613,5,11,0,16,12,335,2,0.70666666666666667
2025-12-01T06:00:00Z,2025-12-01T12:00:00Z,2025-12-01T13:00:00Z,2025-12-01T13:00:00Z,2025-12-01T00:00:00Z,2025-12-01T04:01:32Z,-10.588591308593751,-4.3720629882812503,11.455706031228537,-6.1473559570312499,-3.4699780273437502,7.0590886644591748,4.7477734375000296,131.23320067392589,1503.3689684577178,6,12,0,17,12,335,1,0.59833333333333327
2025-12-01T06:00:00Z,2025-12-01T12:00:00Z,2025-12-01T13:00:00Z,2025-12-01T13:00:00Z,2025-12-01T00:00:00Z,2025-12-01T04:01:32Z,-10.588591308593751,-4.3720629882812503,11.455706031228537,-6.1473559570312499,-3.4699780273437502,7.0590886644591748,4.7477734375000296,131.23320067392589,1503.3689684577178,6,12,0,17,12,335,2,0.58333333333333337
2025-12-01T06:00:00Z,2025-12-01T13:00:00Z,2025-12-01T14:00:00Z,2025-12-01T14:00:00Z,2025-12-01T00:00:00Z,2025-12-01T04:01:32Z,-9.6303442382812499,-4.6656665039062499,10.701026776598106,-5.0086840820312499,-3.1881274414062499,5.9372613902573619,3.6899218750000387,114.51197407346964,1225.3957008013067,7,13,0,18,12,335,1,0.70500000000000007
2025-12-01T06:00:00Z,2025-12-01T13:00:00Z,2025-12-01T14:00:00Z,2025-12-01T14:00:00Z,2025-12-01T00:00:00Z,2025-12-01T04:01:32Z,-9.6303442382812499,-4.6656665039062499,10.701026776598106,-5.0086840820312499,-3.1881274414062499,5.9372613902573619,3.6899218750000387,114.51197407346964,1225.3957008013067,7,13,0,18,12,335,2,0.70000000000000007
2025-12-01T06:00:00Z,2025-12-01T14:00:00Z,2025-12-01T15:00:00Z,2025-12-01T15:00:00Z,2025-12-01T00:00:00Z,2025-12-01T04:01:32Z,-9.2606323242187507,-4.6413061523437502,10.358621232777514,-4.8830810546875005,-2.8957666015624999,5.6771423090647311,3.3593359375000205,107.30103384414915,1111.490767476982,8,14,0,19,12,335,1,0.90833333333333333
2025-12-01T06:00:00Z,2025-12-01T14:00:00Z,2025-12-01T15:00:00Z,2025-12-01T15:00:00Z,2025-12-01T00:00:00Z,2025-12-01T04:01:32Z,-9.2606323242187507,-4.6413061523437502,10.358621232777514,-4.8830810546875005,-2.8957666015624999,5.6771423090647311,3.3593359375000205,107.30103384414915,1111.490767476982,8,14,0,19,12,335,2,0.89833333333333332
2025-12-01T06:00:00Z,2025-12-01T15:00:00Z,2025-12-01T16:00:00Z,2025-12-01T16:00:00Z,2025-12-01T00:00:00Z,2025-12-01T04:01:32Z,-9.1564526367187504,-4.2064843750000005,10.07646444372196,-4.9390771484374998,-2.6317065429687498,5.5964598101408747,3.2284179687500227,101.53513568559291,1023.1151845243617,9,15,0,20,12,335,1,0.98999999999999988
2025-12-01T06:00:00Z,2025-12-01T15:00:00Z,2025-12-01T16:00:00Z,2025-12-01T16:00:00Z,2025-12-01T00:00:00Z,2025-12-01T04:01:32Z,-9.1564526367187504,-4.2064843750000005,10.07646444372196,-4.9390771484374998,-2.6317065429687498,5.5964598101408747,3.2284179687500227,101.53513568559291,1023.1151845243617,9,15,0,20,12,335,2,0.97499999999999998
2025-12-01T06:00:00Z,2025-12-01T16:00:00Z,2025-12-01T17:00:00Z,2025-12-01T17:00:00Z,2025-12-01T00:00:00Z,2025-12-01T04:01:32Z,-8.9559252929687503,-4.1715112304687505,9.8797825785370552,-5.0007421875000002,-2.69625,5.6813014783887583,3.0848632812500227,97.610103799164307,964.36660300417714,10,16,0,21,12,335,1,0.98333333333333339
2025-12-01T06:00:00Z,2025-12-01T16:00:00Z,2025-12-01T17:00:00Z,2025-12-01T17:00:00Z,2025-12-01T00:00:00Z,2025-12-01T04:01:32Z,-8.9559252929687503,-4.1715112304687505,9.8797825785370552,-5.0007421875000002,-2.69625,5.6813014783887583,3.0848632812500227,97.610103799164307,964.36660300417714,10,16,0,21,12,335,2,0.94666666666666666
2025-12-01T06:00:00Z,2025-12-01T17:00:00Z,2025-12-01T18:00:00Z,2025-12-01T18:00:00Z,2025-12-01T00:00:00Z,2025-12-01T04:01:32Z,-8.6750732421874996,-4.1834814453125002,9.6311169009929216,-4.9896337890625002,-2.5750634765625002,5.6149262913488327,2.8692578125000523,92.758412760591497,893.36711684781028,11,17,0,22,12,335,1,0.98333333333333339
2025-12-01T06:00:00Z,2025-12-01T17:00:00Z,2025-12-01T18:00:00Z,2025-12-01T18:00:00Z,2025-12-01T00:00:00Z,2025-12-01T04:01:32Z,-8.6750732421874996,-4.1834814453125002,9.6311169009929216,-4.9896337890625002,-2.5750634765625002,5.6149262913488327,2.8692578125000523,92.758412760591497,893.36711684781028,11,17,0,22,12,335,2,0.96166666666666656
2025-12-01T06:00:00Z,2025-12-01T18:00:00Z,2025-12-01T19:00:00Z,2025-12-01T19:00:00Z,2025-12-01T00:00:00Z,2025-12-01T04:01:32Z,-8.6010229492187502,-4.13840576171875,9.5448414351216204,-4.9703515625000003,-2.5203198242187499,5.5728275292885412,2.6314257812500159,91.103998021614558,869.57321522194479,12,18,0,23,12,335,1,0.82666666666666666
2025-12-01T06:00:00Z,2025-12-01T18:00:00Z,2025-12-01T19:00:00Z,2025-12-01T19:00:00Z,2025-12-01T00:00:00Z,2025-12-01T04:01:32Z,-8.6010229492187502,-4.13840576171875,9.5448414351216204,-4.9703515625000003,-2.5203198242187499,5.5728275292885412,2.6314257812500159,91.103998021614558,869.57321522194479,12,18,0,23,12,335,2,0.88166666666666671
2025-12-01T06:00:00Z,2025-12-01T19:00:00Z,2025-12-01T20:00:00Z,2025-12-01T20:00:00Z,2025-12-01T00:00:00Z,2025-12-01T04:01:32Z,-8.8594628906250001,-4.2657592773437498,9.8329438584081093,-5.0810058593749998,-2.5790234375000001,5.6980683072579428,2.4835937500000114,96.686784922605753,950.71572799396199,13,19,0,0,12,336,1,0.65000000000000002
2025-12-01T06:00:00Z,2025-12-01T19:00:00Z,2025-12-01T20:00:00Z,2025-12-01T20:00:00Z,2025-12-01T00:00:00Z,2025-12-01T04:01:32Z,-8.8594628906250001,-4.2657592773437498,9.8329438584081093,-5.0810058593749998,-2.5790234375000001,5.6980683072579428,2.4835937500000114,96.686784922605753,950.71572799396199,13,19,0,0,12,336,2,0.62
2025-12-01T06:00:00Z,2025-12-01T20:00:00Z,2025-12-01T21:00:00Z,2025-12-01T21:00:00Z,2025-12-01T00:00:00Z,2025-12-01T04:01:32Z,-8.7852026367187506,-4.3102124023437502,9.7855871730585466,-5.0017846679687503,-2.5724853515624999,5.6245471594370064,2.2631835937500568,95.757716321527965,937.04548055732312,14,20,0,1,12,336,1,0.64500000000000002
2025-12-01T06:00:00Z,2025-12-01T20:00:00Z,2025-12-01T21:00:00Z,2025-12-01T21:00:00Z,2025-12-01T00:00:00Z,2025-12-01T04:01:32Z,-8.7852026367187506,-4.3102124023437502,9.7855871730585466,-5.0017846679687503,-2.5724853515624999,5.6245471594370064,2.2631835937500568,95.757716321527965,937.04548055732312,14,20,0,1,12,336,2,0.53166666666666662
2025-12-01T06:00:00Z,2025-12-01T21:00:00Z,2025-12-01T22:00:00Z,2025-12-01T22:00:00Z,2025-12-01T00:00:00Z,2025-12-01T04:01:32Z,-8.6084350585937504,-4.3032568359374999,9.6240933886818034,-4.9263110351562505,-2.58746337890625,5.5644862433366837,1.9635351562500318,92.623173554068799,891.41407224044076,15,21,0,2,12,336,1,0.17333333333333334
2025-12-01T06:00:00Z,2025-12-01T21:00:00Z,2025-12-01T22:00:00Z,2025-12-01T22:00:00Z,2025-12-01T00:00:00Z,2025-12-01T04:01:32Z,-8.6084350585937504,-4.3032568359374999,9.6240933886818034,-4.9263110351562505,-2.58746337890625,5.5644862433366837,1.9635351562500318,92.623173554068799,891.41407224044076,15,21,0,2,12,336,2,0.14500000000000002
2025-12-01T06:00:00Z,2025-12-01T22:00:00Z,2025-12-01T23:00:00Z,2025-12-01T23:00:00Z,2025-12-01T00:00:00Z,2025-12-01T04:01:32Z,-8.2010327148437501,-4.3129443359374999,9.2659822164103467,-4.7104394531249998,-2.5938842773437503,5.3774041586817383,1.7330468750000136,85.858426434832808,795.56265247413683,16,22,0,3,12,336,1,0.068333333333333343
2025-12-01T06:00:00Z,2025-12-01T22:00:00Z,2025-12-01T23:00:00Z,2025-12-01T23:00:00Z,2025-12-01T00:00:00Z,2025-12-01T04:01:32Z,-8.2010327148437501,-4.3129443359374999,9.2659822164103467,-4.7104394531249998,-2.5938842773437503,5.3774041586817383,1.7330468750000136,85.858426434832808,795.56265247413683,16,22,0,3,12,336,2,0.023333333333333334
2025-12-01T06:00:00Z,2025-12-01T23:00:00Z,2025-12-02T00:00:00Z,2025-12-02T00:00:00Z,2025-12-01T00:00:00Z,2025-12-01T04:01:32Z,-7.4888427734374998,-3.7412670898437499,8.3713705880706879,-4.3415795898437501,-2.1576611328125002,4.8481764508934226,1.4732031250000546,70.079845522814978,586.66435762623064,17,23,0,4,12,336,1,0.038333333333333337
2025-12-01T06:00:00Z,2025-12-01T23:00:00Z,2025-12-02T00:00:00Z,2025-12-02T00:00:00Z,2025-12-01T00:00:00Z,2025-12-01T04:01:32Z,-7.4888427734374998,-3.7412670898437499,8.3713705880706879,-4.3415795898437501,-2.1576611328125002,4.8481764508934226,1.4732031250000546,70.079845522814978,586.66435762623064,17,23,0,4,12,336,2,0.026666666666666668
2025-12-01T06:00:00Z,2025-12-02T00:00:00Z,2025-12-02T01:00:00Z,2025-12-02T01:00:00Z,2025-12-01T00:00:00Z,2025-12-01T04:01:32Z,-6.19966796875,-2.8283984375000002,6.8143760274875644,-3.6588769531250001,-1.7303369140625,4.0473999548199604,1.2263281250000091,46.4357206439972,316.43046157556392,18,24,0,5,12,336,1,0.024999999999999998
2025-12-01T06:00:00Z,2025-12-02T00:00:00Z,2025-12-02T01:00:00Z,2025-12-02T01:00:00Z,2025-12-01T00:00:00Z,2025-12-01T04:01:32Z,-6.19966796875,-2.8283984375000002,6.8143760274875644,-3.6588769531250001,-1.7303369140625,4.0473999548199604,1.2263281250000091,46.4357206439972,316.43046157556392,18,24,0,5,12,336,2,0.024999999999999998
2025-12-01T06:00:00Z,2025-12-02T01:00:00Z,2025-12-02T02:00:00Z,2025-12-02T02:00:00Z,2025-12-01T00:00:00Z,2025-12-01T04:01:32Z,-4.6577954101562504,-1.78275634765625,4.9873117285749533,-2.6980444335937501,-1.0354931640625,2.889929040386007,0.97208984375004093,24.873278277981289,124.05079248388469,19,25,0,6,12,336,1,0.038333333333333337
2025-12-01T06:00:00Z,2025-12-02T01:00:00Z,2025-12-02T02:00:00Z,2025-12-02T02:00:00Z,2025-12-01T00:00:00Z,2025-12-01T04:01:32Z,-4.6577954101562504,-1.78275634765625,4.9873117285749533,-2.6980444335937501,-1.0354931640625,2.889929040386007,0.97208984375004093,24.873278277981289,124.05079248388469,19,25,0,6,12,336,2,0.033333333333333333
2025-12-01T06:00:00Z,2025-12-02T02:00:00Z,2025-12-02T03:00:00Z,2025-12-02T03:00:00Z,2025-12-01T00:00:00Z,2025-12-01T04:01:32Z,-2.7080541992187501,-0.77044433593750006,2.8155180732299483,-1.069853515625,-0.33579589843750002,1.1213141532606372,-0.090078124999990905,7.9271420206844807,22.319011628297726,20,26,0,7,12,336,1,0.10666666666666667
2025-12-01T06:00:00Z,2025-12-02T02:00:00Z,2025-12-02T03:00:00Z,2025-12-02T03:00:00Z,2025-12-01T00:00:00Z,2025-12-01T04:01:32Z,-2.7080541992187501,-0.77044433593750006,2.8155180732299483,-1.069853515625,-0.33579589843750002,1.1213141532606372,-0.090078124999990905,7.9271420206844807,22.319011628297726,20,26,0,7,12,336,2,0.099999999999999992
2025-12-01T06:00:00Z,2025-12-02T03:00:00Z,2025-12-02T04:00:00Z,2025-12-02T04:00:00Z,2025-12-01T00:00:00Z,2025-12-01T04:01:32Z,0.44282226562499999,-0.091513671875000008,0.45217951200082385,1.5869482421875001,0.33231445312500002,1.6213690570433876,1.6354101562500318,0.20446631107330321,0.092455476761734892,21,27,0,8,12,336,1,0.13666666666666666
2025-12-01T06:00:00Z,2025-12-02T03:00:00Z,2025-12-02T04:00:00Z,2025-12-02T04:00:00Z,2025-12-01T00:00:00Z,2025-12-01T04:01:32Z,0.44282226562499999,-0.091513671875000008,0.45217951200082385,1.5869482421875001,0.33231445312500002,1.6213690570433876,1.6354101562500318,0.20446631107330321,0.092455476761734892,21,27,0,8,12,336,2,0.14833333333333334
2025-12-01T06:00:00Z,2025-12-02T04:00:00Z,2025-12-02T05:00:00Z,2025-12-02T05:00:00Z,2025-12-01T00:00:00Z,2025-12-01T04:01:32Z,1.5522705078125001,0.32282714843749999,1.5854844991966224,1.8961230468750001,0.49250244140624999,1.959040904034842,3.1095117187500136,2.5137610971927646,3.9855292542826226,22,28,0,9,12,336,1,0.10666666666666667
2025-12-01T06:00:00Z,2025-12-02T04:00:00Z,2025-12-02T05:00:00Z,2025-12-02T05:00:00Z,2025-12-01T00:00:00Z,2025-12-01T04:01:32Z,1.5522705078125001,0.32282714843749999,1.5854844991966224,1.8961230468750001,0.49250244140624999,1.959040904034842,3.1095117187500136,2.5137610971927646,3.9855292542826226,22,28,0,9,12,336,2,0.12833333333333333
2025-12-01T06:00:00Z,2025-12-02T05:00:00Z,2025-12-02T06:00:00Z,2025-12-02T06:00:00Z,2025-12-01T00:00:00Z,2025-12-01T04:01:32Z,1.3938232421875001,0.26210937499999998,1.4182540516159174,1.5118969726562501,0.24044189453125001,1.5308967178006851,4.295742187500025,2.0114445549249655,2.8527393896231081,23,29,0,10,12,336,1,0.099999999999999992
2025-12-01T06:00:00Z,2025-12-02T05:00:00Z,2025-12-02T06:00:00Z,2025-12-02T06:00:00Z,2025-12-01T00:00:00Z,2025-12-01T04:01:32Z,1.3938232421875001,0.26210937499999998,1.4182540516159174,1.5118969726562501,0.24044189453125001,1.5308967178006851,4.295742187500025,2.0114445549249655,2.8527393896231081,23,29,0,10,12,336,2,0.074999999999999997
2025-12-01T06:00:00Z,2025-12-02T06:00:00Z,2025-12-02T07:00:00Z,2025-12-02T07:00:00Z,2025-12-01T00:00:00Z,2025-12-01T04:01:32Z,1.14171142578125,0.17663330078125,1.1552940330081922,1.1846875000000001,0.1217529296875,1.1909274740905675,5.3207617187500205,1.3347043027043339,1.5419759167446769,24,30,0,11,12,336,1,0.093333333333333338
2025-12-01T06:00:00Z,2025-12-02T06:00:00Z,2025-12-02T07:00:00Z,2025-12-02T07:00:00Z,2025-12-01T00:00:00Z,2025-12-01T04:01:32Z,1.14171142578125,0.17663330078125,1.1552940330081922,1.1846875000000001,0.1217529296875,1.1909274740905675,5.3207617187500205,1.3347043027043339,1.5419759167446769,24,30,0,11,12,336,2,0.096666666666666679
2025-12-01T06:00:00Z,2025-12-02T07:00:00Z,2025-12-02T08:00:00Z,2025-12-02T08:00:00Z,2025-12-01T00:00:00Z,2025-12-01T04:01:32Z,1.70333984375,0.55127197265625005,1.7903260628004576,1.6533251953125001,0.42775146484374998,1.7077633082869215,6.2372851562500387,3.2052674111425881,5.7384737844135252,25,31,0,12,12,336,1,0.066666666666666666
2025-12-01T06:00:00Z,2025-12-02T07:00:00Z,2025-12-02T08:00:00Z,2025-12-02T08:00:00Z,2025-12-01T00:00:00Z,2025-12-01T04:01:32Z,1.70333984375,0.55127197265625005,1.7903260628004576,1.6533251953125001,0.42775146484374998,1.7077633082869215,6.2372851562500387,3.2052674111425881,5.7384737844135252,25,31,0,12,12,336,2,0.078333333333333324
2025-12-01T06:00:00Z,2025-12-02T08:00:00Z,2025-12-02T09:00:00Z,2025-12-02T09:00:00Z,2025-12-01T00:00:00Z,2025-12-01T04:01:32Z,1.88658447265625,0.34022216796874999,1.9170164569051089,1.79335693359375,0.19303955078125001,1.8037165407664821,6.8889648437500455,3.6749520960450175,7.0449436464562227,26,32,0,13,12,336,1,0.038333333333333337
2025-12-01T06:00:00Z,2025-12-02T08:00:00Z,2025-12-02T09:00:00Z,2025-12-02T09:00:00Z,2025-12-01T00:00:00Z,2025-12-01T04:01:32Z,1.88658447265625,0.34022216796874999,1.9170164569051089,1.79335693359375,0.19303955078125001,1.8037165407664821,6.8889648437500455,3.6749520960450175,7.0449436464562227,26,32,0,13,12,336,2,0.046666666666666669
2025-12-01T06:00:00Z,2025-12-02T09:00:00Z,2025-12-02T10:00:00Z,2025-12-02T10:00:00Z,2025-12-01T00:00:00Z,2025-12-01T04:01:32Z,2.2323071289062502,0.47446777343750002,2.2821732593728297,2.0413061523437501,0.32760498046875003,2.0674273459602821,7.2944531250000182,5.2083147857964045,11.886276730540681,27,33,0,14,12,336,1,0.063333333333333339
2025-12-01T06:00:00Z,2025-12-02T09:00:00Z,2025-12-02T10:00:00Z,2025-12-02T10:00:00Z,2025-12-01T00:00:00Z,2025-12-01T04:01:32Z,2.2323071289062502,0.47446777343750002,2.2821732593728297,2.0413061523437501,0.32760498046875003,2.0674273459602821,7.2944531250000182,5.2083147857964045,11.886276730540681,27,33,0,14,12,336,2,0.07166666666666667
2025-12-01T06:00:00Z,2025-12-02T10:00:00Z,2025-12-02T11:00:00Z,2025-12-02T11:00:00Z,2025-12-01T00:00:00Z,2025-12-01T04:01:32Z,2.7369750976562499,0.036972656249999999,2.737224810369185,2.2398754882812502,-0.038715820312500003,2.240210061075889,6.9406250000000114,7.4923996625006204,20.508382245398405,28,34,0,15,12,336,1,0.045000000000000005
2025-12-01T06:00:00Z,2025-12-02T10:00:00Z,2025-12-02T11:00:00Z,2025-12-02T11:00:00Z,2025-12-01T00:00:00Z,2025-12-01T04:01:32Z,2.7369750976562499,0.036972656249999999,2.737224810369185,2.2398754882812502,-0.038715820312500003,2.240210061075889,6.9406250000000114,7.4923996625006204,20.508382245398405,28,34,0,15,12,336,2,0.045000000000000005
2025-12-01T06:00:00Z,2025-12-02T11:00:00Z,2025-12-02T12:00:00Z,2025-12-02T12:00:00Z,2025-12-01T00:00:00Z,2025-12-01T04:01:32Z,3.0591845703125,0.01013427734375,3.0592013563698868,2.4962353515625,-0.048125000000000001,2.4966992101603585,4.7159765625000318,9.3587129388153549,28.630187316300344,29,35,0,16,12,336,1,0.011666666666666667
2025-12-01T06:00:00Z,2025-12-02T11:00:00Z,2025-12-02T12:00:00Z,2025-12-02T12:00:00Z,2025-12-01T00:00:00Z,2025-12-01T04:01:32Z,3.0591845703125,0.01013427734375,3.0592013563698868,2.4962353515625,-0.048125000000000001,2.4966992101603585,4.7159765625000318,9.3587129388153549,28.630187316300344,29,35,0,16,12,336,2,0.0083333333333333332
2025-12-01T06:00:00Z,2025-12-02T12:00:00Z,2025-12-02T13:00:00Z,2025-12-02T13:00:00Z,2025-12-01T00:00:00Z,2025-12-01T04:01:32Z,3.19087646484375,0.31490478515625003,3.2063776504972168,2.3572534179687499,0.36494140624999999,2.3853355962046683,3.5125000000000455,10.280857637608053,32.964312157170077,30,36,0,17,12,336,1,0.01
2025-12-01T06:00:00Z,2025-12-02T12:00:00Z,2025-12-02T13:00:00Z,2025-12-02T13:00:00Z,2025-12-01T00:00:00Z,2025-12-01T04:01:32Z,3.19087646484375,0.31490478515625003,3.2063776504972168,2.3572534179687499,0.36494140624999999,2.3853355962046683,3.5125000000000455,10.280857637608053,32.964312157170077,30,36,0,17,12,336,2,0.01
2025-12-01T06:00:00Z,2025-12-02T13:00:00Z,2025-12-02T14:00:00Z,2025-12-02T14:00:00Z,2025-12-01T00:00:00Z,2025-12-01T04:01:32Z,2.696044921875,0.61864013671875007,2.7661116824031833,1.8662646484375001,0.79356689453125007,2.0279773554217804,2.6114257812500341,7.6513738395273689,21.164554563950755,31,37,0,18,12,336,1,0.01
2025-12-01T06:00:00Z,2025-12-02T13:00:00Z,2025-12-02T14:00:00Z,2025-12-02T14:00:00Z,2025-12-01T00:00:00Z,2025-12-01T04:01:32Z,2.696044921875,0.61864013671875007,2.7661116824031833,1.8662646484375001,0.79356689453125007,2.0279773554217804,2.6114257812500341,7.6513738395273689,21.164554563950755,31,37,0,18,12,336,2,0.01
2025-12-01T06:00:00Z,2025-12-02T14:00:00Z,2025-12-02T15:00:00Z,2025-12-02T15:00:00Z,2025-12-01T00:00:00Z,2025-12-01T04:01:32Z,1.9440869140625001,0.58486816406249997,2.0301587865885993,1.2262426757812501,0.77475341796874997,1.4504874899706721,1.674648437500025,4.1215446987628939,8.3673901845111498,32,38,0,19,12,336,1,0.01
2025-12-01T06:00:00Z,2025-12-02T14:00:00Z,2025-12-02T15:00:00Z,2025-12-02T15:00:00Z,2025-12-01T00:00:00Z,2025-12-01T04:01:32Z,1.9440869140625001,0.58486816406249997,2.0301587865885993,1.2262426757812501,0.77475341796874997,1.4504874899706721,1.674648437500025,4.1215446987628939,8.3673901845111498,32,38,0,19,12,336,2,0.0083333333333333332
2025-12-01T06:00:00Z,2025-12-02T15:00:00Z,2025-12-02T16:00:00Z,2025-12-02T16:00:00Z,2025-12-01T00:00:00Z,2025-12-01T04:01:32Z,1.1915551757812499,0.42384033203124999,1.2646914105770806,0.58432373046874997,0.56971191406249999,0.81609183736493396,1.0365429687500409,1.5994443639874458,2.0228035488308445,33,39,0,20,12,336,1,0.01
2025-12-01T06:00:00Z,2025-12-02T15:00:00Z,2025-12-02T16:00:00Z,2025-12-02T16:00:00Z,2025-12-01T00:00:00Z,2025-12-01T04:01:32Z,1.1915551757812499,0.42384033203124999,1.2646914105770806,0.58432373046874997,0.56971191406249999,0.81609183736493396,1.0365429687500409,1.5994443639874458,2.0228035488308445,33,39,0,20,12,336,2,0.0066666666666666671
2025-12-01T06:00:00Z,2025-12-02T16:00:00Z,2025-12-02T17:00:00Z,2025-12-02T17:00:00Z,2025-12-01T00:00:00Z,2025-12-01T04:01:32Z,0.41091064453125004,-0.2178076171875,0.46506743155588082,-0.078193359375000007,-0.14716308593749999,0.16664685809518254,0.62509765625003411,0.21628771589398388,0.10058837250790315,34,40,0,21,12,336,1,0.013333333333333334
2025-12-01T06:00:00Z,2025-12-02T16:00:00Z,2025-12-02T17:00:00Z,2025-12-02T17:00:00Z,2025-12-01T00:00:00Z,2025-12-01T04:01:32Z,0.41091064453125004,-0.2178076171875,0.46506743155588082,-0.078193359375000007,-0.14716308593749999,0.16664685809518254,0.62509765625003411,0.21628771589398388,0.10058837250790315,34,40,0,21,12,336,2,0.011666666666666667
2025-12-01T06:00:00Z,2025-12-02T17:00:00Z,2025-12-02T18:00:00Z,2025-12-02T18:00:00Z,2025-12-01T00:00:00Z,2025-12-01T04:01:32Z,-0.52791748046874998,-0.54159423828124997,0.75632082155915847,-0.90789062500000006,-0.52431884765625003,1.0484157767653388,0.39859375000003183,0.57202118512392042,0.43263153268216697,35,41,0,22,12,336,1,0.01
2025-12-01T06:00:00Z,2025-12-02T17:00:00Z,2025-12-02T18:00:00Z,2025-12-02T18:00:00Z,2025-12-01T00:00:00Z,2025-12-01T04:01:32Z,-0.52791748046874998,-0.54159423828124997,0.75632082155915847,-0.90789062500000006,-0.52431884765625003,1.0484157767653388,0.39859375000003183,0.57202118512392042,0.43263153268216697,35,41,0,22,12,336,2,0.0083333333333333332
2025-12-01T06:00:00Z,2025-12-02T18:00:00Z,2025-12-02T19:00:00Z,2025-12-02T19:00:00Z,2025-12-01T00:00:00Z,2025-12-01T04:01:32Z,-1.3455541992187501,-0.75116455078125,1.5410270229251688,-1.5639599609375001,-0.66069824218750006,1.6977906015304949,0.76669921875003411,2.3747642853856088,3.6595759368568008,36,42,0,23,12,336,1,0.01
2025-12-01T06:00:00Z,2025-12-02T18:00:00Z,2025-12-02T19:00:00Z,2025-12-02T19:00:00Z,2025-12-01T00:00:00Z,2025-12-01T04:01:32Z,-1.3455541992187501,-0.75116455078125,1.5410270229251688,-1.5639599609375001,-0.66069824218750006,1.6977906015304949,0.76669921875003411,2.3747642853856088,3.6595759368568008,36,42,0,23,12,336,2,0.01
2025-12-01T06:00:00Z,2025-12-02T19:00:00Z,2025-12-02T20:00:00Z,2025-12-02T20:00:00Z,2025-12-01T00:00:00Z,2025-12-01T04:01:32Z,-2.3483593750000002,-0.81229003906249997,2.484875622986098,-2.3246484375000001,-0.60043701171874997,2.4009404330413808,1.3390625000000114,6.174606861710549,15.343130072187236,37,43,0,0,12,337,1,0.011666666666666667
2025-12-01T06:00:00Z,2025-12-02T19:00:00Z,2025-12-02T20:00:00Z,2025-12-02T20:00:00Z,2025-12-01T00:00:00Z,2025-12-01T04:01:32Z,-2.3483593750000002,-0.81229003906249997,2.484875622986098,-2.3246484375000001,-0.60043701171874997,2.4009404330413808,1.3390625000000114,6.174606861710549,15.343130072187236,37,43,0,0,12,337,2,0.014999999999999999
2025-12-01T06:00:00Z,2025-12-02T20:00:00Z,2025-12-02T21:00:00Z,2025-12-02T21:00:00Z,2025-12-01T00:00:00Z,2025-12-01T04:01:32Z,-3.7161669921875,-1.1590307617187501,3.8927174853094897,-3.1882592773437501,-0.72104492187500002,3.2687769882526734,1.6402148437500159,15.153249420434237,58.987318978180248,38,44,0,1,12,337,1,0.11166666666666668
2025-12-01T06:00:00Z,2025-12-02T20:00:00Z,2025-12-02T21:00:00Z,2025-12-02T21:00:00Z,2025-12-01T00:00:00Z,2025-12-01T04:01:32Z,-3.7161669921875,-1.1590307617187501,3.8927174853094897,-3.1882592773437501,-0.72104492187500002,3.2687769882526734,1.6402148437500159,15.153249420434237,58.987318978180248,38,44,0,1,12,337,2,0.10333333333333333
2025-12-01T06:00:00Z,2025-12-02T21:00:00Z,2025-12-02T22:00:00Z,2025-12-02T22:00:00Z,2025-12-01T00:00:00Z,2025-12-01T04:01:32Z,-5.1998388671875002,-2.0780786132812499,5.5997084716698158,-3.9401123046875002,-1.3112133789062501,4.1525613178582432,1.1242773437500091,31.356734967690706,175.58857444248278,39,45,0,2,12,337,1,0.19499999999999998
2025-12-01T06:00:00Z,2025-12-02T21:00:00Z,2025-12-02T22:00:00Z,2025-12-02T22:00:00Z,2025-12-01T00:00:00Z,2025-12-01T04:01:32Z,-5.1998388671875002,-2.0780786132812499,5.5997084716698158,-3.9401123046875002,-1.3112133789062501,4.1525613178582432,1.1242773437500091,31.356734967690706,175.58857444248278,39,45,0,2,12,337,2,0.17333333333333334
2025-12-01T06:00:00Z,2025-12-02T22:00:00Z,2025-12-02T23:00:00Z,2025-12-02T23:00:00Z,2025-12-01T00:00:00Z,2025-12-01T04:01:32Z,-6.1553247070312498,-3.0864184570312503,6.8857825365671044,-4.1179711914062498,-1.7852099609375001,4.488280443319276,0.43855468750001592,47.414001140892509,326.48250104473038,40,46,0,3,12,337,1,0.22
2025-12-01T06:00:00Z,2025-12-02T22:00:00Z,2025-12-02T23:00:00Z,2025-12-02T23:00:00Z,2025-12-01T00:00:00Z,2025-12-01T04:01:32Z,-6.1553247070312498,-3.0864184570312503,6.8857825365671044,-4.1179711914062498,-1.7852099609375001,4.488280443319276,0.43855468750001592,47.414001140892509,326.48250104473038,40,46,0,3,12,337,2,0.20166666666666666
2025-12-01T06:00:00Z,2025-12-02T23:00:00Z,2025-12-03T00:00:00Z,2025-12-03T00:00:00Z,2025-12-01T00:00:00Z,2025-12-01T04:01:32Z,-7.1190332031250003,-3.4443530273437499,7.9084892061738481,-4.3568920898437504,-1.83781982421875,4.728645724605987,0.023046875000034106,62.544201524168265,494.63014266264668,41,47,0,4,12,337,1,0.3066666666666667
2025-12-01T06:00:00Z,2025-12-02T23:00:00Z,2025-12-03T00:00:00Z,2025-12-03T00:00:00Z,2025-12-01T00:00:00Z,2025-12-01T04:01:32Z,-7.1190332031250003,-3.4443530273437499,7.9084892061738481,-4.3568920898437504,-1.83781982421875,4.728645724605987,0.023046875000034106,62.544201524168265,494.63014266264668,41,47,0,4,12,337,2,0.30833333333333335
2025-12-01T06:00:00Z,2025-12-03T00:00:00Z,2025-12-03T01:00:00Z,2025-12-03T01:00:00Z,2025-12-01T00:00:00Z,2025-12-01T04:01:32Z,-7.5097412109375004,-3.7914404296874999,8.4125640316803523,-4.3680346679687503,-2.05519775390625,4.8273765823931907,-0.19794921874995453,70.771233587121984,595.36753415267083,42,48,0,5,12,337,1,0.37833333333333335
2025-12-01T06:00:00Z,2025-12-03T00:00:00Z,2025-12-03T01:00:00Z,2025-12-03T01:00:00Z,2025-12-01T00:00:00Z,2025-12-01T04:01:32Z,-7.5097412109375004,-3.7914404296874999,8.4125640316803523,-4.3680346679687503,-2.05519775390625,4.8273765823931907,-0.19794921874995453,70.771233587121984,595.36753415267083,42,48,0,5,12,337,2,0.32166666666666666
2025-12-01T06:00:00Z,2025-12-03T01:00:00Z,2025-12-03T02:00:00Z,2025-12-03T02:00:00Z,2025-12-01T00:00:00Z,2025-12-01T04:01:32Z,-7.1447167968750005,-3.7865258789062501,8.086084116503768,-4.1852392578125004,-2.0482055664062502,4.6595465109163223,-0.39621093749997272,65.384756339174515,528.70663969566806,43,49,0,6,12,337,1,0.38833333333333336
2025-12-01T06:00:00Z,2025-12-03T01:00:00Z,2025-12-03T02:00:00Z,2025-12-03T02:00:00Z,2025-12-01T00:00:00Z,2025-12-01T04:01:32Z,-7.1447167968750005,-3.7865258789062501,8.086084116503768,-4.1852392578125004,-2.0482055664062502,4.6595465109163223,-0.39621093749997272,65.384756339174515,528.70663969566806,43,49,0,6,12,337,2,0.34500000000000003
2025-12-01T06:00:00Z,2025-12-03T02:00:00Z,2025-12-03T03:00:00Z,2025-12-03T03:00:00Z,2025-12-01T00:00:00Z,2025-12-01T04:01:32Z,-7.21048828125,-3.8574731445312502,8.1774837398079487,-4.1177294921875003,-2.1069140625,4.6254494957345482,-0.57121093749998408,66.871240314823396,546.83848033525805,44,50,0,7,12,337,1,0.64666666666666661
2025-12-01T06:00:00Z,2025-12-03T02:00:00Z,2025-12-03T03:00:00Z,2025-12-03T03:00:00Z,2025-12-01T00:00:00Z,2025-12-01T04:01:32Z,-7.21048828125,-3.8574731445312502,8.1774837398079487,-4.1177294921875003,-2.1069140625,4.6254494957345482,-0.57121093749998408,66.871240314823396,546.83848033525805,44,50,0,7,12,337,2,0.55166666666666664
2025-12-01T06:00:00Z,2025-12-03T03:00:00Z,2025-12-03T04:00:00Z,2025-12-03T04:00:00Z,2025-12-01T00:00:00Z,2025-12-01T04:01:32Z,-7.50815673828125,-4.1655712890625001,8.5862915027886135,-4.1256640625000003,-2.2236596679687501,4.6867650117703681,0.31714843750000909,73.724401770859942,633.01920447330849,45,51,0,8,12,337,1,0.70833333333333337
2025-12-01T06:00:00Z,2025-12-03T03:00:00Z,2025-12-03T04:00:00Z,2025-12-03T04:00:00Z,2025-12-01T00:00:00Z,2025-12-01T04:01:32Z,-7.50815673828125,-4.1655712890625001,8.5862915027886135,-4.1256640625000003,-2.2236596679687501,4.6867650117703681,0.31714843750000909,73.724401770859942,633.01920447330849,45,51,0,8,12,337,2,0.63166666666666671
2025-12-01T06:00:00Z,2025-12-03T04:00:00Z,2025-12-03T05:00:00Z,2025-12-03T05:00:00Z,2025-12-01T00:00:00Z,2025-12-01T04:01:32Z,-7.5283837890625005,-3.9066479492187502,8.4816543595311717,-4.8918505859375001,-2.7536083984375002,5.6136050241429167,3.0275976562500091,71.938460674554136,610.1571585982939,46,52,0,9,12,337,1,0.6283333333333333
2025-12-01T06:00:00Z,2025-12-03T04:00:00Z,2025-12-03T05:00:00Z,2025-12-03T05:00:00Z,2025-12-01T00:00:00Z,2025-12-01T04:01:32Z,-7.5283837890625005,-3.9066479492187502,8.4816543595311717,-4.8918505859375001,-2.7536083984375002,5.6136050241429167,3.0275976562500091,71.938460674554136,610.1571585982939,46,52,0,9,12,337,2,0.60666666666666669
2025-12-01T06:00:00Z,2025-12-03T05:00:00Z,2025-12-03T06:00:00Z,2025-12-03T06:00:00Z,2025-12-01T00:00:00Z,2025-12-01T04:01:32Z,-7.8953466796875,-4.0719970703125004,8.8835611853066005,-6.1140429687499998,-3.3998828125,6.9957647589419576,5.1628320312500477,78.917659333086007,701.069855286652,47,53,0,10,12,337,1,0.27999999999999997
2025-12-01T06:00:00Z,2025-12-03T05:00:00Z,2025-12-03T06:00:00Z,2025-12-03T06:00:00Z,2025-12-01T00:00:00Z,2025-12-01T04:01:32Z,-7.8953466796875,-4.0719970703125004,8.8835611853066005,-6.1140429687499998,-3.3998828125,6.9957647589419576,5.1628320312500477,78.917659333086007,701.069855286652,47,53,0,10,12,337,2,0.33833333333333337
2025-12-02T06:00:00Z,2025-12-02T06:00:00Z,2025-12-02T07:00:00Z,2025-12-02T07:00:00Z,2025-12-02T00:00:00Z,2025-12-02T04:03:24Z,0.9854736328125,0.187138671875,1.0030848236713608,1.0187329101562501,0.089743652343750008,1.0226781827004126,5.0869726562500546,1.006179163479805,1.0092830487809374,0,6,0,11,12,336,1,0.093333333333333338
2025-12-02T06:00:00Z,2025-12-02T06:00:00Z,2025-12-02T07:00:00Z,2025-12-02T07:00:00Z,2025-12-02T00:00:00Z,2025-12-02T04:03:24Z,0.9854736328125,0.187138671875,1.0030848236713608,1.0187329101562501,0.089743652343750008,1.0226781827004126,5.0869726562500546,1.006179163479805,1.0092830487809374,0,6,0,11,12,336,2,0.096666666666666679
2025-12-02T06:00:00Z,2025-12-02T07:00:00Z,2025-12-02T08:00:00Z,2025-12-02T08:00:00Z,2025-12-02T00:00:00Z,2025-12-02T04:03:24Z,1.6027758789062501,0.028942871093749999,1.6030371822858169,1.57329345703125,-0.12577880859375001,1.5783132168960017,6.0918945312500341,2.5697282077908516,4.1193698654574291,1,7,0,12,12,336,1,0.066666666666666666
2025-12-02T06:00:00Z,2025-12-02T07:00:00Z,2025-12-02T08:00:00Z,2025-12-02T08:00:00Z,2025-12-02T00:00:00Z,2025-12-02T04:03:24Z,1.6027758789062501,0.028942871093749999,1.6030371822858169,1.57329345703125,-0.12577880859375001,1.5783132168960017,6.0918945312500341,2.5697282077908516,4.1193698654574291,1,7,0,12,12,336,2,0.078333333333333324
2025-12-02T06:00:00Z,2025-12-02T08:00:00Z,2025-12-02T09:00:00Z,2025-12-02T09:00:00Z,2025-12-02T00:00:00Z,2025-12-02T04:03:24Z,1.6387353515625001,0.15437255859375001,1.6459904128844285,1.5925219726562501,-0.0082812500000000004,1.5925435041136291,6.70476562500005,2.7092844393074516,4.4594562128770292,2,8,0,13,12,336,1,0.038333333333333337
2025-12-02T06:00:00Z,2025-12-02T08:00:00Z,2025-12-02T09:00:00Z,2025-12-02T09:00:00Z,2025-12-02T00:00:00Z,2025-12-02T04:03:24Z,1.6387353515625001,0.15437255859375001,1.6459904128844285,1.5925219726562501,-0.0082812500000000004,1.5925435041136291,6.70476562500005,2.7092844393074516,4.4594562128770292,2,8,0,13,12,336,2,0.046666666666666669
2025-12-02T06:00:00Z,2025-12-02T09:00:00Z,2025-12-02T10:00:00Z,2025-12-02T10:00:00Z,2025-12-02T00:00:00Z,2025-12-02T04:03:24Z,2.0981567382812498,0.24785888671875,2.1127460155258775,1.9457958984375001,0.068461914062500004,1.9469999260537478,7.0584179687500068,4.4636957261204717,9.430655359880916,3,9,0,14,12,336,1,0.063333333333333339
2025-12-02T06:00:00Z,2025-12-02T09:00:00Z,2025-12-02T10:00:00Z,2025-12-02T10:00:00Z,2025-12-02T00:00:00Z,2025-12-02T04:03:24Z,2.0981567382812498,0.24785888671875,2.1127460155258775,1.9457958984375001,0.068461914062500004,1.9469999260537478,7.0584179687500068,4.4636957261204717,9.430655359880916,3,9,0,14,12,336,2,0.07166666666666667
2025-12-02T06:00:00Z,2025-12-02T10:00:00Z,2025-12-02T11:00:00Z,2025-12-02T11:00:00Z,2025-12-02T00:00:00Z,2025-12-02T04:03:24Z,2.4330371093749998,0.037282714843750002,2.4333227439906064,2.0022412109375001,-0.13493896484375001,2.0067830951574139,6.6306054687500477,5.9210595764219747,14.407848935830977,4,10,0,15,12,336,1,0.045000000000000005
2025-12-02T06:00:00Z,2025-12-02T10:00:00Z,2025-12-02T11:00:00Z,2025-12-02T11:00:00Z,2025-12-02T00:00:00Z,2025-12-02T04:03:24Z,2.4330371093749998,0.037282714843750002,2.4333227439906064,2.0022412109375001,-0.13493896484375001,2.0067830951574139,6.6306054687500477,5.9210595764219747,14.407848935830977,4,10,0,15,12,336,2,0.045000000000000005
2025-12-02T06:00:00Z,2025-12-02T11:00:00Z,2025-12-02T12:00:00Z,2025-12-02T12:00:00Z,2025-12-02T00:00:00Z,2025-12-02T04:03:24Z,2.6700048828125,0.17194091796875,2.6755354143637362,2.197734375,-0.013701171875000001,2.1977770826831797,4.6712695312500045,7.1584897535145293,19.152792848888055,5,11,0,16,12,336,1,0.011666666666666667
2025-12-02T06:00:00Z,2025-12-02T11:00:00Z,2025-12-02T12:00:00Z,2025-12-02T12:00:00Z,2025-12-02T00:00:00Z,2025-12-02T04:03:24Z,2.6700048828125,0.17194091796875,2.6755354143637362,2.197734375,-0.013701171875000001,2.1977770826831797,4.6712695312500045,7.1584897535145293,19.152792848888055,5,11,0,16,12,336,2,0.0083333333333333332
2025-12-02T06:00:00Z,2025-12-02T12:00:00Z,2025-12-02T13:00:00Z,2025-12-02T13:00:00Z,2025-12-02T00:00:00Z,2025-12-02T04:03:24Z,2.7949365234374999,0.016015624999999999,2.7949824096564613,2.1260424804687501,0.036057128906249999,2.126348218261223,3.9063085937500546,7.8119266702890391,21.834197628984036,6,12,0,17,12,336,1,0.01
2025-12-02T06:00:00Z,2025-12-02T12:00:00Z,2025-12-02T13:00:00Z,2025-12-02T13:00:00Z,2025-12-02T00:00:00Z,2025-12-02T04:03:24Z,2.7949365234374999,0.016015624999999999,2.7949824096564613,2.1260424804687501,0.036057128906249999,2.126348218261223,3.9063085937500546,7.8119266702890391,21.834197628984036,6,12,0,17,12,336,2,0.01
2025-12-02T06:00:00Z,2025-12-02T13:00:00Z,2025-12-02T14:00:00Z,2025-12-02T14:00:00Z,2025-12-02T00:00:00Z,2025-12-02T04:03:24Z,2.46876953125,0.17222167968749999,2.4747693438748444,1.8045996093750001,0.25583251953125002,1.8226436920600007,3.0502148437500409,6.1244833053827277,15.156683531234451,7,13,0,18,12,336,1,0.01
2025-12-02T06:00:00Z,2025-12-02T13:00:00Z,2025-12-02T14:00:00Z,2025-12-02T14:00:00Z,2025-12-02T00:00:00Z,2025-12-02T04:03:24Z,2.46876953125,0.17222167968749999,2.4747693438748444,1.8045996093750001,0.25583251953125002,1.8226436920600007,3.0502148437500409,6.1244833053827277,15.156683531234451,7,13,0,18,12,336,2,0.01
2025-12-02T06:00:00Z,2025-12-02T14:00:00Z,2025-12-02T15:00:00Z,2025-12-02T15:00:00Z,2025-12-02T00:00:00Z,2025-12-02T04:03:24Z,1.8124072265625,0.25870117187500002,1.8307774991039931,1.1872290039062501,0.38897705078125,1.2493261598760774,1.8635156250000477,3.3517462512254714,6.1363016194497524,8,14,0,19,12,336,1,0.01
2025-12-02T06:00:00Z,2025-12-02T14:00:00Z,2025-12-02T15:00:00Z,2025-12-02T15:00:00Z,2025-12-02T00:00:00Z,2025-12-02T04:03:24Z,1.8124072265625,0.25870117187500002,1.8307774991039931,1.1872290039062501,0.38897705078125,1.2493261598760774,1.8635156250000477,3.3517462512254714,6.1363016194497524,8,14,0,19,12,336,2,0.0083333333333333332
2025-12-02T06:00:00Z,2025-12-02T15:00:00Z,2025-12-02T16:00:00Z,2025-12-02T16:00:00Z,2025-12-02T00:00:00Z,2025-12-02T04:03:24Z,1.0942578125,0.044396972656249999,1.0951580942486454,0.57599853515624999,0.1011328125,0.58480950596438319,1.3333007812500455,1.1993712513983248,1.3135011339780023,9,15,0,20,12,336,1,0.01
2025-12-02T06:00:00Z,2025-12-02T15:00:00Z,2025-12-02T16:00:00Z,2025-12-02T16:00:00Z,2025-12-02T00:00:00Z,2025-12-02T04:03:24Z,1.0942578125,0.044396972656249999,1.0951580942486454,0.57599853515624999,0.1011328125,0.58480950596438319,1.3333007812500455,1.1993712513983248,1.3135011339780023,9,15,0,20,12,336,2,0.0066666666666666671
2025-12-02T06:00:00Z,2025-12-02T16:00:00Z,2025-12-02T17:00:00Z,2025-12-02T17:00:00Z,2025-12-02T00:00:00Z,2025-12-02T04:03:24Z,0.30567871093749999,-0.29712158203125,0.42628712017742748,-0.15452148437499999,-0.31519775390624999,0.35103634170979831,0.94910156250000455,0.1817207088291645,0.077465197643385358,10,16,0,21,12,336,1,0.013333333333333334
2025-12-02T06:00:00Z,2025-12-02T16:00:00Z,2025-12-02T17:00:00Z,2025-12-02T17:00:00Z,2025-12-02T00:00:00Z,2025-12-02T04:03:24Z,0.30567871093749999,-0.29712158203125,0.42628712017742748,-0.15452148437499999,-0.31519775390624999,0.35103634170979831,0.94910156250000455,0.1817207088291645,0.077465197643385358,10,16,0,21,12,336,2,0.011666666666666667
2025-12-02T06:00:00Z,2025-12-02T17:00:00Z,2025-12-02T18:00:00Z,2025-12-02T18:00:00Z,2025-12-02T00:00:00Z,2025-12-02T04:03:24Z,-0.51638427734375003,-0.57357421875000003,0.77177723878234439,-0.91105712890625001,-0.60992431640625,1.0963725479391258,0.76869140625001364,0.59564010630249986,0.45970147655016541,11,17,0,22,12,336,1,0.01
2025-12-02T06:00:00Z,2025-12-02T17:00:00Z,2025-12-02T18:00:00Z,2025-12-02T18:00:00Z,2025-12-02T00:00:00Z,2025-12-02T04:03:24Z,-0.51638427734375003,-0.57357421875000003,0.77177723878234439,-0.91105712890625001,-0.60992431640625,1.0963725479391258,0.76869140625001364,0.59564010630249986,0.45970147655016541,11,17,0,22,12,336,2,0.0083333333333333332
2025-12-02T06:00:00Z,2025-12-02T18:00:00Z,2025-12-02T19:00:00Z,2025-12-02T19:00:00Z,2025-12-02T00:00:00Z,2025-12-02T04:03:24Z,-1.7452416992187501,-0.86525146484375004,1.9479550010475615,-1.9139843750000001,-0.81167480468749997,2.078978637771113,1.4833593750000205,3.7945286861062053,7.3915711307190151,12,18,0,23,12,336,1,0.01
2025-12-02T06:00:00Z,2025-12-02T18:00:00Z,2025-12-02T19:00:00Z,2025-12-02T19:00:00Z,2025-12-02T00:00:00Z,2025-12-02T04:03:24Z,-1.7452416992187501,-0.86525146484375004,1.9479550010475615,-1.9139843750000001,-0.81167480468749997,2.078978637771113,1.4833593750000205,3.7945286861062053,7.3915711307190151,12,18,0,23,12,336,2,0.01
2025-12-02T06:00:00Z,2025-12-02T19:00:00Z,2025-12-02T20:00:00Z,2025-12-02T20:00:00Z,2025-12-02T00:00:00Z,2025-12-02T04:03:24Z,-3.1335375976562503,-1.166044921875,3.3434590824108765,-2.8392382812500001,-0.87533203125000003,2.9711075683400803,1.9949804687500432,11.17871863575578,37.37558835243339,13,19,0,0,12,337,1,0.011666666666666667
2025-12-02T06:00:00Z,2025-12-02T19:00:00Z,2025-12-02T20:00:00Z,2025-12-02T20:00:00Z,2025-12-02T00:00:00Z,2025-12-02T04:03:24Z,-3.1335375976562503,-1.166044921875,3.3434590824108765,-2.8392382812500001,-0.87533203125000003,2.9711075683400803,1.9949804687500432,11.17871863575578,37.37558835243339,13,19,0,0,12,337,2,0.014999999999999999
2025-12-02T06:00:00Z,2025-12-02T20:00:00Z,2025-12-02T21:00:00Z,2025-12-02T21:00:00Z,2025-12-02T00:00:00Z,2025-12-02T04:03:24Z,-4.75872802734375,-1.6675927734375,5.0424555621490521,-3.7426098632812499,-1.0413842773437501,3.8847921182257439,1.7627929687500341,25.426358096247913,128.21128080761886,14,20,0,1,12,337,1,0.11166666666666668
2025-12-02T06:00:00Z,2025-12-02T20:00:00Z,2025-12-02T21:00:00Z,2025-12-02T21:00:00Z,2025-12-02T00:00:00Z,2025-12-02T04:03:24Z,-4.75872802734375,-1.6675927734375,5.0424555621490521,-3.7426098632812499,-1.0413842773437501,3.8847921182257439,1.7627929687500341,25.426358096247913,128.21128080761886,14,20,0,1,12,337,2,0.10333333333333333
2025-12-02T06:00:00Z,2025-12-02T21:00:00Z,2025-12-02T22:00:00Z,2025-12-02T22:00:00Z,2025-12-02T00:00:00Z,2025-12-02T04:03:24Z,-5.8464257812499998,-2.7782519531249998,6.472972912866819,-4.0436303710937498,-1.67337158203125,4.3761991533271818,1.0592382812500318,41.899378330707549,271.21354100062894,15,21,0,2,12,337,1,0.19499999999999998
2025-12-02T06:00:00Z,2025-12-02T21:00:00Z,2025-12-02T22:00:00Z,2025-12-02T22:00:00Z,2025-12-02T00:00:00Z,2025-12-02T04:03:24Z,-5.8464257812499998,-2.7782519531249998,6.472972912866819,-4.0436303710937498,-1.67337158203125,4.3761991533271818,1.0592382812500318,41.899378330707549,271.21354100062894,15,21,0,2,12,337,2,0.17333333333333334
2025-12-02T06:00:00Z,2025-12-02T22:00:00Z,2025-12-02T23:00:00Z,2025-12-02T23:00:00Z,2025-12-02T00:00:00Z,2025-12-02T04:03:24Z,-6.4572485351562499,-3.24237060546875,7.2255813460222926,-4.0851904296874997,-1.8382763671875,4.4797366941562995,0.55824218750001364,52.209025787985325,377.24056282766361,16,22,0,3,12,337,1,0.22
2025-12-02T06:00:00Z,2025-12-02T22:00:00Z,2025-12-02T23:00:00Z,2025-12-02T23:00:00Z,2025-12-02T00:00:00Z,2025-12-02T04:03:24Z,-6.4572485351562499,-3.24237060546875,7.2255813460222926,-4.0851904296874997,-1.8382763671875,4.4797366941562995,0.55824218750001364,52.209025787985325,377.24056282766361,16,22,0,3,12,337,2,0.20166666666666666
2025-12-02T06:00:00Z,2025-12-02T23:00:00Z,2025-12-03T00:00:00Z,2025-12-03T00:00:00Z,2025-12-02T00:00:00Z,2025-12-02T04:03:24Z,-7.1429125976562498,-3.5626318359375002,7.9820765453728741,-4.2437768554687505,-1.9263427734375,4.6605191212768471,0.21435546875005684,63.71354597619176,508.56640095909648,17,23,0,4,12,337,1,0.3066666666666667
2025-12-02T06:00:00Z,2025-12-02T23:00:00Z,2025-12-03T00:00:00Z,2025-12-03T00:00:00Z,2025-12-02T00:00:00Z,2025-12-02T04:03:24Z,-7.1429125976562498,-3.5626318359375002,7.9820765453728741,-4.2437768554687505,-1.9263427734375,4.6605191212768471,0.21435546875005684,63.71354597619176,508.56640095909648,17,23,0,4,12,337,2,0.30833333333333335
2025-12-02T06:00:00Z,2025-12-03T00:00:00Z,2025-12-03T01:00:00Z,2025-12-03T01:00:00Z,2025-12-02T00:00:00Z,2025-12-02T04:03:24Z,-7.3462158203125005,-3.7581445312500001,8.2516990490670441,-4.3189697265625,-2.1180468750000001,4.810366104950913,0.049785156250038654,68.090537196373958,561.86262103378317,18,24,0,5,12,337,1,0.37833333333333335
2025-12-02T06:00:00Z,2025-12-03T00:00:00Z,2025-12-03T01:00:00Z,2025-12-03T01:00:00Z,2025-12-02T00:00:00Z,2025-12-02T04:03:24Z,-7.3462158203125005,-3.7581445312500001,8.2516990490670441,-4.3189697265625,-2.1180468750000001,4.810366104950913,0.049785156250038654,68.090537196373958,561.86262103378317,18,24,0,5,12,337,2,0.32166666666666666
2025-12-02T06:00:00Z,2025-12-03T01:00:00Z,2025-12-03T02:00:00Z,2025-12-03T02:00:00Z,2025-12-02T00:00:00Z,2025-12-02T04:03:24Z,-7.3263500976562499,-4.0531933593750002,8.3728001386578761,-4.1142993164062505,-2.2197631835937499,4.6749125613447786,-0.16548828124996362,70.103782161909351,586.96495700567618,19,25,0,6,12,337,1,0.38833333333333336
2025-12-02T06:00:00Z,2025-12-03T01:00:00Z,2025-12-03T02:00:00Z,2025-12-03T02:00:00Z,2025-12-02T00:00:00Z,2025-12-02T04:03:24Z,-7.3263500976562499,-4.0531933593750002,8.3728001386578761,-4.1142993164062505,-2.2197631835937499,4.6749125613447786,-0.16548828124996362,70.103782161909351,586.96495700567618,19,25,0,6,12,337,2,0.34500000000000003
2025-12-02T06:00:00Z,2025-12-03T02:00:00Z,2025-12-03T03:00:00Z,2025-12-03T03:00:00Z,2025-12-02T00:00:00Z,2025-12-02T04:03:24Z,-7.5384057617187503,-4.0070971679687499,8.5372354507684527,-4.22768310546875,-2.1844799804687502,4.7587033134389296,-0.2760156249999568,72.884389141857625,622.23119078947025,20,26,0,7,12,337,1,0.64666666666666661
2025-12-02T06:00:00Z,2025-12-03T02:00:00Z,2025-12-03T03:00:00Z,2025-12-03T03:00:00Z,2025-12-02T00:00:00Z,2025-12-02T04:03:24Z,-7.5384057617187503,-4.0070971679687499,8.5372354507684527,-4.22768310546875,-2.1844799804687502,4.7587033134389296,-0.2760156249999568,72.884389141857625,622.23119078947025,20,26,0,7,12,337,2,0.55166666666666664
2025-12-02T06:00:00Z,2025-12-03T03:00:00Z,2025-12-03T04:00:00Z,2025-12-03T04:00:00Z,2025-12-02T00:00:00Z,2025-12-02T04:03:24Z,-7.8005053710937498,-4.0841796874999998,8.8050217355921401,-4.2521923828124999,-2.1865869140625001,4.7814540040868332,0.52517578125002728,77.528407764250019,682.63931549007191,21,27,0,8,12,337,1,0.70833333333333337
2025-12-02T06:00:00Z,2025-12-03T03:00:00Z,2025-12-03T04:00:00Z,2025-12-03T04:00:00Z,2025-12-02T00:00:00Z,2025-12-02T04:03:24Z,-7.8005053710937498,-4.0841796874999998,8.8050217355921401,-4.2521923828124999,-2.1865869140625001,4.7814540040868332,0.52517578125002728,77.528407764250019,682.63931549007191,21,27,0,8,12,337,2,0.63166666666666671
2025-12-02T06:00:00Z,2025-12-03T04:00:00Z,2025-12-03T05:00:00Z,2025-12-03T05:00:00Z,2025-12-02T00:00:00Z,2025-12-02T04:03:24Z,-7.6869555664062501,-3.9033178710937499,8.6212050365771891,-4.9987377929687504,-2.7473120117187499,5.7039550149513119,2.9818945312500205,74.325176282703893,640.77258411293428,22,28,0,9,12,337,1,0.6283333333333333
2025-12-02T06:00:00Z,2025-12-03T04:00:00Z,2025-12-03T05:00:00Z,2025-12-03T05:00:00Z,2025-12-02T00:00:00Z,2025-12-02T04:03:24Z,-7.6869555664062501,-3.9033178710937499,8.6212050365771891,-4.9987377929687504,-2.7473120117187499,5.7039550149513119,2.9818945312500205,74.325176282703893,640.77258411293428,22,28,0,9,12,337,2,0.60666666666666669
2025-12-02T06:00:00Z,2025-12-03T05:00:00Z,2025-12-03T06:00:00Z,2025-12-03T06:00:00Z,2025-12-02T00:00:00Z,2025-12-02T04:03:24Z,-7.9417236328124998,-3.9568408203125003,8.8728554331322158,-6.0665258789062504,-3.2947558593749999,6.9034884234222593,4.8936132812500546,78.727563537263876,698.53828986887356,23,29,0,10,12,337,1,0.27999999999999997
2025-12-02T06:00:00Z,2025-12-03T05:00:00Z,2025-12-03T06:00:00Z,2025-12-03T06:00:00Z,2025-12-02T00:00:00Z,2025-12-02T04:03:24Z,-7.9417236328124998,-3.9568408203125003,8.8728554331322158,-6.0665258789062504,-3.2947558593749999,6.9034884234222593,4.8936132812500546,78.727563537263876,698.53828986887356,23,29,0,10,12,337,2,0.33833333333333337
2025-12-02T06:00:00Z,2025-12-03T06:00:00Z,2025-12-03T07:00:00Z,2025-12-03T07:00:00Z,2025-12-02T00:00:00Z,2025-12-02T04:03:24Z,-8.0471118164062503,-3.8027905273437499,8.9004058548248501,-6.34299560546875,-3.2891894531250001,7.1450934570196223,6.1887109375000477,79.21722438060047,705.06544768007029,24,30,0,11,12,337,1,0.20000000000000004
2025-12-02T06:00:00Z,2025-12-03T06:00:00Z,2025-12-03T07:00:00Z,2025-12-03T07:00:00Z,2025-12-02T00:00:00Z,2025-12-02T04:03:24Z,-8.0471118164062503,-3.8027905273437499,8.9004058548248501,-6.34299560546875,-3.2891894531250001,7.1450934570196223,6.1887109375000477,79.21722438060047,705.06544768007029,24,30,0,11,12,337,2,0.17166666666666666
2025-12-02T06:00:00Z,2025-12-03T07:00:00Z,2025-12-03T08:00:00Z,2025-12-03T08:00:00Z,2025-12-02T00:00:00Z,2025-12-02T04:03:24Z,-8.1914257812500004,-3.6411328125,8.9642235853414185,-6.5277905273437504,-3.1895874023437503,7.2653642005111312,7.2966406250000091,80.357304487991357,720.34084414571396,25,31,0,12,12,337,1,0.26666666666666666
2025-12-02T06:00:00Z,2025-12-03T07:00:00Z,2025-12-03T08:00:00Z,2025-12-03T08:00:00Z,2025-12-02T00:00:00Z,2025-12-02T04:03:24Z,-8.1914257812500004,-3.6411328125,8.9642235853414185,-6.5277905273437504,-3.1895874023437503,7.2653642005111312,7.2966406250000091,80.357304487991357,720.34084414571396,25,31,0,12,12,337,2,0.29000000000000004
2025-12-02T06:00:00Z,2025-12-03T08:00:00Z,2025-12-03T09:00:00Z,2025-12-03T09:00:00Z,2025-12-02T00:00:00Z,2025-12-02T04:03:24Z,-7.9042016601562501,-3.56400634765625,8.670556218060689,-6.3238452148437503,-3.1575537109375,7.068321140041486,7.9562109375000318,75.178545130550873,651.83980194645403,26,32,0,13,12,337,1,0.3183333333333333
2025-12-02T06:00:00Z,2025-12-03T08:00:00Z,2025-12-03T09:00:00Z,2025-12-03T09:00:00Z,2025-12-02T00:00:00Z,2025-12-02T04:03:24Z,-7.9042016601562501,-3.56400634765625,8.670556218060689,-6.3238452148437503,-3.1575537109375,7.068321140041486,7.9562109375000318,75.178545130550873,651.83980194645403,26,32,0,13,12,337,2,0.31333333333333335
2025-12-02T06:00:00Z,2025-12-03T09:00:00Z,2025-12-03T10:00:00Z,2025-12-03T10:00:00Z,2025-12-02T00:00:00Z,2025-12-02T04:03:24Z,-7.5709985351562503,-3.4620239257812502,8.325000209130323,-5.8919799804687498,-2.9619262695312503,6.5945762044564953,8.0925390625000091,69.305628482019927,576.96937160672439,27,33,0,14,12,337,1,0.17166666666666666
2025-12-02T06:00:00Z,2025-12-03T09:00:00Z,2025-12-03T10:00:00Z,2025-12-03T10:00:00Z,2025-12-02T00:00:00Z,2025-12-02T04:03:24Z,-7.5709985351562503,-3.4620239257812502,8.325000209130323,-5.8919799804687498,-2.9619262695312503,6.5945762044564953,8.0925390625000091,69.305628482019927,576.96937160672439,27,33,0,14,12,337,2,0.17500000000000002
2025-12-02T06:00:00Z,2025-12-03T10:00:00Z,2025-12-03T11:00:00Z,2025-12-03T11:00:00Z,2025-12-02T00:00:00Z,2025-12-02T04:03:24Z,-7.086181640625,-3.7448657226562503,8.0148605430572868,-5.0055639648437502,-2.85404541015625,5.7620522220278634,7.3646875000000023,64.237989524656541,514.85852760649698,28,34,0,15,12,337,1,0.11666666666666665
2025-12-02T06:00:00Z,2025-12-03T10:00:00Z,2025-12-03T11:00:00Z,2025-12-03T11:00:00Z,2025-12-02T00:00:00Z,2025-12-02T04:03:24Z,-7.086181640625,-3.7448657226562503,8.0148605430572868,-5.0055639648437502,-2.85404541015625,5.7620522220278634,7.3646875000000023,64.237989524656541,514.85852760649698,28,34,0,15,12,337,2,0.11666666666666665
2025-12-02T06:00:00Z,2025-12-03T11:00:00Z,2025-12-03T12:00:00Z,2025-12-03T12:00:00Z,2025-12-02T00:00:00Z,2025-12-02T04:03:24Z,-6.9733642578125004,-4.1271435546874997,8.1031551258220063,-4.1200830078125001,-2.7313916015625002,4.9432361942710621,5.6323632812500364,65.66112299313545,532.06226534905477,29,35,0,16,12,337,1,0.11666666666666665
2025-12-02T06:00:00Z,2025-12-03T11:00:00Z,2025-12-03T12:00:00Z,2025-12-03T12:00:00Z,2025-12-02T00:00:00Z,2025-12-02T04:03:24Z,-6.9733642578125004,-4.1271435546874997,8.1031551258220063,-4.1200830078125001,-2.7313916015625002,4.9432361942710621,5.6323632812500364,65.66112299313545,532.06226534905477,29,35,0,16,12,337,2,0.12166666666666666
2025-12-02T06:00:00Z,2025-12-03T12:00:00Z,2025-12-03T13:00:00Z,2025-12-03T13:00:00Z,2025-12-02T00:00:00Z,2025-12-02T04:03:24Z,-7.0720043945312501,-3.6801391601562501,7.9722437490574043,-3.94753173828125,-2.16288330078125,4.5012299427530005,4.8810937500000477,63.556670394384859,506.68926826253647,30,36,0,17,12,337,1,0.14999999999999999
2025-12-02T06:00:00Z,2025-12-03T12:00:00Z,2025-12-03T13:00:00Z,2025-12-03T13:00:00Z,2025-12-02T00:00:00Z,2025-12-02T04:03:24Z,-7.0720043945312501,-3.6801391601562501,7.9722437490574043,-3.94753173828125,-2.16288330078125,4.5012299427530005,4.8810937500000477,63.556670394384859,506.68926826253647,30,36,0,17,12,337,2,0.18666666666666668
2025-12-02T06:00:00Z,2025-12-03T13:00:00Z,2025-12-03T14:00:00Z,2025-12-03T14:00:00Z,2025-12-02T00:00:00Z,2025-12-02T04:03:24Z,-7.3567968750000006,-3.4699975585937501,8.1340852784229138,-4.2861767578125001,-2.18831298828125,4.8124863567487122,4.1818359375000114,66.163343316656366,538.17827684325562,31,37,0,18,12,337,1,0.29999999999999999
2025-12-02T06:00:00Z,2025-12-03T13:00:00Z,2025-12-03T14:00:00Z,2025-12-03T14:00:00Z,2025-12-02T00:00:00Z,2025-12-02T04:03:24Z,-7.3567968750000006,-3.4699975585937501,8.1340852784229138,-4.2861767578125001,-2.18831298828125,4.8124863567487122,4.1818359375000114,66.163343316656366,538.17827684325562,31,37,0,18,12,337,2,0.30166666666666669
2025-12-02T06:00:00Z,2025-12-03T14:00:00Z,2025-12-03T15:00:00Z,2025-12-03T15:00:00Z,2025-12-02T00:00:00Z,2025-12-02T04:03:24Z,-6.2513867187500001,-4.2828442382812497,7.5777695053849978,-3.41786865234375,-2.7138330078125001,4.3642543141946621,3.9571093750000159,57.422590676742793,435.13515655042642,32,38,0,19,12,337,1,0.43333333333333335
2025-12-02T06:00:00Z,2025-12-03T14:00:00Z,2025-12-03T15:00:00Z,2025-12-03T15:00:00Z,2025-12-02T00:00:00Z,2025-12-02T04:03:24Z,-6.2513867187500001,-4.2828442382812497,7.5777695053849978,-3.41786865234375,-2.7138330078125001,4.3642543141946621,3.9571093750000159,57.422590676742793,435.13515655042642,32,38,0,19,12,337,2,0.39333333333333331
2025-12-02T06:00:00Z,2025-12-03T15:00:00Z,2025-12-03T16:00:00Z,2025-12-03T16:00:00Z,2025-12-02T00:00:00Z,2025-12-02T04:03:24Z,-7.9169824218749998,-3.7391088867187499,8.7555437258354694,-4.4477124023437504,-1.8477197265625001,4.8162447821815091,3.9854296875000159,76.659545935016851,671.19600643673277,33,39,0,20,12,337,1,0.36499999999999999
2025-12-02T06:00:00Z,2025-12-03T15:00:00Z,2025-12-03T16:00:00Z,2025-12-03T16:00:00Z,2025-12-02T00:00:00Z,2025-12-02T04:03:24Z,-7.9169824218749998,-3.7391088867187499,8.7555437258354694,-4.4477124023437504,-1.8477197265625001,4.8162447821815091,3.9854296875000159,76.659545935016851,671.19600643673277,33,39,0,20,12,337,2,0.29499999999999998
2025-12-02T06:00:00Z,2025-12-03T16:00:00Z,2025-12-03T17:00:00Z,2025-12-03T17:00:00Z,2025-12-02T00:00:00Z,2025-12-02T04:03:24Z,-6.9514599609375001,-4.1038403320312504,8.0724408365328735,-3.74857421875,-2.5215161132812502,4.5177264395948278,3.7995703125000091,65.164301059323563,526.03496495540594,34,40,0,21,12,337,1,0.26500000000000001
2025-12-02T06:00:00Z,2025-12-03T16:00:00Z,2025-12-03T17:00:00Z,2025-12-03T17:00:00Z,2025-12-02T00:00:00Z,2025-12-02T04:03:24Z,-6.9514599609375001,-4.1038403320312504,8.0724408365328735,-3.74857421875,-2.5215161132812502,4.5177264395948278,3.7995703125000091,65.164301059323563,526.03496495540594,34,40,0,21,12,337,2,0.19333333333333336
2025-12-02T06:00:00Z,2025-12-03T17:00:00Z,2025-12-03T18:00:00Z,2025-12-03T18:00:00Z,2025-12-02T00:00:00Z,2025-12-02T04:03:24Z,-7.7989624023437498,-3.9064062500000003,8.7226042179621146,-4.3840258789062503,-2.15093994140625,4.8832597246569263,3.8148437500000227,76.083824343210466,663.64908713477621,35,41,0,22,12,337,1,0.18166666666666667
2025-12-02T06:00:00Z,2025-12-03T17:00:00Z,2025-12-03T18:00:00Z,2025-12-03T18:00:00Z,2025-12-02T00:00:00Z,2025-12-02T04:03:24Z,-7.7989624023437498,-3.9064062500000003,8.7226042179621146,-4.3840258789062503,-2.15093994140625,4.8832597246569263,3.8148437500000227,76.083824343210466,663.64908713477621,35,41,0,22,12,337,2,0.16333333333333333
2025-12-02T06:00:00Z,2025-12-03T18:00:00Z,2025-12-03T19:00:00Z,2025-12-03T19:00:00Z,2025-12-02T00:00:00Z,2025-12-02T04:03:24Z,-7.5724194335937502,-4.0215161132812502,8.5740380176232609,-4.1583496093749996,-2.3740747070312502,4.7883297911019795,3.3465039062500068,73.514127927649014,630.31292768408252,36,42,0,23,12,337,1,0.3116666666666667
2025-12-02T06:00:00Z,2025-12-03T18:00:00Z,2025-12-03T19:00:00Z,2025-12-03T19:00:00Z,2025-12-02T00:00:00Z,2025-12-02T04:03:24Z,-7.5724194335937502,-4.0215161132812502,8.5740380176232609,-4.1583496093749996,-2.3740747070312502,4.7883297911019795,3.3465039062500068,73.514127927649014,630.31292768408252,36,42,0,23,12,337,2,0.35499999999999998
2025-12-02T06:00:00Z,2025-12-03T19:00:00Z,2025-12-03T20:00:00Z,2025-12-03T20:00:00Z,2025-12-02T00:00:00Z,2025-12-02T04:03:24Z,-7.6453735351562502,-4.1160693359375005,8.6829582096375741,-4.0896948242187499,-2.3554223632812499,4.7194934330590037,3.4160351562500182,75.393763270312547,654.64089574343211,37,43,0,0,12,338,1,0.18500000000000003
2025-12-02T06:00:00Z,2025-12-03T19:00:00Z,2025-12-03T20:00:00Z,2025-12-03T20:00:00Z,2025-12-02T00:00:00Z,2025-12-02T04:03:24Z,-7.6453735351562502,-4.1160693359375005,8.6829582096375741,-4.0896948242187499,-2.3554223632812499,4.7194934330590037,3.4160351562500182,75.393763270312547,654.64089574343211,37,43,0,0,12,338,2,0.13999999999999999
2025-12-02T06:00:00Z,2025-12-03T20:00:00Z,2025-12-03T21:00:00Z,2025-12-03T21:00:00Z,2025-12-02T00:00:00Z,2025-12-02T04:03:24Z,-7.2819042968750001,-4.2367382812500001,8.4247303489581071,-3.9732763671875002,-2.5241259765624999,4.7072430397854212,3.240566406250025,70.976081452655791,597.95434746431181,38,44,0,1,12,338,1,0.099999999999999992
2025-12-02T06:00:00Z,2025-12-03T20:00:00Z,2025-12-03T21:00:00Z,2025-12-03T21:00:00Z,2025-12-02T00:00:00Z,2025-12-02T04:03:24Z,-7.2819042968750001,-4.2367382812500001,8.4247303489581071,-3.9732763671875002,-2.5241259765624999,4.7072430397854212,3.240566406250025,70.976081452655791,597.95434746431181,38,44,0,1,12,338,2,0.081666666666666665
2025-12-02T06:00:00Z,2025-12-03T21:00:00Z,2025-12-03T22:00:00Z,2025-12-03T22:00:00Z,2025-12-02T00:00:00Z,2025-12-02T04:03:24Z,-8.0683544921875008,-4.0609106445312504,9.032681743229384,-4.4906396484375,-2.2113427734375,5.0055850121392531,3.2798632812500159,81.589339474469426,736.97053711318449,39,45,0,2,12,338,1,0.17833333333333334
2025-12-02T06:00:00Z,2025-12-03T21:00:00Z,2025-12-03T22:00:00Z,2025-12-03T22:00:00Z,2025-12-02T00:00:00Z,2025-12-02T04:03:24Z,-8.0683544921875008,-4.0609106445312504,9.032681743229384,-4.4906396484375,-2.2113427734375,5.0055850121392531,3.2798632812500159,81.589339474469426,736.97053711318449,39,45,0,2,12,338,2,0.13999999999999999
2025-12-02T06:00:00Z,2025-12-03T22:00:00Z,2025-12-03T23:00:00Z,2025-12-03T23:00:00Z,2025-12-02T00:00:00Z,2025-12-02T04:03:24Z,-8.1030957031249997,-4.5389477539062497,9.2877449731726287,-4.4235424804687504,-2.6311279296875001,5.1468983144116276,2.7817578125000182,86.262206686693432,801.18137652911525,40,46,0,3,12,338,1,0.15166666666666667
2025-12-02T06:00:00Z,2025-12-03T22:00:00Z,2025-12-03T23:00:00Z,2025-12-03T23:00:00Z,2025-12-02T00:00:00Z,2025-12-02T04:03:24Z,-8.1030957031249997,-4.5389477539062497,9.2877449731726287,-4.4235424804687504,-2.6311279296875001,5.1468983144116276,2.7817578125000182,86.262206686693432,801.18137652911525,40,46,0,3,12,338,2,0.14000000000000001
2025-12-02T06:00:00Z,2025-12-03T23:00:00Z,2025-12-04T00:00:00Z,2025-12-04T00:00:00Z,2025-12-02T00:00:00Z,2025-12-02T04:03:24Z,-8.0193286132812496,-4.6511743164062498,9.2705476607042208,-4.3971850585937498,-2.6690356445312502,5.1438300624435938,2.198574218750025,85.943053929388498,796.73917755886919,41,47,0,4,12,338,1,0.093333333333333324
2025-12-02T06:00:00Z,2025-12-03T23:00:00Z,2025-12-04T00:00:00Z,2025-12-04T00:00:00Z,2025-12-02T00:00:00Z,2025-12-02T04:03:24Z,-8.0193286132812496,-4.6511743164062498,9.2705476607042208,-4.3971850585937498,-2.6690356445312502,5.1438300624435938,2.198574218750025,85.943053929388498,796.73917755886919,41,47,0,4,12,338,2,0.074999999999999997
2025-12-02T06:00:00Z,2025-12-04T00:00:00Z,2025-12-04T01:00:00Z,2025-12-04T01:00:00Z,2025-12-02T00:00:00Z,2025-12-02T04:03:24Z,-9.6895532226562509,-3.7488159179687499,10.38946882383811,-5.4375122070312498,-1.95091552734375,5.7769031839251728,2.2889453125000045,107.94106244150403,1121.4503030479689,42,48,0,5,12,338,1,0.105
2025-12-02T06:00:00Z,2025-12-04T00:00:00Z,2025-12-04T01:00:00Z,2025-12-04T01:00:00Z,2025-12-02T00:00:00Z,2025-12-02T04:03:24Z,-9.6895532226562509,-3.7488159179687499,10.38946882383811,-5.4375122070312498,-1.95091552734375,5.7769031839251728,2.2889453125000045,107.94106244150403,1121.4503030479689,42,48,0,5,12,338,2,0.080000000000000002
2025-12-02T06:00:00Z,2025-12-04T01:00:00Z,2025-12-04T02:00:00Z,2025-12-04T02:00:00Z,2025-12-02T00:00:00Z,2025-12-02T04:03:24Z,-7.9576928710937498,-5.4403491210937505,9.639620033488967,-4.4450048828125004,-3.2757006835937501,5.5216196334701948,1.9815039062500546,92.922274390041835,895.73541776760601,43,49,0,6,12,338,1,0.10166666666666667
2025-12-02T06:00:00Z,2025-12-04T01:00:00Z,2025-12-04T02:00:00Z,2025-12-04T02:00:00Z,2025-12-02T00:00:00Z,2025-12-02T04:03:24Z,-7.9576928710937498,-5.4403491210937505,9.639620033488967,-4.4450048828125004,-3.2757006835937501,5.5216196334701948,1.9815039062500546,92.922274390041835,895.73541776760601,43,49,0,6,12,338,2,0.074999999999999997
2025-12-02T06:00:00Z,2025-12-04T02:00:00Z,2025-12-04T03:00:00Z,2025-12-04T03:00:00Z,2025-12-02T00:00:00Z,2025-12-02T04:03:24Z,-8.90936279296875,-3.4881494140625002,9.5678593066349222,-5.2902270507812501,-1.6146899414062501,5.5311595398881961,2.0329101562500114,91.543931711560489,875.87945899240583,44,50,0,7,12,338,1,0.16500000000000001
2025-12-02T06:00:00Z,2025-12-04T02:00:00Z,2025-12-04T03:00:00Z,2025-12-04T03:00:00Z,2025-12-02T00:00:00Z,2025-12-02T04:03:24Z,-8.90936279296875,-3.4881494140625002,9.5678593066349222,-5.2902270507812501,-1.6146899414062501,5.5311595398881961,2.0329101562500114,91.543931711560489,875.87945899240583,44,50,0,7,12,338,2,0.115
2025-12-02T06:00:00Z,2025-12-04T03:00:00Z,2025-12-04T04:00:00Z,2025-12-04T04:00:00Z,2025-12-02T00:00:00Z,2025-12-02T04:03:24Z,-8.7924072265625011,-4.2665136718749999,9.7728994546145209,-4.9643798828125005,-2.4912548828125001,5.5544053247859555,2.3288476562500477,95.509563750004801,933.40536348289277,45,51,0,8,12,338,1,0.19999999999999998
2025-12-02T06:00:00Z,2025-12-04T03:00:00Z,2025-12-04T04:00:00Z,2025-12-04T04:00:00Z,2025-12-02T00:00:00Z,2025-12-02T04:03:24Z,-8.7924072265625011,-4.2665136718749999,9.7728994546145209,-4.9643798828125005,-2.4912548828125001,5.5544053247859555,2.3288476562500477,95.509563750004801,933.40536348289277,45,51,0,8,12,338,2,0.17000000000000001
2025-12-02T06:00:00Z,2025-12-04T04:00:00Z,2025-12-04T05:00:00Z,2025-12-04T05:00:00Z,2025-12-02T00:00:00Z,2025-12-02T04:03:24Z,-7.04311279296875,-3.9017309570312499,8.0516422098560767,-4.6479809570312502,-2.8383911132812503,5.4461170652933193,4.1057421875000273,64.82894227553605,521.97944804602912,46,52,0,9,12,338,1,0.115
2025-12-02T06:00:00Z,2025-12-04T04:00:00Z,2025-12-04T05:00:00Z,2025-12-04T05:00:00Z,2025-12-02T00:00:00Z,2025-12-02T04:03:24Z,-7.04311279296875,-3.9017309570312499,8.0516422098560767,-4.6479809570312502,-2.8383911132812503,5.4461170652933193,4.1057421875000273,64.82894227553605,521.97944804602912,46,52,0,9,12,338,2,0.096666666666666665
2025-12-02T06:00:00Z,2025-12-04T05:00:00Z,2025-12-04T06:00:00Z,2025-12-04T06:00:00Z,2025-12-02T00:00:00Z,2025-12-02T04:03:24Z,-6.8603881835937504,-3.3334326171874999,7.6273651441977171,-5.2576879882812504,-2.7412548828125001,5.9293980566884121,6.0177929687500296,58.176699042922259,443.73492648446592,47,53,0,10,12,338,1,0.058333333333333327
2025-12-02T06:00:00Z,2025-12-04T05:00:00Z,2025-12-04T06:00:00Z,2025-12-04T06:00:00Z,2025-12-02T00:00:00Z,2025-12-02T04:03:24Z,-6.8603881835937504,-3.3334326171874999,7.6273651441977171,-5.2576879882812504,-2.7412548828125001,5.9293980566884121,6.0177929687500296,58.176699042922259,443.73492648446592,47,53,0,10,12,338,2,0.041666666666666664
2025-12-03T06:00:00Z,2025-12-03T06:00:00Z,2025-12-03T07:00:00Z,2025-12-03T07:00:00Z,2025-12-03T00:00:00Z,2025-12-03T04:02:43Z,-8.1342675781249998,-3.7411474609374999,8.9533509568772427,-6.4444335937500004,-3.2271582031250001,7.2073070152623941,6.3218750000000341,80.16249335701464,717.72293660369269,0,6,0,11,12,337,1,0.20000000000000004
2025-12-03T06:00:00Z,2025-12-03T06:00:00Z,2025-12-03T07:00:00Z,2025-12-03T07:00:00Z,2025-12-03T00:00:00Z,2025-12-03T04:02:43Z,-8.1342675781249998,-3.7411474609374999,8.9533509568772427,-6.4444335937500004,-3.2271582031250001,7.2073070152623941,6.3218750000000341,80.16249335701464,717.72293660369269,0,6,0,11,12,337,2,0.17166666666666666
2025-12-03T06:00:00Z,2025-12-03T07:00:00Z,2025-12-03T08:00:00Z,2025-12-03T08:00:00Z,2025-12-03T00:00:00Z,2025-12-03T04:02:43Z,-7.7364575195312506,-3.4434887695312502,8.4681987374765519,-6.2773046875,-3.03023193359375,6.970427512791507,7.4725390625000045,71.710389857399463,607.25783285438149,1,7,0,12,12,337,1,0.26666666666666666
2025-12-03T06:00:00Z,2025-12-03T07:00:00Z,2025-12-03T08:00:00Z,2025-12-03T08:00:00Z,2025-12-03T00:00:00Z,2025-12-03T04:02:43Z,-7.7364575195312506,-3.4434887695312502,8.4681987374765519,-6.2773046875,-3.03023193359375,6.970427512791507,7.4725390625000045,71.710389857399463,607.25783285438149,1,7,0,12,12,337,2,0.29000000000000004
2025-12-03T06:00:00Z,2025-12-03T08:00:00Z,2025-12-03T09:00:00Z,2025-12-03T09:00:00Z,2025-12-03T00:00:00Z,2025-12-03T04:02:43Z,-7.5413842773437505,-3.16070556640625,8.1769515405240707,-6.0666015624999998,-2.7980468750000003,6.6807724727627651,8.1466015625000523,66.862536496078974,546.73172080495988,2,8,0,13,12,337,1,0.3183333333333333
2025-12-03T06:00:00Z,2025-12-03T08:00:00Z,2025-12-03T09:00:00Z,2025-12-03T09:00:00Z,2025-12-03T00:00:00Z,2025-12-03T04:02:43Z,-7.5413842773437505,-3.16070556640625,8.1769515405240707,-6.0666015624999998,-2.7980468750000003,6.6807724727627651,8.1466015625000523,66.862536496078974,546.73172080495988,2,8,0,13,12,337,2,0.31333333333333335
2025-12-03T06:00:00Z,2025-12-03T09:00:00Z,2025-12-03T10:00:00Z,2025-12-03T10:00:00Z,2025-12-03T00:00:00Z,2025-12-03T04:02:43Z,-6.8460888671875004,-3.1794262695312501,7.548356389361464,-5.3480712890625002,-2.7614428710937502,6.0189229304925584,7.9815429687500341,56.977684180814038,430.08786643726728,3,9,0,14,12,337,1,0.17166666666666666
2025-12-03T06:00:00Z,2025-12-03T09:00:00Z,2025-12-03T10:00:00Z,2025-12-03T10:00:00Z,2025-12-03T00:00:00Z,2025-12-03T04:02:43Z,-6.8460888671875004,-3.1794262695312501,7.548356389361464,-5.3480712890625002,-2.7614428710937502,6.0189229304925584,7.9815429687500341,56.977684180814038,430.08786643726728,3,9,0,14,12,337,2,0.17500000000000002
2025-12-03T06:00:00Z,2025-12-03T10:00:00Z,2025-12-03T11:00:00Z,2025-12-03T11:00:00Z,2025-12-03T00:00:00Z,2025-12-03T04:02:43Z,-6.6599755859375005,-3.6329711914062499,7.5864190816795309,-4.6822656250000003,-2.6869409179687502,5.3984500441989267,7.3904882812500432,57.553754482871298,436.62690123115368,4,10,0,15,12,337,1,0.11666666666666665
2025-12-03T06:00:00Z,2025-12-03T10:00:00Z,2025-12-03T11:00:00Z,2025-12-03T11:00:00Z,2025-12-03T00:00:00Z,2025-12-03T04:02:43Z,-6.6599755859375005,-3.6329711914062499,7.5864190816795309,-4.6822656250000003,-2.6869409179687502,5.3984500441989267,7.3904882812500432,57.553754482871298,436.62690123115368,4,10,0,15,12,337,2,0.11666666666666665
2025-12-03T06:00:00Z,2025-12-03T11:00:00Z,2025-12-03T12:00:00Z,2025-12-03T12:00:00Z,2025-12-03T00:00:00Z,2025-12-03T04:02:43Z,-6.6027319335937502,-3.8452050781250002,7.6407899512901771,-3.8895507812500001,-2.4922851562499999,4.6195335890094542,5.822109375000025,58.381671079736947,446.08208572558243,5,11,0,16,12,337,1,0.11666666666666665
2025-12-03T06:00:00Z,2025-12-03T11:00:00Z,2025-12-03T12:00:00Z,2025-12-03T12:00:00Z,2025-12-03T00:00:00Z,2025-12-03T04:02:43Z,-6.6027319335937502,-3.8452050781250002,7.6407899512901771,-3.8895507812500001,-2.4922851562499999,4.6195335890094542,5.822109375000025,58.381671079736947,446.08208572558243,5,11,0,16,12,337,2,0.12166666666666666
2025-12-03T06:00:00Z,2025-12-03T12:00:00Z,2025-12-03T13:00:00Z,2025-12-03T13:00:00Z,2025-12-03T00:00:00Z,2025-12-03T04:02:43Z,-6.8881298828124997,-3.6277685546875,7.7850522136254146,-3.8432299804687502,-2.1375024414062502,4.3976508922141049,4.9506835937500568,60.607037968873968,471.82895510086183,6,12,0,17,12,337,1,0.14999999999999999
2025-12-03T06:00:00Z,2025-12-03T12:00:00Z,2025-12-03T13:00:00Z,2025-12-03T13:00:00Z,2025-12-03T00:00:00Z,2025-12-03T04:02:43Z,-6.8881298828124997,-3.6277685546875,7.7850522136254146,-3.8432299804687502,-2.1375024414062502,4.3976508922141049,4.9506835937500568,60.607037968873968,471.82895510086183,6,12,0,17,12,337,2,0.18666666666666668
2025-12-03T06:00:00Z,2025-12-03T13:00:00Z,2025-12-03T14:00:00Z,2025-12-03T14:00:00Z,2025-12-03T00:00:00Z,2025-12-03T04:02:43Z,-6.8275439453124998,-3.84798095703125,7.8372389124517898,-3.8406494140625003,-2.3429516601562499,4.4988899079181248,4.4108593750000296,61.422313770848511,481.38134757771741,7,13,0,18,12,337,1,0.29999999999999999
2025-12-03T06:00:00Z,2025-12-03T13:00:00Z,2025-12-03T14:00:00Z,2025-12-03T14:00:00Z,2025-12-03T00:00:00Z,2025-12-03T04:02:43Z,-6.8275439453124998,-3.84798095703125,7.8372389124517898,-3.8406494140625003,-2.3429516601562499,4.4988899079181248,4.4108593750000296,61.422313770848511,481.38134757771741,7,13,0,18,12,337,2,0.30166666666666669
2025-12-03T06:00:00Z,2025-12-03T14:00:00Z,2025-12-03T15:00:00Z,2025-12-03T15:00:00Z,2025-12-03T00:00:00Z,2025-12-03T04:02:43Z,-7.31703857421875,-4.0830517578125001,8.3791625568180077,-4.0605395507812503,-2.2617236328125001,4.64794311870115,4.4317187500000159,70.210365153580895,588.30406279540489,8,14,0,19,12,337,1,0.43333333333333335
2025-12-03T06:00:00Z,2025-12-03T14:00:00Z,2025-12-03T15:00:00Z,2025-12-03T15:00:00Z,2025-12-03T00:00:00Z,2025-12-03T04:02:43Z,-7.31703857421875,-4.0830517578125001,8.3791625568180077,-4.0605395507812503,-2.2617236328125001,4.64794311870115,4.4317187500000159,70.210365153580895,588.30406279540489,8,14,0,19,12,337,2,0.39333333333333331
2025-12-03T06:00:00Z,2025-12-03T15:00:00Z,2025-12-03T16:00:00Z,2025-12-03T16:00:00Z,2025-12-03T00:00:00Z,2025-12-03T04:02:43Z,-7.3350268554687501,-3.6256982421875001,8.1821944925459515,-4.0547314453125001,-1.8806811523437501,4.4696542025515811,4.2281054687500159,66.948306713849306,547.78406647933491,9,15,0,20,12,337,1,0.36499999999999999
2025-12-03T06:00:00Z,2025-12-03T15:00:00Z,2025-12-03T16:00:00Z,2025-12-03T16:00:00Z,2025-12-03T00:00:00Z,2025-12-03T04:02:43Z,-7.3350268554687501,-3.6256982421875001,8.1821944925459515,-4.0547314453125001,-1.8806811523437501,4.4696542025515811,4.2281054687500159,66.948306713849306,547.78406647933491,9,15,0,20,12,337,2,0.29499999999999998
2025-12-03T06:00:00Z,2025-12-03T16:00:00Z,2025-12-03T17:00:00Z,2025-12-03T17:00:00Z,2025-12-03T00:00:00Z,2025-12-03T04:02:43Z,-6.4506542968750002,-3.6297460937500001,7.4017563836487676,-3.6716748046875001,-2.2743408203125002,4.3190070662499185,4.5336914062500568,54.785997562885285,405.51260719565198,10,16,0,21,12,337,1,0.26500000000000001
2025-12-03T06:00:00Z,2025-12-03T16:00:00Z,2025-12-03T17:00:00Z,2025-12-03T17:00:00Z,2025-12-03T00:00:00Z,2025-12-03T04:02:43Z,-6.4506542968750002,-3.6297460937500001,7.4017563836487676,-3.6716748046875001,-2.2743408203125002,4.3190070662499185,4.5336914062500568,54.785997562885285,405.51260719565198,10,16,0,21,12,337,2,0.19333333333333336
2025-12-03T06:00:00Z,2025-12-03T17:00:00Z,2025-12-03T18:00:00Z,2025-12-03T18:00:00Z,2025-12-03T00:00:00Z,2025-12-03T04:02:43Z,-7.3374096679687497,-3.5081982421875,8.1329598266614322,-4.2327514648437496,-1.900419921875,4.6398039659662658,4.3546484375000318,66.145035542088749,537.95491679690042,11,17,0,22,12,337,1,0.18166666666666667
2025-12-03T06:00:00Z,2025-12-03T17:00:00Z,2025-12-03T18:00:00Z,2025-12-03T18:00:00Z,2025-12-03T00:00:00Z,2025-12-03T04:02:43Z,-7.3374096679687497,-3.5081982421875,8.1329598266614322,-4.2327514648437496,-1.900419921875,4.6398039659662658,4.3546484375000318,66.145035542088749,537.95491679690042,11,17,0,22,12,337,2,0.16333333333333333
2025-12-03T06:00:00Z,2025-12-03T18:00:00Z,2025-12-03T19:00:00Z,2025-12-03T19:00:00Z,2025-12-03T00:00:00Z,2025-12-03T04:02:43Z,-6.6592260742187506,-3.6180078125000001,7.5786062332638648,-3.71823974609375,-2.4180371093750002,4.4353365454885063,4.10271484375005,57.435272438865908,435.27931371439746,12,18,0,23,12,337,1,0.3116666666666667
2025-12-03T06:00:00Z,2025-12-03T18:00:00Z,2025-12-03T19:00:00Z,2025-12-03T19:00:00Z,2025-12-03T00:00:00Z,2025-12-03T04:02:43Z,-6.6592260742187506,-3.6180078125000001,7.5786062332638648,-3.71823974609375,-2.4180371093750002,4.4353365454885063,4.10271484375005,57.435272438865908,435.27931371439746,12,18,0,23,12,337,2,0.35499999999999998
2025-12-03T06:00:00Z,2025-12-03T19:00:00Z,2025-12-03T20:00:00Z,2025-12-03T20:00:00Z,2025-12-03T00:00:00Z,2025-12-03T04:02:43Z,-7.0894506835937499,-4.2700317382812498,8.2760789049547547,-4.0080810546874996,-2.4917016601562501,4.7194587511885588,3.8057031250000364,68.493482041037097,566.8574618467245,13,19,0,0,12,338,1,0.18500000000000003
2025-12-03T06:00:00Z,2025-12-03T19:00:00Z,2025-12-03T20:00:00Z,2025-12-03T20:00:00Z,2025-12-03T00:00:00Z,2025-12-03T04:02:43Z,-7.0894506835937499,-4.2700317382812498,8.2760789049547547,-4.0080810546874996,-2.4917016601562501,4.7194587511885588,3.8057031250000364,68.493482041037097,566.8574618467245,13,19,0,0,12,338,2,0.13999999999999999
2025-12-03T06:00:00Z,2025-12-03T20:00:00Z,2025-12-03T21:00:00Z,2025-12-03T21:00:00Z,2025-12-03T00:00:00Z,2025-12-03T04:02:43Z,-7.3213964843750006,-4.0181103515625001,8.3515302357563392,-4.0237377929687499,-2.1540673828124999,4.5640412044877205,3.8306640625000341,69.748057278752341,582.50300924876524,14,20,0,1,12,338,1,0.099999999999999992
2025-12-03T06:00:00Z,2025-12-03T20:00:00Z,2025-12-03T21:00:00Z,2025-12-03T21:00:00Z,2025-12-03T00:00:00Z,2025-12-03T04:02:43Z,-7.3213964843750006,-4.0181103515625001,8.3515302357563392,-4.0237377929687499,-2.1540673828124999,4.5640412044877205,3.8306640625000341,69.748057278752341,582.50300924876524,14,20,0,1,12,338,2,0.081666666666666665
2025-12-03T06:00:00Z,2025-12-03T21:00:00Z,2025-12-03T22:00:00Z,2025-12-03T22:00:00Z,2025-12-03T00:00:00Z,2025-12-03T04:02:43Z,-7.0832861328124999,-3.6666992187500003,7.9760657971255302,-3.8522607421875001,-1.9701953125,4.326844392302081,3.6332421875000023,63.617625600075719,507.41836764310148,15,21,0,2,12,338,1,0.17833333333333334
2025-12-03T06:00:00Z,2025-12-03T21:00:00Z,2025-12-03T22:00:00Z,2025-12-03T22:00:00Z,2025-12-03T00:00:00Z,2025-12-03T04:02:43Z,-7.0832861328124999,-3.6666992187500003,7.9760657971255302,-3.8522607421875001,-1.9701953125,4.326844392302081,3.6332421875000023,63.617625600075719,507.41836764310148,15,21,0,2,12,338,2,0.13999999999999999
2025-12-03T06:00:00Z,2025-12-03T22:00:00Z,2025-12-03T23:00:00Z,2025-12-03T23:00:00Z,2025-12-03T00:00:00Z,2025-12-03T04:02:43Z,-7.7769848632812506,-2.8667114257812503,8.2885178386977287,-4.3252294921874999,-1.3691845703125001,4.5367693954696842,3.0425000000000182,68.699527962410471,569.41726302655263,16,22,0,3,12,338,1,0.15166666666666667
2025-12-03T06:00:00Z,2025-12-03T22:00:00Z,2025-12-03T23:00:00Z,2025-12-03T23:00:00Z,2025-12-03T00:00:00Z,2025-12-03T04:02:43Z,-7.7769848632812506,-2.8667114257812503,8.2885178386977287,-4.3252294921874999,-1.3691845703125001,4.5367693954696842,3.0425000000000182,68.699527962410471,569.41726302655263,16,22,0,3,12,338,2,0.14000000000000001
2025-12-03T06:00:00Z,2025-12-03T23:00:00Z,2025-12-04T00:00:00Z,2025-12-04T00:00:00Z,2025-12-03T00:00:00Z,2025-12-03T04:02:43Z,-7.2755102539062504,-3.4319726562500001,8.0443449558023481,-3.9474633789062499,-2.1098999023437499,4.47595182343556,2.5736132812500045,64.711485767942676,520.56151411982512,17,23,0,4,12,338,1,0.093333333333333324
2025-12-03T06:00:00Z,2025-12-03T23:00:00Z,2025-12-04T00:00:00Z,2025-12-04T00:00:00Z,2025-12-03T00:00:00Z,2025-12-03T04:02:43Z,-7.2755102539062504,-3.4319726562500001,8.0443449558023481,-3.9474633789062499,-2.1098999023437499,4.47595182343556,2.5736132812500045,64.711485767942676,520.56151411982512,17,23,0,4,12,338,2,0.074999999999999997
2025-12-03T06:00:00Z,2025-12-04T00:00:00Z,2025-12-04T01:00:00Z,2025-12-04T01:00:00Z,2025-12-03T00:00:00Z,2025-12-03T04:02:43Z,-6.7024340820312505,-4.1985595703124998,7.9088889921048189,-3.8029663085937502,-2.6548364257812502,4.6379639058485713,2.2453710937500091,62.550525089436775,494.70515933022278,18,24,0,5,12,338,1,0.105
2025-12-03T06:00:00Z,2025-12-04T00:00:00Z,2025-12-04T01:00:00Z,2025-12-04T01:00:00Z,2025-12-03T00:00:00Z,2025-12-03T04:02:43Z,-6.7024340820312505,-4.1985595703124998,7.9088889921048189,-3.8029663085937502,-2.6548364257812502,4.6379639058485713,2.2453710937500091,62.550525089436775,494.70515933022278,18,24,0,5,12,338,2,0.080000000000000002
2025-12-03T06:00:00Z,2025-12-04T01:00:00Z,2025-12-04T02:00:00Z,2025-12-04T02:00:00Z,2025-12-03T00:00:00Z,2025-12-03T04:02:43Z,-7.5689453125000004,-3.7866918945312502,8.463330824664979,-4.4196948242187499,-1.9980908203125001,4.8503679515520348,2.036953125000025,71.627968647724387,606.21119496442248,19,25,0,6,12,338,1,0.10166666666666667
2025-12-03T06:00:00Z,2025-12-04T01:00:00Z,2025-12-04T02:00:00Z,2025-12-04T02:00:00Z,2025-12-03T00:00:00Z,2025-12-03T04:02:43Z,-7.5689453125000004,-3.7866918945312502,8.463330824664979,-4.4196948242187499,-1.9980908203125001,4.8503679515520348,2.036953125000025,71.627968647724387,606.21119496442248,19,25,0,6,12,338,2,0.074999999999999997
2025-12-03T06:00:00Z,2025-12-04T02:00:00Z,2025-12-04T03:00:00Z,2025-12-04T03:00:00Z,2025-12-03T00:00:00Z,2025-12-03T04:02:43Z,-6.9471997070312499,-3.8227636718750002,7.929508551000013,-3.9442309570312499,-2.08744140625,4.4625519007548391,2.112636718750025,62.877105860382322,498.58454858203464,20,26,0,7,12,338,1,0.16500000000000001
2025-12-03T06:00:00Z,2025-12-04T02:00:00Z,2025-12-04T03:00:00Z,2025-12-04T03:00:00Z,2025-12-03T00:00:00Z,2025-12-03T04:02:43Z,-6.9471997070312499,-3.8227636718750002,7.929508551000013,-3.9442309570312499,-2.08744140625,4.4625519007548391,2.112636718750025,62.877105860382322,498.58454858203464,20,26,0,7,12,338,2,0.115
2025-12-03T06:00:00Z,2025-12-04T03:00:00Z,2025-12-04T04:00:00Z,2025-12-04T04:00:00Z,2025-12-03T00:00:00Z,2025-12-03T04:02:43Z,-7.1077636718750004,-3.5092065429687502,7.9268426864950889,-4.1220190429687502,-1.7826123046875,4.4909628833269473,2.6183007812500136,62.834834976440682,498.08185209012464,21,27,0,8,12,338,1,0.19999999999999998
2025-12-03T06:00:00Z,2025-12-04T03:00:00Z,2025-12-04T04:00:00Z,2025-12-04T04:00:00Z,2025-12-03T00:00:00Z,2025-12-03T04:02:43Z,-7.1077636718750004,-3.5092065429687502,7.9268426864950889,-4.1220190429687502,-1.7826123046875,4.4909628833269473,2.6183007812500136,62.834834976440682,498.08185209012464,21,27,0,8,12,338,2,0.17000000000000001
2025-12-03T06:00:00Z,2025-12-04T04:00:00Z,2025-12-04T05:00:00Z,2025-12-04T05:00:00Z,2025-12-03T00:00:00Z,2025-12-03T04:02:43Z,-7.7798339843750002,-2.8525878906250002,8.2863185129571608,-5.0583666992187499,-1.7416845703125001,5.3498167077227823,4.4184179687500205,68.66307449817657,568.96410537079726,22,28,0,9,12,338,1,0.115
2025-12-03T06:00:00Z,2025-12-04T04:00:00Z,2025-12-04T05:00:00Z,2025-12-04T05:00:00Z,2025-12-03T00:00:00Z,2025-12-03T04:02:43Z,-7.7798339843750002,-2.8525878906250002,8.2863185129571608,-5.0583666992187499,-1.7416845703125001,5.3498167077227823,4.4184179687500205,68.66307449817657,568.96410537079726,22,28,0,9,12,338,2,0.096666666666666665
2025-12-03T06:00:00Z,2025-12-04T05:00:00Z,2025-12-04T06:00:00Z,2025-12-04T06:00:00Z,2025-12-03T00:00:00Z,2025-12-03T04:02:43Z,-7.57993408203125,-3.1583227539062499,8.2116017503152747,-5.8266503906249998,-2.5523144531250002,6.3611448531063362,5.9331445312500364,67.430403305780885,553.71161781021522,23,29,0,10,12,338,1,0.058333333333333327
2025-12-03T06:00:00Z,2025-12-04T05:00:00Z,2025-12-04T06:00:00Z,2025-12-04T06:00:00Z,2025-12-03T00:00:00Z,2025-12-03T04:02:43Z,-7.57993408203125,-3.1583227539062499,8.2116017503152747,-5.8266503906249998,-2.5523144531250002,6.3611448531063362,5.9331445312500364,67.430403305780885,553.71161781021522,23,29,0,10,12,338,2,0.041666666666666664
2025-12-03T06:00:00Z,2025-12-04T06:00:00Z,2025-12-04T07:00:00Z,2025-12-04T07:00:00Z,2025-12-03T00:00:00Z,2025-12-03T04:02:43Z,-6.7005224609375,-3.6060498046875002,7.609244144027361,-5.1767846679687501,-3.1023046875000002,6.0351796885097624,7.1523437500000568,57.900596443414685,440.57977442274466,24,30,0,11,12,338,1,0.021666666666666667
2025-12-03T06:00:00Z,2025-12-04T06:00:00Z,2025-12-04T07:00:00Z,2025-12-04T07:00:00Z,2025-12-03T00:00:00Z,2025-12-03T04:02:43Z,-6.7005224609375,-3.6060498046875002,7.609244144027361,-5.1767846679687501,-3.1023046875000002,6.0351796885097624,7.1523437500000568,57.900596443414685,440.57977442274466,24,30,0,11,12,338,2,0.021666666666666667
2025-12-03T06:00:00Z,2025-12-04T07:00:00Z,2025-12-04T08:00:00Z,2025-12-04T08:00:00Z,2025-12-03T00:00:00Z,2025-12-03T04:02:43Z,-7.0051782226562498,-3.4575219726562501,7.8119767103197475,-5.5039331054687501,-2.9687792968750002,6.2535534013094107,8.0215625000000159,61.026980122578145,476.74134741872666,25,31,0,12,12,338,1,0.040000000000000001
2025-12-03T06:00:00Z,2025-12-04T07:00:00Z,2025-12-04T08:00:00Z,2025-12-04T08:00:00Z,2025-12-03T00:00:00Z,2025-12-03T04:02:43Z,-7.0051782226562498,-3.4575219726562501,7.8119767103197475,-5.5039331054687501,-2.9687792968750002,6.2535534013094107,8.0215625000000159,61.026980122578145,476.74134741872666,25,31,0,12,12,338,2,0.043333333333333335
2025-12-03T06:00:00Z,2025-12-04T08:00:00Z,2025-12-04T09:00:00Z,2025-12-04T09:00:00Z,2025-12-03T00:00:00Z,2025-12-03T04:02:43Z,-6.2144287109374998,-3.2324072265625001,7.0048255282810423,-4.9490942382812504,-2.8338989257812499,5.7030269945821574,8.5485546875000296,49.06758068165778,343.7098417698661,26,32,0,13,12,338,1,0.043333333333333335
2025-12-03T06:00:00Z,2025-12-04T08:00:00Z,2025-12-04T09:00:00Z,2025-12-04T09:00:00Z,2025-12-03T00:00:00Z,2025-12-03T04:02:43Z,-6.2144287109374998,-3.2324072265625001,7.0048255282810423,-4.9490942382812504,-2.8338989257812499,5.7030269945821574,8.5485546875000296,49.06758068165778,343.7098417698661,26,32,0,13,12,338,2,0.041666666666666664
2025-12-03T06:00:00Z,2025-12-04T09:00:00Z,2025-12-04T10:00:00Z,2025-12-04T10:00:00Z,2025-12-03T00:00:00Z,2025-12-03T04:02:43Z,-5.1937670898437505,-3.1815063476562502,6.0907470168872582,-4.0419360351562501,-2.7009252929687499,4.8613006850526075,8.5085937500000455,37.097199223721034,225.94965550675121,27,33,0,14,12,338,1,0.051666666666666666
2025-12-03T06:00:00Z,2025-12-04T09:00:00Z,2025-12-04T10:00:00Z,2025-12-04T10:00:00Z,2025-12-03T00:00:00Z,2025-12-03T04:02:43Z,-5.1937670898437505,-3.1815063476562502,6.0907470168872582,-4.0419360351562501,-2.7009252929687499,4.8613006850526075,8.5085937500000455,37.097199223721034,225.94965550675121,27,33,0,14,12,338,2,0.065000000000000002
2025-12-03T06:00:00Z,2025-12-04T10:00:00Z,2025-12-04T11:00:00Z,2025-12-04T11:00:00Z,2025-12-03T00:00:00Z,2025-12-03T04:02:43Z,-3.9089477539062503,-1.6533666992187501,4.2442306705519934,-2.68862060546875,-1.02049560546875,2.8757767717491873,8.0351953125000364,18.013493984854225,76.453423654322151,28,34,0,15,12,338,1,0.024999999999999998
2025-12-03T06:00:00Z,2025-12-04T10:00:00Z,2025-12-04T11:00:00Z,2025-12-04T11:00:00Z,2025-12-03T00:00:00Z,2025-12-03T04:02:43Z,-3.9089477539062503,-1.6533666992187501,4.2442306705519934,-2.68862060546875,-1.02049560546875,2.8757767717491873,8.0351953125000364,18.013493984854225,76.453423654322151,28,34,0,15,12,338,2,0.016666666666666666
2025-12-03T06:00:00Z,2025-12-04T11:00:00Z,2025-12-04T12:00:00Z,2025-12-04T12:00:00Z,2025-12-03T00:00:00Z,2025-12-03T04:02:43Z,-2.6597558593750001,-0.10287109375,2.6617444831179733,-1.9482177734375001,-0.060891113281249999,1.9491691102658077,5.7465429687500205,7.0848836934089672,18.858150084463809,29,35,0,16,12,338,1,0.18166666666666667
2025-12-03T06:00:00Z,2025-12-04T11:00:00Z,2025-12-04T12:00:00Z,2025-12-04T12:00:00Z,2025-12-03T00:00:00Z,2025-12-03T04:02:43Z,-2.6597558593750001,-0.10287109375,2.6617444831179733,-1.9482177734375001,-0.060891113281249999,1.9491691102658077,5.7465429687500205,7.0848836934089672,18.858150084463809,29,35,0,16,12,338,2,0.14999999999999999
2025-12-03T06:00:00Z,2025-12-04T12:00:00Z,2025-12-04T13:00:00Z,2025-12-04T13:00:00Z,2025-12-03T00:00:00Z,2025-12-03T04:02:43Z,-0.70792480468749996,-0.36985107421875002,0.79871606105837034,-0.75876464843750002,-0.47589111328125,0.89565403109602004,4.6460937500000341,0.63794734619259841,0.50953879151359271,30,36,0,17,12,338,1,0.22500000000000001
2025-12-03T06:00:00Z,2025-12-04T12:00:00Z,2025-12-04T13:00:00Z,2025-12-04T13:00:00Z,2025-12-03T00:00:00Z,2025-12-03T04:02:43Z,-0.70792480468749996,-0.36985107421875002,0.79871606105837034,-0.75876464843750002,-0.47589111328125,0.89565403109602004,4.6460937500000341,0.63794734619259841,0.50953879151359271,30,36,0,17,12,338,2,0.21833333333333335
2025-12-03T06:00:00Z,2025-12-04T13:00:00Z,2025-12-04T14:00:00Z,2025-12-04T14:00:00Z,2025-12-03T00:00:00Z,2025-12-03T04:02:43Z,0.33013916015625,0.51478271484375004,0.61154975968483194,0.14095214843750001,0.4315771484375,0.45401139104937771,4.9763867187500068,0.37399310857057572,0.22871539567011884,31,37,0,18,12,338,1,0.18500000000000003
2025-12-03T06:00:00Z,2025-12-04T13:00:00Z,2025-12-04T14:00:00Z,2025-12-04T14:00:00Z,2025-12-03T00:00:00Z,2025-12-03T04:02:43Z,0.33013916015625,0.51478271484375004,0.61154975968483194,0.14095214843750001,0.4315771484375,0.45401139104937771,4.9763867187500068,0.37399310857057572,0.22871539567011884,31,37,0,18,12,338,2,0.14999999999999999
2025-12-03T06:00:00Z,2025-12-04T14:00:00Z,2025-12-04T15:00:00Z,2025-12-04T15:00:00Z,2025-12-03T00:00:00Z,2025-12-03T04:02:43Z,1.3101635742187501,1.33119873046875,1.8677844231097074,0.87501220703125004,1.2952954101562499,1.5631495648291456,5.0223632812500227,3.4886186512112625,6.5159875749023932,32,38,0,19,12,338,1,0.063333333333333339
2025-12-03T06:00:00Z,2025-12-04T14:00:00Z,2025-12-04T15:00:00Z,2025-12-04T15:00:00Z,2025-12-03T00:00:00Z,2025-12-03T04:02:43Z,1.3101635742187501,1.33119873046875,1.8677844231097074,0.87501220703125004,1.2952954101562499,1.5631495648291456,5.0223632812500227,3.4886186512112625,6.5159875749023932,32,38,0,19,12,338,2,0.056666666666666671
2025-12-03T06:00:00Z,2025-12-04T15:00:00Z,2025-12-04T16:00:00Z,2025-12-04T16:00:00Z,2025-12-03T00:00:00Z,2025-12-03T04:02:43Z,2.4938085937499999,1.1014672851562499,2.7262266014641612,1.77853271484375,1.39194580078125,2.258471104548835,5.2507031250000296,7.4323114825308307,20.262165274043088,33,39,0,20,12,338,1,0.013333333333333334
2025-12-03T06:00:00Z,2025-12-04T15:00:00Z,2025-12-04T16:00:00Z,2025-12-04T16:00:00Z,2025-12-03T00:00:00Z,2025-12-03T04:02:43Z,2.4938085937499999,1.1014672851562499,2.7262266014641612,1.77853271484375,1.39194580078125,2.258471104548835,5.2507031250000296,7.4323114825308307,20.262165274043088,33,39,0,20,12,338,2,0.01
2025-12-03T06:00:00Z,2025-12-04T16:00:00Z,2025-12-04T17:00:00Z,2025-12-04T17:00:00Z,2025-12-03T00:00:00Z,2025-12-03T04:02:43Z,3.0914550781250001,1.4136474609375,3.399337235974079,2.1105664062500002,1.55184814453125,2.619679984058382,5.2367187500000227,11.555493643879892,39.281019823702707,34,40,0,21,12,338,1,0.12
2025-12-03T06:00:00Z,2025-12-04T16:00:00Z,2025-12-04T17:00:00Z,2025-12-04T17:00:00Z,2025-12-03T00:00:00Z,2025-12-03T04:02:43Z,3.0914550781250001,1.4136474609375,3.399337235974079,2.1105664062500002,1.55184814453125,2.619679984058382,5.2367187500000227,11.555493643879892,39.281019823702707,34,40,0,21,12,338,2,0.12166666666666666
2025-12-03T06:00:00Z,2025-12-04T17:00:00Z,2025-12-04T18:00:00Z,2025-12-04T18:00:00Z,2025-12-03T00:00:00Z,2025-12-03T04:02:43Z,3.2748535156250003,1.9379931640625001,3.8053229892815148,1.919453125,1.7935229492187501,2.6269801804441899,5.1617187500000341,14.480483052754403,55.102915056547701,35,41,0,22,12,338,1,0.088333333333333333
2025-12-03T06:00:00Z,2025-12-04T17:00:00Z,2025-12-04T18:00:00Z,2025-12-04T18:00:00Z,2025-12-03T00:00:00Z,2025-12-03T04:02:43Z,3.2748535156250003,1.9379931640625001,3.8053229892815148,1.919453125,1.7935229492187501,2.6269801804441899,5.1617187500000341,14.480483052754403,55.102915056547701,35,41,0,22,12,338,2,0.096666666666666679
2025-12-03T06:00:00Z,2025-12-04T18:00:00Z,2025-12-04T19:00:00Z,2025-12-04T19:00:00Z,2025-12-03T00:00:00Z,2025-12-03T04:02:43Z,3.54892822265625,0.43329345703125,3.5752810727930386,2.3791137695312501,0.47443847656249999,2.4259584078083738,4.8945507812500182,12.782634749472141,45.701512080214329,36,42,0,23,12,338,1,0.036666666666666667
2025-12-03T06:00:00Z,2025-12-04T18:00:00Z,2025-12-04T19:00:00Z,2025-12-04T19:00:00Z,2025-12-03T00:00:00Z,2025-12-03T04:02:43Z,3.54892822265625,0.43329345703125,3.5752810727930386,2.3791137695312501,0.47443847656249999,2.4259584078083738,4.8945507812500182,12.782634749472141,45.701512080214329,36,42,0,23,12,338,2,0.055
2025-12-03T06:00:00Z,2025-12-04T19:00:00Z,2025-12-04T20:00:00Z,2025-12-04T20:00:00Z,2025-12-03T00:00:00Z,2025-12-03T04:02:43Z,2.8476318359374999,0.79072265625000004,2.9553763537241466,1.9007836914062501,0.95223388671874998,2.1259651964534765,4.0046093750000296,8.7342493921518329,25.812994121095027,37,43,0,0,12,339,1,0.016666666666666666
2025-12-03T06:00:00Z,2025-12-04T19:00:00Z,2025-12-04T20:00:00Z,2025-12-04T20:00:00Z,2025-12-03T00:00:00Z,2025-12-03T04:02:43Z,2.8476318359374999,0.79072265625000004,2.9553763537241466,1.9007836914062501,0.95223388671874998,2.1259651964534765,4.0046093750000296,8.7342493921518329,25.812994121095027,37,43,0,0,12,339,2,0.018333333333333333
2025-12-03T06:00:00Z,2025-12-04T20:00:00Z,2025-12-04T21:00:00Z,2025-12-04T21:00:00Z,2025-12-03T00:00:00Z,2025-12-03T04:02:43Z,2.88948486328125,0.96687255859374999,3.0469600128149184,1.88666748046875,1.018603515625,2.1440772616447177,3.0374804687500045,9.2839653196930882,28.287871089465309,38,44,0,1,12,339,1,0.013333333333333334
2025-12-03T06:00:00Z,2025-12-04T20:00:00Z,2025-12-04T21:00:00Z,2025-12-04T21:00:00Z,2025-12-03T00:00:00Z,2025-12-03T04:02:43Z,2.88948486328125,0.96687255859374999,3.0469600128149184,1.88666748046875,1.018603515625,2.1440772616447177,3.0374804687500045,9.2839653196930882,28.287871089465309,38,44,0,1,12,339,2,0.014999999999999999
2025-12-03T06:00:00Z,2025-12-04T21:00:00Z,2025-12-04T22:00:00Z,2025-12-04T22:00:00Z,2025-12-03T00:00:00Z,2025-12-03T04:02:43Z,3.1266577148437502,0.15378173828125,3.1304372360455885,2.1319848632812501,0.26441406249999999,2.1483189366823829,2.6522656250000409,9.7996372888207439,30.677149468665295,39,45,0,2,12,339,1,0.014999999999999999
2025-12-03T06:00:00Z,2025-12-04T21:00:00Z,2025-12-04T22:00:00Z,2025-12-04T22:00:00Z,2025-12-03T00:00:00Z,2025-12-03T04:02:43Z,3.1266577148437502,0.15378173828125,3.1304372360455885,2.1319848632812501,0.26441406249999999,2.1483189366823829,2.6522656250000409,9.7996372888207439,30.677149468665295,39,45,0,2,12,339,2,0.0083333333333333332
2025-12-03T06:00:00Z,2025-12-04T22:00:00Z,2025-12-04T23:00:00Z,2025-12-04T23:00:00Z,2025-12-03T00:00:00Z,2025-12-03T04:02:43Z,3.3441821289062501,1.2417626953125001,3.5672859014614602,2.0727368164062501,1.2406005859375,2.4156423004895373,2.600917968750025,12.725528702765702,45.395599130019235,40,46,0,3,12,339,1,0.028333333333333335
2025-12-03T06:00:00Z,2025-12-04T22:00:00Z,2025-12-04T23:00:00Z,2025-12-04T23:00:00Z,2025-12-03T00:00:00Z,2025-12-03T04:02:43Z,3.3441821289062501,1.2417626953125001,3.5672859014614602,2.0727368164062501,1.2406005859375,2.4156423004895373,2.600917968750025,12.725528702765702,45.395599130019235,40,46,0,3,12,339,2,0.014999999999999999
2025-12-03T06:00:00Z,2025-12-04T23:00:00Z,2025-12-05T00:00:00Z,2025-12-05T00:00:00Z,2025-12-03T00:00:00Z,2025-12-03T04:02:43Z,3.5244140625,1.6969189453125,3.9116528975496077,1.8331958007812501,1.6513330078125001,2.4672874876457116,2.4604296875000387,15.301028390908241,59.85231204078503,41,47,0,4,12,339,1,0.056666666666666671
2025-12-03T06:00:00Z,2025-12-04T23:00:00Z,2025-12-05T00:00:00Z,2025-12-05T00:00:00Z,2025-12-03T00:00:00Z,2025-12-03T04:02:43Z,3.5244140625,1.6969189453125,3.9116528975496077,1.8331958007812501,1.6513330078125001,2.4672874876457116,2.4604296875000387,15.301028390908241,59.85231204078503,41,47,0,4,12,339,2,0.046666666666666669
2025-12-03T06:00:00Z,2025-12-05T00:00:00Z,2025-12-05T01:00:00Z,2025-12-05T01:00:00Z,2025-12-03T00:00:00Z,2025-12-03T04:02:43Z,4.1591015625000001,1.07113525390625,4.2948174046577057,2.3117602539062498,1.0520678710937501,2.5398980839648715,2.324062500000025,18.445456539350751,79.219867782060902,42,48,0,5,12,339,1,0.035000000000000003
2025-12-03T06:00:00Z,2025-12-05T00:00:00Z,2025-12-05T01:00:00Z,2025-12-05T01:00:00Z,2025-12-03T00:00:00Z,2025-12-03T04:02:43Z,4.1591015625000001,1.07113525390625,4.2948174046577057,2.3117602539062498,1.0520678710937501,2.5398980839648715,2.324062500000025,18.445456539350751,79.219867782060902,42,48,0,5,12,339,2,0.011666666666666667
2025-12-03T06:00:00Z,2025-12-05T01:00:00Z,2025-12-05T02:00:00Z,2025-12-05T02:00:00Z,2025-12-03T00:00:00Z,2025-12-03T04:02:43Z,4.0323120117187496,1.093759765625,4.178019935896832,2.1321386718749999,1.03734375,2.3710962384030201,1.9165039062500568,17.455850584751367,72.930891741127581,43,49,0,6,12,339,1,0.065000000000000002
2025-12-03T06:00:00Z,2025-12-05T01:00:00Z,2025-12-05T02:00:00Z,2025-12-05T02:00:00Z,2025-12-03T00:00:00Z,2025-12-03T04:02:43Z,4.0323120117187496,1.093759765625,4.178019935896832,2.1321386718749999,1.03734375,2.3710962384030201,1.9165039062500568,17.455850584751367,72.930891741127581,43,49,0,6,12,339,2,0.038333333333333337
2025-12-03T06:00:00Z,2025-12-05T02:00:00Z,2025-12-05T03:00:00Z,2025-12-05T03:00:00Z,2025-12-03T00:00:00Z,2025-12-03T04:02:43Z,4.0151904296875003,1.83427001953125,4.4143290193646942,1.76294921875,1.6917358398437501,2.4433501795082657,1.6999804687500273,19.486300691205262,86.018942621253686,44,50,0,7,12,339,1,0.011666666666666667
2025-12-03T06:00:00Z,2025-12-05T02:00:00Z,2025-12-05T03:00:00Z,2025-12-05T03:00:00Z,2025-12-03T00:00:00Z,2025-12-03T04:02:43Z,4.0151904296875003,1.83427001953125,4.4143290193646942,1.76294921875,1.6917358398437501,2.4433501795082657,1.6999804687500273,19.486300691205262,86.018942621253686,44,50,0,7,12,339,2,0.01
2025-12-03T06:00:00Z,2025-12-05T03:00:00Z,2025-12-05T04:00:00Z,2025-12-05T04:00:00Z,2025-12-03T00:00:00Z,2025-12-03T04:02:43Z,3.1383422851562499,1.3888403320312501,3.4319192541020578,1.0588916015625001,1.3816015625,1.7407108609306825,2.4356250000000159,11.778069766676424,40.421384408414148,45,51,0,8,12,339,1,0.01
2025-12-03T06:00:00Z,2025-12-05T03:00:00Z,2025-12-05T04:00:00Z,2025-12-05T04:00:00Z,2025-12-03T00:00:00Z,2025-12-03T04:02:43Z,3.1383422851562499,1.3888403320312501,3.4319192541020578,1.0588916015625001,1.3816015625,1.7407108609306825,2.4356250000000159,11.778069766676424,40.421384408414148,45,51,0,8,12,339,2,0.01
2025-12-03T06:00:00Z,2025-12-05T04:00:00Z,2025-12-05T05:00:00Z,2025-12-05T05:00:00Z,2025-12-03T00:00:00Z,2025-12-03T04:02:43Z,2.5438500976562501,1.0110815429687501,2.7374183468877717,0.84123779296875001,0.77286621093749996,1.1423673683749118,4.7132617187500045,7.4934592058777811,20.51273271182491,46,52,0,9,12,339,1,0.013333333333333334
2025-12-03T06:00:00Z,2025-12-05T04:00:00Z,2025-12-05T05:00:00Z,2025-12-05T05:00:00Z,2025-12-03T00:00:00Z,2025-12-03T04:02:43Z,2.5438500976562501,1.0110815429687501,2.7374183468877717,0.84123779296875001,0.77286621093749996,1.1423673683749118,4.7132617187500045,7.4934592058777811,20.51273271182491,46,52,0,9,12,339,2,0.0083333333333333332
2025-12-03T06:00:00Z,2025-12-05T05:00:00Z,2025-12-05T06:00:00Z,2025-12-05T06:00:00Z,2025-12-03T00:00:00Z,2025-12-03T04:02:43Z,2.1296679687500002,-0.50607910156250002,2.188972753178545,1.61951904296875,-0.64269775390625006,1.7423840946859435,6.401210937500025,4.7916017141580589,10.488685596375602,47,53,0,10,12,339,1,0.01
2025-12-03T06:00:00Z,2025-12-05T05:00:00Z,2025-12-05T06:00:00Z,2025-12-05T06:00:00Z,2025-12-03T00:00:00Z,2025-12-03T04:02:43Z,2.1296679687500002,-0.50607910156250002,2.188972753178545,1.61951904296875,-0.64269775390625006,1.7423840946859435,6.401210937500025,4.7916017141580589,10.488685596375602,47,53,0,10,12,339,2,0.0083333333333333332
2025-12-04T06:00:00Z,2025-12-04T06:00:00Z,2025-12-04T07:00:00Z,2025-12-04T07:00:00Z,2025-12-04T00:00:00Z,2025-12-04T04:00:14Z,-6.2297827148437506,-2.7942456054687499,6.8277376324700256,-5.0234448242187497,-2.3135522460937499,5.5305986924903152,8.0110937500000432,46.61800117784739,318.2954809925206,0,6,0,11,12,338,1,0.021666666666666667
2025-12-04T06:00:00Z,2025-12-04T06:00:00Z,2025-12-04T07:00:00Z,2025-12-04T07:00:00Z,2025-12-04T00:00:00Z,2025-12-04T04:00:14Z,-6.2297827148437506,-2.7942456054687499,6.8277376324700256,-5.0234448242187497,-2.3135522460937499,5.5305986924903152,8.0110937500000432,46.61800117784739,318.2954809925206,0,6,0,11,12,338,2,0.021666666666666667
2025-12-04T06:00:00Z,2025-12-04T07:00:00Z,2025-12-04T08:00:00Z,2025-12-04T08:00:00Z,2025-12-04T00:00:00Z,2025-12-04T04:00:14Z,-5.3597973632812499,-2.3639648437500003,5.8579653086991392,-4.4700683593750004,-2.0355224609375,4.9117067121792362,9.0821875000000318,34.315757557922602,201.02051731604089,1,7,0,12,12,338,1,0.040000000000000001
2025-12-04T06:00:00Z,2025-12-04T07:00:00Z,2025-12-04T08:00:00Z,2025-12-04T08:00:00Z,2025-12-04T00:00:00Z,2025-12-04T04:00:14Z,-5.3597973632812499,-2.3639648437500003,5.8579653086991392,-4.4700683593750004,-2.0355224609375,4.9117067121792362,9.0821875000000318,34.315757557922602,201.02051731604089,1,7,0,12,12,338,2,0.043333333333333335
2025-12-04T06:00:00Z,2025-12-04T08:00:00Z,2025-12-04T09:00:00Z,2025-12-04T09:00:00Z,2025-12-04T00:00:00Z,2025-12-04T04:00:14Z,-5.0288110351562505,-1.4959179687499999,5.2465904163121406,-4.2466357421875003,-1.34322021484375,4.4540044535663936,9.835781250000025,27.526710996538402,144.42137810703238,2,8,0,13,12,338,1,0.043333333333333335
2025-12-04T06:00:00Z,2025-12-04T08:00:00Z,2025-12-04T09:00:00Z,2025-12-04T09:00:00Z,2025-12-04T00:00:00Z,2025-12-04T04:00:14Z,-5.0288110351562505,-1.4959179687499999,5.2465904163121406,-4.2466357421875003,-1.34322021484375,4.4540044535663936,9.835781250000025,27.526710996538402,144.42137810703238,2,8,0,13,12,338,2,0.041666666666666664
2025-12-04T06:00:00Z,2025-12-04T09:00:00Z,2025-12-04T10:00:00Z,2025-12-04T10:00:00Z,2025-12-04T00:00:00Z,2025-12-04T04:00:14Z,-4.2286035156250001,-1.67815185546875,4.5494264849944894,-3.60695556640625,-1.5971215820312501,3.9447339334635783,10.132343750000018,20.697281342369315,94.160759906357256,3,9,0,14,12,338,1,0.051666666666666666
2025-12-04T06:00:00Z,2025-12-04T09:00:00Z,2025-12-04T10:00:00Z,2025-12-04T10:00:00Z,2025-12-04T00:00:00Z,2025-12-04T04:00:14Z,-4.2286035156250001,-1.67815185546875,4.5494264849944894,-3.60695556640625,-1.5971215820312501,3.9447339334635783,10.132343750000018,20.697281342369315,94.160759906357256,3,9,0,14,12,338,2,0.065000000000000002
2025-12-04T06:00:00Z,2025-12-04T10:00:00Z,2025-12-04T11:00:00Z,2025-12-04T11:00:00Z,2025-12-04T00:00:00Z,2025-12-04T04:00:14Z,-4.0264404296874998,-2.1881616210937502,4.582605570398754,-2.9049829101562499,-1.72530029296875,3.3786960220206153,9.2495312500000182,21.000273813849692,96.235971759246681,4,10,0,15,12,338,1,0.024999999999999998
2025-12-04T06:00:00Z,2025-12-04T10:00:00Z,2025-12-04T11:00:00Z,2025-12-04T11:00:00Z,2025-12-04T00:00:00Z,2025-12-04T04:00:14Z,-4.0264404296874998,-2.1881616210937502,4.582605570398754,-2.9049829101562499,-1.72530029296875,3.3786960220206153,9.2495312500000182,21.000273813849692,96.235971759246681,4,10,0,15,12,338,2,0.016666666666666666
2025-12-04T06:00:00Z,2025-12-04T11:00:00Z,2025-12-04T12:00:00Z,2025-12-04T12:00:00Z,2025-12-04T00:00:00Z,2025-12-04T04:00:14Z,-3.6155126953124999,-1.24614501953125,3.824239723091166,-2.7901635742187501,-0.94110107421875,2.9446025203400263,6.9501171875000409,14.624809459668398,55.928777278303343,5,11,0,16,12,338,1,0.18166666666666667
2025-12-04T06:00:00Z,2025-12-04T11:00:00Z,2025-12-04T12:00:00Z,2025-12-04T12:00:00Z,2025-12-04T00:00:00Z,2025-12-04T04:00:14Z,-3.6155126953124999,-1.24614501953125,3.824239723091166,-2.7901635742187501,-0.94110107421875,2.9446025203400263,6.9501171875000409,14.624809459668398,55.928777278303343,5,11,0,16,12,338,2,0.14999999999999999
2025-12-04T06:00:00Z,2025-12-04T12:00:00Z,2025-12-04T13:00:00Z,2025-12-04T13:00:00Z,2025-12-04T00:00:00Z,2025-12-04T04:00:14Z,-3.1402734374999999,-0.67563232421874997,3.2121326715746497,-2.6911547851562498,-0.47437255859374999,2.7326440313396403,6.4413281250000409,10.317796299797296,33.142130593230924,6,12,0,17,12,338,1,0.22500000000000001
2025-12-04T06:00:00Z,2025-12-04T12:00:00Z,2025-12-04T13:00:00Z,2025-12-04T13:00:00Z,2025-12-04T00:00:00Z,2025-12-04T04:00:14Z,-3.1402734374999999,-0.67563232421874997,3.2121326715746497,-2.6911547851562498,-0.47437255859374999,2.7326440313396403,6.4413281250000409,10.317796299797296,33.142130593230924,6,12,0,17,12,338,2,0.21833333333333335
2025-12-04T06:00:00Z,2025-12-04T13:00:00Z,2025-12-04T14:00:00Z,2025-12-04T14:00:00Z,2025-12-04T00:00:00Z,2025-12-04T04:00:14Z,-2.6039257812500001,-0.20262207031250001,2.6117973079157859,-2.4100537109375,-0.27171875000000001,2.4253226524949576,6.420253906250025,6.8214851776361467,17.816336622937524,7,13,0,18,12,338,1,0.18500000000000003
2025-12-04T06:00:00Z,2025-12-04T13:00:00Z,2025-12-04T14:00:00Z,2025-12-04T14:00:00Z,2025-12-04T00:00:00Z,2025-12-04T04:00:14Z,-2.6039257812500001,-0.20262207031250001,2.6117973079157859,-2.4100537109375,-0.27171875000000001,2.4253226524949576,6.420253906250025,6.8214851776361467,17.816336622937524,7,13,0,18,12,338,2,0.14999999999999999
2025-12-04T06:00:00Z,2025-12-04T14:00:00Z,2025-12-04T15:00:00Z,2025-12-04T15:00:00Z,2025-12-04T00:00:00Z,2025-12-04T04:00:14Z,-2.1810327148437501,-0.70149658203124998,2.291069871876505,-2.1797216796874999,-0.85834228515625,2.3426348583138066,5.8049804687500455,5.2490011578202251,12.02582841012681,8,14,0,19,12,338,1,0.063333333333333339
2025-12-04T06:00:00Z,2025-12-04T14:00:00Z,2025-12-04T15:00:00Z,2025-12-04T15:00:00Z,2025-12-04T00:00:00Z,2025-12-04T04:00:14Z,-2.1810327148437501,-0.70149658203124998,2.291069871876505,-2.1797216796874999,-0.85834228515625,2.3426348583138066,5.8049804687500455,5.2490011578202251,12.02582841012681,8,14,0,19,12,338,2,0.056666666666666671
2025-12-04T06:00:00Z,2025-12-04T15:00:00Z,2025-12-04T16:00:00Z,2025-12-04T16:00:00Z,2025-12-04T00:00:00Z,2025-12-04T04:00:14Z,-2.68961669921875,-0.34297851562499998,2.711396734322864,-2.6733764648437499,-0.5316162109375,2.7257214675223165,5.6242382812500296,7.3516722508966916,19.933300132893308,9,15,0,20,12,338,1,0.013333333333333334
2025-12-04T06:00:00Z,2025-12-04T15:00:00Z,2025-12-04T16:00:00Z,2025-12-04T16:00:00Z,2025-12-04T00:00:00Z,2025-12-04T04:00:14Z,-2.68961669921875,-0.34297851562499998,2.711396734322864,-2.6733764648437499,-0.5316162109375,2.7257214675223165,5.6242382812500296,7.3516722508966916,19.933300132893308,9,15,0,20,12,338,2,0.01
2025-12-04T06:00:00Z,2025-12-04T16:00:00Z,2025-12-04T17:00:00Z,2025-12-04T17:00:00Z,2025-12-04T00:00:00Z,2025-12-04T04:00:14Z,-2.6534106445312502,-0.42398193359375003,2.6870706593846094,-2.6249755859374999,-0.65569335937500006,2.7056294292264775,5.3648632812500523,7.2203487285256394,19.401587218946215,10,16,0,21,12,338,1,0.12
2025-12-04T06:00:00Z,2025-12-04T16:00:00Z,2025-12-04T17:00:00Z,2025-12-04T17:00:00Z,2025-12-04T00:00:00Z,2025-12-04T04:00:14Z,-2.6534106445312502,-0.42398193359375003,2.6870706593846094,-2.6249755859374999,-0.65569335937500006,2.7056294292264775,5.3648632812500523,7.2203487285256394,19.401587218946215,10,16,0,21,12,338,2,0.12166666666666666
2025-12-04T06:00:00Z,2025-12-04T17:00:00Z,2025-12-04T18:00:00Z,2025-12-04T18:00:00Z,2025-12-04T00:00:00Z,2025-12-04T04:00:14Z,-2.7999340820312502,-0.55380371093750003,2.854177537219492,-2.6321557617187499,-0.74474609375,2.7354872871400984,5.0645898437500136,8.1463294139683242,23.25107042413882,11,17,0,22,12,338,1,0.088333333333333333
2025-12-04T06:00:00Z,2025-12-04T17:00:00Z,2025-12-04T18:00:00Z,2025-12-04T18:00:00Z,2025-12-04T00:00:00Z,2025-12-04T04:00:14Z,-2.7999340820312502,-0.55380371093750003,2.854177537219492,-2.6321557617187499,-0.74474609375,2.7354872871400984,5.0645898437500136,8.1463294139683242,23.25107042413882,11,17,0,22,12,338,2,0.096666666666666679
2025-12-04T06:00:00Z,2025-12-04T18:00:00Z,2025-12-04T19:00:00Z,2025-12-04T19:00:00Z,2025-12-04T00:00:00Z,2025-12-04T04:00:14Z,-3.2742919921875,-0.25516845703125002,3.2842196929509599,-2.9418627929687502,-0.45386962890624999,2.9766683276269448,4.8765625000000341,10.786098991566897,35.423918718222495,12,18,0,23,12,338,1,0.036666666666666667
2025-12-04T06:00:00Z,2025-12-04T18:00:00Z,2025-12-04T19:00:00Z,2025-12-04T19:00:00Z,2025-12-04T00:00:00Z,2025-12-04T04:00:14Z,-3.2742919921875,-0.25516845703125002,3.2842196929509599,-2.9418627929687502,-0.45386962890624999,2.9766683276269448,4.8765625000000341,10.786098991566897,35.423918718222495,12,18,0,23,12,338,2,0.055
2025-12-04T06:00:00Z,2025-12-04T19:00:00Z,2025-12-04T20:00:00Z,2025-12-04T20:00:00Z,2025-12-04T00:00:00Z,2025-12-04T04:00:14Z,-2.7914868164062501,-1.3682080078125001,3.1087604923525634,-2.43532470703125,-1.4999438476562501,2.8601814583691505,4.1885351562500546,9.6643917988121526,30.044279406763344,13,19,0,0,12,339,1,0.016666666666666666
2025-12-04T06:00:00Z,2025-12-04T19:00:00Z,2025-12-04T20:00:00Z,2025-12-04T20:00:00Z,2025-12-04T00:00:00Z,2025-12-04T04:00:14Z,-2.7914868164062501,-1.3682080078125001,3.1087604923525634,-2.43532470703125,-1.4999438476562501,2.8601814583691505,4.1885351562500546,9.6643917988121526,30.044279406763344,13,19,0,0,12,339,2,0.018333333333333333
2025-12-04T06:00:00Z,2025-12-04T20:00:00Z,2025-12-04T21:00:00Z,2025-12-04T21:00:00Z,2025-12-04T00:00:00Z,2025-12-04T04:00:14Z,-3.17551513671875,-1.1247119140624999,3.3688088804745266,-2.7422412109374998,-0.99549804687499999,2.9173452350203437,3.3789648437500546,11.348873273164033,38.232185066014999,14,20,0,1,12,339,1,0.013333333333333334
2025-12-04T06:00:00Z,2025-12-04T20:00:00Z,2025-12-04T21:00:00Z,2025-12-04T21:00:00Z,2025-12-04T00:00:00Z,2025-12-04T04:00:14Z,-3.17551513671875,-1.1247119140624999,3.3688088804745266,-2.7422412109374998,-0.99549804687499999,2.9173452350203437,3.3789648437500546,11.348873273164033,38.232185066014999,14,20,0,1,12,339,2,0.014999999999999999
2025-12-04T06:00:00Z,2025-12-04T21:00:00Z,2025-12-04T22:00:00Z,2025-12-04T22:00:00Z,2025-12-04T00:00:00Z,2025-12-04T04:00:14Z,-2.7012402343750002,-0.32264648437499999,2.7204410594030248,-2.4018090820312499,-0.16239013671874999,2.4072925503626124,2.9003710937500387,7.4007995576858523,20.133438989140338,15,21,0,2,12,339,1,0.014999999999999999
2025-12-04T06:00:00Z,2025-12-04T21:00:00Z,2025-12-04T22:00:00Z,2025-12-04T22:00:00Z,2025-12-04T00:00:00Z,2025-12-04T04:00:14Z,-2.7012402343750002,-0.32264648437499999,2.7204410594030248,-2.4018090820312499,-0.16239013671874999,2.4072925503626124,2.9003710937500387,7.4007995576858523,20.133438989140338,15,21,0,2,12,339,2,0.0083333333333333332
2025-12-04T06:00:00Z,2025-12-04T22:00:00Z,2025-12-04T23:00:00Z,2025-12-04T23:00:00Z,2025-12-04T00:00:00Z,2025-12-04T04:00:14Z,-1.88521484375,0.59037353515625002,1.9754938415768917,-1.7396801757812501,0.65275878906250007,1.8581122546026714,2.4495117187500455,3.9025759181082251,7.7095146925090825,16,22,0,3,12,339,1,0.028333333333333335
2025-12-04T06:00:00Z,2025-12-04T22:00:00Z,2025-12-04T23:00:00Z,2025-12-04T23:00:00Z,2025-12-04T00:00:00Z,2025-12-04T04:00:14Z,-1.88521484375,0.59037353515625002,1.9754938415768917,-1.7396801757812501,0.65275878906250007,1.8581122546026714,2.4495117187500455,3.9025759181082251,7.7095146925090825,16,22,0,3,12,339,2,0.014999999999999999
2025-12-04T06:00:00Z,2025-12-04T23:00:00Z,2025-12-05T00:00:00Z,2025-12-05T00:00:00Z,2025-12-04T00:00:00Z,2025-12-04T04:00:14Z,-1.01392822265625,0.63889404296874996,1.1984306566672172,-0.94186767578124997,0.67085205078124999,1.1563551326123747,1.5583984375000455,1.4362360388398172,1.721229299155925,17,23,0,4,12,339,1,0.056666666666666671
2025-12-04T06:00:00Z,2025-12-04T23:00:00Z,2025-12-05T00:00:00Z,2025-12-05T00:00:00Z,2025-12-04T00:00:00Z,2025-12-04T04:00:14Z,-1.01392822265625,0.63889404296874996,1.1984306566672172,-0.94186767578124997,0.67085205078124999,1.1563551326123747,1.5583984375000455,1.4362360388398172,1.721229299155925,17,23,0,4,12,339,2,0.046666666666666669
2025-12-04T06:00:00Z,2025-12-05T00:00:00Z,2025-12-05T01:00:00Z,2025-12-05T01:00:00Z,2025-12-04T00:00:00Z,2025-12-04T04:00:14Z,0.50822509765625001,0.32270019531249999,0.60202007104616584,0.54643798828125001,0.49846679687500001,0.73963749406292412,1.2082421875000477,0.36242816594243055,0.21818903020979363,18,24,0,5,12,339,1,0.035000000000000003
2025-12-04T06:00:00Z,2025-12-05T00:00:00Z,2025-12-05T01:00:00Z,2025-12-05T01:00:00Z,2025-12-04T00:00:00Z,2025-12-04T04:00:14Z,0.50822509765625001,0.32270019531249999,0.60202007104616584,0.54643798828125001,0.49846679687500001,0.73963749406292412,1.2082421875000477,0.36242816594243055,0.21818903020979363,18,24,0,5,12,339,2,0.011666666666666667
2025-12-04T06:00:00Z,2025-12-05T01:00:00Z,2025-12-05T02:00:00Z,2025-12-05T02:00:00Z,2025-12-04T00:00:00Z,2025-12-04T04:00:14Z,1.6791308593750001,1.20286865234375,2.0655201373253895,1.5471752929687501,1.7178613281250001,2.3118821185000602,1.7264453125000045,4.2663734376966964,8.8122802489126748,19,25,0,6,12,339,1,0.065000000000000002
2025-12-04T06:00:00Z,2025-12-05T01:00:00Z,2025-12-05T02:00:00Z,2025-12-05T02:00:00Z,2025-12-04T00:00:00Z,2025-12-04T04:00:14Z,1.6791308593750001,1.20286865234375,2.0655201373253895,1.5471752929687501,1.7178613281250001,2.3118821185000602,1.7264453125000045,4.2663734376966964,8.8122802489126748,19,25,0,6,12,339,2,0.038333333333333337
2025-12-04T06:00:00Z,2025-12-05T02:00:00Z,2025-12-05T03:00:00Z,2025-12-05T03:00:00Z,2025-12-04T00:00:00Z,2025-12-04T04:00:14Z,2.1931396484375001,1.3236010742187501,2.5615974159148411,1.6531835937500001,1.6906982421875001,2.3646303179947745,1.0748242187500523,6.5617813212215914,16.808642076239501,20,26,0,7,12,339,1,0.011666666666666667
2025-12-04T06:00:00Z,2025-12-05T02:00:00Z,2025-12-05T03:00:00Z,2025-12-05T03:00:00Z,2025-12-04T00:00:00Z,2025-12-04T04:00:14Z,2.1931396484375001,1.3236010742187501,2.5615974159148411,1.6531835937500001,1.6906982421875001,2.3646303179947745,1.0748242187500523,6.5617813212215914,16.808642076239501,20,26,0,7,12,339,2,0.01
2025-12-04T06:00:00Z,2025-12-05T03:00:00Z,2025-12-05T04:00:00Z,2025-12-05T04:00:00Z,2025-12-04T00:00:00Z,2025-12-04T04:00:14Z,2.53281494140625,0.43167968750000002,2.5693382182987983,1.8545849609375,0.92588378906250002,2.0728594183360047,2.1341406250000432,6.6014988800108432,16.961483370468571,21,27,0,8,12,339,1,0.01
2025-12-04T06:00:00Z,2025-12-05T03:00:00Z,2025-12-05T04:00:00Z,2025-12-05T04:00:00Z,2025-12-04T00:00:00Z,2025-12-04T04:00:14Z,2.53281494140625,0.43167968750000002,2.5693382182987983,1.8545849609375,0.92588378906250002,2.0728594183360047,2.1341406250000432,6.6014988800108432,16.961483370468571,21,27,0,8,12,339,2,0.01
2025-12-04T06:00:00Z,2025-12-05T04:00:00Z,2025-12-05T05:00:00Z,2025-12-05T05:00:00Z,2025-12-04T00:00:00Z,2025-12-04T04:00:14Z,2.7343359375,0.62947265625000004,2.8058561695265913,1.84294677734375,0.6671142578125,1.9599730245843785,4.0435937500000136,7.8728288440704359,22.090025383761937,22,28,0,9,12,339,1,0.013333333333333334
2025-12-04T06:00:00Z,2025-12-05T04:00:00Z,2025-12-05T05:00:00Z,2025-12-05T05:00:00Z,2025-12-04T00:00:00Z,2025-12-04T04:00:14Z,2.7343359375,0.62947265625000004,2.8058561695265913,1.84294677734375,0.6671142578125,1.9599730245843785,4.0435937500000136,7.8728288440704359,22.090025383761937,22,28,0,9,12,339,2,0.0083333333333333332
2025-12-04T06:00:00Z,2025-12-05T05:00:00Z,2025-12-05T06:00:00Z,2025-12-05T06:00:00Z,2025-12-04T00:00:00Z,2025-12-04T04:00:14Z,2.4771826171875002,0.68246093750000003,2.5694720566897185,2.03171630859375,0.53289550781250006,2.1004401397927426,5.6971679687500227,6.6021866501092914,16.964134110505725,23,29,0,10,12,339,1,0.01
2025-12-04T06:00:00Z,2025-12-05T05:00:00Z,2025-12-05T06:00:00Z,2025-12-05T06:00:00Z,2025-12-04T00:00:00Z,2025-12-04T04:00:14Z,2.4771826171875002,0.68246093750000003,2.5694720566897185,2.03171630859375,0.53289550781250006,2.1004401397927426,5.6971679687500227,6.6021866501092914,16.964134110505725,23,29,0,10,12,339,2,0.0083333333333333332
2025-12-04T06:00:00Z,2025-12-05T06:00:00Z,2025-12-05T07:00:00Z,2025-12-05T07:00:00Z,2025-12-04T00:00:00Z,2025-12-04T04:00:14Z,3.0063940429687501,0.49590576171875,3.0470194725508142,2.5535571289062502,0.313359375,2.5727122086405863,7.0866601562500477,9.2843276661038416,28.289527188160658,24,30,0,11,12,339,1,0.01
2025-12-04T06:00:00Z,2025-12-05T06:00:00Z,2025-12-05T07:00:00Z,2025-12-05T07:00:00Z,2025-12-04T00:00:00Z,2025-12-04T04:00:14Z,3.0063940429687501,0.49590576171875,3.0470194725508142,2.5535571289062502,0.313359375,2.5727122086405863,7.0866601562500477,9.2843276661038416,28.289527188160658,24,30,0,11,12,339,2,0.01
2025-12-04T06:00:00Z,2025-12-05T07:00:00Z,2025-12-05T08:00:00Z,2025-12-05T08:00:00Z,2025-12-04T00:00:00Z,2025-12-04T04:00:14Z,3.9285375976562502,0.62966064453125004,3.9786781955154717,3.3231787109374999,0.42141113281250003,3.349791648399425,8.3201757812500432,15.82988018347025,62.981999123595536,25,31,0,12,12,339,1,0.01
2025-12-04T06:00:00Z,2025-12-05T07:00:00Z,2025-12-05T08:00:00Z,2025-12-05T08:00:00Z,2025-12-04T00:00:00Z,2025-12-04T04:00:14Z,3.9285375976562502,0.62966064453125004,3.9786781955154717,3.3231787109374999,0.42141113281250003,3.349791648399425,8.3201757812500432,15.82988018347025,62.981999123595536,25,31,0,12,12,339,2,0.01
2025-12-04T06:00:00Z,2025-12-05T08:00:00Z,2025-12-05T09:00:00Z,2025-12-05T09:00:00Z,2025-12-04T00:00:00Z,2025-12-04T04:00:14Z,4.9806347656250001,1.112080078125,5.1032778455336825,4.195107421875,0.81482666015625005,4.2735077825098315,8.9748437500000477,26.043444768714902,132.90693470956285,26,32,0,13,12,339,1,0.01
2025-12-04T06:00:00Z,2025-12-05T08:00:00Z,2025-12-05T09:00:00Z,2025-12-05T09:00:00Z,2025-12-04T00:00:00Z,2025-12-04T04:00:14Z,4.9806347656250001,1.112080078125,5.1032778455336825,4.195107421875,0.81482666015625005,4.2735077825098315,8.9748437500000477,26.043444768714902,132.90693470956285,26,32,0,13,12,339,2,0.01
2025-12-04T06:00:00Z,2025-12-05T09:00:00Z,2025-12-05T10:00:00Z,2025-12-05T10:00:00Z,2025-12-04T00:00:00Z,2025-12-04T04:00:14Z,6.3103955078125002,1.2849169921875001,6.4398837832551257,5.1121313476562502,0.90226806640625001,5.1911438603978395,8.9934179687500091,41.472103141832349,267.0755244805701,27,33,0,14,12,339,1,0.01
2025-12-04T06:00:00Z,2025-12-05T09:00:00Z,2025-12-05T10:00:00Z,2025-12-05T10:00:00Z,2025-12-04T00:00:00Z,2025-12-04T04:00:14Z,6.3103955078125002,1.2849169921875001,6.4398837832551257,5.1121313476562502,0.90226806640625001,5.1911438603978395,8.9934179687500091,41.472103141832349,267.0755244805701,27,33,0,14,12,339,2,0.0083333333333333332
2025-12-04T06:00:00Z,2025-12-05T10:00:00Z,2025-12-05T11:00:00Z,2025-12-05T11:00:00Z,2025-12-04T00:00:00Z,2025-12-04T04:00:14Z,7.0505102539062499,2.19588134765625,7.3845507468919056,4.9555688476562505,1.472421875,5.169689427986909,8.5411328125000523,54.531589733421804,402.69129169514298,28,34,0,15,12,339,1,0.01
2025-12-04T06:00:00Z,2025-12-05T10:00:00Z,2025-12-05T11:00:00Z,2025-12-05T11:00:00Z,2025-12-04T00:00:00Z,2025-12-04T04:00:14Z,7.0505102539062499,2.19588134765625,7.3845507468919056,4.9555688476562505,1.472421875,5.169689427986909,8.5411328125000523,54.531589733421804,402.69129169514298,28,34,0,15,12,339,2,0.01
2025-12-04T06:00:00Z,2025-12-05T11:00:00Z,2025-12-05T12:00:00Z,2025-12-05T12:00:00Z,2025-12-04T00:00:00Z,2025-12-04T04:00:14Z,7.8490649414062501,3.2897070312499999,8.5105812260895775,4.8781665039062503,2.3575122070312502,5.417967538305696,7.4383789062500227,72.42999280586838,616.42133697942654,29,35,0,16,12,339,1,0.0083333333333333332
2025-12-04T06:00:00Z,2025-12-05T11:00:00Z,2025-12-05T12:00:00Z,2025-12-05T12:00:00Z,2025-12-04T00:00:00Z,2025-12-04T04:00:14Z,7.8490649414062501,3.2897070312499999,8.5105812260895775,4.8781665039062503,2.3575122070312502,5.417967538305696,7.4383789062500227,72.42999280586838,616.42133697942654,29,35,0,16,12,339,2,0.01
2025-12-04T06:00:00Z,2025-12-05T12:00:00Z,2025-12-05T13:00:00Z,2025-12-05T13:00:00Z,2025-12-04T00:00:00Z,2025-12-04T04:00:14Z,8.4570996093749997,3.6205981445312503,9.1995252446565914,4.8276855468750002,2.8449755859375001,5.6036089999290803,6.88103515625005,84.631264727073912,778.56745634393144,30,36,0,17,12,339,1,0.021666666666666667
2025-12-04T06:00:00Z,2025-12-05T12:00:00Z,2025-12-05T13:00:00Z,2025-12-05T13:00:00Z,2025-12-04T00:00:00Z,2025-12-04T04:00:14Z,8.4570996093749997,3.6205981445312503,9.1995252446565914,4.8276855468750002,2.8449755859375001,5.6036089999290803,6.88103515625005,84.631264727073912,778.56745634393144,30,36,0,17,12,339,2,0.024999999999999998
2025-12-04T06:00:00Z,2025-12-05T13:00:00Z,2025-12-05T14:00:00Z,2025-12-05T14:00:00Z,2025-12-04T00:00:00Z,2025-12-04T04:00:14Z,7.9000000000000004,3.8144238281250002,8.7726751416297066,4.4476464843750003,3.0071435546875001,5.3688426693722242,6.4924609375000273,76.959829140567791,675.14358000552852,31,37,0,18,12,339,1,0.16
2025-12-04T06:00:00Z,2025-12-05T13:00:00Z,2025-12-05T14:00:00Z,2025-12-05T14:00:00Z,2025-12-04T00:00:00Z,2025-12-04T04:00:14Z,7.9000000000000004,3.8144238281250002,8.7726751416297066,4.4476464843750003,3.0071435546875001,5.3688426693722242,6.4924609375000273,76.959829140567791,675.14358000552852,31,37,0,18,12,339,2,0.15833333333333333
2025-12-04T06:00:00Z,2025-12-05T14:00:00Z,2025-12-05T15:00:00Z,2025-12-05T15:00:00Z,2025-12-04T00:00:00Z,2025-12-04T04:00:14Z,8.5158251953124999,4.0141943359374999,9.4145119323197992,4.7032666015625004,3.0499414062499999,5.6056096284821244,6.2793554687500546,88.633034923791882,834.43676488775611,32,38,0,19,12,339,1,0.18166666666666667
2025-12-04T06:00:00Z,2025-12-05T14:00:00Z,2025-12-05T15:00:00Z,2025-12-05T15:00:00Z,2025-12-04T00:00:00Z,2025-12-04T04:00:14Z,8.5158251953124999,4.0141943359374999,9.4145119323197992,4.7032666015625004,3.0499414062499999,5.6056096284821244,6.2793554687500546,88.633034923791882,834.43676488775611,32,38,0,19,12,339,2,0.18833333333333332
2025-12-04T06:00:00Z,2025-12-05T15:00:00Z,2025-12-05T16:00:00Z,2025-12-05T16:00:00Z,2025-12-04T00:00:00Z,2025-12-04T04:00:14Z,8.3437670898437499,3.5322729492187501,9.0606512700435697,4.6145800781249999,2.6624023437500002,5.3275449822064971,6.2013281250000318,82.095401437342147,743.83780329799083,33,39,0,20,12,339,1,0.17333333333333334
2025-12-04T06:00:00Z,2025-12-05T15:00:00Z,2025-12-05T16:00:00Z,2025-12-05T16:00:00Z,2025-12-04T00:00:00Z,2025-12-04T04:00:14Z,8.3437670898437499,3.5322729492187501,9.0606512700435697,4.6145800781249999,2.6624023437500002,5.3275449822064971,6.2013281250000318,82.095401437342147,743.83780329799083,33,39,0,20,12,339,2,0.16166666666666665
2025-12-04T06:00:00Z,2025-12-05T16:00:00Z,2025-12-05T17:00:00Z,2025-12-05T17:00:00Z,2025-12-04T00:00:00Z,2025-12-04T04:00:14Z,8.3852563476562505,3.6628393554687499,9.1503506031124378,4.53737548828125,2.818603515625,5.3415636381072087,5.8625585937500091,83.728916159880157,766.14893848151019,34,40,0,21,12,339,1,0.076666666666666675
2025-12-04T06:00:00Z,2025-12-05T16:00:00Z,2025-12-05T17:00:00Z,2025-12-05T17:00:00Z,2025-12-04T00:00:00Z,2025-12-04T04:00:14Z,8.3852563476562505,3.6628393554687499,9.1503506031124378,4.53737548828125,2.818603515625,5.3415636381072087,5.8625585937500091,83.728916159880157,766.14893848151019,34,40,0,21,12,339,2,0.066666666666666666
2025-12-04T06:00:00Z,2025-12-05T17:00:00Z,2025-12-05T18:00:00Z,2025-12-05T18:00:00Z,2025-12-04T00:00:00Z,2025-12-04T04:00:14Z,7.9640917968750005,4.1231567382812502,8.9681201841570868,4.1286157226562503,3.1096215820312501,5.1686762491762748,5.4913476562500136,80.427179637485736,721.28061306176369,35,41,0,22,12,339,1,0.12166666666666666
2025-12-04T06:00:00Z,2025-12-05T17:00:00Z,2025-12-05T18:00:00Z,2025-12-05T18:00:00Z,2025-12-04T00:00:00Z,2025-12-04T04:00:14Z,7.9640917968750005,4.1231567382812502,8.9681201841570868,4.1286157226562503,3.1096215820312501,5.1686762491762748,5.4913476562500136,80.427179637485736,721.28061306176369,35,41,0,22,12,339,2,0.12000000000000001
2025-12-04T06:00:00Z,2025-12-05T18:00:00Z,2025-12-05T19:00:00Z,2025-12-05T19:00:00Z,2025-12-04T00:00:00Z,2025-12-04T04:00:14Z,7.7554956054687505,4.0655517578125,8.7565074762657176,3.60225341796875,2.8578222656249999,4.5981928829888759,4.7615820312500432,76.676423181897405,671.41767284559864,36,42,0,23,12,339,1,0.14333333333333334
2025-12-04T06:00:00Z,2025-12-05T18:00:00Z,2025-12-05T19:00:00Z,2025-12-05T19:00:00Z,2025-12-04T00:00:00Z,2025-12-04T04:00:14Z,7.7554956054687505,4.0655517578125,8.7565074762657176,3.60225341796875,2.8578222656249999,4.5981928829888759,4.7615820312500432,76.676423181897405,671.41767284559864,36,42,0,23,12,339,2,0.14499999999999999
2025-12-04T06:00:00Z,2025-12-05T19:00:00Z,2025-12-05T20:00:00Z,2025-12-05T20:00:00Z,2025-12-04T00:00:00Z,2025-12-04T04:00:14Z,7.1366992187500005,3.0802075195312502,7.7730402097431428,3.2189477539062499,2.0915454101562498,3.8387741331216358,4.4559570312500227,60.420154102283725,469.64828731592848,37,43,0,0,12,340,1,0.011666666666666667
2025-12-04T06:00:00Z,2025-12-05T19:00:00Z,2025-12-05T20:00:00Z,2025-12-05T20:00:00Z,2025-12-04T00:00:00Z,2025-12-04T04:00:14Z,7.1366992187500005,3.0802075195312502,7.7730402097431428,3.2189477539062499,2.0915454101562498,3.8387741331216358,4.4559570312500227,60.420154102283725,469.64828731592848,37,43,0,0,12,340,2,0.01
2025-12-04T06:00:00Z,2025-12-05T20:00:00Z,2025-12-05T21:00:00Z,2025-12-05T21:00:00Z,2025-12-04T00:00:00Z,2025-12-04T04:00:14Z,6.7426269531249998,3.24116943359375,7.4811895796236945,2.9867480468750003,2.1953613281250002,3.7067877274721832,4.0816015625000546,55.968197526270153,418.70869612385292,38,44,0,1,12,340,1,0.01
2025-12-04T06:00:00Z,2025-12-05T20:00:00Z,2025-12-05T21:00:00Z,2025-12-05T21:00:00Z,2025-12-04T00:00:00Z,2025-12-04T04:00:14Z,6.7426269531249998,3.24116943359375,7.4811895796236945,2.9867480468750003,2.1953613281250002,3.7067877274721832,4.0816015625000546,55.968197526270153,418.70869612385292,38,44,0,1,12,340,2,0.01
2025-12-04T06:00:00Z,2025-12-05T21:00:00Z,2025-12-05T22:00:00Z,2025-12-05T22:00:00Z,2025-12-04T00:00:00Z,2025-12-04T04:00:14Z,6.3582617187500006,1.8161059570312501,6.6125436052464792,2.9308813476562499,1.2833154296875,3.1995255845380153,3.9732031250000546,43.725732931286103,289.13831567949131,39,45,0,2,12,340,1,0.011666666666666667
2025-12-04T06:00:00Z,2025-12-05T21:00:00Z,2025-12-05T22:00:00Z,2025-12-05T22:00:00Z,2025-12-04T00:00:00Z,2025-12-04T04:00:14Z,6.3582617187500006,1.8161059570312501,6.6125436052464792,2.9308813476562499,1.2833154296875,3.1995255845380153,3.9732031250000546,43.725732931286103,289.13831567949131,39,45,0,2,12,340,2,0.011666666666666667
2025-12-04T06:00:00Z,2025-12-05T22:00:00Z,2025-12-05T23:00:00Z,2025-12-05T23:00:00Z,2025-12-04T00:00:00Z,2025-12-04T04:00:14Z,4.6204272460937501,0.69939453125000006,4.673061164460389,2.2369750976562499,0.70315185546875003,2.3448838178859384,3.6478906250000023,21.837500646787888,102.04797620138311,40,46,0,3,12,340,1,0.0083333333333333332
2025-12-04T06:00:00Z,2025-12-05T22:00:00Z,2025-12-05T23:00:00Z,2025-12-05T23:00:00Z,2025-12-04T00:00:00Z,2025-12-04T04:00:14Z,4.6204272460937501,0.69939453125000006,4.673061164460389,2.2369750976562499,0.70315185546875003,2.3448838178859384,3.6478906250000023,21.837500646787888,102.04797620138311,40,46,0,3,12,340,2,0.01
2025-12-04T06:00:00Z,2025-12-05T23:00:00Z,2025-12-06T00:00:00Z,2025-12-06T00:00:00Z,2025-12-04T00:00:00Z,2025-12-04T04:00:14Z,3.3762133789062503,0.2394677734375,3.3846951996332955,1.8272338867187501,0.32203613281249999,1.8553950920518627,3.1338085937500182,11.456161594420674,38.775615154858976,41,47,0,4,12,340,1,0.01
2025-12-04T06:00:00Z,2025-12-05T23:00:00Z,2025-12-06T00:00:00Z,2025-12-06T00:00:00Z,2025-12-04T00:00:00Z,2025-12-04T04:00:14Z,3.3762133789062503,0.2394677734375,3.3846951996332955,1.8272338867187501,0.32203613281249999,1.8553950920518627,3.1338085937500182,11.456161594420674,38.775615154858976,41,47,0,4,12,340,2,0.01
2025-12-04T06:00:00Z,2025-12-06T00:00:00Z,2025-12-06T01:00:00Z,2025-12-06T01:00:00Z,2025-12-04T00:00:00Z,2025-12-04T04:00:14Z,2.0026367187499998,-0.32934326171875,2.0295370928675611,0.90572265625000004,-0.3730517578125,0.97954129267303069,2.5244726562500546,4.1190208113253117,8.3597055228781567,42,48,0,5,12,340,1,0.01
2025-12-04T06:00:00Z,2025-12-06T00:00:00Z,2025-12-06T01:00:00Z,2025-12-06T01:00:00Z,2025-12-04T00:00:00Z,2025-12-04T04:00:14Z,2.0026367187499998,-0.32934326171875,2.0295370928675611,0.90572265625000004,-0.3730517578125,0.97954129267303069,2.5244726562500546,4.1190208113253117,8.3597055228781567,42,48,0,5,12,340,2,0.01
2025-12-04T06:00:00Z,2025-12-06T01:00:00Z,2025-12-06T02:00:00Z,2025-12-06T02:00:00Z,2025-12-04T00:00:00Z,2025-12-04T04:00:14Z,0.12962890625000001,0.091252441406249996,0.15852653215841309,-0.73066894531250004,-0.23061279296875001,0.76619799524987586,2.4880859375000455,0.025130661398172379,0.0039838766022995643,43,49,0,6,12,340,1,0.021666666666666667
2025-12-04T06:00:00Z,2025-12-06T01:00:00Z,2025-12-06T02:00:00Z,2025-12-06T02:00:00Z,2025-12-04T00:00:00Z,2025-12-04T04:00:14Z,0.12962890625000001,0.091252441406249996,0.15852653215841309,-0.73066894531250004,-0.23061279296875001,0.76619799524987586,2.4880859375000455,0.025130661398172379,0.0039838766022995643,43,49,0,6,12,340,2,0.014999999999999999
2025-12-04T06:00:00Z,2025-12-06T02:00:00Z,2025-12-06T03:00:00Z,2025-12-06T03:00:00Z,2025-12-04T00:00:00Z,2025-12-04T04:00:14Z,-1.25389404296875,0.51774414062499996,1.3565799888484413,-2.0383471679687499,-0.052900390625000002,2.0390335035242804,2.8558789062500409,1.8403092661440372,2.4965267237433615,44,50,0,7,12,340,1,0.021666666666666667
2025-12-04T06:00:00Z,2025-12-06T02:00:00Z,2025-12-06T03:00:00Z,2025-12-06T03:00:00Z,2025-12-04T00:00:00Z,2025-12-04T04:00:14Z,-1.25389404296875,0.51774414062499996,1.3565799888484413,-2.0383471679687499,-0.052900390625000002,2.0390335035242804,2.8558789062500409,1.8403092661440372,2.4965267237433615,44,50,0,7,12,340,2,0.014999999999999999
2025-12-04T06:00:00Z,2025-12-06T03:00:00Z,2025-12-06T04:00:00Z,2025-12-06T04:00:00Z,2025-12-04T00:00:00Z,2025-12-04T04:00:14Z,-2.5843554687500001,0.023530273437499999,2.5844625868110525,-2.848857421875,-0.69797363281250002,2.9331136701931193,3.1689453125000568,6.6794468626260768,17.26278051704956,45,51,0,8,12,340,1,0.17000000000000001
2025-12-04T06:00:00Z,2025-12-06T03:00:00Z,2025-12-06T04:00:00Z,2025-12-06T04:00:00Z,2025-12-04T00:00:00Z,2025-12-04T04:00:14Z,-2.5843554687500001,0.023530273437499999,2.5844625868110525,-2.848857421875,-0.69797363281250002,2.9331136701931193,3.1689453125000568,6.6794468626260768,17.26278051704956,45,51,0,8,12,340,2,0.125
2025-12-04T06:00:00Z,2025-12-06T04:00:00Z,2025-12-06T05:00:00Z,2025-12-06T05:00:00Z,2025-12-04T00:00:00Z,2025-12-04T04:00:14Z,-3.9312792968750001,-0.77633789062500003,4.007200697551605,-3.3199804687499999,-1.05178955078125,3.4826041365642024,3.9067773437500364,16.057657430458068,64.346256056376291,46,52,0,9,12,340,1,0.18500000000000003
2025-12-04T06:00:00Z,2025-12-06T04:00:00Z,2025-12-06T05:00:00Z,2025-12-06T05:00:00Z,2025-12-04T00:00:00Z,2025-12-04T04:00:14Z,-3.9312792968750001,-0.77633789062500003,4.007200697551605,-3.3199804687499999,-1.05178955078125,3.4826041365642024,3.9067773437500364,16.057657430458068,64.346256056376291,46,52,0,9,12,340,2,0.155
2025-12-04T06:00:00Z,2025-12-06T05:00:00Z,2025-12-06T06:00:00Z,2025-12-06T06:00:00Z,2025-12-04T00:00:00Z,2025-12-04T04:00:14Z,-4.8713403320312505,-1.5313354492187501,5.1063631763230788,-4.1031054687499999,-1.4666284179687501,4.3573470603200377,4.9111914062500546,26.074944888508323,133.14813840333258,47,53,0,10,12,340,1,0.10666666666666667
2025-12-04T06:00:00Z,2025-12-06T05:00:00Z,2025-12-06T06:00:00Z,2025-12-06T06:00:00Z,2025-12-04T00:00:00Z,2025-12-04T04:00:14Z,-4.8713403320312505,-1.5313354492187501,5.1063631763230788,-4.1031054687499999,-1.4666284179687501,4.3573470603200377,4.9111914062500546,26.074944888508323,133.14813840333258,47,53,0,10,12,340,2,0.069999999999999993
2025-12-05T06:00:00Z,2025-12-05T06:00:00Z,2025-12-05T07:00:00Z,2025-12-05T07:00:00Z,2025-12-05T00:00:00Z,2025-12-05T04:02:08Z,4.5663647460937504,0.45657714843750002,4.5891338710962835,3.7598486328125,0.18449462890625001,3.7643724589574394,7.8730859375000364,21.060149686843161,96.647846258249743,0,6,0,11,12,339,1,0.01
2025-12-05T06:00:00Z,2025-12-05T06:00:00Z,2025-12-05T07:00:00Z,2025-12-05T07:00:00Z,2025-12-05T00:00:00Z,2025-12-05T04:02:08Z,4.5663647460937504,0.45657714843750002,4.5891338710962835,3.7598486328125,0.18449462890625001,3.7643724589574394,7.8730859375000364,21.060149686843161,96.647846258249743,0,6,0,11,12,339,2,0.01
2025-12-05T06:00:00Z,2025-12-05T07:00:00Z,2025-12-05T08:00:00Z,2025-12-05T08:00:00Z,2025-12-05T00:00:00Z,2025-12-05T04:02:08Z,5.286865234375,1.1631933593750001,5.4133134767660671,4.419189453125,0.92461181640625001,4.5148801128766758,8.9395507812500341,29.303962797737125,158.63153673564184,1,7,0,12,12,339,1,0.01
2025-12-05T06:00:00Z,2025-12-05T07:00:00Z,2025-12-05T08:00:00Z,2025-12-05T08:00:00Z,2025-12-05T00:00:00Z,2025-12-05T04:02:08Z,5.286865234375,1.1631933593750001,5.4133134767660671,4.419189453125,0.92461181640625001,4.5148801128766758,8.9395507812500341,29.303962797737125,158.63153673564184,1,7,0,12,12,339,2,0.01
2025-12-05T06:00:00Z,2025-12-05T08:00:00Z,2025-12-05T09:00:00Z,2025-12-05T09:00:00Z,2025-12-05T00:00:00Z,2025-12-05T04:02:08Z,6.0923999023437503,1.6060644531250001,6.30053804033194,5.0857446289062498,1.30971435546875,5.2516806951079662,9.3380273437500136,39.696779597669845,250.1110699337917,2,8,0,13,12,339,1,0.01
2025-12-05T06:00:00Z,2025-12-05T08:00:00Z,2025-12-05T09:00:00Z,2025-12-05T09:00:00Z,2025-12-05T00:00:00Z,2025-12-05T04:02:08Z,6.0923999023437503,1.6060644531250001,6.30053804033194,5.0857446289062498,1.30971435546875,5.2516806951079662,9.3380273437500136,39.696779597669845,250.1110699337917,2,8,0,13,12,339,2,0.01
2025-12-05T06:00:00Z,2025-12-05T09:00:00Z,2025-12-05T10:00:00Z,2025-12-05T10:00:00Z,2025-12-05T00:00:00Z,2025-12-05T04:02:08Z,6.9442846679687502,1.8631884765625,7.1898929650573482,5.4800097656249998,1.41522216796875,5.6598021887744041,9.4148046875000091,51.694560848981148,371.67835937981857,3,9,0,14,12,339,1,0.01
2025-12-05T06:00:00Z,2025-12-05T09:00:00Z,2025-12-05T10:00:00Z,2025-12-05T10:00:00Z,2025-12-05T00:00:00Z,2025-12-05T04:02:08Z,6.9442846679687502,1.8631884765625,7.1898929650573482,5.4800097656249998,1.41522216796875,5.6598021887744041,9.4148046875000091,51.694560848981148,371.67835937981857,3,9,0,14,12,339,2,0.0083333333333333332
2025-12-05T06:00:00Z,2025-12-05T10:00:00Z,2025-12-05T11:00:00Z,2025-12-05T11:00:00Z,2025-12-05T00:00:00Z,2025-12-05T04:02:08Z,7.2134277343750002,2.6008422851562503,7.6679801950257565,4.9928491210937498,1.8527392578124999,5.325522049850723,8.8584765625000159,58.797920271307241,450.86128814908739,4,10,0,15,12,339,1,0.01
2025-12-05T06:00:00Z,2025-12-05T10:00:00Z,2025-12-05T11:00:00Z,2025-12-05T11:00:00Z,2025-12-05T00:00:00Z,2025-12-05T04:02:08Z,7.2134277343750002,2.6008422851562503,7.6679801950257565,4.9928491210937498,1.8527392578124999,5.325522049850723,8.8584765625000159,58.797920271307241,450.86128814908739,4,10,0,15,12,339,2,0.01
2025-12-05T06:00:00Z,2025-12-05T11:00:00Z,2025-12-05T12:00:00Z,2025-12-05T12:00:00Z,2025-12-05T00:00:00Z,2025-12-05T04:02:08Z,7.7273754882812504,3.2201318359375,8.3714742415961663,4.6081201171875001,2.3981054687499999,5.1947743794775914,7.5575585937500023,70.081580977708114,586.68614996521933,5,11,0,16,12,339,1,0.0083333333333333332
2025-12-05T06:00:00Z,2025-12-05T11:00:00Z,2025-12-05T12:00:00Z,2025-12-05T12:00:00Z,2025-12-05T00:00:00Z,2025-12-05T04:02:08Z,7.7273754882812504,3.2201318359375,8.3714742415961663,4.6081201171875001,2.3981054687499999,5.1947743794775914,7.5575585937500023,70.081580977708114,586.68614996521933,5,11,0,16,12,339,2,0.01
2025-12-05T06:00:00Z,2025-12-05T12:00:00Z,2025-12-05T13:00:00Z,2025-12-05T13:00:00Z,2025-12-05T00:00:00Z,2025-12-05T04:02:08Z,8.0268676757812507,2.5601293945312502,8.4252517589235776,3.9771386718750001,2.3352880859375,4.6120713849251374,6.3399804687500136,70.984867201244839,598.0653772442447,6,12,0,17,12,339,1,0.021666666666666667
2025-12-05T06:00:00Z,2025-12-05T12:00:00Z,2025-12-05T13:00:00Z,2025-12-05T13:00:00Z,2025-12-05T00:00:00Z,2025-12-05T04:02:08Z,8.0268676757812507,2.5601293945312502,8.4252517589235776,3.9771386718750001,2.3352880859375,4.6120713849251374,6.3399804687500136,70.984867201244839,598.0653772442447,6,12,0,17,12,339,2,0.024999999999999998
2025-12-05T06:00:00Z,2025-12-05T13:00:00Z,2025-12-05T14:00:00Z,2025-12-05T14:00:00Z,2025-12-05T00:00:00Z,2025-12-05T04:02:08Z,7.8424096679687505,3.392353515625,8.5446738834915763,3.6141650390625002,3.0767065429687501,4.7463999074170271,5.9034570312500136,73.011451775223023,623.85904517955282,7,13,0,18,12,339,1,0.16
2025-12-05T06:00:00Z,2025-12-05T13:00:00Z,2025-12-05T14:00:00Z,2025-12-05T14:00:00Z,2025-12-05T00:00:00Z,2025-12-05T04:02:08Z,7.8424096679687505,3.392353515625,8.5446738834915763,3.6141650390625002,3.0767065429687501,4.7463999074170271,5.9034570312500136,73.011451775223023,623.85904517955282,7,13,0,18,12,339,2,0.15833333333333333
2025-12-05T06:00:00Z,2025-12-05T14:00:00Z,2025-12-05T15:00:00Z,2025-12-05T15:00:00Z,2025-12-05T00:00:00Z,2025-12-05T04:02:08Z,7.6848193359375001,3.6409838867187503,8.5037175334876007,3.4126611328125001,3.1056665039062499,4.6142627191019763,5.4211328125000477,72.313211889344444,614.93112784622235,8,14,0,19,12,339,1,0.18166666666666667
2025-12-05T06:00:00Z,2025-12-05T14:00:00Z,2025-12-05T15:00:00Z,2025-12-05T15:00:00Z,2025-12-05T00:00:00Z,2025-12-05T04:02:08Z,7.6848193359375001,3.6409838867187503,8.5037175334876007,3.4126611328125001,3.1056665039062499,4.6142627191019763,5.4211328125000477,72.313211889344444,614.93112784622235,8,14,0,19,12,339,2,0.18833333333333332
2025-12-05T06:00:00Z,2025-12-05T15:00:00Z,2025-12-05T16:00:00Z,2025-12-05T16:00:00Z,2025-12-05T00:00:00Z,2025-12-05T04:02:08Z,7.0908154296874999,3.2313476562500001,7.7923854584746186,3.1784423828124999,2.9080029296875001,4.3080131174277874,5.0031445312500296,60.721271133446692,473.16355020036463,9,15,0,20,12,339,1,0.17333333333333334
2025-12-05T06:00:00Z,2025-12-05T15:00:00Z,2025-12-05T16:00:00Z,2025-12-05T16:00:00Z,2025-12-05T00:00:00Z,2025-12-05T04:02:08Z,7.0908154296874999,3.2313476562500001,7.7923854584746186,3.1784423828124999,2.9080029296875001,4.3080131174277874,5.0031445312500296,60.721271133446692,473.16355020036463,9,15,0,20,12,339,2,0.16166666666666665
2025-12-05T06:00:00Z,2025-12-05T16:00:00Z,2025-12-05T17:00:00Z,2025-12-05T17:00:00Z,2025-12-05T00:00:00Z,2025-12-05T04:02:08Z,6.4913354492187505,3.5649316406250002,7.4058202460371163,2.79829833984375,3.0066210937500002,4.1073402586290237,4.6324414062500523,54.846173516613256,406.18090224699915,10,16,0,21,12,339,1,0.076666666666666675
2025-12-05T06:00:00Z,2025-12-05T16:00:00Z,2025-12-05T17:00:00Z,2025-12-05T17:00:00Z,2025-12-05T00:00:00Z,2025-12-05T04:02:08Z,6.4913354492187505,3.5649316406250002,7.4058202460371163,2.79829833984375,3.0066210937500002,4.1073402586290237,4.6324414062500523,54.846173516613256,406.18090224699915,10,16,0,21,12,339,2,0.066666666666666666
2025-12-05T06:00:00Z,2025-12-05T17:00:00Z,2025-12-05T18:00:00Z,2025-12-05T18:00:00Z,2025-12-05T00:00:00Z,2025-12-05T04:02:08Z,6.11444091796875,2.5457763671875,6.6232442995152248,2.8881079101562501,2.0702563476562501,3.5534671302430954,4.3335156250000182,43.867365051060922,290.54427550919263,11,17,0,22,12,339,1,0.12166666666666666
2025-12-05T06:00:00Z,2025-12-05T17:00:00Z,2025-12-05T18:00:00Z,2025-12-05T18:00:00Z,2025-12-05T00:00:00Z,2025-12-05T04:02:08Z,6.11444091796875,2.5457763671875,6.6232442995152248,2.8881079101562501,2.0702563476562501,3.5534671302430954,4.3335156250000182,43.867365051060922,290.54427550919263,11,17,0,22,12,339,2,0.12000000000000001
2025-12-05T06:00:00Z,2025-12-05T18:00:00Z,2025-12-05T19:00:00Z,2025-12-05T19:00:00Z,2025-12-05T00:00:00Z,2025-12-05T04:02:08Z,5.2795654296875005,1.792685546875,5.5756194809479132,2.6772167968750002,1.51057861328125,3.0739774762304846,3.9986328125000341,31.087532596325875,173.33225235867781,12,18,0,23,12,339,1,0.14333333333333334
2025-12-05T06:00:00Z,2025-12-05T18:00:00Z,2025-12-05T19:00:00Z,2025-12-05T19:00:00Z,2025-12-05T00:00:00Z,2025-12-05T04:02:08Z,5.2795654296875005,1.792685546875,5.5756194809479132,2.6772167968750002,1.51057861328125,3.0739774762304846,3.9986328125000341,31.087532596325875,173.33225235867781,12,18,0,23,12,339,2,0.14499999999999999
2025-12-05T06:00:00Z,2025-12-05T19:00:00Z,2025-12-05T20:00:00Z,2025-12-05T20:00:00Z,2025-12-05T00:00:00Z,2025-12-05T04:02:08Z,5.0679174804687497,1.7794116210937501,5.3712282865397007,2.5106298828125002,1.375439453125,2.8627078261121772,3.7167968750000568,28.850093306124208,154.96043723516402,13,19,0,0,12,340,1,0.011666666666666667
2025-12-05T06:00:00Z,2025-12-05T19:00:00Z,2025-12-05T20:00:00Z,2025-12-05T20:00:00Z,2025-12-05T00:00:00Z,2025-12-05T04:02:08Z,5.0679174804687497,1.7794116210937501,5.3712282865397007,2.5106298828125002,1.375439453125,2.8627078261121772,3.7167968750000568,28.850093306124208,154.96043723516402,13,19,0,0,12,340,2,0.01
2025-12-05T06:00:00Z,2025-12-05T20:00:00Z,2025-12-05T21:00:00Z,2025-12-05T21:00:00Z,2025-12-05T00:00:00Z,2025-12-05T04:02:08Z,4.3745458984374999,1.15962646484375,4.5256364586102542,2.19329833984375,0.96049560546875001,2.3943912411479729,3.7504687500000387,20.481385355502365,92.691304287707638,14,20,0,1,12,340,1,0.01
2025-12-05T06:00:00Z,2025-12-05T20:00:00Z,2025-12-05T21:00:00Z,2025-12-05T21:00:00Z,2025-12-05T00:00:00Z,2025-12-05T04:02:08Z,4.3745458984374999,1.15962646484375,4.5256364586102542,2.19329833984375,0.96049560546875001,2.3943912411479729,3.7504687500000387,20.481385355502365,92.691304287707638,14,20,0,1,12,340,2,0.01
2025-12-05T06:00:00Z,2025-12-05T21:00:00Z,2025-12-05T22:00:00Z,2025-12-05T22:00:00Z,2025-12-05T00:00:00Z,2025-12-05T04:02:08Z,3.70973876953125,1.40461181640625,3.9667488063843037,1.935791015625,1.1832543945312499,2.2687833343781385,3.2152539062500409,15.735096092951299,62.417173645056884,15,21,0,2,12,340,1,0.011666666666666667
2025-12-05T06:00:00Z,2025-12-05T21:00:00Z,2025-12-05T22:00:00Z,2025-12-05T22:00:00Z,2025-12-05T00:00:00Z,2025-12-05T04:02:08Z,3.70973876953125,1.40461181640625,3.9667488063843037,1.935791015625,1.1832543945312499,2.2687833343781385,3.2152539062500409,15.735096092951299,62.417173645056884,15,21,0,2,12,340,2,0.011666666666666667
2025-12-05T06:00:00Z,2025-12-05T22:00:00Z,2025-12-05T23:00:00Z,2025-12-05T23:00:00Z,2025-12-05T00:00:00Z,2025-12-05T04:02:08Z,3.2420581054687503,0.96871582031250003,3.3836889779882759,1.7593798828125,0.66476562500000003,1.8807793353360109,2.4032812500000205,11.449351099759344,38.741043121373636,16,22,0,3,12,340,1,0.0083333333333333332
2025-12-05T06:00:00Z,2025-12-05T22:00:00Z,2025-12-05T23:00:00Z,2025-12-05T23:00:00Z,2025-12-05T00:00:00Z,2025-12-05T04:02:08Z,3.2420581054687503,0.96871582031250003,3.3836889779882759,1.7593798828125,0.66476562500000003,1.8807793353360109,2.4032812500000205,11.449351099759344,38.741043121373636,16,22,0,3,12,340,2,0.01
2025-12-05T06:00:00Z,2025-12-05T23:00:00Z,2025-12-06T00:00:00Z,2025-12-06T00:00:00Z,2025-12-05T00:00:00Z,2025-12-05T04:02:08Z,1.7235302734375,-0.20341064453125002,1.7354920033708487,0.52261474609375003,-0.57293457031250006,0.77548706932727374,1.3074414062500068,3.0119324937641623,5.2271847576205221,17,23,0,4,12,340,1,0.01
2025-12-05T06:00:00Z,2025-12-05T23:00:00Z,2025-12-06T00:00:00Z,2025-12-06T00:00:00Z,2025-12-05T00:00:00Z,2025-12-05T04:02:08Z,1.7235302734375,-0.20341064453125002,1.7354920033708487,0.52261474609375003,-0.57293457031250006,0.77548706932727374,1.3074414062500068,3.0119324937641623,5.2271847576205221,17,23,0,4,12,340,2,0.01
2025-12-05T06:00:00Z,2025-12-06T00:00:00Z,2025-12-06T01:00:00Z,2025-12-06T01:00:00Z,2025-12-05T00:00:00Z,2025-12-05T04:02:08Z,-0.87874755859374998,-0.91876953125000005,1.2713515341115615,-1.83124755859375,-1.2524438476562501,2.2185768439221487,1.9241796875000432,1.6163347232878211,2.0549296300897577,18,24,0,5,12,340,1,0.01
2025-12-05T06:00:00Z,2025-12-06T00:00:00Z,2025-12-06T01:00:00Z,2025-12-06T01:00:00Z,2025-12-05T00:00:00Z,2025-12-05T04:02:08Z,-0.87874755859374998,-0.91876953125000005,1.2713515341115615,-1.83124755859375,-1.2524438476562501,2.2185768439221487,1.9241796875000432,1.6163347232878211,2.0549296300897577,18,24,0,5,12,340,2,0.01
2025-12-05T06:00:00Z,2025-12-06T01:00:00Z,2025-12-06T02:00:00Z,2025-12-06T02:00:00Z,2025-12-05T00:00:00Z,2025-12-05T04:02:08Z,-2.9711596679687502,-0.80572753906250005,3.0784714778227014,-3.25801513671875,-1.00871826171875,3.4105974788317357,1.4298046875000523,9.4769866397678868,29.174633066232243,19,25,0,6,12,340,1,0.021666666666666667
2025-12-05T06:00:00Z,2025-12-06T01:00:00Z,2025-12-06T02:00:00Z,2025-12-06T02:00:00Z,2025-12-05T00:00:00Z,2025-12-05T04:02:08Z,-2.9711596679687502,-0.80572753906250005,3.0784714778227014,-3.25801513671875,-1.00871826171875,3.4105974788317357,1.4298046875000523,9.4769866397678868,29.174633066232243,19,25,0,6,12,340,2,0.014999999999999999
2025-12-05T06:00:00Z,2025-12-06T02:00:00Z,2025-12-06T03:00:00Z,2025-12-06T03:00:00Z,2025-12-05T00:00:00Z,2025-12-05T04:02:08Z,-4.1101782226562502,-1.2704443359374999,4.302045308073053,-3.4849755859375002,-1.2589794921874999,3.7054128240088335,1.1552734375000568,18.507593832713368,79.620507211746315,20,26,0,7,12,340,1,0.021666666666666667
2025-12-05T06:00:00Z,2025-12-06T02:00:00Z,2025-12-06T03:00:00Z,2025-12-06T03:00:00Z,2025-12-05T00:00:00Z,2025-12-05T04:02:08Z,-4.1101782226562502,-1.2704443359374999,4.302045308073053,-3.4849755859375002,-1.2589794921874999,3.7054128240088335,1.1552734375000568,18.507593832713368,79.620507211746315,20,26,0,7,12,340,2,0.014999999999999999
2025-12-05T06:00:00Z,2025-12-06T03:00:00Z,2025-12-06T04:00:00Z,2025-12-06T04:00:00Z,2025-12-05T00:00:00Z,2025-12-05T04:02:08Z,-4.6833007812499998,-1.57709716796875,4.9417144479291712,-3.3377856445312499,-1.37423828125,3.6096182433176844,1.7653906250000091,24.420541684871914,120.67934367038812,21,27,0,8,12,340,1,0.17000000000000001
2025-12-05T06:00:00Z,2025-12-06T03:00:00Z,2025-12-06T04:00:00Z,2025-12-06T04:00:00Z,2025-12-05T00:00:00Z,2025-12-05T04:02:08Z,-4.6833007812499998,-1.57709716796875,4.9417144479291712,-3.3377856445312499,-1.37423828125,3.6096182433176844,1.7653906250000091,24.420541684871914,120.67934367038812,21,27,0,8,12,340,2,0.125
2025-12-05T06:00:00Z,2025-12-06T04:00:00Z,2025-12-06T05:00:00Z,2025-12-06T05:00:00Z,2025-12-05T00:00:00Z,2025-12-05T04:02:08Z,-4.9051831054687502,-1.871591796875,5.2501121085464302,-3.6764404296875002,-1.5315771484375,3.9827054617002191,3.0658789062500205,27.563677152305843,144.71239517338549,22,28,0,9,12,340,1,0.18500000000000003
2025-12-05T06:00:00Z,2025-12-06T04:00:00Z,2025-12-06T05:00:00Z,2025-12-06T05:00:00Z,2025-12-05T00:00:00Z,2025-12-05T04:02:08Z,-4.9051831054687502,-1.871591796875,5.2501121085464302,-3.6764404296875002,-1.5315771484375,3.9827054617002191,3.0658789062500205,27.563677152305843,144.71239517338549,22,28,0,9,12,340,2,0.155
2025-12-05T06:00:00Z,2025-12-06T05:00:00Z,2025-12-06T06:00:00Z,2025-12-06T06:00:00Z,2025-12-05T00:00:00Z,2025-12-05T04:02:08Z,-5.2844995117187503,-2.1092822265625002,5.6899039184021527,-4.2662744140625,-1.8837036132812501,4.6636291317785084,4.3100390625000387,32.37500660064817,184.21067691532357,23,29,0,10,12,340,1,0.10666666666666667
2025-12-05T06:00:00Z,2025-12-06T05:00:00Z,2025-12-06T06:00:00Z,2025-12-06T06:00:00Z,2025-12-05T00:00:00Z,2025-12-05T04:02:08Z,-5.2844995117187503,-2.1092822265625002,5.6899039184021527,-4.2662744140625,-1.8837036132812501,4.6636291317785084,4.3100390625000387,32.37500660064817,184.21067691532357,23,29,0,10,12,340,2,0.069999999999999993
2025-12-05T06:00:00Z,2025-12-06T06:00:00Z,2025-12-06T07:00:00Z,2025-12-06T07:00:00Z,2025-12-05T00:00:00Z,2025-12-05T04:02:08Z,-6.1864770507812503,-2.5817993164062503,6.7035950064155019,-4.9368115234375001,-2.266806640625,5.4323586372704522,5.1354882812500477,44.938186010038855,301.24739933426741,24,30,0,11,12,340,1,0.10833333333333334
2025-12-05T06:00:00Z,2025-12-06T06:00:00Z,2025-12-06T07:00:00Z,2025-12-06T07:00:00Z,2025-12-05T00:00:00Z,2025-12-05T04:02:08Z,-6.1864770507812503,-2.5817993164062503,6.7035950064155019,-4.9368115234375001,-2.266806640625,5.4323586372704522,5.1354882812500477,44.938186010038855,301.24739933426741,24,30,0,11,12,340,2,0.13500000000000001
2025-12-05T06:00:00Z,2025-12-06T07:00:00Z,2025-12-06T08:00:00Z,2025-12-06T08:00:00Z,2025-12-05T00:00:00Z,2025-12-05T04:02:08Z,-6.5690869140624999,-2.76023193359375,7.1254321421046365,-5.1824877929687503,-2.3476513671874999,5.6894328949489728,5.5397070312500318,50.771783211737869,361.77089600888559,25,31,0,12,12,340,1,0.72999999999999998
2025-12-05T06:00:00Z,2025-12-06T07:00:00Z,2025-12-06T08:00:00Z,2025-12-06T08:00:00Z,2025-12-05T00:00:00Z,2025-12-05T04:02:08Z,-6.5690869140624999,-2.76023193359375,7.1254321421046365,-5.1824877929687503,-2.3476513671874999,5.6894328949489728,5.5397070312500318,50.771783211737869,361.77089600888559,25,31,0,12,12,340,2,0.78666666666666663
2025-12-05T06:00:00Z,2025-12-06T08:00:00Z,2025-12-06T09:00:00Z,2025-12-06T09:00:00Z,2025-12-05T00:00:00Z,2025-12-05T04:02:08Z,-6.9525317382812499,-2.9124731445312499,7.5379173111293714,-5.5606420898437499,-2.3966259765625,6.0551264662991162,6.1244531250000023,56.820197389423853,428.30594952352595,26,32,0,13,12,340,1,0.65333333333333332
2025-12-05T06:00:00Z,2025-12-06T08:00:00Z,2025-12-06T09:00:00Z,2025-12-06T09:00:00Z,2025-12-05T00:00:00Z,2025-12-05T04:02:08Z,-6.9525317382812499,-2.9124731445312499,7.5379173111293714,-5.5606420898437499,-2.3966259765625,6.0551264662991162,6.1244531250000023,56.820197389423853,428.30594952352595,26,32,0,13,12,340,2,0.66999999999999993
2025-12-05T06:00:00Z,2025-12-06T09:00:00Z,2025-12-06T10:00:00Z,2025-12-06T10:00:00Z,2025-12-05T00:00:00Z,2025-12-05T04:02:08Z,-7.3296386718750002,-2.7674194335937501,7.8346801709883387,-5.7804321289062504,-2.13087890625,6.160685068236555,6.3834960937500114,61.382213381677865,480.91001003280661,27,33,0,14,12,340,1,0.57166666666666666
2025-12-05T06:00:00Z,2025-12-06T09:00:00Z,2025-12-06T10:00:00Z,2025-12-06T10:00:00Z,2025-12-05T00:00:00Z,2025-12-05T04:02:08Z,-7.3296386718750002,-2.7674194335937501,7.8346801709883387,-5.7804321289062504,-2.13087890625,6.160685068236555,6.3834960937500114,61.382213381677865,480.91001003280661,27,33,0,14,12,340,2,0.6166666666666667
2025-12-05T06:00:00Z,2025-12-06T10:00:00Z,2025-12-06T11:00:00Z,2025-12-06T11:00:00Z,2025-12-05T00:00:00Z,2025-12-05T04:02:08Z,-7.22442626953125,-3.0129516601562503,7.8275291523143826,-5.40854736328125,-2.2014916992187499,5.8394306471252504,6.2018554687500114,61.270212630331514,479.59437553242083,28,34,0,15,12,340,1,0.40833333333333338
2025-12-05T06:00:00Z,2025-12-06T10:00:00Z,2025-12-06T11:00:00Z,2025-12-06T11:00:00Z,2025-12-05T00:00:00Z,2025-12-05T04:02:08Z,-7.22442626953125,-3.0129516601562503,7.8275291523143826,-5.40854736328125,-2.2014916992187499,5.8394306471252504,6.2018554687500114,61.270212630331514,479.59437553242083,28,34,0,15,12,340,2,0.44166666666666665
2025-12-05T06:00:00Z,2025-12-06T11:00:00Z,2025-12-06T12:00:00Z,2025-12-06T12:00:00Z,2025-12-05T00:00:00Z,2025-12-05T04:02:08Z,-7.7209741210937501,-3.10312744140625,8.3212283526056368,-5.1125048828124999,-2.2505078125,5.5859190462183737,4.8413085937500568,69.242841296207914,576.18549420897773,29,35,0,16,12,340,1,0.32333333333333331
2025-12-05T06:00:00Z,2025-12-06T11:00:00Z,2025-12-06T12:00:00Z,2025-12-06T12:00:00Z,2025-12-05T00:00:00Z,2025-12-05T04:02:08Z,-7.7209741210937501,-3.10312744140625,8.3212283526056368,-5.1125048828124999,-2.2505078125,5.5859190462183737,4.8413085937500568,69.242841296207914,576.18549420897773,29,35,0,16,12,340,2,0.42999999999999999
2025-12-05T06:00:00Z,2025-12-06T12:00:00Z,2025-12-06T13:00:00Z,2025-12-06T13:00:00Z,2025-12-05T00:00:00Z,2025-12-05T04:02:08Z,-8.6142822265624996,-3.7211816406250002,9.3836587257527189,-4.7825952148437505,-2.6916406250000002,5.4880002043728764,3.7304882812500182,88.053051081395139,826.25978110908341,30,36,0,17,12,340,1,0.093333333333333338
2025-12-05T06:00:00Z,2025-12-06T12:00:00Z,2025-12-06T13:00:00Z,2025-12-06T13:00:00Z,2025-12-05T00:00:00Z,2025-12-05T04:02:08Z,-8.6142822265624996,-3.7211816406250002,9.3836587257527189,-4.7825952148437505,-2.6916406250000002,5.4880002043728764,3.7304882812500182,88.053051081395139,826.25978110908341,30,36,0,17,12,340,2,0.091666666666666674
2025-12-05T06:00:00Z,2025-12-06T13:00:00Z,2025-12-06T14:00:00Z,2025-12-06T14:00:00Z,2025-12-05T00:00:00Z,2025-12-05T04:02:08Z,-8.5023193359375,-3.8956811523437502,9.3523133892627346,-4.8358032226562502,-2.89211181640625,5.6346520360044625,3.567714843750025,87.465765730983023,818.0072519479902,31,37,0,18,12,340,1,0.01
2025-12-05T06:00:00Z,2025-12-06T13:00:00Z,2025-12-06T14:00:00Z,2025-12-06T14:00:00Z,2025-12-05T00:00:00Z,2025-12-05T04:02:08Z,-8.5023193359375,-3.8956811523437502,9.3523133892627346,-4.8358032226562502,-2.89211181640625,5.6346520360044625,3.567714843750025,87.465765730983023,818.0072519479902,31,37,0,18,12,340,2,0.01
2025-12-05T06:00:00Z,2025-12-06T14:00:00Z,2025-12-06T15:00:00Z,2025-12-06T15:00:00Z,2025-12-05T00:00:00Z,2025-12-05T04:02:08Z,-8.2991137695312496,-4.2271923828125004,9.3136697816130027,-4.3951831054687505,-2.9209423828125001,5.2772662368226504,2.6127929687500568,86.744444800931191,807.90911426522996,32,38,0,19,12,340,1,0.01
2025-12-05T06:00:00Z,2025-12-06T14:00:00Z,2025-12-06T15:00:00Z,2025-12-06T15:00:00Z,2025-12-05T00:00:00Z,2025-12-05T04:02:08Z,-8.2991137695312496,-4.2271923828125004,9.3136697816130027,-4.3951831054687505,-2.9209423828125001,5.2772662368226504,2.6127929687500568,86.744444800931191,807.90911426522996,32,38,0,19,12,340,2,0.01
2025-12-05T06:00:00Z,2025-12-06T15:00:00Z,2025-12-06T16:00:00Z,2025-12-06T16:00:00Z,2025-12-05T00:00:00Z,2025-12-05T04:02:08Z,-7.8148925781249998,-4.0069946289062504,8.7822862606337733,-4.26348876953125,-2.5857446289062502,4.9863224699007,2.2860546875000409,77.128551963716745,677.3650222135276,33,39,0,20,12,340,1,0.01
2025-12-05T06:00:00Z,2025-12-06T15:00:00Z,2025-12-06T16:00:00Z,2025-12-06T16:00:00Z,2025-12-05T00:00:00Z,2025-12-05T04:02:08Z,-7.8148925781249998,-4.0069946289062504,8.7822862606337733,-4.26348876953125,-2.5857446289062502,4.9863224699007,2.2860546875000409,77.128551963716745,677.3650222135276,33,39,0,20,12,340,2,0.01
2025-12-05T06:00:00Z,2025-12-06T16:00:00Z,2025-12-06T17:00:00Z,2025-12-06T17:00:00Z,2025-12-05T00:00:00Z,2025-12-05T04:02:08Z,-7.7491503906250001,-4.0102563476562505,8.7253359677688547,-4.3361181640625004,-2.5347241210937499,5.0226235278753704,2.0782031250000159,76.131487750440854,664.27280834867554,34,40,0,21,12,340,1,0.01
2025-12-05T06:00:00Z,2025-12-06T16:00:00Z,2025-12-06T17:00:00Z,2025-12-06T17:00:00Z,2025-12-05T00:00:00Z,2025-12-05T04:02:08Z,-7.7491503906250001,-4.0102563476562505,8.7253359677688547,-4.3361181640625004,-2.5347241210937499,5.0226235278753704,2.0782031250000159,76.131487750440854,664.27280834867554,34,40,0,21,12,340,2,0.01
2025-12-05T06:00:00Z,2025-12-06T17:00:00Z,2025-12-06T18:00:00Z,2025-12-06T18:00:00Z,2025-12-05T00:00:00Z,2025-12-05T04:02:08Z,-8.2337963867187494,-4.0645043945312498,9.182352580417863,-4.5128466796874998,-2.54425048828125,5.1806366116034299,1.9046093750000068,84.315598911106591,774.21555723087715,35,41,0,22,12,340,1,0.049999999999999996
2025-12-05T06:00:00Z,2025-12-06T17:00:00Z,2025-12-06T18:00:00Z,2025-12-06T18:00:00Z,2025-12-05T00:00:00Z,2025-12-05T04:02:08Z,-8.2337963867187494,-4.0645043945312498,9.182352580417863,-4.5128466796874998,-2.54425048828125,5.1806366116034299,1.9046093750000068,84.315598911106591,774.21555723087715,35,41,0,22,12,340,2,0.048333333333333339
2025-12-05T06:00:00Z,2025-12-06T18:00:00Z,2025-12-06T19:00:00Z,2025-12-06T19:00:00Z,2025-12-05T00:00:00Z,2025-12-05T04:02:08Z,-8.4700781250000006,-4.2370922851562502,9.4707536382557294,-4.5774218749999998,-2.6439770507812499,5.2861522553542128,1.7208203125000523,89.695174476534135,849.48090000761806,36,42,0,23,12,340,1,0.090000000000000011
2025-12-05T06:00:00Z,2025-12-06T18:00:00Z,2025-12-06T19:00:00Z,2025-12-06T19:00:00Z,2025-12-05T00:00:00Z,2025-12-05T04:02:08Z,-8.4700781250000006,-4.2370922851562502,9.4707536382557294,-4.5774218749999998,-2.6439770507812499,5.2861522553542128,1.7208203125000523,89.695174476534135,849.48090000761806,36,42,0,23,12,340,2,0.070000000000000007
2025-12-05T06:00:00Z,2025-12-06T19:00:00Z,2025-12-06T20:00:00Z,2025-12-06T20:00:00Z,2025-12-05T00:00:00Z,2025-12-05T04:02:08Z,-8.5118798828125009,-4.5375952148437504,9.645821347775474,-4.5412744140625003,-2.8833715820312502,5.3793126869409722,1.5196875000000318,93.041869473201061,897.46525080154197,37,43,0,0,12,341,1,0.10833333333333334
2025-12-05T06:00:00Z,2025-12-06T19:00:00Z,2025-12-06T20:00:00Z,2025-12-06T20:00:00Z,2025-12-05T00:00:00Z,2025-12-05T04:02:08Z,-8.5118798828125009,-4.5375952148437504,9.645821347775474,-4.5412744140625003,-2.8833715820312502,5.3793126869409722,1.5196875000000318,93.041869473201061,897.46525080154197,37,43,0,0,12,341,2,0.073333333333333334
2025-12-05T06:00:00Z,2025-12-06T20:00:00Z,2025-12-06T21:00:00Z,2025-12-06T21:00:00Z,2025-12-05T00:00:00Z,2025-12-05T04:02:08Z,-8.7068237304687504,-4.5206616210937502,9.8104618120598044,-4.6922167968749999,-2.8437817382812502,5.4867105850279563,1.3393359375000387,96.245160965883741,944.20947625135136,38,44,0,1,12,341,1,0.14166666666666666
2025-12-05T06:00:00Z,2025-12-06T20:00:00Z,2025-12-06T21:00:00Z,2025-12-06T21:00:00Z,2025-12-05T00:00:00Z,2025-12-05T04:02:08Z,-8.7068237304687504,-4.5206616210937502,9.8104618120598044,-4.6922167968749999,-2.8437817382812502,5.4867105850279563,1.3393359375000387,96.245160965883741,944.20947625135136,38,44,0,1,12,341,2,0.10166666666666667
2025-12-05T06:00:00Z,2025-12-06T21:00:00Z,2025-12-06T22:00:00Z,2025-12-06T22:00:00Z,2025-12-05T00:00:00Z,2025-12-05T04:02:08Z,-8.8497412109375002,-4.4966235351562505,9.9266078152351032,-4.7473242187500002,-2.8233496093750001,5.5234400743276169,1.1290039062500341,98.53754271748663,978.14354163346559,39,45,0,2,12,341,1,0.13
2025-12-05T06:00:00Z,2025-12-06T21:00:00Z,2025-12-06T22:00:00Z,2025-12-06T22:00:00Z,2025-12-05T00:00:00Z,2025-12-05T04:02:08Z,-8.8497412109375002,-4.4966235351562505,9.9266078152351032,-4.7473242187500002,-2.8233496093750001,5.5234400743276169,1.1290039062500341,98.53754271748663,978.14354163346559,39,45,0,2,12,341,2,0.13333333333333333
2025-12-05T06:00:00Z,2025-12-06T22:00:00Z,2025-12-06T23:00:00Z,2025-12-06T23:00:00Z,2025-12-05T00:00:00Z,2025-12-05T04:02:08Z,-8.3801855468749995,-4.5133056640625,9.5182686354878268,-4.6398803710937502,-2.8038891601562499,5.421280686378708,0.93927734375000682,90.597437817311302,862.33075083207291,40,46,0,3,12,341,1,0.22333333333333336
2025-12-05T06:00:00Z,2025-12-06T22:00:00Z,2025-12-06T23:00:00Z,2025-12-06T23:00:00Z,2025-12-05T00:00:00Z,2025-12-05T04:02:08Z,-8.3801855468749995,-4.5133056640625,9.5182686354878268,-4.6398803710937502,-2.8038891601562499,5.421280686378708,0.93927734375000682,90.597437817311302,862.33075083207291,40,46,0,3,12,341,2,0.22999999999999998
2025-12-05T06:00:00Z,2025-12-06T23:00:00Z,2025-12-07T00:00:00Z,2025-12-07T00:00:00Z,2025-12-05T00:00:00Z,2025-12-05T04:02:08Z,-8.5254492187499995,-4.7549804687500004,9.7618196889554838,-4.6653320312500002,-2.87778564453125,5.4815119426739729,0.76789062500000682,95.293123639678939,930.23429056788711,41,47,0,4,12,341,1,0.29333333333333333
2025-12-05T06:00:00Z,2025-12-06T23:00:00Z,2025-12-07T00:00:00Z,2025-12-07T00:00:00Z,2025-12-05T00:00:00Z,2025-12-05T04:02:08Z,-8.5254492187499995,-4.7549804687500004,9.7618196889554838,-4.6653320312500002,-2.87778564453125,5.4815119426739729,0.76789062500000682,95.293123639678939,930.23429056788711,41,47,0,4,12,341,2,0.24333333333333332
2025-12-05T06:00:00Z,2025-12-07T00:00:00Z,2025-12-07T01:00:00Z,2025-12-07T01:00:00Z,2025-12-05T00:00:00Z,2025-12-05T04:02:08Z,-8.3257861328124996,-4.6159472656250005,9.5197523018387322,-4.61135009765625,-2.6896215820312501,5.3384093115536384,0.60455078125005457,90.625683888363838,862.73406280196093,42,48,0,5,12,341,1,0.43166666666666664
2025-12-05T06:00:00Z,2025-12-07T00:00:00Z,2025-12-07T01:00:00Z,2025-12-07T01:00:00Z,2025-12-05T00:00:00Z,2025-12-05T04:02:08Z,-8.3257861328124996,-4.6159472656250005,9.5197523018387322,-4.61135009765625,-2.6896215820312501,5.3384093115536384,0.60455078125005457,90.625683888363838,862.73406280196093,42,48,0,5,12,341,2,0.34333333333333332
2025-12-05T06:00:00Z,2025-12-07T01:00:00Z,2025-12-07T02:00:00Z,2025-12-07T02:00:00Z,2025-12-05T00:00:00Z,2025-12-05T04:02:08Z,-8.1755566406250004,-4.42348388671875,9.2955331251159539,-4.5286047363281252,-2.55361083984375,5.1989603940846703,0.4009960937500523,86.406936080127977,803.19853657260649,43,49,0,6,12,341,1,0.44500000000000001
2025-12-05T06:00:00Z,2025-12-07T01:00:00Z,2025-12-07T02:00:00Z,2025-12-07T02:00:00Z,2025-12-05T00:00:00Z,2025-12-05T04:02:08Z,-8.1755566406250004,-4.42348388671875,9.2955331251159539,-4.5286047363281252,-2.55361083984375,5.1989603940846703,0.4009960937500523,86.406936080127977,803.19853657260649,43,49,0,6,12,341,2,0.37333333333333335
2025-12-05T06:00:00Z,2025-12-07T02:00:00Z,2025-12-07T03:00:00Z,2025-12-07T03:00:00Z,2025-12-05T00:00:00Z,2025-12-05T04:02:08Z,-7.8004565429687505,-4.2047167968750001,8.8615329159613658,-4.2355834960937502,-2.3472436523437499,4.8424911270801294,0.36208984375002728,78.526765620666751,695.86751833152175,44,50,0,7,12,341,1,0.50666666666666671
2025-12-05T06:00:00Z,2025-12-07T02:00:00Z,2025-12-07T03:00:00Z,2025-12-07T03:00:00Z,2025-12-05T00:00:00Z,2025-12-05T04:02:08Z,-7.8004565429687505,-4.2047167968750001,8.8615329159613658,-4.2355834960937502,-2.3472436523437499,4.8424911270801294,0.36208984375002728,78.526765620666751,695.86751833152175,44,50,0,7,12,341,2,0.46666666666666662
2025-12-05T06:00:00Z,2025-12-07T03:00:00Z,2025-12-07T04:00:00Z,2025-12-07T04:00:00Z,2025-12-05T00:00:00Z,2025-12-05T04:02:08Z,-7.5437182617187499,-3.7758666992187502,8.4359264187437084,-4.4579907226562501,-2.0959912109375001,4.9261405217082919,1.2788281250000182,71.164854542458045,600.34147652077502,45,51,0,8,12,341,1,0.10166666666666667
2025-12-05T06:00:00Z,2025-12-07T03:00:00Z,2025-12-07T04:00:00Z,2025-12-07T04:00:00Z,2025-12-05T00:00:00Z,2025-12-05T04:02:08Z,-7.5437182617187499,-3.7758666992187502,8.4359264187437084,-4.4579907226562501,-2.0959912109375001,4.9261405217082919,1.2788281250000182,71.164854542458045,600.34147652077502,45,51,0,8,12,341,2,0.05000000000000001
2025-12-05T06:00:00Z,2025-12-07T04:00:00Z,2025-12-07T05:00:00Z,2025-12-07T05:00:00Z,2025-12-05T00:00:00Z,2025-12-05T04:02:08Z,-6.9155151367187502,-3.0533984375000003,7.5596026102113063,-4.6419628906249999,-2.2721093749999999,5.1682008948861977,3.0510937500000068,57.147591624313598,432.01308281045084,46,52,0,9,12,341,1,0.029999999999999999
2025-12-05T06:00:00Z,2025-12-07T04:00:00Z,2025-12-07T05:00:00Z,2025-12-07T05:00:00Z,2025-12-05T00:00:00Z,2025-12-05T04:02:08Z,-6.9155151367187502,-3.0533984375000003,7.5596026102113063,-4.6419628906249999,-2.2721093749999999,5.1682008948861977,3.0510937500000068,57.147591624313598,432.01308281045084,46,52,0,9,12,341,2,0.013333333333333334
2025-12-05T06:00:00Z,2025-12-07T05:00:00Z,2025-12-07T06:00:00Z,2025-12-07T06:00:00Z,2025-12-05T00:00:00Z,2025-12-05T04:02:08Z,-6.2655126953125002,-3.2640380859375,7.0647430216231255,-4.8647363281249998,-2.7925683593750001,5.6092867268451778,4.8979687500000182,49.910593961572651,352.6055203950857,47,53,0,10,12,341,1,0.055
2025-12-05T06:00:00Z,2025-12-07T05:00:00Z,2025-12-07T06:00:00Z,2025-12-07T06:00:00Z,2025-12-05T00:00:00Z,2025-12-05T04:02:08Z,-6.2655126953125002,-3.2640380859375,7.0647430216231255,-4.8647363281249998,-2.7925683593750001,5.6092867268451778,4.8979687500000182,49.910593961572651,352.6055203950857,47,53,0,10,12,341,2,0.055
2026-01-05T06:00:00Z,2026-01-05T06:00:00Z,2026-01-05T07:00:00Z,2026-01-05T07:00:00Z,2026-01-05T00:00:00Z,2026-01-05T04:01:59Z,-0.95769042968750007,0.5029345703125,1.08171814310866,-1.26144287109375,-0.0088110351562500008,1.2614736427582496,2.0203710937500432,1.1701141411304474,1.2657336959688121,0,6,0,11,1,5,1,0.01
2026-01-05T06:00:00Z,2026-01-05T06:00:00Z,2026-01-05T07:00:00Z,2026-01-05T07:00:00Z,2026-01-05T00:00:00Z,2026-01-05T04:01:59Z,-0.95769042968750007,0.5029345703125,1.08171814310866,-1.26144287109375,-0.0088110351562500008,1.2614736427582496,2.0203710937500432,1.1701141411304474,1.2657336959688121,0,6,0,11,1,5,2,0.0083333333333333332
2026-01-05T06:00:00Z,2026-01-05T07:00:00Z,2026-01-05T08:00:00Z,2026-01-05T08:00:00Z,2026-01-05T00:00:00Z,2026-01-05T04:01:59Z,-1.2620849609375,-0.02320068359375,1.2622981899471408,-1.4903369140625,-0.46763916015625001,1.5619828749154001,2.1441992187500318,1.593396720343828,2.0113417959577244,1,7,0,12,1,5,1,0.018333333333333333
2026-01-05T06:00:00Z,2026-01-05T07:00:00Z,2026-01-05T08:00:00Z,2026-01-05T08:00:00Z,2026-01-05T00:00:00Z,2026-01-05T04:01:59Z,-1.2620849609375,-0.02320068359375,1.2622981899471408,-1.4903369140625,-0.46763916015625001,1.5619828749154001,2.1441992187500318,1.593396720343828,2.0113417959577244,1,7,0,12,1,5,2,0.013333333333333334
2026-01-05T06:00:00Z,2026-01-05T08:00:00Z,2026-01-05T09:00:00Z,2026-01-05T09:00:00Z,2026-01-05T00:00:00Z,2026-01-05T04:01:59Z,-1.3878100585937501,-0.23604003906250001,1.4077399116223901,-1.57536865234375,-0.62583740234374996,1.6951279730332267,2.2375585937500091,1.9817316587746148,2.7897627501826685,2,8,0,13,1,5,1,0.031666666666666669
2026-01-05T06:00:00Z,2026-01-05T08:00:00Z,2026-01-05T09:00:00Z,2026-01-05T09:00:00Z,2026-01-05T00:00:00Z,2026-01-05T04:01:59Z,-1.3878100585937501,-0.23604003906250001,1.4077399116223901,-1.57536865234375,-0.62583740234374996,1.6951279730332267,2.2375585937500091,1.9817316587746148,2.7897627501826685,2,8,0,13,1,5,2,0.033333333333333333
2026-01-05T06:00:00Z,2026-01-05T09:00:00Z,2026-01-05T10:00:00Z,2026-01-05T10:00:00Z,2026-01-05T00:00:00Z,2026-01-05T04:01:59Z,-1.5816748046875,-0.33687988281250003,1.617152819997852,-1.69724609375,-0.65838134765625,1.8204698024661914,2.0508789062500341,2.6151832432270052,4.2291509565956797,3,9,0,14,1,5,1,0.01
2026-01-05T06:00:00Z,2026-01-05T09:00:00Z,2026-01-05T10:00:00Z,2026-01-05T10:00:00Z,2026-01-05T00:00:00Z,2026-01-05T04:01:59Z,-1.5816748046875,-0.33687988281250003,1.617152819997852,-1.69724609375,-0.65838134765625,1.8204698024661914,2.0508789062500341,2.6151832432270052,4.2291509565956797,3,9,0,14,1,5,2,0.0083333333333333332
2026-01-05T06:00:00Z,2026-01-05T10:00:00Z,2026-01-05T11:00:00Z,2026-01-05T11:00:00Z,2026-01-05T00:00:00Z,2026-01-05T04:01:59Z,-1.66461181640625,-0.39872558593750002,1.7116993287959534,-1.7370703125,-0.69025146484375,1.8691870840790095,1.8661914062500387,2.9299145922005176,5.0151328408990956,4,10,0,15,1,5,1,0.01
2026-01-05T06:00:00Z,2026-01-05T10:00:00Z,2026-01-05T11:00:00Z,2026-01-05T11:00:00Z,2026-01-05T00:00:00Z,2026-01-05T04:01:59Z,-1.66461181640625,-0.39872558593750002,1.7116993287959534,-1.7370703125,-0.69025146484375,1.8691870840790095,1.8661914062500387,2.9299145922005176,5.0151328408990956,4,10,0,15,1,5,2,0.0066666666666666671
2026-01-05T06:00:00Z,2026-01-05T11:00:00Z,2026-01-05T12:00:00Z,2026-01-05T12:00:00Z,2026-01-05T00:00:00Z,2026-01-05T04:01:59Z,-2.1102807617187502,-0.38545166015624999,2.1451941347107675,-2.1821826171874998,-0.78288818359375001,2.3183690135019508,1.6438281250000273,4.6018578755974788,9.8718785235042645,5,11,0,16,1,5,1,0.02
2026-01-05T06:00:00Z,2026-01-05T11:00:00Z,2026-01-05T12:00:00Z,2026-01-05T12:00:00Z,2026-01-05T00:00:00Z,2026-01-05T04:01:59Z,-2.1102807617187502,-0.38545166015624999,2.1451941347107675,-2.1821826171874998,-0.78288818359375001,2.3183690135019508,1.6438281250000273,4.6018578755974788,9.8718785235042645,5,11,0,16,1,5,2,0.018333333333333333
2026-01-05T06:00:00Z,2026-01-05T12:00:00Z,2026-01-05T13:00:00Z,2026-01-05T13:00:00Z,2026-01-05T00:00:00Z,2026-01-05T04:01:59Z,-2.5816577148437498,-0.95981445312500002,2.754305782051059,-2.2921337890625,-1.31564453125,2.6428768112740415,1.5515429687500273,7.5862003410398957,20.894715463123902,6,12,0,17,1,5,1,0.036666666666666667
2026-01-05T06:00:00Z,2026-01-05T12:00:00Z,2026-01-05T13:00:00Z,2026-01-05T13:00:00Z,2026-01-05T00:00:00Z,2026-01-05T04:01:59Z,-2.5816577148437498,-0.95981445312500002,2.754305782051059,-2.2921337890625,-1.31564453125,2.6428768112740415,1.5515429687500273,7.5862003410398957,20.894715463123902,6,12,0,17,1,5,2,0.033333333333333333
2026-01-05T06:00:00Z,2026-01-05T13:00:00Z,2026-01-05T14:00:00Z,2026-01-05T14:00:00Z,2026-01-05T00:00:00Z,2026-01-05T04:01:59Z,-4.2611279296875004,-1.5898266601562501,4.5480501363228685,-3.17325927734375,-1.4542602539062501,3.4906227707014761,1.4389453125000387,20.684760042506461,94.075325731127336,7,13,0,18,1,5,1,0.068333333333333343
2026-01-05T06:00:00Z,2026-01-05T13:00:00Z,2026-01-05T14:00:00Z,2026-01-05T14:00:00Z,2026-01-05T00:00:00Z,2026-01-05T04:01:59Z,-4.2611279296875004,-1.5898266601562501,4.5480501363228685,-3.17325927734375,-1.4542602539062501,3.4906227707014761,1.4389453125000387,20.684760042506461,94.075325731127336,7,13,0,18,1,5,2,0.073333333333333334
2026-01-05T06:00:00Z,2026-01-05T14:00:00Z,2026-01-05T15:00:00Z,2026-01-05T15:00:00Z,2026-01-05T00:00:00Z,2026-01-05T04:01:59Z,-5.7942675781249999,-2.8042114257812503,6.4371685147580733,-4.1294287109374999,-2.0958068847656248,4.6308301606673004,1.0897265625000045,41.437138487392659,266.73784321271398,8,14,0,19,1,5,1,0.083333333333333329
2026-01-05T06:00:00Z,2026-01-05T14:00:00Z,2026-01-05T15:00:00Z,2026-01-05T15:00:00Z,2026-01-05T00:00:00Z,2026-01-05T04:01:59Z,-5.7942675781249999,-2.8042114257812503,6.4371685147580733,-4.1294287109374999,-2.0958068847656248,4.6308301606673004,1.0897265625000045,41.437138487392659,266.73784321271398,8,14,0,19,1,5,2,0.07166666666666667
2026-01-05T06:00:00Z,2026-01-05T15:00:00Z,2026-01-05T16:00:00Z,2026-01-05T16:00:00Z,2026-01-05T00:00:00Z,2026-01-05T04:01:59Z,-7.3611474609375005,-3.9660717773437502,8.3615917913223452,-5.17875,-2.8494201660156251,5.9108922207223937,0.66011718750002046,69.916217284709219,584.61086852813412,9,15,0,20,1,5,1,0.13166666666666668
2026-01-05T06:00:00Z,2026-01-05T15:00:00Z,2026-01-05T16:00:00Z,2026-01-05T16:00:00Z,2026-01-05T00:00:00Z,2026-01-05T04:01:59Z,-7.3611474609375005,-3.9660717773437502,8.3615917913223452,-5.17875,-2.8494201660156251,5.9108922207223937,0.66011718750002046,69.916217284709219,584.61086852813412,9,15,0,20,1,5,2,0.12166666666666666
2026-01-05T06:00:00Z,2026-01-05T16:00:00Z,2026-01-05T17:00:00Z,2026-01-05T17:00:00Z,2026-01-05T00:00:00Z,2026-01-05T04:01:59Z,-8.4286157226562501,-3.8696923828125001,9.2744855457219426,-5.5274023437500004,-2.7309948730468752,6.1652663905383127,-0.42812499999996589,86.016082137805242,797.75491048670608,10,16,0,21,1,5,1,0.18833333333333332
2026-01-05T06:00:00Z,2026-01-05T16:00:00Z,2026-01-05T17:00:00Z,2026-01-05T17:00:00Z,2026-01-05T00:00:00Z,2026-01-05T04:01:59Z,-8.4286157226562501,-3.8696923828125001,9.2744855457219426,-5.5274023437500004,-2.7309948730468752,6.1652663905383127,-0.42812499999996589,86.016082137805242,797.75491048670608,10,16,0,21,1,5,2,0.15166666666666664
2026-01-05T06:00:00Z,2026-01-05T17:00:00Z,2026-01-05T18:00:00Z,2026-01-05T18:00:00Z,2026-01-05T00:00:00Z,2026-01-05T04:01:59Z,-8.6151635742187498,-4.2968041992187498,9.6272306369469227,-5.7288745117187503,-3.03542236328125,6.4833472909083527,-0.93585937499994998,92.683569736969446,892.28610211335888,11,17,0,22,1,5,1,0.37666666666666665
2026-01-05T06:00:00Z,2026-01-05T17:00:00Z,2026-01-05T18:00:00Z,2026-01-05T18:00:00Z,2026-01-05T00:00:00Z,2026-01-05T04:01:59Z,-8.6151635742187498,-4.2968041992187498,9.6272306369469227,-5.7288745117187503,-3.03542236328125,6.4833472909083527,-0.93585937499994998,92.683569736969446,892.28610211335888,11,17,0,22,1,5,2,0.34833333333333333
2026-01-05T06:00:00Z,2026-01-05T18:00:00Z,2026-01-05T19:00:00Z,2026-01-05T19:00:00Z,2026-01-05T00:00:00Z,2026-01-05T04:01:59Z,-9.3903637695312501,-4.4884106445312497,10.407918227871825,-6.0762695312500004,-3.1033471679687499,6.8228890553296235,-1.2616601562499454,108.32476183806659,1127.4352632642876,12,18,0,23,1,5,1,0.42166666666666669
2026-01-05T06:00:00Z,2026-01-05T18:00:00Z,2026-01-05T19:00:00Z,2026-01-05T19:00:00Z,2026-01-05T00:00:00Z,2026-01-05T04:01:59Z,-9.3903637695312501,-4.4884106445312497,10.407918227871825,-6.0762695312500004,-3.1033471679687499,6.8228890553296235,-1.2616601562499454,108.32476183806659,1127.4352632642876,12,18,0,23,1,5,2,0.37166666666666665
2026-01-05T06:00:00Z,2026-01-05T19:00:00Z,2026-01-05T20:00:00Z,2026-01-05T20:00:00Z,2026-01-05T00:00:00Z,2026-01-05T04:01:59Z,-9.7403881835937494,-4.7718139648437505,10.846445061962495,-6.2074707031249998,-3.5002319335937502,7.1263115367702401,-1.4344921874999841,117.64537048217059,1276.0340477290874,13,19,0,0,1,6,1,0.375
2026-01-05T06:00:00Z,2026-01-05T19:00:00Z,2026-01-05T20:00:00Z,2026-01-05T20:00:00Z,2026-01-05T00:00:00Z,2026-01-05T04:01:59Z,-9.7403881835937494,-4.7718139648437505,10.846445061962495,-6.2074707031249998,-3.5002319335937502,7.1263115367702401,-1.4344921874999841,117.64537048217059,1276.0340477290874,13,19,0,0,1,6,2,0.34666666666666668
2026-01-05T06:00:00Z,2026-01-05T20:00:00Z,2026-01-05T21:00:00Z,2026-01-05T21:00:00Z,2026-01-05T00:00:00Z,2026-01-05T04:01:59Z,-10.04935791015625,-4.8444140625000003,11.156071979660572,-6.3975195312500004,-3.661998291015625,7.3714644159845593,-1.5844921874999613,124.45794201536775,1388.4617595638645,14,20,0,1,1,6,1,0.31833333333333336
2026-01-05T06:00:00Z,2026-01-05T20:00:00Z,2026-01-05T21:00:00Z,2026-01-05T21:00:00Z,2026-01-05T00:00:00Z,2026-01-05T04:01:59Z,-10.04935791015625,-4.8444140625000003,11.156071979660572,-6.3975195312500004,-3.661998291015625,7.3714644159845593,-1.5844921874999613,124.45794201536775,1388.4617595638645,14,20,0,1,1,6,2,0.29666666666666669
2026-01-05T06:00:00Z,2026-01-05T21:00:00Z,2026-01-05T22:00:00Z,2026-01-05T22:00:00Z,2026-01-05T00:00:00Z,2026-01-05T04:01:59Z,-10.45669189453125,-4.7347729492187502,11.478696801371189,-6.7019628906250004,-3.5945141601562502,7.6050534932292493,-1.7627148437499613,131.76048025780918,1512.4386032824459,15,21,0,2,1,6,1,0.81666666666666676
2026-01-05T06:00:00Z,2026-01-05T21:00:00Z,2026-01-05T22:00:00Z,2026-01-05T22:00:00Z,2026-01-05T00:00:00Z,2026-01-05T04:01:59Z,-10.45669189453125,-4.7347729492187502,11.478696801371189,-6.7019628906250004,-3.5945141601562502,7.6050534932292493,-1.7627148437499613,131.76048025780918,1512.4386032824459,15,21,0,2,1,6,2,0.7400000000000001
2026-01-05T06:00:00Z,2026-01-05T22:00:00Z,2026-01-05T23:00:00Z,2026-01-05T23:00:00Z,2026-01-05T00:00:00Z,2026-01-05T04:01:59Z,-11.114147949218751,-5.2888745117187499,12.308390562450949,-7.1162133789062505,-4.08837890625,8.2070296048688807,-1.9947656249999568,151.49647823783158,1864.6778229870818,16,22,0,3,1,6,1,0.98666666666666669
2026-01-05T06:00:00Z,2026-01-05T22:00:00Z,2026-01-05T23:00:00Z,2026-01-05T23:00:00Z,2026-01-05T00:00:00Z,2026-01-05T04:01:59Z,-11.114147949218751,-5.2888745117187499,12.308390562450949,-7.1162133789062505,-4.08837890625,8.2070296048688807,-1.9947656249999568,151.49647823783158,1864.6778229870818,16,22,0,3,1,6,2,0.95666666666666667
2026-01-05T06:00:00Z,2026-01-05T23:00:00Z,2026-01-06T00:00:00Z,2026-01-06T00:00:00Z,2026-01-05T00:00:00Z,2026-01-05T04:01:59Z,-11.28994140625,-5.5665917968750005,12.587681326979734,-7.2468139648437502,-4.2946606445312501,8.4238009646916492,-2.1290234374999955,158.44972118959427,1994.5145966834009,17,23,0,4,1,6,1,0.84333333333333327
2026-01-05T06:00:00Z,2026-01-05T23:00:00Z,2026-01-06T00:00:00Z,2026-01-06T00:00:00Z,2026-01-05T00:00:00Z,2026-01-05T04:01:59Z,-11.28994140625,-5.5665917968750005,12.587681326979734,-7.2468139648437502,-4.2946606445312501,8.4238009646916492,-2.1290234374999955,158.44972118959427,1994.5145966834009,17,23,0,4,1,6,2,0.79999999999999993
2026-01-05T06:00:00Z,2026-01-06T00:00:00Z,2026-01-06T01:00:00Z,2026-01-06T01:00:00Z,2026-01-05T00:00:00Z,2026-01-05T04:01:59Z,-11.68898193359375,-5.91326904296875,13.099582032202923,-7.6320336914062503,-4.63112548828125,8.9272202591270453,-2.3556835937499727,171.59904941841367,2247.8758245045533,18,24,0,5,1,6,1,0.97000000000000008
2026-01-05T06:00:00Z,2026-01-06T00:00:00Z,2026-01-06T01:00:00Z,2026-01-06T01:00:00Z,2026-01-05T00:00:00Z,2026-01-05T04:01:59Z,-11.68898193359375,-5.91326904296875,13.099582032202923,-7.6320336914062503,-4.63112548828125,8.9272202591270453,-2.3556835937499727,171.59904941841367,2247.8758245045533,18,24,0,5,1,6,2,0.96833333333333327
2026-01-05T06:00:00Z,2026-01-06T01:00:00Z,2026-01-06T02:00:00Z,2026-01-06T02:00:00Z,2026-01-05T00:00:00Z,2026-01-05T04:01:59Z,-12.08681640625,-6.3078662109375001,13.633792831544756,-8.0317260742187493,-4.9659936523437498,9.4429718143391561,-2.6822070312499591,185.8803069734812,2534.2535967403869,19,25,0,6,1,6,1,0.87666666666666659
2026-01-05T06:00:00Z,2026-01-06T01:00:00Z,2026-01-06T02:00:00Z,2026-01-06T02:00:00Z,2026-01-05T00:00:00Z,2026-01-05T04:01:59Z,-12.08681640625,-6.3078662109375001,13.633792831544756,-8.0317260742187493,-4.9659936523437498,9.4429718143391561,-2.6822070312499591,185.8803069734812,2534.2535967403869,19,25,0,6,1,6,2,0.8783333333333333
2026-01-05T06:00:00Z,2026-01-06T02:00:00Z,2026-01-06T03:00:00Z,2026-01-06T03:00:00Z,2026-01-05T00:00:00Z,2026-01-05T04:01:59Z,-12.271396484375,-5.9870751953125003,13.654019227724023,-8.0570874023437504,-4.69907470703125,9.3272697243763236,-3.0008203124999682,186.43224107105732,2545.5494042518967,20,26,0,7,1,6,1,0.97333333333333327
2026-01-05T06:00:00Z,2026-01-06T02:00:00Z,2026-01-06T03:00:00Z,2026-01-06T03:00:00Z,2026-01-05T00:00:00Z,2026-01-05T04:01:59Z,-12.271396484375,-5.9870751953125003,13.654019227724023,-8.0570874023437504,-4.69907470703125,9.3272697243763236,-3.0008203124999682,186.43224107105732,2545.5494042518967,20,26,0,7,1,6,2,0.97333333333333327
2026-01-05T06:00:00Z,2026-01-06T03:00:00Z,2026-01-06T04:00:00Z,2026-01-06T04:00:00Z,2026-01-05T00:00:00Z,2026-01-05T04:01:59Z,-11.965625000000001,-6.4184472656249998,13.578388967113664,-7.9103417968750005,-5.031943359375,9.3751779351298588,-3.071933593749975,184.37264694223407,2503.4835150779741,21,27,0,8,1,6,1,0.98999999999999988
2026-01-05T06:00:00Z,2026-01-06T03:00:00Z,2026-01-06T04:00:00Z,2026-01-06T04:00:00Z,2026-01-05T00:00:00Z,2026-01-05T04:01:59Z,-11.965625000000001,-6.4184472656249998,13.578388967113664,-7.9103417968750005,-5.031943359375,9.3751779351298588,-3.071933593749975,184.37264694223407,2503.4835150779741,21,27,0,8,1,6,2,0.96833333333333327
2026-01-05T06:00:00Z,2026-01-06T04:00:00Z,2026-01-06T05:00:00Z,2026-01-06T05:00:00Z,2026-01-05T00:00:00Z,2026-01-05T04:01:59Z,-12.285473632812501,-6.5805639648437504,13.936882164886494,-8.6839111328125007,-5.3302465820312497,10.189300328670301,-1.8866992187499818,194.23668447793125,2707.0537836671656,22,28,0,9,1,6,1,0.97833333333333339
2026-01-05T06:00:00Z,2026-01-06T04:00:00Z,2026-01-06T05:00:00Z,2026-01-06T05:00:00Z,2026-01-05T00:00:00Z,2026-01-05T04:01:59Z,-12.285473632812501,-6.5805639648437504,13.936882164886494,-8.6839111328125007,-5.3302465820312497,10.189300328670301,-1.8866992187499818,194.23668447793125,2707.0537836671656,22,28,0,9,1,6,2,0.96499999999999997
2026-01-05T06:00:00Z,2026-01-06T05:00:00Z,2026-01-06T06:00:00Z,2026-01-06T06:00:00Z,2026-01-05T00:00:00Z,2026-01-05T04:01:59Z,-13.629687500000001,-5.9297241210937504,14.863714525647259,-10.162270507812501,-5.2167138671875,11.423040114000393,-0.19228515624996589,220.93000949993731,3283.8405913556053,23,29,0,10,1,6,1,0.96833333333333327
2026-01-05T06:00:00Z,2026-01-06T05:00:00Z,2026-01-06T06:00:00Z,2026-01-06T06:00:00Z,2026-01-05T00:00:00Z,2026-01-05T04:01:59Z,-13.629687500000001,-5.9297241210937504,14.863714525647259,-10.162270507812501,-5.2167138671875,11.423040114000393,-0.19228515624996589,220.93000949993731,3283.8405913556053,23,29,0,10,1,6,2,0.91333333333333344
2026-01-05T06:00:00Z,2026-01-06T06:00:00Z,2026-01-06T07:00:00Z,2026-01-06T07:00:00Z,2026-01-05T00:00:00Z,2026-01-05T04:01:59Z,-14.329008789062501,-4.8073193359374997,15.113927751405621,-10.97869873046875,-4.5990234375000005,11.903060211267961,1.3176953125000068,228.43081207470897,3452.4867898920661,24,30,0,11,1,6,1,0.98666666666666669
2026-01-05T06:00:00Z,2026-01-06T06:00:00Z,2026-01-06T07:00:00Z,2026-01-06T07:00:00Z,2026-01-05T00:00:00Z,2026-01-05T04:01:59Z,-14.329008789062501,-4.8073193359374997,15.113927751405621,-10.97869873046875,-4.5990234375000005,11.903060211267961,1.3176953125000068,228.43081207470897,3452.4867898920661,24,30,0,11,1,6,2,0.97499999999999998
2026-01-05T06:00:00Z,2026-01-06T07:00:00Z,2026-01-06T08:00:00Z,2026-01-06T08:00:00Z,2026-01-05T00:00:00Z,2026-01-05T04:01:59Z,-14.390673828125001,-4.29994873046875,15.019355922014155,-11.101862792968751,-4.2028662109374997,11.870781013098677,2.2929882812500182,225.58105231214165,3388.0821139385494,25,31,0,12,1,6,1,0.97666666666666657
2026-01-05T06:00:00Z,2026-01-06T07:00:00Z,2026-01-06T08:00:00Z,2026-01-06T08:00:00Z,2026-01-05T00:00:00Z,2026-01-05T04:01:59Z,-14.390673828125001,-4.29994873046875,15.019355922014155,-11.101862792968751,-4.2028662109374997,11.870781013098677,2.2929882812500182,225.58105231214165,3388.0821139385494,25,31,0,12,1,6,2,0.97333333333333327
2026-01-05T06:00:00Z,2026-01-06T08:00:00Z,2026-01-06T09:00:00Z,2026-01-06T09:00:00Z,2026-01-05T00:00:00Z,2026-01-05T04:01:59Z,-14.711186523437501,-3.80226806640625,15.19461257736379,-11.168193359375,-3.73974609375,11.777701123653385,3.1216210937500364,230.87625137618187,3508.0751929751368,26,32,0,13,1,6,1,0.96833333333333327
2026-01-05T06:00:00Z,2026-01-06T08:00:00Z,2026-01-06T09:00:00Z,2026-01-06T09:00:00Z,2026-01-05T00:00:00Z,2026-01-05T04:01:59Z,-14.711186523437501,-3.80226806640625,15.19461257736379,-11.168193359375,-3.73974609375,11.777701123653385,3.1216210937500364,230.87625137618187,3508.0751929751368,26,32,0,13,1,6,2,0.96666666666666667
2026-01-05T06:00:00Z,2026-01-06T09:00:00Z,2026-01-06T10:00:00Z,2026-01-06T10:00:00Z,2026-01-05T00:00:00Z,2026-01-05T04:01:59Z,-14.709404296875,-3.5117675781250002,15.122800213310187,-11.1398681640625,-3.3615893554687499,11.636019323956713,3.6075000000000159,228.69908629169464,3458.5705909558847,27,33,0,14,1,6,1,0.98666666666666669
2026-01-05T06:00:00Z,2026-01-06T09:00:00Z,2026-01-06T10:00:00Z,2026-01-06T10:00:00Z,2026-01-05T00:00:00Z,2026-01-05T04:01:59Z,-14.709404296875,-3.5117675781250002,15.122800213310187,-11.1398681640625,-3.3615893554687499,11.636019323956713,3.6075000000000159,228.69908629169464,3458.5705909558847,27,33,0,14,1,6,2,0.97000000000000008
2026-01-05T06:00:00Z,2026-01-06T10:00:00Z,2026-01-06T11:00:00Z,2026-01-06T11:00:00Z,2026-01-05T00:00:00Z,2026-01-05T04:01:59Z,-14.079360351562499,-3.4688867187499999,14.500398717851528,-10.2472607421875,-3.2960278320312502,10.764299893067905,3.0758984375000296,210.26156297667023,3048.8764982003672,28,34,0,15,1,6,1,0.98999999999999988
2026-01-05T06:00:00Z,2026-01-06T10:00:00Z,2026-01-06T11:00:00Z,2026-01-06T11:00:00Z,2026-01-05T00:00:00Z,2026-01-05T04:01:59Z,-14.079360351562499,-3.4688867187499999,14.500398717851528,-10.2472607421875,-3.2960278320312502,10.764299893067905,3.0758984375000296,210.26156297667023,3048.8764982003672,28,34,0,15,1,6,2,0.96499999999999997
2026-01-05T06:00:00Z,2026-01-06T11:00:00Z,2026-01-06T12:00:00Z,2026-01-06T12:00:00Z,2026-01-05T00:00:00Z,2026-01-05T04:01:59Z,-12.8795361328125,-4.5075195312499998,13.645518799995219,-9.0106005859374996,-3.9746435546875003,9.8482848408297023,1.8055468750000045,186.20018332102296,2540.7981020695752,29,35,0,16,1,6,1,0.98833333333333329
2026-01-05T06:00:00Z,2026-01-06T11:00:00Z,2026-01-06T12:00:00Z,2026-01-06T12:00:00Z,2026-01-05T00:00:00Z,2026-01-05T04:01:59Z,-12.8795361328125,-4.5075195312499998,13.645518799995219,-9.0106005859374996,-3.9746435546875003,9.8482848408297023,1.8055468750000045,186.20018332102296,2540.7981020695752,29,35,0,16,1,6,2,0.97000000000000008
2026-01-05T06:00:00Z,2026-01-06T12:00:00Z,2026-01-06T13:00:00Z,2026-01-06T13:00:00Z,2026-01-05T00:00:00Z,2026-01-05T04:01:59Z,-11.782465820312501,-5.0222631835937497,12.808185987567231,-7.7340966796875001,-4.1057910156249999,8.7563560523051009,0.43496093750002274,164.04962829211357,2101.1781503566617,30,36,0,17,1,6,1,0.98833333333333329
2026-01-05T06:00:00Z,2026-01-06T12:00:00Z,2026-01-06T13:00:00Z,2026-01-06T13:00:00Z,2026-01-05T00:00:00Z,2026-01-05T04:01:59Z,-11.782465820312501,-5.0222631835937497,12.808185987567231,-7.7340966796875001,-4.1057910156249999,8.7563560523051009,0.43496093750002274,164.04962829211357,2101.1781503566617,30,36,0,17,1,6,2,0.97000000000000008
2026-01-05T06:00:00Z,2026-01-06T13:00:00Z,2026-01-06T14:00:00Z,2026-01-06T14:00:00Z,2026-01-05T00:00:00Z,2026-01-05T04:01:59Z,-11.07671142578125,-5.0801806640625005,12.186130295936746,-7.0700805664062498,-3.96529052734375,8.1061438539984838,-0.28867187499997726,148.50177158954739,1809.661937767662,31,37,0,18,1,6,1,0.98999999999999988
2026-01-05T06:00:00Z,2026-01-06T13:00:00Z,2026-01-06T14:00:00Z,2026-01-06T14:00:00Z,2026-01-05T00:00:00Z,2026-01-05T04:01:59Z,-11.07671142578125,-5.0801806640625005,12.186130295936746,-7.0700805664062498,-3.96529052734375,8.1061438539984838,-0.28867187499997726,148.50177158954739,1809.661937767662,31,37,0,18,1,6,2,0.97000000000000008
2026-01-05T06:00:00Z,2026-01-06T14:00:00Z,2026-01-06T15:00:00Z,2026-01-06T15:00:00Z,2026-01-05T00:00:00Z,2026-01-05T04:01:59Z,-10.737045898437501,-4.9538525390624999,11.824754103317732,-6.6860595703125005,-3.6000122070312499,7.5936473758360279,-0.62503906249997954,139.82480960392954,1653.3939911096863,32,38,0,19,1,6,1,0.85499999999999998
2026-01-05T06:00:00Z,2026-01-06T14:00:00Z,2026-01-06T15:00:00Z,2026-01-06T15:00:00Z,2026-01-05T00:00:00Z,2026-01-05T04:01:59Z,-10.737045898437501,-4.9538525390624999,11.824754103317732,-6.6860595703125005,-3.6000122070312499,7.5936473758360279,-0.62503906249997954,139.82480960392954,1653.3939911096863,32,38,0,19,1,6,2,0.89166666666666661
2026-01-05T06:00:00Z,2026-01-06T15:00:00Z,2026-01-06T16:00:00Z,2026-01-06T16:00:00Z,2026-01-05T00:00:00Z,2026-01-05T04:01:59Z,-10.00473388671875,-5.1602709960937503,11.257135377047966,-6.0376635742187501,-3.6310449218750001,7.0454147259137381,-1.0297460937499636,126.72309689718486,1426.539057170377,33,39,0,20,1,6,1,0.69666666666666666
2026-01-05T06:00:00Z,2026-01-06T15:00:00Z,2026-01-06T16:00:00Z,2026-01-06T16:00:00Z,2026-01-05T00:00:00Z,2026-01-05T04:01:59Z,-10.00473388671875,-5.1602709960937503,11.257135377047966,-6.0376635742187501,-3.6310449218750001,7.0454147259137381,-1.0297460937499636,126.72309689718486,1426.539057170377,33,39,0,20,1,6,2,0.63500000000000001
2026-01-05T06:00:00Z,2026-01-06T16:00:00Z,2026-01-06T17:00:00Z,2026-01-06T17:00:00Z,2026-01-05T00:00:00Z,2026-01-05T04:01:59Z,-9.1193603515625004,-5.0140014648437505,10.406870034314132,-5.2456347656249998,-3.3683911132812501,6.2339989401960718,-1.4411523437499909,108.30294391110542,1127.0946616164872,34,40,0,21,1,6,1,0.46333333333333332
2026-01-05T06:00:00Z,2026-01-06T16:00:00Z,2026-01-06T17:00:00Z,2026-01-06T17:00:00Z,2026-01-05T00:00:00Z,2026-01-05T04:01:59Z,-9.1193603515625004,-5.0140014648437505,10.406870034314132,-5.2456347656249998,-3.3683911132812501,6.2339989401960718,-1.4411523437499909,108.30294391110542,1127.0946616164872,34,40,0,21,1,6,2,0.48500000000000004
2026-01-05T06:00:00Z,2026-01-06T17:00:00Z,2026-01-06T18:00:00Z,2026-01-06T18:00:00Z,2026-01-05T00:00:00Z,2026-01-05T04:01:59Z,-8.2866137695312503,-4.1323754882812498,9.2598323387377057,-4.6775463867187499,-2.5383129882812501,5.3218862282449182,-1.846347656249975,85.744494941532608,793.97964712833527,35,41,0,22,1,6,1,0.22999999999999998
2026-01-05T06:00:00Z,2026-01-06T17:00:00Z,2026-01-06T18:00:00Z,2026-01-06T18:00:00Z,2026-01-05T00:00:00Z,2026-01-05T04:01:59Z,-8.2866137695312503,-4.1323754882812498,9.2598323387377057,-4.6775463867187499,-2.5383129882812501,5.3218862282449182,-1.846347656249975,85.744494941532608,793.97964712833527,35,41,0,22,1,6,2,0.16500000000000001
2026-01-05T06:00:00Z,2026-01-06T18:00:00Z,2026-01-06T19:00:00Z,2026-01-06T19:00:00Z,2026-01-05T00:00:00Z,2026-01-05T04:01:59Z,-7.2748388671875004,-3.38218017578125,8.0226194777634561,-3.97540283203125,-2.0022851562500001,4.4511766448728105,-2.1969531249999932,64.362423284989589,516.35523068221369,36,42,0,23,1,6,1,0.02
2026-01-05T06:00:00Z,2026-01-06T18:00:00Z,2026-01-06T19:00:00Z,2026-01-06T19:00:00Z,2026-01-05T00:00:00Z,2026-01-05T04:01:59Z,-7.2748388671875004,-3.38218017578125,8.0226194777634561,-3.97540283203125,-2.0022851562500001,4.4511766448728105,-2.1969531249999932,64.362423284989589,516.35523068221369,36,42,0,23,1,6,2,0.021666666666666667
2026-01-05T06:00:00Z,2026-01-06T19:00:00Z,2026-01-06T20:00:00Z,2026-01-06T20:00:00Z,2026-01-05T00:00:00Z,2026-01-05T04:01:59Z,-6.8930297851562505,-2.62518310546875,7.3760047421547785,-4.0684423828125,-1.5547412109375001,4.3553924800472874,-2.2915624999999977,54.405445956289782,401.29482737263896,37,43,0,0,1,7,1,0.01
2026-01-05T06:00:00Z,2026-01-06T19:00:00Z,2026-01-06T20:00:00Z,2026-01-06T20:00:00Z,2026-01-05T00:00:00Z,2026-01-05T04:01:59Z,-6.8930297851562505,-2.62518310546875,7.3760047421547785,-4.0684423828125,-1.5547412109375001,4.3553924800472874,-2.2915624999999977,54.405445956289782,401.29482737263896,37,43,0,0,1,7,2,0.0083333333333333332
2026-01-05T06:00:00Z,2026-01-06T20:00:00Z,2026-01-06T21:00:00Z,2026-01-06T21:00:00Z,2026-01-05T00:00:00Z,2026-01-05T04:01:59Z,-6.6715039062499999,-2.0755249023437501,6.9868997410409461,-4.1042749023437501,-1.2040979003906249,4.2772566240212795,-2.4448046874999818,48.816767991358041,341.07786363727547,38,44,0,1,1,7,1,0.028333333333333335
2026-01-05T06:00:00Z,2026-01-06T20:00:00Z,2026-01-06T21:00:00Z,2026-01-06T21:00:00Z,2026-01-05T00:00:00Z,2026-01-05T04:01:59Z,-6.6715039062499999,-2.0755249023437501,6.9868997410409461,-4.1042749023437501,-1.2040979003906249,4.2772566240212795,-2.4448046874999818,48.816767991358041,341.07786363727547,38,44,0,1,1,7,2,0.02
2026-01-05T06:00:00Z,2026-01-06T21:00:00Z,2026-01-06T22:00:00Z,2026-01-06T22:00:00Z,2026-01-05T00:00:00Z,2026-01-05T04:01:59Z,-6.4860717773437502,-1.5180908203125001,6.661360734832801,-4.0983105468750001,-1.0018591308593749,4.2189893406730912,-2.5833789062499477,44.373726839572193,295.58940162732262,39,45,0,2,1,7,1,0.028333333333333332
2026-01-05T06:00:00Z,2026-01-06T21:00:00Z,2026-01-06T22:00:00Z,2026-01-06T22:00:00Z,2026-01-05T00:00:00Z,2026-01-05T04:01:59Z,-6.4860717773437502,-1.5180908203125001,6.661360734832801,-4.0983105468750001,-1.0018591308593749,4.2189893406730912,-2.5833789062499477,44.373726839572193,295.58940162732262,39,45,0,2,1,7,2,0.028333333333333332
2026-01-05T06:00:00Z,2026-01-06T22:00:00Z,2026-01-06T23:00:00Z,2026-01-06T23:00:00Z,2026-01-05T00:00:00Z,2026-01-05T04:01:59Z,-5.9413964843749998,-1.7066357421875,6.1816500823854055,-3.8241235351562501,-1.1983691406250001,4.0074941558707531,-2.8530859374999977,38.212797741055489,236.21814430417251,40,46,0,3,1,7,1,0.01
2026-01-05T06:00:00Z,2026-01-06T22:00:00Z,2026-01-06T23:00:00Z,2026-01-06T23:00:00Z,2026-01-05T00:00:00Z,2026-01-05T04:01:59Z,-5.9413964843749998,-1.7066357421875,6.1816500823854055,-3.8241235351562501,-1.1983691406250001,4.0074941558707531,-2.8530859374999977,38.212797741055489,236.21814430417251,40,46,0,3,1,7,2,0.0083333333333333332
2026-01-05T06:00:00Z,2026-01-06T23:00:00Z,2026-01-07T00:00:00Z,2026-01-07T00:00:00Z,2026-01-05T00:00:00Z,2026-01-05T04:01:59Z,-5.8838476562500004,-1.30721923828125,6.027311621186616,-3.9398779296874999,-0.82517700195312504,4.0253639817277405,-3.1605078124999864,36.32848537889123,218.96310210429917,41,47,0,4,1,7,1,0.01
2026-01-05T06:00:00Z,2026-01-06T23:00:00Z,2026-01-07T00:00:00Z,2026-01-07T00:00:00Z,2026-01-05T00:00:00Z,2026-01-05T04:01:59Z,-5.8838476562500004,-1.30721923828125,6.027311621186616,-3.9398779296874999,-0.82517700195312504,4.0253639817277405,-3.1605078124999864,36.32848537889123,218.96310210429917,41,47,0,4,1,7,2,0.01
2026-01-05T06:00:00Z,2026-01-07T00:00:00Z,2026-01-07T01:00:00Z,2026-01-07T01:00:00Z,2026-01-05T00:00:00Z,2026-01-05T04:01:59Z,-5.3657958984374998,-1.4473583984375,5.5575724878058281,-3.7066796874999999,-1.275927734375,3.9201359528812794,-3.3524609374999841,30.88661195721626,171.65458485495961,42,48,0,5,1,7,1,0.01
2026-01-05T06:00:00Z,2026-01-07T00:00:00Z,2026-01-07T01:00:00Z,2026-01-07T01:00:00Z,2026-01-05T00:00:00Z,2026-01-05T04:01:59Z,-5.3657958984374998,-1.4473583984375,5.5575724878058281,-3.7066796874999999,-1.275927734375,3.9201359528812794,-3.3524609374999841,30.88661195721626,171.65458485495961,42,48,0,5,1,7,2,0.01
2026-01-05T06:00:00Z,2026-01-07T01:00:00Z,2026-01-07T02:00:00Z,2026-01-07T02:00:00Z,2026-01-05T00:00:00Z,2026-01-05T04:01:59Z,-5.6977880859374999,-1.83986572265625,5.9874781794722827,-3.9319287109375001,-1.5494970703124999,4.2262281716445047,-3.7034765624999864,35.849894949656722,214.65046374744321,43,49,0,6,1,7,1,0.01
2026-01-05T06:00:00Z,2026-01-07T01:00:00Z,2026-01-07T02:00:00Z,2026-01-07T02:00:00Z,2026-01-05T00:00:00Z,2026-01-05T04:01:59Z,-5.6977880859374999,-1.83986572265625,5.9874781794722827,-3.9319287109375001,-1.5494970703124999,4.2262281716445047,-3.7034765624999864,35.849894949656722,214.65046374744321,43,49,0,6,1,7,2,0.01
2026-01-05T06:00:00Z,2026-01-07T02:00:00Z,2026-01-07T03:00:00Z,2026-01-07T03:00:00Z,2026-01-05T00:00:00Z,2026-01-05T04:01:59Z,-6.4767138671874998,-2.36492919921875,6.8949773483845682,-4.2508251953125002,-1.77021484375,4.6046905904888327,-4.2144921874999568,47.540712634736295,327.79213674256681,44,50,0,7,1,7,1,0.01
2026-01-05T06:00:00Z,2026-01-07T02:00:00Z,2026-01-07T03:00:00Z,2026-01-07T03:00:00Z,2026-01-05T00:00:00Z,2026-01-05T04:01:59Z,-6.4767138671874998,-2.36492919921875,6.8949773483845682,-4.2508251953125002,-1.77021484375,4.6046905904888327,-4.2144921874999568,47.540712634736295,327.79213674256681,44,50,0,7,1,7,2,0.01
2026-01-05T06:00:00Z,2026-01-07T03:00:00Z,2026-01-07T04:00:00Z,2026-01-07T04:00:00Z,2026-01-05T00:00:00Z,2026-01-05T04:01:59Z,-7.3124438476562501,-3.1630590820312499,7.9672315004364043,-4.70904541015625,-2.1159765625000002,5.1626025886139022,-4.032871093749975,63.476777781546119,505.73418348733588,45,51,0,8,1,7,1,0.01
2026-01-05T06:00:00Z,2026-01-07T03:00:00Z,2026-01-07T04:00:00Z,2026-01-07T04:00:00Z,2026-01-05T00:00:00Z,2026-01-05T04:01:59Z,-7.3124438476562501,-3.1630590820312499,7.9672315004364043,-4.70904541015625,-2.1159765625000002,5.1626025886139022,-4.032871093749975,63.476777781546119,505.73418348733588,45,51,0,8,1,7,2,0.01
2026-01-05T06:00:00Z,2026-01-07T04:00:00Z,2026-01-07T05:00:00Z,2026-01-07T05:00:00Z,2026-01-05T00:00:00Z,2026-01-05T04:01:59Z,-7.3880883789062501,-2.7057421874999998,7.86796610819765,-5.7606274414062497,-2.0614355468749999,6.1183613028818868,-2.8888085937499568,61.904890679746877,487.06558179992902,46,52,0,9,1,7,1,0.01
2026-01-05T06:00:00Z,2026-01-07T04:00:00Z,2026-01-07T05:00:00Z,2026-01-07T05:00:00Z,2026-01-05T00:00:00Z,2026-01-05T04:01:59Z,-7.3880883789062501,-2.7057421874999998,7.86796610819765,-5.7606274414062497,-2.0614355468749999,6.1183613028818868,-2.8888085937499568,61.904890679746877,487.06558179992902,46,52,0,9,1,7,2,0.01
2026-01-05T06:00:00Z,2026-01-07T05:00:00Z,2026-01-07T06:00:00Z,2026-01-07T06:00:00Z,2026-01-05T00:00:00Z,2026-01-05T04:01:59Z,-7.3511572265625,-2.6850073242187502,7.8261597799144376,-6.0004199218750003,-2.2671838378906251,6.4144494536652834,-1.6788085937499773,61.2487769007504,479.34271434960522,47,53,0,10,1,7,1,0.01
2026-01-05T06:00:00Z,2026-01-07T05:00:00Z,2026-01-07T06:00:00Z,2026-01-07T06:00:00Z,2026-01-05T00:00:00Z,2026-01-05T04:01:59Z,-7.3511572265625,-2.6850073242187502,7.8261597799144376,-6.0004199218750003,-2.2671838378906251,6.4144494536652834,-1.6788085937499773,61.2487769007504,479.34271434960522,47,53,0,10,1,7,2,0.01
2026-01-06T06:00:00Z,2026-01-06T06:00:00Z,2026-01-06T07:00:00Z,2026-01-06T07:00:00Z,2026-01-06T00:00:00Z,2026-01-06T04:01:43Z,-14.347207031250001,-5.1797460937500004,15.253593648490439,-11.0018408203125,-4.9744213867187499,12.074161236630035,1.3167968750000227,232.67211919326786,3549.0859595072411,0,6,0,11,1,6,1,0.98666666666666669
2026-01-06T06:00:00Z,2026-01-06T06:00:00Z,2026-01-06T07:00:00Z,2026-01-06T07:00:00Z,2026-01-06T00:00:00Z,2026-01-06T04:01:43Z,-14.347207031250001,-5.1797460937500004,15.253593648490439,-11.0018408203125,-4.9744213867187499,12.074161236630035,1.3167968750000227,232.67211919326786,3549.0859595072411,0,6,0,11,1,6,2,0.97499999999999998
2026-01-06T06:00:00Z,2026-01-06T07:00:00Z,2026-01-06T08:00:00Z,2026-01-06T08:00:00Z,2026-01-06T00:00:00Z,2026-01-06T04:01:43Z,-14.34958984375,-4.4799243164062501,15.032646159761134,-10.96018798828125,-4.4165405273437504,11.816579495274189,2.553554687500025,225.98045056458116,3397.0841523607419,1,7,0,12,1,6,1,0.97666666666666657
2026-01-06T06:00:00Z,2026-01-06T07:00:00Z,2026-01-06T08:00:00Z,2026-01-06T08:00:00Z,2026-01-06T00:00:00Z,2026-01-06T04:01:43Z,-14.34958984375,-4.4799243164062501,15.032646159761134,-10.96018798828125,-4.4165405273437504,11.816579495274189,2.553554687500025,225.98045056458116,3397.0841523607419,1,7,0,12,1,6,2,0.97333333333333327
2026-01-06T06:00:00Z,2026-01-06T08:00:00Z,2026-01-06T09:00:00Z,2026-01-06T09:00:00Z,2026-01-06T00:00:00Z,2026-01-06T04:01:43Z,-14.3389697265625,-4.1411962890625,14.924997806493,-10.933808593749999,-4.1309667968749997,11.6881588388268,3.2903515625000068,222.75555952382086,3324.6262372771471,2,8,0,13,1,6,1,0.96833333333333327
2026-01-06T06:00:00Z,2026-01-06T08:00:00Z,2026-01-06T09:00:00Z,2026-01-06T09:00:00Z,2026-01-06T00:00:00Z,2026-01-06T04:01:43Z,-14.3389697265625,-4.1411962890625,14.924997806493,-10.933808593749999,-4.1309667968749997,11.6881588388268,3.2903515625000068,222.75555952382086,3324.6262372771471,2,8,0,13,1,6,2,0.96666666666666667
2026-01-06T06:00:00Z,2026-01-06T09:00:00Z,2026-01-06T10:00:00Z,2026-01-06T10:00:00Z,2026-01-06T00:00:00Z,2026-01-06T04:01:43Z,-14.8598046875,-4.1947607421875004,15.440525024585286,-11.059140625,-3.9539550781249999,11.744715923484733,3.6482226562500273,238.40981303484443,3681.1726842712146,3,9,0,14,1,6,1,0.98666666666666669
2026-01-06T06:00:00Z,2026-01-06T09:00:00Z,2026-01-06T10:00:00Z,2026-01-06T10:00:00Z,2026-01-06T00:00:00Z,2026-01-06T04:01:43Z,-14.8598046875,-4.1947607421875004,15.440525024585286,-11.059140625,-3.9539550781249999,11.744715923484733,3.6482226562500273,238.40981303484443,3681.1726842712146,3,9,0,14,1,6,2,0.97000000000000008
2026-01-06T06:00:00Z,2026-01-06T10:00:00Z,2026-01-06T11:00:00Z,2026-01-06T11:00:00Z,2026-01-06T00:00:00Z,2026-01-06T04:01:43Z,-13.9858056640625,-3.9310546875000001,14.527764832521155,-10.0894873046875,-3.65952392578125,10.73265435178156,3.114101562500025,211.05595102903843,3066.1712230539715,4,10,0,15,1,6,1,0.98999999999999988
2026-01-06T06:00:00Z,2026-01-06T10:00:00Z,2026-01-06T11:00:00Z,2026-01-06T11:00:00Z,2026-01-06T00:00:00Z,2026-01-06T04:01:43Z,-13.9858056640625,-3.9310546875000001,14.527764832521155,-10.0894873046875,-3.65952392578125,10.73265435178156,3.114101562500025,211.05595102903843,3066.1712230539715,4,10,0,15,1,6,2,0.96499999999999997
2026-01-06T06:00:00Z,2026-01-06T11:00:00Z,2026-01-06T12:00:00Z,2026-01-06T12:00:00Z,2026-01-06T00:00:00Z,2026-01-06T04:01:43Z,-12.583798828125,-5.3494848632812504,13.673660126286427,-8.7910742187499995,-4.4702294921875003,9.8623494985928097,1.7587304687500023,186.96898124919534,2556.5503037595167,5,11,0,16,1,6,1,0.98833333333333329
2026-01-06T06:00:00Z,2026-01-06T11:00:00Z,2026-01-06T12:00:00Z,2026-01-06T12:00:00Z,2026-01-06T00:00:00Z,2026-01-06T04:01:43Z,-12.583798828125,-5.3494848632812504,13.673660126286427,-8.7910742187499995,-4.4702294921875003,9.8623494985928097,1.7587304687500023,186.96898124919534,2556.5503037595167,5,11,0,16,1,6,2,0.97000000000000008
2026-01-06T06:00:00Z,2026-01-06T12:00:00Z,2026-01-06T13:00:00Z,2026-01-06T13:00:00Z,2026-01-06T00:00:00Z,2026-01-06T04:01:43Z,-12.037734374999999,-5.6390673828124998,13.293085790400829,-7.9974340820312504,-4.5274023437500004,9.1900121805484041,0.5972851562500523,176.70612983095643,2348.9697435326111,6,12,0,17,1,6,1,0.98833333333333329
2026-01-06T06:00:00Z,2026-01-06T12:00:00Z,2026-01-06T13:00:00Z,2026-01-06T13:00:00Z,2026-01-06T00:00:00Z,2026-01-06T04:01:43Z,-12.037734374999999,-5.6390673828124998,13.293085790400829,-7.9974340820312504,-4.5274023437500004,9.1900121805484041,0.5972851562500523,176.70612983095643,2348.9697435326111,6,12,0,17,1,6,2,0.97000000000000008
2026-01-06T06:00:00Z,2026-01-06T13:00:00Z,2026-01-06T14:00:00Z,2026-01-06T14:00:00Z,2026-01-06T00:00:00Z,2026-01-06T04:01:43Z,-11.3875732421875,-5.6213281249999998,12.699454879446627,-7.2994775390625,-4.2919506835937504,8.4677749741994681,-0.086523437499977263,161.27615423510073,2048.1192438393368,7,13,0,18,1,6,1,0.98999999999999988
2026-01-06T06:00:00Z,2026-01-06T13:00:00Z,2026-01-06T14:00:00Z,2026-01-06T14:00:00Z,2026-01-06T00:00:00Z,2026-01-06T04:01:43Z,-11.3875732421875,-5.6213281249999998,12.699454879446627,-7.2994775390625,-4.2919506835937504,8.4677749741994681,-0.086523437499977263,161.27615423510073,2048.1192438393368,7,13,0,18,1,6,2,0.97000000000000008
2026-01-06T06:00:00Z,2026-01-06T14:00:00Z,2026-01-06T15:00:00Z,2026-01-06T15:00:00Z,2026-01-06T00:00:00Z,2026-01-06T04:01:43Z,-10.7048681640625,-5.3597875976562497,11.971696851405342,-6.5435473632812498,-3.9563916015625002,7.6466362931958054,-0.57328124999997954,143.3215255019486,1715.8018555902886,8,14,0,19,1,6,1,0.85499999999999998
2026-01-06T06:00:00Z,2026-01-06T14:00:00Z,2026-01-06T15:00:00Z,2026-01-06T15:00:00Z,2026-01-06T00:00:00Z,2026-01-06T04:01:43Z,-10.7048681640625,-5.3597875976562497,11.971696851405342,-6.5435473632812498,-3.9563916015625002,7.6466362931958054,-0.57328124999997954,143.3215255019486,1715.8018555902886,8,14,0,19,1,6,2,0.89166666666666661
2026-01-06T06:00:00Z,2026-01-06T15:00:00Z,2026-01-06T16:00:00Z,2026-01-06T16:00:00Z,2026-01-06T00:00:00Z,2026-01-06T04:01:43Z,-9.8349536132812503,-5.1019140624999997,11.079523440858328,-5.7151806640625002,-3.6591333007812499,6.7862026594967064,-1.1319335937499773,122.75583967652915,1360.0762031983515,9,15,0,20,1,6,1,0.69666666666666666
2026-01-06T06:00:00Z,2026-01-06T15:00:00Z,2026-01-06T16:00:00Z,2026-01-06T16:00:00Z,2026-01-06T00:00:00Z,2026-01-06T04:01:43Z,-9.8349536132812503,-5.1019140624999997,11.079523440858328,-5.7151806640625002,-3.6591333007812499,6.7862026594967064,-1.1319335937499773,122.75583967652915,1360.0762031983515,9,15,0,20,1,6,2,0.63500000000000001
2026-01-06T06:00:00Z,2026-01-06T16:00:00Z,2026-01-06T17:00:00Z,2026-01-06T17:00:00Z,2026-01-06T00:00:00Z,2026-01-06T04:01:43Z,-8.8565332031250001,-5.1252636718750004,10.232619805518878,-4.8429931640625004,-3.3675195312500001,5.8987092300355277,-1.5086523437499864,104.7065080842972,1071.4218883901019,10,16,0,21,1,6,1,0.46333333333333332
2026-01-06T06:00:00Z,2026-01-06T16:00:00Z,2026-01-06T17:00:00Z,2026-01-06T17:00:00Z,2026-01-06T00:00:00Z,2026-01-06T04:01:43Z,-8.8565332031250001,-5.1252636718750004,10.232619805518878,-4.8429931640625004,-3.3675195312500001,5.8987092300355277,-1.5086523437499864,104.7065080842972,1071.4218883901019,10,16,0,21,1,6,2,0.48500000000000004
2026-01-06T06:00:00Z,2026-01-06T17:00:00Z,2026-01-06T18:00:00Z,2026-01-06T18:00:00Z,2026-01-06T00:00:00Z,2026-01-06T04:01:43Z,-7.73606201171875,-4.3859814453124999,8.8928897827299913,-3.9328540039062503,-2.4612792968749999,4.6395297599290082,-2.0101953124999454,79.083488687783472,703.28074853423243,11,17,0,22,1,6,1,0.22999999999999998
2026-01-06T06:00:00Z,2026-01-06T17:00:00Z,2026-01-06T18:00:00Z,2026-01-06T18:00:00Z,2026-01-06T00:00:00Z,2026-01-06T04:01:43Z,-7.73606201171875,-4.3859814453124999,8.8928897827299913,-3.9328540039062503,-2.4612792968749999,4.6395297599290082,-2.0101953124999454,79.083488687783472,703.28074853423243,11,17,0,22,1,6,2,0.16500000000000001
2026-01-06T06:00:00Z,2026-01-06T18:00:00Z,2026-01-06T19:00:00Z,2026-01-06T19:00:00Z,2026-01-06T00:00:00Z,2026-01-06T04:01:43Z,-6.8515917968749998,-3.1807788085937503,7.5539171282324684,-3.6004394531249999,-1.52974365234375,3.9119406817467266,-2.2828906249999932,57.061663980203861,431.0390809055076,12,18,0,23,1,6,1,0.02
2026-01-06T06:00:00Z,2026-01-06T18:00:00Z,2026-01-06T19:00:00Z,2026-01-06T19:00:00Z,2026-01-06T00:00:00Z,2026-01-06T04:01:43Z,-6.8515917968749998,-3.1807788085937503,7.5539171282324684,-3.6004394531249999,-1.52974365234375,3.9119406817467266,-2.2828906249999932,57.061663980203861,431.0390809055076,12,18,0,23,1,6,2,0.021666666666666667
2026-01-06T06:00:00Z,2026-01-06T19:00:00Z,2026-01-06T20:00:00Z,2026-01-06T20:00:00Z,2026-01-06T00:00:00Z,2026-01-06T04:01:43Z,-6.1911059570312501,-2.0014965820312502,6.5065952339968565,-3.6229931640625002,-1.1687841796875,3.8068538093196316,-2.2473046874999909,42.335781539070609,275.4617943896489,13,19,0,0,1,7,1,0.01
2026-01-06T06:00:00Z,2026-01-06T19:00:00Z,2026-01-06T20:00:00Z,2026-01-06T20:00:00Z,2026-01-06T00:00:00Z,2026-01-06T04:01:43Z,-6.1911059570312501,-2.0014965820312502,6.5065952339968565,-3.6229931640625002,-1.1687841796875,3.8068538093196316,-2.2473046874999909,42.335781539070609,275.4617943896489,13,19,0,0,1,7,2,0.0083333333333333332
2026-01-06T06:00:00Z,2026-01-06T20:00:00Z,2026-01-06T21:00:00Z,2026-01-06T21:00:00Z,2026-01-06T00:00:00Z,2026-01-06T04:01:43Z,-5.4594287109374999,-1.2546752929687501,5.6017472221258711,-3.5184594726562501,-0.93148681640624997,3.6396737147528966,-2.2476367187499591,31.379571940594914,175.78042994972648,14,20,0,1,1,7,1,0.028333333333333335
2026-01-06T06:00:00Z,2026-01-06T20:00:00Z,2026-01-06T21:00:00Z,2026-01-06T21:00:00Z,2026-01-06T00:00:00Z,2026-01-06T04:01:43Z,-5.4594287109374999,-1.2546752929687501,5.6017472221258711,-3.5184594726562501,-0.93148681640624997,3.6396737147528966,-2.2476367187499591,31.379571940594914,175.78042994972648,14,20,0,1,1,7,2,0.02
2026-01-06T06:00:00Z,2026-01-06T21:00:00Z,2026-01-06T22:00:00Z,2026-01-06T22:00:00Z,2026-01-06T00:00:00Z,2026-01-06T04:01:43Z,-4.9904150390625004,-1.0077563476562501,5.091150667417204,-3.4968701171875001,-0.79913574218750005,3.5870208461786901,-2.3424218749999568,25.91981511834264,131.96168403908067,15,21,0,2,1,7,1,0.028333333333333332
2026-01-06T06:00:00Z,2026-01-06T21:00:00Z,2026-01-06T22:00:00Z,2026-01-06T22:00:00Z,2026-01-06T00:00:00Z,2026-01-06T04:01:43Z,-4.9904150390625004,-1.0077563476562501,5.091150667417204,-3.4968701171875001,-0.79913574218750005,3.5870208461786901,-2.3424218749999568,25.91981511834264,131.96168403908067,15,21,0,2,1,7,2,0.028333333333333332
2026-01-06T06:00:00Z,2026-01-06T22:00:00Z,2026-01-06T23:00:00Z,2026-01-06T23:00:00Z,2026-01-06T00:00:00Z,2026-01-06T04:01:43Z,-4.5352001953125001,-0.240263671875,4.5415600231182012,-3.4420263671875002,-0.27122558593750001,3.4526958787129107,-2.5452539062499682,20.625767443585396,93.67316086792033,16,22,0,3,1,7,1,0.01
2026-01-06T06:00:00Z,2026-01-06T22:00:00Z,2026-01-06T23:00:00Z,2026-01-06T23:00:00Z,2026-01-06T00:00:00Z,2026-01-06T04:01:43Z,-4.5352001953125001,-0.240263671875,4.5415600231182012,-3.4420263671875002,-0.27122558593750001,3.4526958787129107,-2.5452539062499682,20.625767443585396,93.67316086792033,16,22,0,3,1,7,2,0.0083333333333333332
2026-01-06T06:00:00Z,2026-01-06T23:00:00Z,2026-01-07T00:00:00Z,2026-01-07T00:00:00Z,2026-01-06T00:00:00Z,2026-01-06T04:01:43Z,-4.0969946289062502,-0.47194824218750003,4.1240877939964538,-3.2822729492187501,-0.83482910156250001,3.3867765414902711,-2.6910937499999932,17.008100132590535,70.142898155886087,17,23,0,4,1,7,1,0.01
2026-01-06T06:00:00Z,2026-01-06T23:00:00Z,2026-01-07T00:00:00Z,2026-01-07T00:00:00Z,2026-01-06T00:00:00Z,2026-01-06T04:01:43Z,-4.0969946289062502,-0.47194824218750003,4.1240877939964538,-3.2822729492187501,-0.83482910156250001,3.3867765414902711,-2.6910937499999932,17.008100132590535,70.142898155886087,17,23,0,4,1,7,2,0.01
2026-01-06T06:00:00Z,2026-01-07T00:00:00Z,2026-01-07T01:00:00Z,2026-01-07T01:00:00Z,2026-01-06T00:00:00Z,2026-01-06T04:01:43Z,-4.2870751953125001,-1.4607958984375,4.5291211495339283,-3.4207275390625003,-1.7336865234375001,3.8349766437423574,-2.9733789062499909,20.512938387155533,92.905583088352515,18,24,0,5,1,7,1,0.01
2026-01-06T06:00:00Z,2026-01-07T00:00:00Z,2026-01-07T01:00:00Z,2026-01-07T01:00:00Z,2026-01-06T00:00:00Z,2026-01-06T04:01:43Z,-4.2870751953125001,-1.4607958984375,4.5291211495339283,-3.4207275390625003,-1.7336865234375001,3.8349766437423574,-2.9733789062499909,20.512938387155533,92.905583088352515,18,24,0,5,1,7,2,0.01
2026-01-06T06:00:00Z,2026-01-07T01:00:00Z,2026-01-07T02:00:00Z,2026-01-07T02:00:00Z,2026-01-06T00:00:00Z,2026-01-06T04:01:43Z,-5.5271533203125003,-1.9923950195312501,5.8752924812382261,-3.9927050781250002,-1.8828710937499999,4.4143966061699178,-3.4629101562499613,34.519061740094429,202.80958390097493,19,25,0,6,1,7,1,0.01
2026-01-06T06:00:00Z,2026-01-07T01:00:00Z,2026-01-07T02:00:00Z,2026-01-07T02:00:00Z,2026-01-06T00:00:00Z,2026-01-06T04:01:43Z,-5.5271533203125003,-1.9923950195312501,5.8752924812382261,-3.9927050781250002,-1.8828710937499999,4.4143966061699178,-3.4629101562499613,34.519061740094429,202.80958390097493,19,25,0,6,1,7,2,0.01
2026-01-06T06:00:00Z,2026-01-07T02:00:00Z,2026-01-07T03:00:00Z,2026-01-07T03:00:00Z,2026-01-06T00:00:00Z,2026-01-06T04:01:43Z,-6.3663989257812501,-2.4819433593750002,6.8330870125686474,-4.2924121093750003,-1.781494140625,4.647421122492597,-3.9450976562499704,46.691078121334321,319.04419951371767,20,26,0,7,1,7,1,0.01
2026-01-06T06:00:00Z,2026-01-07T02:00:00Z,2026-01-07T03:00:00Z,2026-01-07T03:00:00Z,2026-01-06T00:00:00Z,2026-01-06T04:01:43Z,-6.3663989257812501,-2.4819433593750002,6.8330870125686474,-4.2924121093750003,-1.781494140625,4.647421122492597,-3.9450976562499704,46.691078121334321,319.04419951371767,20,26,0,7,1,7,2,0.01
2026-01-06T06:00:00Z,2026-01-07T03:00:00Z,2026-01-07T04:00:00Z,2026-01-07T04:00:00Z,2026-01-06T00:00:00Z,2026-01-06T04:01:43Z,-7.1686376953125004,-2.4322412109375002,7.5700174183972679,-4.79461669921875,-1.6154748535156251,5.0594573122785249,-3.9131640624999591,57.305163714838038,433.80108748543103,21,27,0,8,1,7,1,0.01
2026-01-06T06:00:00Z,2026-01-07T03:00:00Z,2026-01-07T04:00:00Z,2026-01-07T04:00:00Z,2026-01-06T00:00:00Z,2026-01-06T04:01:43Z,-7.1686376953125004,-2.4322412109375002,7.5700174183972679,-4.79461669921875,-1.6154748535156251,5.0594573122785249,-3.9131640624999591,57.305163714838038,433.80108748543103,21,27,0,8,1,7,2,0.01
2026-01-06T06:00:00Z,2026-01-07T04:00:00Z,2026-01-07T05:00:00Z,2026-01-07T05:00:00Z,2026-01-06T00:00:00Z,2026-01-06T04:01:43Z,-6.9941943359375003,-2.7843359374999999,7.5280330114654923,-5.3136669921874997,-2.18776611328125,5.7464230152578128,-2.8296874999999773,56.671281021714208,426.62327433350242,22,28,0,9,1,7,1,0.01
2026-01-06T06:00:00Z,2026-01-07T04:00:00Z,2026-01-07T05:00:00Z,2026-01-07T05:00:00Z,2026-01-06T00:00:00Z,2026-01-06T04:01:43Z,-6.9941943359375003,-2.7843359374999999,7.5280330114654923,-5.3136669921874997,-2.18776611328125,5.7464230152578128,-2.8296874999999773,56.671281021714208,426.62327433350242,22,28,0,9,1,7,2,0.01
2026-01-06T06:00:00Z,2026-01-07T05:00:00Z,2026-01-07T06:00:00Z,2026-01-07T06:00:00Z,2026-01-06T00:00:00Z,2026-01-06T04:01:43Z,-7.2292749023437501,-2.7573364257812503,7.7372682374722768,-5.7587915039062505,-2.2266088867187501,6.1742583943237852,-1.9110546874999841,59.865319778597353,463.19403724906215,23,29,0,10,1,7,1,0.01
2026-01-06T06:00:00Z,2026-01-07T05:00:00Z,2026-01-07T06:00:00Z,2026-01-07T06:00:00Z,2026-01-06T00:00:00Z,2026-01-06T04:01:43Z,-7.2292749023437501,-2.7573364257812503,7.7372682374722768,-5.7587915039062505,-2.2266088867187501,6.1742583943237852,-1.9110546874999841,59.865319778597353,463.19403724906215,23,29,0,10,1,7,2,0.01
2026-01-06T06:00:00Z,2026-01-07T06:00:00Z,2026-01-07T07:00:00Z,2026-01-07T07:00:00Z,2026-01-06T00:00:00Z,2026-01-06T04:01:43Z,-6.9195581054687505,-2.2410644531249999,7.2734210835080031,-5.7268164062500002,-1.8921630859375,6.0313105785292382,-0.60935546874998181,52.902654258018735,384.78328085380792,24,30,0,11,1,7,1,0.01
2026-01-06T06:00:00Z,2026-01-07T06:00:00Z,2026-01-07T07:00:00Z,2026-01-07T07:00:00Z,2026-01-06T00:00:00Z,2026-01-06T04:01:43Z,-6.9195581054687505,-2.2410644531249999,7.2734210835080031,-5.7268164062500002,-1.8921630859375,6.0313105785292382,-0.60935546874998181,52.902654258018735,384.78328085380792,24,30,0,11,1,7,2,0.01
2026-01-06T06:00:00Z,2026-01-07T07:00:00Z,2026-01-07T08:00:00Z,2026-01-07T08:00:00Z,2026-01-06T00:00:00Z,2026-01-06T04:01:43Z,-6.3448120117187505,-2.0140747070312499,6.6568112778982664,-5.3141040039062499,-1.8063037109375,5.6127029549477339,0.71097656250003638,44.313136389553549,294.98418607702411,25,31,0,12,1,7,1,0.01
2026-01-06T06:00:00Z,2026-01-07T07:00:00Z,2026-01-07T08:00:00Z,2026-01-07T08:00:00Z,2026-01-06T00:00:00Z,2026-01-06T04:01:43Z,-6.3448120117187505,-2.0140747070312499,6.6568112778982664,-5.3141040039062499,-1.8063037109375,5.6127029549477339,0.71097656250003638,44.313136389553549,294.98418607702411,25,31,0,12,1,7,2,0.01
2026-01-06T06:00:00Z,2026-01-07T08:00:00Z,2026-01-07T09:00:00Z,2026-01-07T09:00:00Z,2026-01-06T00:00:00Z,2026-01-06T04:01:43Z,-5.7364086914062504,-2.11525390625,6.1139744653332544,-4.8142993164062498,-1.91024658203125,5.1794323928507611,1.5676757812500455,37.380683762747054,228.54454602213289,26,32,0,13,1,7,1,0.01
2026-01-06T06:00:00Z,2026-01-07T08:00:00Z,2026-01-07T09:00:00Z,2026-01-07T09:00:00Z,2026-01-06T00:00:00Z,2026-01-06T04:01:43Z,-5.7364086914062504,-2.11525390625,6.1139744653332544,-4.8142993164062498,-1.91024658203125,5.1794323928507611,1.5676757812500455,37.380683762747054,228.54454602213289,26,32,0,13,1,7,2,0.01
2026-01-06T06:00:00Z,2026-01-07T09:00:00Z,2026-01-07T10:00:00Z,2026-01-07T10:00:00Z,2026-01-06T00:00:00Z,2026-01-06T04:01:43Z,-5.8131884765624999,-2.4371508789062499,6.3034010399618827,-4.8336279296875002,-2.09181640625,5.2668448657722715,1.7975195312500318,39.732864670592548,250.45218048527781,27,33,0,14,1,7,1,0.01
2026-01-06T06:00:00Z,2026-01-07T09:00:00Z,2026-01-07T10:00:00Z,2026-01-07T10:00:00Z,2026-01-06T00:00:00Z,2026-01-06T04:01:43Z,-5.8131884765624999,-2.4371508789062499,6.3034010399618827,-4.8336279296875002,-2.09181640625,5.2668448657722715,1.7975195312500318,39.732864670592548,250.45218048527781,27,33,0,14,1,7,2,0.01
2026-01-06T06:00:00Z,2026-01-07T10:00:00Z,2026-01-07T11:00:00Z,2026-01-07T11:00:00Z,2026-01-06T00:00:00Z,2026-01-06T04:01:43Z,-5.93198486328125,-2.5263110351562501,6.4475337815749452,-4.6947656250000005,-2.0268041992187502,5.1135857806095721,1.3014062500000136,41.570691864550113,268.02844012012957,28,34,0,15,1,7,1,0.01
2026-01-06T06:00:00Z,2026-01-07T10:00:00Z,2026-01-07T11:00:00Z,2026-01-07T11:00:00Z,2026-01-06T00:00:00Z,2026-01-06T04:01:43Z,-5.93198486328125,-2.5263110351562501,6.4475337815749452,-4.6947656250000005,-2.0268041992187502,5.1135857806095721,1.3014062500000136,41.570691864550113,268.02844012012957,28,34,0,15,1,7,2,0.01
2026-01-06T06:00:00Z,2026-01-07T11:00:00Z,2026-01-07T12:00:00Z,2026-01-07T12:00:00Z,2026-01-06T00:00:00Z,2026-01-06T04:01:43Z,-5.9741894531249997,-2.9914086914062499,6.6812772417293713,-4.0345922851562497,-1.96058349609375,4.4857354528101094,-0.10466796874999318,44.639465580850839,298.24864546830031,29,35,0,16,1,7,1,0.011666666666666667
2026-01-06T06:00:00Z,2026-01-07T11:00:00Z,2026-01-07T12:00:00Z,2026-01-07T12:00:00Z,2026-01-06T00:00:00Z,2026-01-06T04:01:43Z,-5.9741894531249997,-2.9914086914062499,6.6812772417293713,-4.0345922851562497,-1.96058349609375,4.4857354528101094,-0.10466796874999318,44.639465580850839,298.24864546830031,29,35,0,16,1,7,2,0.0083333333333333332
2026-01-06T06:00:00Z,2026-01-07T12:00:00Z,2026-01-07T13:00:00Z,2026-01-07T13:00:00Z,2026-01-06T00:00:00Z,2026-01-06T04:01:43Z,-6.4581372070312497,-3.0069409179687501,7.1238493715824829,-3.8149291992187502,-1.7096582031250001,4.1805042718031542,-1.5906249999999886,50.749229868996139,361.52986931054312,30,36,0,17,1,7,1,0.028333333333333332
2026-01-06T06:00:00Z,2026-01-07T12:00:00Z,2026-01-07T13:00:00Z,2026-01-07T13:00:00Z,2026-01-06T00:00:00Z,2026-01-06T04:01:43Z,-6.4581372070312497,-3.0069409179687501,7.1238493715824829,-3.8149291992187502,-1.7096582031250001,4.1805042718031542,-1.5906249999999886,50.749229868996139,361.52986931054312,30,36,0,17,1,7,2,0.021666666666666667
2026-01-06T06:00:00Z,2026-01-07T13:00:00Z,2026-01-07T14:00:00Z,2026-01-07T14:00:00Z,2026-01-06T00:00:00Z,2026-01-06T04:01:43Z,-6.6300341796874998,-3.0812329101562499,7.3110429810290718,-3.9568530273437501,-1.67252685546875,4.2958156341099629,-2.0873046874999659,53.45134947045446,390.78511337249807,31,37,0,18,1,7,1,0.02
2026-01-06T06:00:00Z,2026-01-07T13:00:00Z,2026-01-07T14:00:00Z,2026-01-07T14:00:00Z,2026-01-06T00:00:00Z,2026-01-06T04:01:43Z,-6.6300341796874998,-3.0812329101562499,7.3110429810290718,-3.9568530273437501,-1.67252685546875,4.2958156341099629,-2.0873046874999659,53.45134947045446,390.78511337249807,31,37,0,18,1,7,2,0.02
2026-01-06T06:00:00Z,2026-01-07T14:00:00Z,2026-01-07T15:00:00Z,2026-01-07T15:00:00Z,2026-01-06T00:00:00Z,2026-01-06T04:01:43Z,-6.7127929687500005,-3.317099609375,7.4876390978609022,-3.9018652343750002,-1.835234375,4.3119180788143359,-2.5508984374999955,56.064739259815227,419.79253369316962,32,38,0,19,1,7,1,0.011666666666666667
2026-01-06T06:00:00Z,2026-01-07T14:00:00Z,2026-01-07T15:00:00Z,2026-01-07T15:00:00Z,2026-01-06T00:00:00Z,2026-01-06T04:01:43Z,-6.7127929687500005,-3.317099609375,7.4876390978609022,-3.9018652343750002,-1.835234375,4.3119180788143359,-2.5508984374999955,56.064739259815227,419.79253369316962,32,38,0,19,1,7,2,0.0083333333333333332
2026-01-06T06:00:00Z,2026-01-07T15:00:00Z,2026-01-07T16:00:00Z,2026-01-07T16:00:00Z,2026-01-06T00:00:00Z,2026-01-06T04:01:43Z,-7.01975341796875,-3.5960766601562502,7.8872495456150284,-3.9896411132812499,-1.97321533203125,4.4509341670426048,-2.83332031249995,62.208705394804475,490.65558335847078,33,39,0,20,1,7,1,0.01
2026-01-06T06:00:00Z,2026-01-07T15:00:00Z,2026-01-07T16:00:00Z,2026-01-07T16:00:00Z,2026-01-06T00:00:00Z,2026-01-06T04:01:43Z,-7.01975341796875,-3.5960766601562502,7.8872495456150284,-3.9896411132812499,-1.97321533203125,4.4509341670426048,-2.83332031249995,62.208705394804475,490.65558335847078,33,39,0,20,1,7,2,0.01
2026-01-06T06:00:00Z,2026-01-07T16:00:00Z,2026-01-07T17:00:00Z,2026-01-07T17:00:00Z,2026-01-06T00:00:00Z,2026-01-06T04:01:43Z,-7.4334790039062497,-4.0364746093750004,8.4587077839138125,-4.23880859375,-2.1618896484375001,4.7582838446723699,-3.0293945312499773,71.54973737364412,605.21832045943256,34,40,0,21,1,7,1,0.01
2026-01-06T06:00:00Z,2026-01-07T16:00:00Z,2026-01-07T17:00:00Z,2026-01-07T17:00:00Z,2026-01-06T00:00:00Z,2026-01-06T04:01:43Z,-7.4334790039062497,-4.0364746093750004,8.4587077839138125,-4.23880859375,-2.1618896484375001,4.7582838446723699,-3.0293945312499773,71.54973737364412,605.21832045943256,34,40,0,21,1,7,2,0.01
2026-01-06T06:00:00Z,2026-01-07T17:00:00Z,2026-01-07T18:00:00Z,2026-01-07T18:00:00Z,2026-01-06T00:00:00Z,2026-01-06T04:01:43Z,-7.7015527343750003,-4.1216455078125005,8.735094516513831,-4.3217895507812498,-2.2749487304687501,4.8839795912251081,-3.2255468749999636,76.301876212430003,666.50410050291441,35,41,0,22,1,7,1,0.01
2026-01-06T06:00:00Z,2026-01-07T17:00:00Z,2026-01-07T18:00:00Z,2026-01-07T18:00:00Z,2026-01-06T00:00:00Z,2026-01-06T04:01:43Z,-7.7015527343750003,-4.1216455078125005,8.735094516513831,-4.3217895507812498,-2.2749487304687501,4.8839795912251081,-3.2255468749999636,76.301876212430003,666.50410050291441,35,41,0,22,1,7,2,0.01
2026-01-06T06:00:00Z,2026-01-07T18:00:00Z,2026-01-07T19:00:00Z,2026-01-07T19:00:00Z,2026-01-06T00:00:00Z,2026-01-06T04:01:43Z,-7.8905004882812504,-4.2482592773437498,8.9614566250751828,-4.4161718749999999,-2.3508325195312501,5.0028979166505749,-3.40558593749995,80.307704843103892,719.67401361081568,36,42,0,23,1,7,1,0.01
2026-01-06T06:00:00Z,2026-01-07T18:00:00Z,2026-01-07T19:00:00Z,2026-01-07T19:00:00Z,2026-01-06T00:00:00Z,2026-01-06T04:01:43Z,-7.8905004882812504,-4.2482592773437498,8.9614566250751828,-4.4161718749999999,-2.3508325195312501,5.0028979166505749,-3.40558593749995,80.307704843103892,719.67401361081568,36,42,0,23,1,7,2,0.01
2026-01-06T06:00:00Z,2026-01-07T19:00:00Z,2026-01-07T20:00:00Z,2026-01-07T20:00:00Z,2026-01-06T00:00:00Z,2026-01-06T04:01:43Z,-7.8253759765625004,-4.2865771484374999,8.9225138175330425,-4.3155761718750005,-2.3848706054687501,4.9307003052390206,-3.6404296874999886,79.611252824068075,710.3325033538639,37,43,0,0,1,8,1,0.01
2026-01-06T06:00:00Z,2026-01-07T19:00:00Z,2026-01-07T20:00:00Z,2026-01-07T20:00:00Z,2026-01-06T00:00:00Z,2026-01-06T04:01:43Z,-7.8253759765625004,-4.2865771484374999,8.9225138175330425,-4.3155761718750005,-2.3848706054687501,4.9307003052390206,-3.6404296874999886,79.611252824068075,710.3325033538639,37,43,0,0,1,8,2,0.01
2026-01-06T06:00:00Z,2026-01-07T20:00:00Z,2026-01-07T21:00:00Z,2026-01-07T21:00:00Z,2026-01-06T00:00:00Z,2026-01-06T04:01:43Z,-7.9021899414062498,-4.3476953125,9.0192605240339176,-4.4991577148437498,-2.4540185546875,5.1249026536890003,-3.8667968749999773,81.347060400396572,733.69033061549953,38,44,0,1,1,8,1,0.01
2026-01-06T06:00:00Z,2026-01-07T20:00:00Z,2026-01-07T21:00:00Z,2026-01-07T21:00:00Z,2026-01-06T00:00:00Z,2026-01-06T04:01:43Z,-7.9021899414062498,-4.3476953125,9.0192605240339176,-4.4991577148437498,-2.4540185546875,5.1249026536890003,-3.8667968749999773,81.347060400396572,733.69033061549953,38,44,0,1,1,8,2,0.01
2026-01-06T06:00:00Z,2026-01-07T21:00:00Z,2026-01-07T22:00:00Z,2026-01-07T22:00:00Z,2026-01-06T00:00:00Z,2026-01-06T04:01:43Z,-7.7495166015625001,-4.29782958984375,8.8615092812245759,-4.4916015625000005,-2.42378662109375,5.1038442551517482,-4.1664453124999454,78.526346741229304,695.86195046806267,39,45,0,2,1,8,1,0.01
2026-01-06T06:00:00Z,2026-01-07T21:00:00Z,2026-01-07T22:00:00Z,2026-01-07T22:00:00Z,2026-01-06T00:00:00Z,2026-01-06T04:01:43Z,-7.7495166015625001,-4.29782958984375,8.8615092812245759,-4.4916015625000005,-2.42378662109375,5.1038442551517482,-4.1664453124999454,78.526346741229304,695.86195046806267,39,45,0,2,1,8,2,0.01
2026-01-06T06:00:00Z,2026-01-07T22:00:00Z,2026-01-07T23:00:00Z,2026-01-07T23:00:00Z,2026-01-06T00:00:00Z,2026-01-06T04:01:43Z,-7.7066845703125004,-2.9258569335937499,8.2433989265442804,-4.6058886718750003,-1.4990991210937501,4.8437081489877682,-4.5308593749999773,67.953625862151398,560.1688464868505,40,46,0,3,1,8,1,0.01
2026-01-06T06:00:00Z,2026-01-07T22:00:00Z,2026-01-07T23:00:00Z,2026-01-07T23:00:00Z,2026-01-06T00:00:00Z,2026-01-06T04:01:43Z,-7.7066845703125004,-2.9258569335937499,8.2433989265442804,-4.6058886718750003,-1.4990991210937501,4.8437081489877682,-4.5308593749999773,67.953625862151398,560.1688464868505,40,46,0,3,1,8,2,0.01
2026-01-06T06:00:00Z,2026-01-07T23:00:00Z,2026-01-08T00:00:00Z,2026-01-08T00:00:00Z,2026-01-06T00:00:00Z,2026-01-06T04:01:43Z,-7.1615039062500001,-4.3000561523437497,8.3533000133206841,-4.2568261718749998,-2.3827539062500001,4.8783281188650687,-4.9624414062499795,69.777621112543343,582.87340336889395,41,47,0,4,1,8,1,0.01
2026-01-06T06:00:00Z,2026-01-07T23:00:00Z,2026-01-08T00:00:00Z,2026-01-08T00:00:00Z,2026-01-06T00:00:00Z,2026-01-06T04:01:43Z,-7.1615039062500001,-4.3000561523437497,8.3533000133206841,-4.2568261718749998,-2.3827539062500001,4.8783281188650687,-4.9624414062499795,69.777621112543343,582.87340336889395,41,47,0,4,1,8,2,0.01
2026-01-06T06:00:00Z,2026-01-08T00:00:00Z,2026-01-08T01:00:00Z,2026-01-08T01:00:00Z,2026-01-06T00:00:00Z,2026-01-06T04:01:43Z,-7.3016186523437501,-3.4527441406250001,8.0768234501488543,-4.38033203125,-2.0555102539062502,4.8386393860163306,-5.2689453124999659,65.235077044874444,526.89220004830918,42,48,0,5,1,8,1,0.01
2026-01-06T06:00:00Z,2026-01-08T00:00:00Z,2026-01-08T01:00:00Z,2026-01-08T01:00:00Z,2026-01-06T00:00:00Z,2026-01-06T04:01:43Z,-7.3016186523437501,-3.4527441406250001,8.0768234501488543,-4.38033203125,-2.0555102539062502,4.8386393860163306,-5.2689453124999659,65.235077044874444,526.89220004830918,42,48,0,5,1,8,2,0.01
2026-01-06T06:00:00Z,2026-01-08T01:00:00Z,2026-01-08T02:00:00Z,2026-01-08T02:00:00Z,2026-01-06T00:00:00Z,2026-01-06T04:01:43Z,-7.2602880859374999,-4.0763500976562499,8.3263685487412893,-4.2495898437499999,-2.3765747070312502,4.8689959106784864,-5.5875781249999932,69.328413209468124,577.25391928145552,43,49,0,6,1,8,1,0.01
2026-01-06T06:00:00Z,2026-01-08T01:00:00Z,2026-01-08T02:00:00Z,2026-01-08T02:00:00Z,2026-01-06T00:00:00Z,2026-01-06T04:01:43Z,-7.2602880859374999,-4.0763500976562499,8.3263685487412893,-4.2495898437499999,-2.3765747070312502,4.8689959106784864,-5.5875781249999932,69.328413209468124,577.25391928145552,43,49,0,6,1,8,2,0.01
2026-01-06T06:00:00Z,2026-01-08T02:00:00Z,2026-01-08T03:00:00Z,2026-01-08T03:00:00Z,2026-01-06T00:00:00Z,2026-01-06T04:01:43Z,-8.8335839843750001,-3.82926513671875,9.627849058657711,-5.6238769531250004,-2.1236596679687501,6.0114825433704517,-5.6174609374999704,92.695477496296178,892.45806575454219,44,50,0,7,1,8,1,0.01
2026-01-06T06:00:00Z,2026-01-08T02:00:00Z,2026-01-08T03:00:00Z,2026-01-08T03:00:00Z,2026-01-06T00:00:00Z,2026-01-06T04:01:43Z,-8.8335839843750001,-3.82926513671875,9.627849058657711,-5.6238769531250004,-2.1236596679687501,6.0114825433704517,-5.6174609374999704,92.695477496296178,892.45806575454219,44,50,0,7,1,8,2,0.01
2026-01-06T06:00:00Z,2026-01-08T03:00:00Z,2026-01-08T04:00:00Z,2026-01-08T04:00:00Z,2026-01-06T00:00:00Z,2026-01-06T04:01:43Z,-8.1943164062499996,-3.6548022460937499,8.9724244674329707,-5.1294580078125005,-2.2458813476562502,5.5995823488597827,-5.4006640624999704,80.504400823789823,722.31965568740281,45,51,0,8,1,8,1,0.01
2026-01-06T06:00:00Z,2026-01-08T03:00:00Z,2026-01-08T04:00:00Z,2026-01-08T04:00:00Z,2026-01-06T00:00:00Z,2026-01-06T04:01:43Z,-8.1943164062499996,-3.6548022460937499,8.9724244674329707,-5.1294580078125005,-2.2458813476562502,5.5995823488597827,-5.4006640624999704,80.504400823789823,722.31965568740281,45,51,0,8,1,8,2,0.01
2026-01-06T06:00:00Z,2026-01-08T04:00:00Z,2026-01-08T05:00:00Z,2026-01-08T05:00:00Z,2026-01-06T00:00:00Z,2026-01-06T04:01:43Z,-8.6791308593750003,-4.8698413085937498,9.9520182297382025,-6.4171557617187505,-3.6525317382812501,7.383825307339821,-3.8015624999999886,99.042666845041509,985.67442596374053,46,52,0,9,1,8,1,0.01
2026-01-06T06:00:00Z,2026-01-08T04:00:00Z,2026-01-08T05:00:00Z,2026-01-08T05:00:00Z,2026-01-06T00:00:00Z,2026-01-06T04:01:43Z,-8.6791308593750003,-4.8698413085937498,9.9520182297382025,-6.4171557617187505,-3.6525317382812501,7.383825307339821,-3.8015624999999886,99.042666845041509,985.67442596374053,46,52,0,9,1,8,2,0.01
2026-01-06T06:00:00Z,2026-01-08T05:00:00Z,2026-01-08T06:00:00Z,2026-01-08T06:00:00Z,2026-01-06T00:00:00Z,2026-01-06T04:01:43Z,-9.6046777343750005,-4.3058886718750005,10.525707179842138,-7.3190783691406249,-3.5334545898437502,8.1273740846665881,-2.3578906249999818,110.79051163578033,1166.1484837831169,47,53,0,10,1,8,1,0.01
2026-01-06T06:00:00Z,2026-01-08T05:00:00Z,2026-01-08T06:00:00Z,2026-01-08T06:00:00Z,2026-01-06T00:00:00Z,2026-01-06T04:01:43Z,-9.6046777343750005,-4.3058886718750005,10.525707179842138,-7.3190783691406249,-3.5334545898437502,8.1273740846665881,-2.3578906249999818,110.79051163578033,1166.1484837831169,47,53,0,10,1,8,2,0.01
2026-01-07T06:00:00Z,2026-01-07T06:00:00Z,2026-01-07T07:00:00Z,2026-01-07T07:00:00Z,2026-01-07T00:00:00Z,2026-01-07T04:00:15Z,-5.90093994140625,-1.3094506835937501,6.0444812254524987,-5.0701977539062497,-1.1657373046874999,5.2024848608387178,-0.26132812499997726,36.535753284847743,220.83967478802663,0,6,0,11,1,7,1,0.01
2026-01-07T06:00:00Z,2026-01-07T06:00:00Z,2026-01-07T07:00:00Z,2026-01-07T07:00:00Z,2026-01-07T00:00:00Z,2026-01-07T04:00:15Z,-5.90093994140625,-1.3094506835937501,6.0444812254524987,-5.0701977539062497,-1.1657373046874999,5.2024848608387178,-0.26132812499997726,36.535753284847743,220.83967478802663,0,6,0,11,1,7,2,0.01
2026-01-07T06:00:00Z,2026-01-07T07:00:00Z,2026-01-07T08:00:00Z,2026-01-07T08:00:00Z,2026-01-07T00:00:00Z,2026-01-07T04:00:15Z,-5.4207006835937497,-1.2042089843750001,5.5528474838737658,-4.7285961914062504,-1.0799951171875,4.8503619859274973,0.84234375000005457,30.834115179163213,171.21713889009033,1,7,0,12,1,7,1,0.01
2026-01-07T06:00:00Z,2026-01-07T07:00:00Z,2026-01-07T08:00:00Z,2026-01-07T08:00:00Z,2026-01-07T00:00:00Z,2026-01-07T04:00:15Z,-5.4207006835937497,-1.2042089843750001,5.5528474838737658,-4.7285961914062504,-1.0799951171875,4.8503619859274973,0.84234375000005457,30.834115179163213,171.21713889009033,1,7,0,12,1,7,2,0.01
2026-01-07T06:00:00Z,2026-01-07T08:00:00Z,2026-01-07T09:00:00Z,2026-01-07T09:00:00Z,2026-01-07T00:00:00Z,2026-01-07T04:00:15Z,-5.23260498046875,-1.2796630859375,5.3868072635966335,-4.5247241210937501,-1.1219531250000001,4.6617493697865049,1.7219140625000477,29.01769249513745,156.31271670561992,2,8,0,13,1,7,1,0.01
2026-01-07T06:00:00Z,2026-01-07T08:00:00Z,2026-01-07T09:00:00Z,2026-01-07T09:00:00Z,2026-01-07T00:00:00Z,2026-01-07T04:00:15Z,-5.23260498046875,-1.2796630859375,5.3868072635966335,-4.5247241210937501,-1.1219531250000001,4.6617493697865049,1.7219140625000477,29.01769249513745,156.31271670561992,2,8,0,13,1,7,2,0.01
2026-01-07T06:00:00Z,2026-01-07T09:00:00Z,2026-01-07T10:00:00Z,2026-01-07T10:00:00Z,2026-01-07T00:00:00Z,2026-01-07T04:00:15Z,-5.0151074218750002,-1.59638671875,5.2630554822030051,-4.2977612304687502,-1.4232934570312501,4.5273077937056847,2.22039062500005,27.699753008747106,145.78533692835563,3,9,0,14,1,7,1,0.01
2026-01-07T06:00:00Z,2026-01-07T09:00:00Z,2026-01-07T10:00:00Z,2026-01-07T10:00:00Z,2026-01-07T00:00:00Z,2026-01-07T04:00:15Z,-5.0151074218750002,-1.59638671875,5.2630554822030051,-4.2977612304687502,-1.4232934570312501,4.5273077937056847,2.22039062500005,27.699753008747106,145.78533692835563,3,9,0,14,1,7,2,0.01
2026-01-07T06:00:00Z,2026-01-07T10:00:00Z,2026-01-07T11:00:00Z,2026-01-07T11:00:00Z,2026-01-07T00:00:00Z,2026-01-07T04:00:15Z,-4.8444360351562503,-1.8893798828125001,5.1998381552022357,-3.9706298828125002,-1.5742846679687501,4.2713316286709802,2.2150976562500091,27.038316840296989,140.59487155862345,4,10,0,15,1,7,1,0.01
2026-01-07T06:00:00Z,2026-01-07T10:00:00Z,2026-01-07T11:00:00Z,2026-01-07T11:00:00Z,2026-01-07T00:00:00Z,2026-01-07T04:00:15Z,-4.8444360351562503,-1.8893798828125001,5.1998381552022357,-3.9706298828125002,-1.5742846679687501,4.2713316286709802,2.2150976562500091,27.038316840296989,140.59487155862345,4,10,0,15,1,7,2,0.01
2026-01-07T06:00:00Z,2026-01-07T11:00:00Z,2026-01-07T12:00:00Z,2026-01-07T12:00:00Z,2026-01-07T00:00:00Z,2026-01-07T04:00:15Z,-5.2312890625000001,-1.93546630859375,5.5778504002109672,-3.5083496093750002,-1.2251245117187499,3.716106436960037,0.78591796875002728,31.112415087133648,173.54039694529814,5,11,0,16,1,7,1,0.011666666666666667
2026-01-07T06:00:00Z,2026-01-07T11:00:00Z,2026-01-07T12:00:00Z,2026-01-07T12:00:00Z,2026-01-07T00:00:00Z,2026-01-07T04:00:15Z,-5.2312890625000001,-1.93546630859375,5.5778504002109672,-3.5083496093750002,-1.2251245117187499,3.716106436960037,0.78591796875002728,31.112415087133648,173.54039694529814,5,11,0,16,1,7,2,0.0083333333333333332
2026-01-07T06:00:00Z,2026-01-07T12:00:00Z,2026-01-07T13:00:00Z,2026-01-07T13:00:00Z,2026-01-07T00:00:00Z,2026-01-07T04:00:15Z,-5.5189135742187503,-1.755830078125,5.7914891265497879,-3.7915942382812502,-0.94807617187500004,3.9083289645889239,-0.65566406249996589,33.541346302944426,194.25434240334357,6,12,0,17,1,7,1,0.028333333333333332
2026-01-07T06:00:00Z,2026-01-07T12:00:00Z,2026-01-07T13:00:00Z,2026-01-07T13:00:00Z,2026-01-07T00:00:00Z,2026-01-07T04:00:15Z,-5.5189135742187503,-1.755830078125,5.7914891265497879,-3.7915942382812502,-0.94807617187500004,3.9083289645889239,-0.65566406249996589,33.541346302944426,194.25434240334357,6,12,0,17,1,7,2,0.021666666666666667
2026-01-07T06:00:00Z,2026-01-07T13:00:00Z,2026-01-07T14:00:00Z,2026-01-07T14:00:00Z,2026-01-07T00:00:00Z,2026-01-07T04:00:15Z,-5.4712646484374998,-1.9743505859375001,5.8165966930356854,-3.6579003906250001,-1.2669018554687501,3.8710819649194579,-1.3187304687499477,33.832797089433669,196.79173566654723,7,13,0,18,1,7,1,0.02
2026-01-07T06:00:00Z,2026-01-07T13:00:00Z,2026-01-07T14:00:00Z,2026-01-07T14:00:00Z,2026-01-07T00:00:00Z,2026-01-07T04:00:15Z,-5.4712646484374998,-1.9743505859375001,5.8165966930356854,-3.6579003906250001,-1.2669018554687501,3.8710819649194579,-1.3187304687499477,33.832797089433669,196.79173566654723,7,13,0,18,1,7,2,0.02
2026-01-07T06:00:00Z,2026-01-07T14:00:00Z,2026-01-07T15:00:00Z,2026-01-07T15:00:00Z,2026-01-07T00:00:00Z,2026-01-07T04:00:15Z,-5.8182763671875,-2.7567529296875,6.4383248287355919,-3.7537402343749999,-1.6975366210937501,4.1197325552904607,-1.95361328125,41.452026600313189,266.88161206220462,8,14,0,19,1,7,1,0.011666666666666667
2026-01-07T06:00:00Z,2026-01-07T14:00:00Z,2026-01-07T15:00:00Z,2026-01-07T15:00:00Z,2026-01-07T00:00:00Z,2026-01-07T04:00:15Z,-5.8182763671875,-2.7567529296875,6.4383248287355919,-3.7537402343749999,-1.6975366210937501,4.1197325552904607,-1.95361328125,41.452026600313189,266.88161206220462,8,14,0,19,1,7,2,0.0083333333333333332
2026-01-07T06:00:00Z,2026-01-07T15:00:00Z,2026-01-07T16:00:00Z,2026-01-07T16:00:00Z,2026-01-07T00:00:00Z,2026-01-07T04:00:15Z,-6.4848779296875003,-2.5311401367187503,6.9613441341925233,-4.0665576171874998,-1.40554931640625,4.3026108044716,-2.4574609374999454,48.460312154656648,337.34890975895769,9,15,0,20,1,7,1,0.01
2026-01-07T06:00:00Z,2026-01-07T15:00:00Z,2026-01-07T16:00:00Z,2026-01-07T16:00:00Z,2026-01-07T00:00:00Z,2026-01-07T04:00:15Z,-6.4848779296875003,-2.5311401367187503,6.9613441341925233,-4.0665576171874998,-1.40554931640625,4.3026108044716,-2.4574609374999454,48.460312154656648,337.34890975895769,9,15,0,20,1,7,2,0.01
2026-01-07T06:00:00Z,2026-01-07T16:00:00Z,2026-01-07T17:00:00Z,2026-01-07T17:00:00Z,2026-01-07T00:00:00Z,2026-01-07T04:00:15Z,-6.6851562500000004,-3.2981909179687499,7.4544870660754121,-3.9427612304687503,-1.9563549804687501,4.401441914883387,-2.8251171874999841,55.569377418285605,414.24120523447311,10,16,0,21,1,7,1,0.01
2026-01-07T06:00:00Z,2026-01-07T16:00:00Z,2026-01-07T17:00:00Z,2026-01-07T17:00:00Z,2026-01-07T00:00:00Z,2026-01-07T04:00:15Z,-6.6851562500000004,-3.2981909179687499,7.4544870660754121,-3.9427612304687503,-1.9563549804687501,4.401441914883387,-2.8251171874999841,55.569377418285605,414.24120523447311,10,16,0,21,1,7,2,0.01
2026-01-07T06:00:00Z,2026-01-07T17:00:00Z,2026-01-07T18:00:00Z,2026-01-07T18:00:00Z,2026-01-07T00:00:00Z,2026-01-07T04:00:15Z,-7.0534082031250005,-3.7528149414062502,7.9896299829437059,-4.0525390625000002,-2.0841821289062499,4.5570701113259791,-3.1114257812499773,63.834187264353041,510.01153650411828,11,17,0,22,1,7,1,0.01
2026-01-07T06:00:00Z,2026-01-07T17:00:00Z,2026-01-07T18:00:00Z,2026-01-07T18:00:00Z,2026-01-07T00:00:00Z,2026-01-07T04:00:15Z,-7.0534082031250005,-3.7528149414062502,7.9896299829437059,-4.0525390625000002,-2.0841821289062499,4.5570701113259791,-3.1114257812499773,63.834187264353041,510.01153650411828,11,17,0,22,1,7,2,0.01
2026-01-07T06:00:00Z,2026-01-07T18:00:00Z,2026-01-07T19:00:00Z,2026-01-07T19:00:00Z,2026-01-07T00:00:00Z,2026-01-07T04:00:15Z,-7.4997241210937498,-3.8659179687500003,8.4374868079078826,-4.24951171875,-2.0249877929687501,4.7073267795497298,-3.3215234374999909,71.191183633619545,600.67467274801243,12,18,0,23,1,7,1,0.01
2026-01-07T06:00:00Z,2026-01-07T18:00:00Z,2026-01-07T19:00:00Z,2026-01-07T19:00:00Z,2026-01-07T00:00:00Z,2026-01-07T04:00:15Z,-7.4997241210937498,-3.8659179687500003,8.4374868079078826,-4.24951171875,-2.0249877929687501,4.7073267795497298,-3.3215234374999909,71.191183633619545,600.67467274801243,12,18,0,23,1,7,2,0.01
2026-01-07T06:00:00Z,2026-01-07T19:00:00Z,2026-01-07T20:00:00Z,2026-01-07T20:00:00Z,2026-01-07T00:00:00Z,2026-01-07T04:00:15Z,-7.4632958984375,-3.9706591796874999,8.4538109742808079,-4.2163427734374999,-2.0903637695312502,4.7060776738264236,-3.3915429687499454,71.466919988870629,604.16783249996297,13,19,0,0,1,8,1,0.01
2026-01-07T06:00:00Z,2026-01-07T19:00:00Z,2026-01-07T20:00:00Z,2026-01-07T20:00:00Z,2026-01-07T00:00:00Z,2026-01-07T04:00:15Z,-7.4632958984375,-3.9706591796874999,8.4538109742808079,-4.2163427734374999,-2.0903637695312502,4.7060776738264236,-3.3915429687499454,71.466919988870629,604.16783249996297,13,19,0,0,1,8,2,0.01
2026-01-07T06:00:00Z,2026-01-07T20:00:00Z,2026-01-07T21:00:00Z,2026-01-07T21:00:00Z,2026-01-07T00:00:00Z,2026-01-07T04:00:15Z,-7.3771435546874997,-3.5636669921875002,8.192799854608559,-4.1778027343749997,-1.9041406250000001,4.5912729397332299,-3.3729296874999477,67.121969457674027,549.9168616138719,14,20,0,1,1,8,1,0.01
2026-01-07T06:00:00Z,2026-01-07T20:00:00Z,2026-01-07T21:00:00Z,2026-01-07T21:00:00Z,2026-01-07T00:00:00Z,2026-01-07T04:00:15Z,-7.3771435546874997,-3.5636669921875002,8.192799854608559,-4.1778027343749997,-1.9041406250000001,4.5912729397332299,-3.3729296874999477,67.121969457674027,549.9168616138719,14,20,0,1,1,8,2,0.01
2026-01-07T06:00:00Z,2026-01-07T21:00:00Z,2026-01-07T22:00:00Z,2026-01-07T22:00:00Z,2026-01-07T00:00:00Z,2026-01-07T04:00:15Z,-6.9791796875000003,-3.4855493164062499,7.8011539625566089,-3.82855224609375,-1.854443359375,4.2540301449566069,-3.6665429687499795,60.858003147512683,474.76265240750115,15,21,0,2,1,8,1,0.01
2026-01-07T06:00:00Z,2026-01-07T21:00:00Z,2026-01-07T22:00:00Z,2026-01-07T22:00:00Z,2026-01-07T00:00:00Z,2026-01-07T04:00:15Z,-6.9791796875000003,-3.4855493164062499,7.8011539625566089,-3.82855224609375,-1.854443359375,4.2540301449566069,-3.6665429687499795,60.858003147512683,474.76265240750115,15,21,0,2,1,8,2,0.01
2026-01-07T06:00:00Z,2026-01-07T22:00:00Z,2026-01-07T23:00:00Z,2026-01-07T23:00:00Z,2026-01-07T00:00:00Z,2026-01-07T04:00:15Z,-7.12796875,-3.9047705078125001,8.1274332491666055,-3.9869897460937502,-2.0539453125000002,4.4849502318529053,-3.8818749999999795,66.055171219658845,536.85899485004836,16,22,0,3,1,8,1,0.01
2026-01-07T06:00:00Z,2026-01-07T22:00:00Z,2026-01-07T23:00:00Z,2026-01-07T23:00:00Z,2026-01-07T00:00:00Z,2026-01-07T04:00:15Z,-7.12796875,-3.9047705078125001,8.1274332491666055,-3.9869897460937502,-2.0539453125000002,4.4849502318529053,-3.8818749999999795,66.055171219658845,536.85899485004836,16,22,0,3,1,8,2,0.01
2026-01-07T06:00:00Z,2026-01-07T23:00:00Z,2026-01-08T00:00:00Z,2026-01-08T00:00:00Z,2026-01-07T00:00:00Z,2026-01-07T04:00:15Z,-6.9297924804687501,-3.0385083007812499,7.5666740722907964,-4.0401416015625005,-1.6564282226562501,4.3665201954746697,-4.5591406249999977,57.254556516277781,433.22656831222713,17,23,0,4,1,8,1,0.01
2026-01-07T06:00:00Z,2026-01-07T23:00:00Z,2026-01-08T00:00:00Z,2026-01-08T00:00:00Z,2026-01-07T00:00:00Z,2026-01-07T04:00:15Z,-6.9297924804687501,-3.0385083007812499,7.5666740722907964,-4.0401416015625005,-1.6564282226562501,4.3665201954746697,-4.5591406249999977,57.254556516277781,433.22656831222713,17,23,0,4,1,8,2,0.01
2026-01-07T06:00:00Z,2026-01-08T00:00:00Z,2026-01-08T01:00:00Z,2026-01-08T01:00:00Z,2026-01-07T00:00:00Z,2026-01-07T04:00:15Z,-6.6697827148437501,-3.7619262695312501,7.6575512222000688,-3.8018164062499999,-2.1370117187500002,4.3612643892461387,-4.9268554687499773,58.638090720617768,449.0241832651451,18,24,0,5,1,8,1,0.01
2026-01-07T06:00:00Z,2026-01-08T00:00:00Z,2026-01-08T01:00:00Z,2026-01-08T01:00:00Z,2026-01-07T00:00:00Z,2026-01-07T04:00:15Z,-6.6697827148437501,-3.7619262695312501,7.6575512222000688,-3.8018164062499999,-2.1370117187500002,4.3612643892461387,-4.9268554687499773,58.638090720617768,449.0241832651451,18,24,0,5,1,8,2,0.01
2026-01-07T06:00:00Z,2026-01-08T01:00:00Z,2026-01-08T02:00:00Z,2026-01-08T02:00:00Z,2026-01-07T00:00:00Z,2026-01-07T04:00:15Z,-7.3607275390625002,-2.57741455078125,7.7989342650705806,-4.3484130859375005,-1.1270214843749999,4.4920901362500869,-5.26203124999995,60.823375670891998,474.3575086369799,19,25,0,6,1,8,1,0.01
2026-01-07T06:00:00Z,2026-01-08T01:00:00Z,2026-01-08T02:00:00Z,2026-01-08T02:00:00Z,2026-01-07T00:00:00Z,2026-01-07T04:00:15Z,-7.3607275390625002,-2.57741455078125,7.7989342650705806,-4.3484130859375005,-1.1270214843749999,4.4920901362500869,-5.26203124999995,60.823375670891998,474.3575086369799,19,25,0,6,1,8,2,0.01
2026-01-07T06:00:00Z,2026-01-08T02:00:00Z,2026-01-08T03:00:00Z,2026-01-08T03:00:00Z,2026-01-07T00:00:00Z,2026-01-07T04:00:15Z,-6.7163525390625001,-3.4673486328125001,7.5585645443058835,-3.9304223632812501,-1.9803198242187501,4.401123329330269,-5.49884765624995,57.131897970438011,431.83513834825402,20,26,0,7,1,8,1,0.01
2026-01-07T06:00:00Z,2026-01-08T02:00:00Z,2026-01-08T03:00:00Z,2026-01-08T03:00:00Z,2026-01-07T00:00:00Z,2026-01-07T04:00:15Z,-6.7163525390625001,-3.4673486328125001,7.5585645443058835,-3.9304223632812501,-1.9803198242187501,4.401123329330269,-5.49884765624995,57.131897970438011,431.83513834825402,20,26,0,7,1,8,2,0.01
2026-01-07T06:00:00Z,2026-01-08T03:00:00Z,2026-01-08T04:00:00Z,2026-01-08T04:00:00Z,2026-01-07T00:00:00Z,2026-01-07T04:00:15Z,-7.1179296875000002,-2.9907861328125001,7.7207334320268695,-4.1672705078124999,-1.5839208984374999,4.4581328936888935,-5.3658007812499591,59.609724728417405,460.23079458461103,21,27,0,8,1,8,1,0.01
2026-01-07T06:00:00Z,2026-01-08T03:00:00Z,2026-01-08T04:00:00Z,2026-01-08T04:00:00Z,2026-01-07T00:00:00Z,2026-01-07T04:00:15Z,-7.1179296875000002,-2.9907861328125001,7.7207334320268695,-4.1672705078124999,-1.5839208984374999,4.4581328936888935,-5.3658007812499591,59.609724728417405,460.23079458461103,21,27,0,8,1,8,2,0.01
2026-01-07T06:00:00Z,2026-01-08T04:00:00Z,2026-01-08T05:00:00Z,2026-01-08T05:00:00Z,2026-01-07T00:00:00Z,2026-01-07T04:00:15Z,-6.71392822265625,-3.2710839843750001,7.4683882204806906,-5.0896069335937497,-2.4434423828125,5.6457514483556572,-3.5317968749999977,55.776822611814737,416.5629649699182,22,28,0,9,1,8,1,0.01
2026-01-07T06:00:00Z,2026-01-08T04:00:00Z,2026-01-08T05:00:00Z,2026-01-08T05:00:00Z,2026-01-07T00:00:00Z,2026-01-07T04:00:15Z,-6.71392822265625,-3.2710839843750001,7.4683882204806906,-5.0896069335937497,-2.4434423828125,5.6457514483556572,-3.5317968749999977,55.776822611814737,416.5629649699182,22,28,0,9,1,8,2,0.01
2026-01-07T06:00:00Z,2026-01-08T05:00:00Z,2026-01-08T06:00:00Z,2026-01-08T06:00:00Z,2026-01-07T00:00:00Z,2026-01-07T04:00:15Z,-7.6830224609375,-3.411826171875,8.406508904554931,-6.1490673828125004,-2.7235009765625002,6.7252128031539247,-2.046054687499975,70.669391962361345,594.08287281107334,23,29,0,10,1,8,1,0.01
2026-01-07T06:00:00Z,2026-01-08T05:00:00Z,2026-01-08T06:00:00Z,2026-01-08T06:00:00Z,2026-01-07T00:00:00Z,2026-01-07T04:00:15Z,-7.6830224609375,-3.411826171875,8.406508904554931,-6.1490673828125004,-2.7235009765625002,6.7252128031539247,-2.046054687499975,70.669391962361345,594.08287281107334,23,29,0,10,1,8,2,0.01
2026-01-07T06:00:00Z,2026-01-08T06:00:00Z,2026-01-08T07:00:00Z,2026-01-08T07:00:00Z,2026-01-07T00:00:00Z,2026-01-07T04:00:15Z,-7.9287451171874999,-2.9418920898437499,8.4569337352027212,-6.3866821289062505,-2.3363891601562501,6.8006193044006,-0.59498046874995225,71.519728201609851,604.8376021607238,24,30,0,11,1,8,1,0.01
2026-01-07T06:00:00Z,2026-01-08T06:00:00Z,2026-01-08T07:00:00Z,2026-01-08T07:00:00Z,2026-01-07T00:00:00Z,2026-01-07T04:00:15Z,-7.9287451171874999,-2.9418920898437499,8.4569337352027212,-6.3866821289062505,-2.3363891601562501,6.8006193044006,-0.59498046874995225,71.519728201609851,604.8376021607238,24,30,0,11,1,8,2,0.01
2026-01-07T06:00:00Z,2026-01-08T07:00:00Z,2026-01-08T08:00:00Z,2026-01-08T08:00:00Z,2026-01-07T00:00:00Z,2026-01-07T04:00:15Z,-7.9242968750000005,-3.1961865234375,8.5445941539512731,-6.3849780273437498,-2.68003173828125,6.9246310030107239,0.78333984375001364,73.010089255738279,623.8415818340419,25,31,0,12,1,8,1,0.01
2026-01-07T06:00:00Z,2026-01-08T07:00:00Z,2026-01-08T08:00:00Z,2026-01-08T08:00:00Z,2026-01-07T00:00:00Z,2026-01-07T04:00:15Z,-7.9242968750000005,-3.1961865234375,8.5445941539512731,-6.3849780273437498,-2.68003173828125,6.9246310030107239,0.78333984375001364,73.010089255738279,623.8415818340419,25,31,0,12,1,8,2,0.0066666666666666671
2026-01-07T06:00:00Z,2026-01-08T08:00:00Z,2026-01-08T09:00:00Z,2026-01-08T09:00:00Z,2026-01-07T00:00:00Z,2026-01-07T04:00:15Z,-7.6893554687500005,-3.2570556640624999,8.3507244669907017,-6.2630224609375,-2.8677783203125,6.8883672115140611,1.4772656250000296,69.734599123597135,582.3344230972109,26,32,0,13,1,8,1,0.0083333333333333332
2026-01-07T06:00:00Z,2026-01-08T08:00:00Z,2026-01-08T09:00:00Z,2026-01-08T09:00:00Z,2026-01-07T00:00:00Z,2026-01-07T04:00:15Z,-7.6893554687500005,-3.2570556640624999,8.3507244669907017,-6.2630224609375,-2.8677783203125,6.8883672115140611,1.4772656250000296,69.734599123597135,582.3344230972109,26,32,0,13,1,8,2,0.0083333333333333332
2026-01-07T06:00:00Z,2026-01-08T09:00:00Z,2026-01-08T10:00:00Z,2026-01-08T10:00:00Z,2026-01-07T00:00:00Z,2026-01-07T04:00:15Z,-7.7217626953125,-3.9744140625000002,8.6845602227699192,-6.1693188476562497,-3.4570947265625001,7.0719162178629409,1.80095703125005,75.421586262917515,655.00330799714357,27,33,0,14,1,8,1,0.01
2026-01-07T06:00:00Z,2026-01-08T09:00:00Z,2026-01-08T10:00:00Z,2026-01-08T10:00:00Z,2026-01-07T00:00:00Z,2026-01-07T04:00:15Z,-7.7217626953125,-3.9744140625000002,8.6845602227699192,-6.1693188476562497,-3.4570947265625001,7.0719162178629409,1.80095703125005,75.421586262917515,655.00330799714357,27,33,0,14,1,8,2,0.013333333333333334
2026-01-07T06:00:00Z,2026-01-08T10:00:00Z,2026-01-08T11:00:00Z,2026-01-08T11:00:00Z,2026-01-07T00:00:00Z,2026-01-07T04:00:15Z,-7.7390844726562502,-4.5072143554687498,8.9559147897382676,-5.7518457031250003,-3.51350830078125,6.7400645080159487,1.3954296875000409,80.208409721052632,718.33968288216192,28,34,0,15,1,8,1,0.18333333333333335
2026-01-07T06:00:00Z,2026-01-08T10:00:00Z,2026-01-08T11:00:00Z,2026-01-08T11:00:00Z,2026-01-07T00:00:00Z,2026-01-07T04:00:15Z,-7.7390844726562502,-4.5072143554687498,8.9559147897382676,-5.7518457031250003,-3.51350830078125,6.7400645080159487,1.3954296875000409,80.208409721052632,718.33968288216192,28,34,0,15,1,8,2,0.18666666666666668
2026-01-07T06:00:00Z,2026-01-08T11:00:00Z,2026-01-08T12:00:00Z,2026-01-08T12:00:00Z,2026-01-07T00:00:00Z,2026-01-07T04:00:15Z,-7.5244067382812503,-4.6366455078125002,8.8382791497106563,-5.0216870117187504,-3.2626904296874999,5.9885298098647883,0.21232421875004093,78.115178328210121,690.4037518941492,29,35,0,16,1,8,1,0.13833333333333334
2026-01-07T06:00:00Z,2026-01-08T11:00:00Z,2026-01-08T12:00:00Z,2026-01-08T12:00:00Z,2026-01-07T00:00:00Z,2026-01-07T04:00:15Z,-7.5244067382812503,-4.6366455078125002,8.8382791497106563,-5.0216870117187504,-3.2626904296874999,5.9885298098647883,0.21232421875004093,78.115178328210121,690.4037518941492,29,35,0,16,1,8,2,0.13500000000000001
2026-01-07T06:00:00Z,2026-01-08T12:00:00Z,2026-01-08T13:00:00Z,2026-01-08T13:00:00Z,2026-01-07T00:00:00Z,2026-01-07T04:00:15Z,-8.3977172851562507,-4.5421166992187505,9.5473807775082431,-5.1089501953125005,-2.8959326171874999,5.8726312519580253,-0.97917968749999318,91.1524797107339,870.267432612471,30,36,0,17,1,8,1,0.13500000000000001
2026-01-07T06:00:00Z,2026-01-08T12:00:00Z,2026-01-08T13:00:00Z,2026-01-08T13:00:00Z,2026-01-07T00:00:00Z,2026-01-07T04:00:15Z,-8.3977172851562507,-4.5421166992187505,9.5473807775082431,-5.1089501953125005,-2.8959326171874999,5.8726312519580253,-0.97917968749999318,91.1524797107339,870.267432612471,30,36,0,17,1,8,2,0.12666666666666668
2026-01-07T06:00:00Z,2026-01-08T13:00:00Z,2026-01-08T14:00:00Z,2026-01-08T14:00:00Z,2026-01-07T00:00:00Z,2026-01-07T04:00:15Z,-8.6167358398437504,-4.46352294921875,9.7041833067935315,-4.8494702148437501,-2.83132080078125,5.6154909706626066,-1.7048632812499704,94.171173651850239,913.85433133343997,31,37,0,18,1,8,1,0.12
2026-01-07T06:00:00Z,2026-01-08T13:00:00Z,2026-01-08T14:00:00Z,2026-01-08T14:00:00Z,2026-01-07T00:00:00Z,2026-01-07T04:00:15Z,-8.6167358398437504,-4.46352294921875,9.7041833067935315,-4.8494702148437501,-2.83132080078125,5.6154909706626066,-1.7048632812499704,94.171173651850239,913.85433133343997,31,37,0,18,1,8,2,0.099999999999999992
2026-01-07T06:00:00Z,2026-01-08T14:00:00Z,2026-01-08T15:00:00Z,2026-01-08T15:00:00Z,2026-01-07T00:00:00Z,2026-01-07T04:00:15Z,-8.5662353515625007,-4.8678076171875002,9.8527122710605823,-4.8161376953125004,-3.1866113281250001,5.7749176666637059,-2.4638085937499454,97.075939096307778,956.46129635892135,32,38,0,19,1,8,1,0.01
2026-01-07T06:00:00Z,2026-01-08T14:00:00Z,2026-01-08T15:00:00Z,2026-01-08T15:00:00Z,2026-01-07T00:00:00Z,2026-01-07T04:00:15Z,-8.5662353515625007,-4.8678076171875002,9.8527122710605823,-4.8161376953125004,-3.1866113281250001,5.7749176666637059,-2.4638085937499454,97.075939096307778,956.46129635892135,32,38,0,19,1,8,2,0.01
2026-01-07T06:00:00Z,2026-01-08T15:00:00Z,2026-01-08T16:00:00Z,2026-01-08T16:00:00Z,2026-01-07T00:00:00Z,2026-01-07T04:00:15Z,-9.2097631835937506,-5.4994287109375,10.726763446844654,-5.41880126953125,-3.66646484375,6.5426578428898603,-2.7765039062499568,115.0634540445626,1234.2584529129037,33,39,0,20,1,8,1,0.013333333333333334
2026-01-07T06:00:00Z,2026-01-08T15:00:00Z,2026-01-08T16:00:00Z,2026-01-08T16:00:00Z,2026-01-07T00:00:00Z,2026-01-07T04:00:15Z,-9.2097631835937506,-5.4994287109375,10.726763446844654,-5.41880126953125,-3.66646484375,6.5426578428898603,-2.7765039062499568,115.0634540445626,1234.2584529129037,33,39,0,20,1,8,2,0.0083333333333333332
2026-01-07T06:00:00Z,2026-01-08T16:00:00Z,2026-01-08T17:00:00Z,2026-01-08T17:00:00Z,2026-01-07T00:00:00Z,2026-01-07T04:00:15Z,-9.5832934570312496,-5.6677343750000002,11.13385496713221,-5.7759985351562504,-3.9045922851562502,6.9719437742590022,-3.114414062499975,123.96272642913459,1380.1830173922715,34,40,0,21,1,8,1,0.013333333333333334
2026-01-07T06:00:00Z,2026-01-08T16:00:00Z,2026-01-08T17:00:00Z,2026-01-08T17:00:00Z,2026-01-07T00:00:00Z,2026-01-07T04:00:15Z,-9.5832934570312496,-5.6677343750000002,11.13385496713221,-5.7759985351562504,-3.9045922851562502,6.9719437742590022,-3.114414062499975,123.96272642913459,1380.1830173922715,34,40,0,21,1,8,2,0.011666666666666667
2026-01-07T06:00:00Z,2026-01-08T17:00:00Z,2026-01-08T18:00:00Z,2026-01-08T18:00:00Z,2026-01-07T00:00:00Z,2026-01-07T04:00:15Z,-9.93756103515625,-5.6113549804687501,11.412380297040894,-6.1647216796875002,-3.885458984375,7.2870148145361613,-3.2282812499999523,130.24242404428719,1486.3760740018683,35,41,0,22,1,8,1,0.01
2026-01-07T06:00:00Z,2026-01-08T17:00:00Z,2026-01-08T18:00:00Z,2026-01-08T18:00:00Z,2026-01-07T00:00:00Z,2026-01-07T04:00:15Z,-9.93756103515625,-5.6113549804687501,11.412380297040894,-6.1647216796875002,-3.885458984375,7.2870148145361613,-3.2282812499999523,130.24242404428719,1486.3760740018683,35,41,0,22,1,8,2,0.0083333333333333332
2026-01-07T06:00:00Z,2026-01-08T18:00:00Z,2026-01-08T19:00:00Z,2026-01-08T19:00:00Z,2026-01-07T00:00:00Z,2026-01-07T04:00:15Z,-10.252001953125001,-5.8253515624999999,11.791448802992788,-6.4846020507812501,-4.0720361328125003,7.6571236129454627,-3.4012890624999841,139.03826487360004,1639.4625819140053,36,42,0,23,1,8,1,0.01
2026-01-07T06:00:00Z,2026-01-08T18:00:00Z,2026-01-08T19:00:00Z,2026-01-08T19:00:00Z,2026-01-07T00:00:00Z,2026-01-07T04:00:15Z,-10.252001953125001,-5.8253515624999999,11.791448802992788,-6.4846020507812501,-4.0720361328125003,7.6571236129454627,-3.4012890624999841,139.03826487360004,1639.4625819140053,36,42,0,23,1,8,2,0.0083333333333333332
2026-01-07T06:00:00Z,2026-01-08T19:00:00Z,2026-01-08T20:00:00Z,2026-01-08T20:00:00Z,2026-01-07T00:00:00Z,2026-01-07T04:00:15Z,-10.752324218750001,-6.0195605468749998,12.322645222622125,-6.9674829101562503,-4.2046850585937499,8.137886368417842,-3.6473242187499864,151.84758528261187,1871.163921349483,37,43,0,0,1,9,1,0.011666666666666667
2026-01-07T06:00:00Z,2026-01-08T19:00:00Z,2026-01-08T20:00:00Z,2026-01-08T20:00:00Z,2026-01-07T00:00:00Z,2026-01-07T04:00:15Z,-10.752324218750001,-6.0195605468749998,12.322645222622125,-6.9674829101562503,-4.2046850585937499,8.137886368417842,-3.6473242187499864,151.84758528261187,1871.163921349483,37,43,0,0,1,9,2,0.01
2026-01-07T06:00:00Z,2026-01-08T20:00:00Z,2026-01-08T21:00:00Z,2026-01-08T21:00:00Z,2026-01-07T00:00:00Z,2026-01-07T04:00:15Z,-10.8342626953125,-6.3020922851562498,12.533858756251643,-6.8545654296874998,-4.3185791015625004,8.101554954841653,-3.8601562499999886,157.09761532166598,1969.0393213857155,38,44,0,1,1,9,1,0.01
2026-01-07T06:00:00Z,2026-01-08T20:00:00Z,2026-01-08T21:00:00Z,2026-01-08T21:00:00Z,2026-01-07T00:00:00Z,2026-01-07T04:00:15Z,-10.8342626953125,-6.3020922851562498,12.533858756251643,-6.8545654296874998,-4.3185791015625004,8.101554954841653,-3.8601562499999886,157.09761532166598,1969.0393213857155,38,44,0,1,1,9,2,0.0083333333333333332
2026-01-07T06:00:00Z,2026-01-08T21:00:00Z,2026-01-08T22:00:00Z,2026-01-08T22:00:00Z,2026-01-07T00:00:00Z,2026-01-07T04:00:15Z,-11.04404052734375,-6.6073779296874999,12.869664885898649,-7.0430102539062505,-4.5648657226562497,8.3929728048237209,-4.0348632812499545,165.62827427533267,2131.5803855532395,39,45,0,2,1,9,1,0.013333333333333334
2026-01-07T06:00:00Z,2026-01-08T21:00:00Z,2026-01-08T22:00:00Z,2026-01-08T22:00:00Z,2026-01-07T00:00:00Z,2026-01-07T04:00:15Z,-11.04404052734375,-6.6073779296874999,12.869664885898649,-7.0430102539062505,-4.5648657226562497,8.3929728048237209,-4.0348632812499545,165.62827427533267,2131.5803855532395,39,45,0,2,1,9,2,0.01
2026-01-07T06:00:00Z,2026-01-08T22:00:00Z,2026-01-08T23:00:00Z,2026-01-08T23:00:00Z,2026-01-07T00:00:00Z,2026-01-07T04:00:15Z,-11.00278076171875,-6.6334179687499999,12.847700900884314,-6.8290454101562501,-4.6071313476562503,8.2378104171274202,-4.2358007812499636,165.06341843858362,2120.6854297764353,40,46,0,3,1,9,1,0.01
2026-01-07T06:00:00Z,2026-01-08T22:00:00Z,2026-01-08T23:00:00Z,2026-01-08T23:00:00Z,2026-01-07T00:00:00Z,2026-01-07T04:00:15Z,-11.00278076171875,-6.6334179687499999,12.847700900884314,-6.8290454101562501,-4.6071313476562503,8.2378104171274202,-4.2358007812499636,165.06341843858362,2120.6854297764353,40,46,0,3,1,9,2,0.011666666666666667
2026-01-07T06:00:00Z,2026-01-08T23:00:00Z,2026-01-09T00:00:00Z,2026-01-09T00:00:00Z,2026-01-07T00:00:00Z,2026-01-07T04:00:15Z,-10.7494140625,-6.7549877929687501,12.695659209754709,-6.7206640625,-4.6663891601562497,8.181840455240053,-4.5174609374999477,161.17976277022956,2046.283339639944,41,47,0,4,1,9,1,0.01
2026-01-07T06:00:00Z,2026-01-08T23:00:00Z,2026-01-09T00:00:00Z,2026-01-09T00:00:00Z,2026-01-07T00:00:00Z,2026-01-07T04:00:15Z,-10.7494140625,-6.7549877929687501,12.695659209754709,-6.7206640625,-4.6663891601562497,8.181840455240053,-4.5174609374999477,161.17976277022956,2046.283339639944,41,47,0,4,1,9,2,0.01
2026-01-07T06:00:00Z,2026-01-09T00:00:00Z,2026-01-09T01:00:00Z,2026-01-09T01:00:00Z,2026-01-07T00:00:00Z,2026-01-07T04:00:15Z,-10.77347412109375,-6.6633178710937502,12.667578682965191,-6.7245043945312499,-4.5031982421875005,8.0930682537904435,-4.7530078124999591,160.46754968911412,2032.7353117494797,42,48,0,5,1,9,1,0.01
2026-01-07T06:00:00Z,2026-01-09T00:00:00Z,2026-01-09T01:00:00Z,2026-01-09T01:00:00Z,2026-01-07T00:00:00Z,2026-01-07T04:00:15Z,-10.77347412109375,-6.6633178710937502,12.667578682965191,-6.7245043945312499,-4.5031982421875005,8.0930682537904435,-4.7530078124999591,160.46754968911412,2032.7353117494797,42,48,0,5,1,9,2,0.01
2026-01-07T06:00:00Z,2026-01-09T01:00:00Z,2026-01-09T02:00:00Z,2026-01-09T02:00:00Z,2026-01-07T00:00:00Z,2026-01-07T04:00:15Z,-10.99868408203125,-6.5417578125000002,12.797095249068532,-6.8216967773437505,-4.4218627929687502,8.1294783031793312,-4.807773437499975,163.76564681373239,2095.7245808006501,43,49,0,6,1,9,1,0.01
2026-01-07T06:00:00Z,2026-01-09T01:00:00Z,2026-01-09T02:00:00Z,2026-01-09T02:00:00Z,2026-01-07T00:00:00Z,2026-01-07T04:00:15Z,-10.99868408203125,-6.5417578125000002,12.797095249068532,-6.8216967773437505,-4.4218627929687502,8.1294783031793312,-4.807773437499975,163.76564681373239,2095.7245808006501,43,49,0,6,1,9,2,0.0083333333333333332
2026-01-07T06:00:00Z,2026-01-09T02:00:00Z,2026-01-09T03:00:00Z,2026-01-09T03:00:00Z,2026-01-07T00:00:00Z,2026-01-07T04:00:15Z,-11.01984375,-6.4219726562500004,12.754555620327849,-6.7857226562499999,-4.2922436523437497,8.0292831273177665,-4.8804101562499795,162.67868907203672,2074.8943880113125,44,50,0,7,1,9,1,0.01
2026-01-07T06:00:00Z,2026-01-09T02:00:00Z,2026-01-09T03:00:00Z,2026-01-09T03:00:00Z,2026-01-07T00:00:00Z,2026-01-07T04:00:15Z,-11.01984375,-6.4219726562500004,12.754555620327849,-6.7857226562499999,-4.2922436523437497,8.0292831273177665,-4.8804101562499795,162.67868907203672,2074.8943880113125,44,50,0,7,1,9,2,0.01
2026-01-07T06:00:00Z,2026-01-09T03:00:00Z,2026-01-09T04:00:00Z,2026-01-09T04:00:00Z,2026-01-07T00:00:00Z,2026-01-07T04:00:15Z,-10.9714111328125,-6.3930493164062501,12.698147180089089,-6.7375439453124999,-4.3151611328125004,8.0009445703087323,-4.6365820312499864,161.24294180720449,2047.4866068184228,45,51,0,8,1,9,1,0.01
2026-01-07T06:00:00Z,2026-01-09T03:00:00Z,2026-01-09T04:00:00Z,2026-01-09T04:00:00Z,2026-01-07T00:00:00Z,2026-01-07T04:00:15Z,-10.9714111328125,-6.3930493164062501,12.698147180089089,-6.7375439453124999,-4.3151611328125004,8.0009445703087323,-4.6365820312499864,161.24294180720449,2047.4866068184228,45,51,0,8,1,9,2,0.0083333333333333332
2026-01-07T06:00:00Z,2026-01-09T04:00:00Z,2026-01-09T05:00:00Z,2026-01-09T05:00:00Z,2026-01-07T00:00:00Z,2026-01-07T04:00:15Z,-10.678173828125001,-6.3075488281250003,12.401958253551525,-7.2056811523437503,-4.5787158203125005,8.5373578718724179,-3.0295507812499523,153.8085685228348,1907.5274458587164,46,52,0,9,1,9,1,0.01
2026-01-07T06:00:00Z,2026-01-09T04:00:00Z,2026-01-09T05:00:00Z,2026-01-09T05:00:00Z,2026-01-07T00:00:00Z,2026-01-07T04:00:15Z,-10.678173828125001,-6.3075488281250003,12.401958253551525,-7.2056811523437503,-4.5787158203125005,8.5373578718724179,-3.0295507812499523,153.8085685228348,1907.5274458587164,46,52,0,9,1,9,2,0.0083333333333333332
2026-01-07T06:00:00Z,2026-01-09T05:00:00Z,2026-01-09T06:00:00Z,2026-01-09T06:00:00Z,2026-01-07T00:00:00Z,2026-01-07T04:00:15Z,-10.523930664062501,-5.7081591796874998,11.97230962858235,-7.8257202148437504,-4.6168237304687505,9.0860859691747091,-1.1478027343749773,143.33619784264565,1716.0653415558911,47,53,0,10,1,9,1,0.01
2026-01-07T06:00:00Z,2026-01-09T05:00:00Z,2026-01-09T06:00:00Z,2026-01-09T06:00:00Z,2026-01-07T00:00:00Z,2026-01-07T04:00:15Z,-10.523930664062501,-5.7081591796874998,11.97230962858235,-7.8257202148437504,-4.6168237304687505,9.0860859691747091,-1.1478027343749773,143.33619784264565,1716.0653415558911,47,53,0,10,1,9,2,0.01
2026-01-08T06:00:00Z,2026-01-08T06:00:00Z,2026-01-08T07:00:00Z,2026-01-08T07:00:00Z,2026-01-08T00:00:00Z,2026-01-08T04:02:14Z,-6.4944409179687499,-2.6272509765624998,7.005726980894659,-5.3045581054687503,-2.2045312500000001,5.7444142196155026,0.028125000000045475,49.080210530835394,343.84255514386371,0,6,0,11,1,8,1,0.01
2026-01-08T06:00:00Z,2026-01-08T06:00:00Z,2026-01-08T07:00:00Z,2026-01-08T07:00:00Z,2026-01-08T00:00:00Z,2026-01-08T04:02:14Z,-6.4944409179687499,-2.6272509765624998,7.005726980894659,-5.3045581054687503,-2.2045312500000001,5.7444142196155026,0.028125000000045475,49.080210530835394,343.84255514386371,0,6,0,11,1,8,2,0.01
2026-01-08T06:00:00Z,2026-01-08T07:00:00Z,2026-01-08T08:00:00Z,2026-01-08T08:00:00Z,2026-01-08T00:00:00Z,2026-01-08T04:02:14Z,-6.7225219726562502,-2.3840380859375001,7.1327371511956486,-5.5439990234375003,-2.0013354492187498,5.8941724399762494,0.96058593750001364,50.875939268046615,362.88470211916962,1,7,0,12,1,8,1,0.01
2026-01-08T06:00:00Z,2026-01-08T07:00:00Z,2026-01-08T08:00:00Z,2026-01-08T08:00:00Z,2026-01-08T00:00:00Z,2026-01-08T04:02:14Z,-6.7225219726562502,-2.3840380859375001,7.1327371511956486,-5.5439990234375003,-2.0013354492187498,5.8941724399762494,0.96058593750001364,50.875939268046615,362.88470211916962,1,7,0,12,1,8,2,0.0066666666666666671
2026-01-08T06:00:00Z,2026-01-08T08:00:00Z,2026-01-08T09:00:00Z,2026-01-08T09:00:00Z,2026-01-08T00:00:00Z,2026-01-08T04:02:14Z,-6.5136083984375004,-2.9284692382812501,7.1416403191252291,-5.3367919921875,-2.5245385742187501,5.9037821589719135,1.5677343750000432,51.003026447755104,364.24527007669826,2,8,0,13,1,8,1,0.0083333333333333332
2026-01-08T06:00:00Z,2026-01-08T08:00:00Z,2026-01-08T09:00:00Z,2026-01-08T09:00:00Z,2026-01-08T00:00:00Z,2026-01-08T04:02:14Z,-6.5136083984375004,-2.9284692382812501,7.1416403191252291,-5.3367919921875,-2.5245385742187501,5.9037821589719135,1.5677343750000432,51.003026447755104,364.24527007669826,2,8,0,13,1,8,2,0.0083333333333333332
2026-01-08T06:00:00Z,2026-01-08T09:00:00Z,2026-01-08T10:00:00Z,2026-01-08T10:00:00Z,2026-01-08T00:00:00Z,2026-01-08T04:02:14Z,-7.0145288085937505,-3.42189453125,7.804676584560716,-5.6312573242187502,-2.84773681640625,6.3103616399603375,1.7850195312500432,60.912976589590322,475.40608208467063,3,9,0,14,1,8,1,0.01
2026-01-08T06:00:00Z,2026-01-08T09:00:00Z,2026-01-08T10:00:00Z,2026-01-08T10:00:00Z,2026-01-08T00:00:00Z,2026-01-08T04:02:14Z,-7.0145288085937505,-3.42189453125,7.804676584560716,-5.6312573242187502,-2.84773681640625,6.3103616399603375,1.7850195312500432,60.912976589590322,475.40608208467063,3,9,0,14,1,8,2,0.013333333333333334
2026-01-08T06:00:00Z,2026-01-08T10:00:00Z,2026-01-08T11:00:00Z,2026-01-08T11:00:00Z,2026-01-08T00:00:00Z,2026-01-08T04:02:14Z,-6.8743872070312504,-3.6451562499999999,7.7810258680400866,-5.0912402343750003,-2.8337719726562502,5.8267478679904201,1.4180273437500546,60.54436355910898,471.09725901745054,4,10,0,15,1,8,1,0.18333333333333335
2026-01-08T06:00:00Z,2026-01-08T10:00:00Z,2026-01-08T11:00:00Z,2026-01-08T11:00:00Z,2026-01-08T00:00:00Z,2026-01-08T04:02:14Z,-6.8743872070312504,-3.6451562499999999,7.7810258680400866,-5.0912402343750003,-2.8337719726562502,5.8267478679904201,1.4180273437500546,60.54436355910898,471.09725901745054,4,10,0,15,1,8,2,0.18666666666666668
2026-01-08T06:00:00Z,2026-01-08T11:00:00Z,2026-01-08T12:00:00Z,2026-01-08T12:00:00Z,2026-01-08T00:00:00Z,2026-01-08T04:02:14Z,-7.28993896484375,-4.2261499023437503,8.4263606087223248,-4.7995556640624999,-2.9396240234375002,5.6282434179418095,0.23623046875002274,71.003553108227266,598.30154299048979,5,11,0,16,1,8,1,0.13833333333333334
2026-01-08T06:00:00Z,2026-01-08T11:00:00Z,2026-01-08T12:00:00Z,2026-01-08T12:00:00Z,2026-01-08T00:00:00Z,2026-01-08T04:02:14Z,-7.28993896484375,-4.2261499023437503,8.4263606087223248,-4.7995556640624999,-2.9396240234375002,5.6282434179418095,0.23623046875002274,71.003553108227266,598.30154299048979,5,11,0,16,1,8,2,0.13500000000000001
2026-01-08T06:00:00Z,2026-01-08T12:00:00Z,2026-01-08T13:00:00Z,2026-01-08T13:00:00Z,2026-01-08T00:00:00Z,2026-01-08T04:02:14Z,-8.2556298828124994,-4.2247729492187505,9.2738412340538385,-4.898642578125,-2.58461669921875,5.5386769710915233,-0.93857421874997726,86.004131234437224,797.58865854090163,6,12,0,17,1,8,1,0.13500000000000001
2026-01-08T06:00:00Z,2026-01-08T12:00:00Z,2026-01-08T13:00:00Z,2026-01-08T13:00:00Z,2026-01-08T00:00:00Z,2026-01-08T04:02:14Z,-8.2556298828124994,-4.2247729492187505,9.2738412340538385,-4.898642578125,-2.58461669921875,5.5386769710915233,-0.93857421874997726,86.004131234437224,797.58865854090163,6,12,0,17,1,8,2,0.12666666666666668
2026-01-08T06:00:00Z,2026-01-08T13:00:00Z,2026-01-08T14:00:00Z,2026-01-08T14:00:00Z,2026-01-08T00:00:00Z,2026-01-08T04:02:14Z,-8.3553466796875,-4.6152490234375003,9.5452785022808904,-4.7033740234375001,-2.8999121093750002,5.5255060805727485,-1.4158203124999886,91.112341686105722,869.69267638885594,7,13,0,18,1,8,1,0.12
2026-01-08T06:00:00Z,2026-01-08T13:00:00Z,2026-01-08T14:00:00Z,2026-01-08T14:00:00Z,2026-01-08T00:00:00Z,2026-01-08T04:02:14Z,-8.3553466796875,-4.6152490234375003,9.5452785022808904,-4.7033740234375001,-2.8999121093750002,5.5255060805727485,-1.4158203124999886,91.112341686105722,869.69267638885594,7,13,0,18,1,8,2,0.099999999999999992
2026-01-08T06:00:00Z,2026-01-08T14:00:00Z,2026-01-08T15:00:00Z,2026-01-08T15:00:00Z,2026-01-08T00:00:00Z,2026-01-08T04:02:14Z,-8.4710961914062501,-5.0286157226562498,9.8512154970949197,-4.8750854492187505,-3.3028173828125,5.8885533708537281,-1.9001757812499704,97.046446770203104,956.02546036062199,8,14,0,19,1,8,1,0.01
2026-01-08T06:00:00Z,2026-01-08T14:00:00Z,2026-01-08T15:00:00Z,2026-01-08T15:00:00Z,2026-01-08T00:00:00Z,2026-01-08T04:02:14Z,-8.4710961914062501,-5.0286157226562498,9.8512154970949197,-4.8750854492187505,-3.3028173828125,5.8885533708537281,-1.9001757812499704,97.046446770203104,956.02546036062199,8,14,0,19,1,8,2,0.01
2026-01-08T06:00:00Z,2026-01-08T15:00:00Z,2026-01-08T16:00:00Z,2026-01-08T16:00:00Z,2026-01-08T00:00:00Z,2026-01-08T04:02:14Z,-9.1092846679687494,-5.3609741210937498,10.569726140687251,-5.6808032226562499,-3.7866015625,6.8271426415206147,-2.2863476562499727,111.71911068912742,1180.8404046652026,9,15,0,20,1,8,1,0.013333333333333334
2026-01-08T06:00:00Z,2026-01-08T15:00:00Z,2026-01-08T16:00:00Z,2026-01-08T16:00:00Z,2026-01-08T00:00:00Z,2026-01-08T04:02:14Z,-9.1092846679687494,-5.3609741210937498,10.569726140687251,-5.6808032226562499,-3.7866015625,6.8271426415206147,-2.2863476562499727,111.71911068912742,1180.8404046652026,9,15,0,20,1,8,2,0.0083333333333333332
2026-01-08T06:00:00Z,2026-01-08T16:00:00Z,2026-01-08T17:00:00Z,2026-01-08T17:00:00Z,2026-01-08T00:00:00Z,2026-01-08T04:02:14Z,-9.6814794921875009,-5.5045971679687504,11.136949094759155,-6.0757202148437504,-3.8710351562500001,7.2041161366252595,-2.5957421874999795,124.03163513925675,1381.3340066856433,10,16,0,21,1,8,1,0.013333333333333334
2026-01-08T06:00:00Z,2026-01-08T16:00:00Z,2026-01-08T17:00:00Z,2026-01-08T17:00:00Z,2026-01-08T00:00:00Z,2026-01-08T04:02:14Z,-9.6814794921875009,-5.5045971679687504,11.136949094759155,-6.0757202148437504,-3.8710351562500001,7.2041161366252595,-2.5957421874999795,124.03163513925675,1381.3340066856433,10,16,0,21,1,8,2,0.011666666666666667
2026-01-08T06:00:00Z,2026-01-08T17:00:00Z,2026-01-08T18:00:00Z,2026-01-08T18:00:00Z,2026-01-08T00:00:00Z,2026-01-08T04:02:14Z,-9.9597900390625007,-5.5703784179687501,11.411684071230708,-6.3778735351562501,-3.9552880859375001,7.504770127939004,-2.7102539062499886,130.22653334158065,1486.1040561857105,11,17,0,22,1,8,1,0.01
2026-01-08T06:00:00Z,2026-01-08T17:00:00Z,2026-01-08T18:00:00Z,2026-01-08T18:00:00Z,2026-01-08T00:00:00Z,2026-01-08T04:02:14Z,-9.9597900390625007,-5.5703784179687501,11.411684071230708,-6.3778735351562501,-3.9552880859375001,7.504770127939004,-2.7102539062499886,130.22653334158065,1486.1040561857105,11,17,0,22,1,8,2,0.0083333333333333332
2026-01-08T06:00:00Z,2026-01-08T18:00:00Z,2026-01-08T19:00:00Z,2026-01-08T19:00:00Z,2026-01-08T00:00:00Z,2026-01-08T04:02:14Z,-10.03900390625,-5.7572363281249999,11.572699320711006,-6.4044165039062504,-4.05429931640625,7.5798346751442374,-2.9321484374999613,133.92736956758498,1549.9011788194025,12,18,0,23,1,8,1,0.01
2026-01-08T06:00:00Z,2026-01-08T18:00:00Z,2026-01-08T19:00:00Z,2026-01-08T19:00:00Z,2026-01-08T00:00:00Z,2026-01-08T04:02:14Z,-10.03900390625,-5.7572363281249999,11.572699320711006,-6.4044165039062504,-4.05429931640625,7.5798346751442374,-2.9321484374999613,133.92736956758498,1549.9011788194025,12,18,0,23,1,8,2,0.0083333333333333332
2026-01-08T06:00:00Z,2026-01-08T19:00:00Z,2026-01-08T20:00:00Z,2026-01-08T20:00:00Z,2026-01-08T00:00:00Z,2026-01-08T04:02:14Z,-10.06525634765625,-6.1272827148437505,11.783589385737159,-6.5466650390624999,-4.3610034179687505,7.8662045450915095,-3.1325781249999523,138.85297881165744,1636.1864873030331,13,19,0,0,1,9,1,0.011666666666666667
2026-01-08T06:00:00Z,2026-01-08T19:00:00Z,2026-01-08T20:00:00Z,2026-01-08T20:00:00Z,2026-01-08T00:00:00Z,2026-01-08T04:02:14Z,-10.06525634765625,-6.1272827148437505,11.783589385737159,-6.5466650390624999,-4.3610034179687505,7.8662045450915095,-3.1325781249999523,138.85297881165744,1636.1864873030331,13,19,0,0,1,9,2,0.01
2026-01-08T06:00:00Z,2026-01-08T20:00:00Z,2026-01-08T21:00:00Z,2026-01-08T21:00:00Z,2026-01-08T00:00:00Z,2026-01-08T04:02:14Z,-10.20934814453125,-6.0992773437499999,11.89251754895597,-6.6107348632812499,-4.2387011718750003,7.8529232173157446,-3.2665234374999841,141.43197365222571,1681.9822286425726,14,20,0,1,1,9,1,0.01
2026-01-08T06:00:00Z,2026-01-08T20:00:00Z,2026-01-08T21:00:00Z,2026-01-08T21:00:00Z,2026-01-08T00:00:00Z,2026-01-08T04:02:14Z,-10.20934814453125,-6.0992773437499999,11.89251754895597,-6.6107348632812499,-4.2387011718750003,7.8529232173157446,-3.2665234374999841,141.43197365222571,1681.9822286425726,14,20,0,1,1,9,2,0.0083333333333333332
2026-01-08T06:00:00Z,2026-01-08T21:00:00Z,2026-01-08T22:00:00Z,2026-01-08T22:00:00Z,2026-01-08T00:00:00Z,2026-01-08T04:02:14Z,-10.285263671875001,-6.0177392578125,11.916368346732547,-6.7026684570312502,-4.1953295898437499,7.9073734458605287,-3.4012695312499659,141.99983457500937,1692.1223339708997,15,21,0,2,1,9,1,0.013333333333333334
2026-01-08T06:00:00Z,2026-01-08T21:00:00Z,2026-01-08T22:00:00Z,2026-01-08T22:00:00Z,2026-01-08T00:00:00Z,2026-01-08T04:02:14Z,-10.285263671875001,-6.0177392578125,11.916368346732547,-6.7026684570312502,-4.1953295898437499,7.9073734458605287,-3.4012695312499659,141.99983457500937,1692.1223339708997,15,21,0,2,1,9,2,0.01
2026-01-08T06:00:00Z,2026-01-08T22:00:00Z,2026-01-08T23:00:00Z,2026-01-08T23:00:00Z,2026-01-08T00:00:00Z,2026-01-08T04:02:14Z,-10.05158203125,-6.2046240234374999,11.812352035186118,-6.4176708984374997,-4.3272534179687501,7.7402598085577088,-3.4904296874999545,139.53166060316562,1648.197095098702,16,22,0,3,1,9,1,0.01
2026-01-08T06:00:00Z,2026-01-08T22:00:00Z,2026-01-08T23:00:00Z,2026-01-08T23:00:00Z,2026-01-08T00:00:00Z,2026-01-08T04:02:14Z,-10.05158203125,-6.2046240234374999,11.812352035186118,-6.4176708984374997,-4.3272534179687501,7.7402598085577088,-3.4904296874999545,139.53166060316562,1648.197095098702,16,22,0,3,1,9,2,0.011666666666666667
2026-01-08T06:00:00Z,2026-01-08T23:00:00Z,2026-01-09T00:00:00Z,2026-01-09T00:00:00Z,2026-01-08T00:00:00Z,2026-01-08T04:02:14Z,-9.8501684570312502,-6.3505566406250002,11.719871512848581,-6.2199047851562499,-4.3288818359375005,7.5780230592100493,-3.6105859374999909,137.35538827767968,1609.787502211834,17,23,0,4,1,9,1,0.01
2026-01-08T06:00:00Z,2026-01-08T23:00:00Z,2026-01-09T00:00:00Z,2026-01-09T00:00:00Z,2026-01-08T00:00:00Z,2026-01-08T04:02:14Z,-9.8501684570312502,-6.3505566406250002,11.719871512848581,-6.2199047851562499,-4.3288818359375005,7.5780230592100493,-3.6105859374999909,137.35538827767968,1609.787502211834,17,23,0,4,1,9,2,0.01
2026-01-08T06:00:00Z,2026-01-09T00:00:00Z,2026-01-09T01:00:00Z,2026-01-09T01:00:00Z,2026-01-08T00:00:00Z,2026-01-08T04:02:14Z,-9.8752221679687509,-6.1920971679687504,11.655989027290136,-6.2243701171875001,-4.1880664062499999,7.5021785888431447,-3.6827539062499568,135.86208020430806,1583.6069160862271,18,24,0,5,1,9,1,0.01
2026-01-08T06:00:00Z,2026-01-09T00:00:00Z,2026-01-09T01:00:00Z,2026-01-09T01:00:00Z,2026-01-08T00:00:00Z,2026-01-08T04:02:14Z,-9.8752221679687509,-6.1920971679687504,11.655989027290136,-6.2243701171875001,-4.1880664062499999,7.5021785888431447,-3.6827539062499568,135.86208020430806,1583.6069160862271,18,24,0,5,1,9,2,0.01
2026-01-08T06:00:00Z,2026-01-09T01:00:00Z,2026-01-09T02:00:00Z,2026-01-09T02:00:00Z,2026-01-08T00:00:00Z,2026-01-08T04:02:14Z,-9.6462573242187499,-5.9702978515625,11.344370269054853,-5.9431030273437502,-3.82291748046875,7.0664822688588123,-3.8698828124999523,128.69473680141567,1459.9607459538195,19,25,0,6,1,9,1,0.01
2026-01-08T06:00:00Z,2026-01-09T01:00:00Z,2026-01-09T02:00:00Z,2026-01-09T02:00:00Z,2026-01-08T00:00:00Z,2026-01-08T04:02:14Z,-9.6462573242187499,-5.9702978515625,11.344370269054853,-5.9431030273437502,-3.82291748046875,7.0664822688588123,-3.8698828124999523,128.69473680141567,1459.9607459538195,19,25,0,6,1,9,2,0.0083333333333333332
2026-01-08T06:00:00Z,2026-01-09T02:00:00Z,2026-01-09T03:00:00Z,2026-01-09T03:00:00Z,2026-01-08T00:00:00Z,2026-01-08T04:02:14Z,-9.6059399414062501,-5.6726586914062498,11.155856703413269,-5.8181884765624998,-3.5045092773437503,6.7921206131658964,-3.8429882812499727,124.45313878709077,1388.3813825987884,20,26,0,7,1,9,1,0.01
2026-01-08T06:00:00Z,2026-01-09T02:00:00Z,2026-01-09T03:00:00Z,2026-01-09T03:00:00Z,2026-01-08T00:00:00Z,2026-01-08T04:02:14Z,-9.6059399414062501,-5.6726586914062498,11.155856703413269,-5.8181884765624998,-3.5045092773437503,6.7921206131658964,-3.8429882812499727,124.45313878709077,1388.3813825987884,20,26,0,7,1,9,2,0.01
2026-01-08T06:00:00Z,2026-01-09T03:00:00Z,2026-01-09T04:00:00Z,2026-01-09T04:00:00Z,2026-01-08T00:00:00Z,2026-01-08T04:02:14Z,-9.4968115234375006,-5.277548828125,10.864711259160957,-5.7529785156250002,-3.32576416015625,6.6451086560132815,-3.62189453124995,118.04195074493887,1282.4917113118606,21,27,0,8,1,9,1,0.01
2026-01-08T06:00:00Z,2026-01-09T03:00:00Z,2026-01-09T04:00:00Z,2026-01-09T04:00:00Z,2026-01-08T00:00:00Z,2026-01-08T04:02:14Z,-9.4968115234375006,-5.277548828125,10.864711259160957,-5.7529785156250002,-3.32576416015625,6.6451086560132815,-3.62189453124995,118.04195074493887,1282.4917113118606,21,27,0,8,1,9,2,0.0083333333333333332
2026-01-08T06:00:00Z,2026-01-09T04:00:00Z,2026-01-09T05:00:00Z,2026-01-09T05:00:00Z,2026-01-08T00:00:00Z,2026-01-08T04:02:14Z,-8.6365893554687503,-4.8849658203124999,9.9223770720839628,-5.6643334960937501,-3.5638085937500001,6.6921898992673539,-2.5054199218749886,98.45356676061752,976.893413490439,22,28,0,9,1,9,1,0.01
2026-01-08T06:00:00Z,2026-01-09T04:00:00Z,2026-01-09T05:00:00Z,2026-01-09T05:00:00Z,2026-01-08T00:00:00Z,2026-01-08T04:02:14Z,-8.6365893554687503,-4.8849658203124999,9.9223770720839628,-5.6643334960937501,-3.5638085937500001,6.6921898992673539,-2.5054199218749886,98.45356676061752,976.893413490439,22,28,0,9,1,9,2,0.0083333333333333332
2026-01-08T06:00:00Z,2026-01-09T05:00:00Z,2026-01-09T06:00:00Z,2026-01-09T06:00:00Z,2026-01-08T00:00:00Z,2026-01-08T04:02:14Z,-8.3545678710937494,-4.4942309570312498,9.4866704489957883,-6.2277709960937502,-3.69968505859375,7.2438112283913352,-1.1916259765624773,89.996916207849949,853.77108548976025,23,29,0,10,1,9,1,0.01
2026-01-08T06:00:00Z,2026-01-09T05:00:00Z,2026-01-09T06:00:00Z,2026-01-09T06:00:00Z,2026-01-08T00:00:00Z,2026-01-08T04:02:14Z,-8.3545678710937494,-4.4942309570312498,9.4866704489957883,-6.2277709960937502,-3.69968505859375,7.2438112283913352,-1.1916259765624773,89.996916207849949,853.77108548976025,23,29,0,10,1,9,2,0.01
2026-01-08T06:00:00Z,2026-01-09T06:00:00Z,2026-01-09T07:00:00Z,2026-01-09T07:00:00Z,2026-01-08T00:00:00Z,2026-01-08T04:02:14Z,-8.74139404296875,-4.7404541015625004,9.9440371531622045,-6.6745312500000002,-3.9695092773437501,7.7657176944661508,-0.054101562499965894,98.883874903470286,983.30492588875222,24,30,0,11,1,9,1,0.01
2026-01-08T06:00:00Z,2026-01-09T06:00:00Z,2026-01-09T07:00:00Z,2026-01-09T07:00:00Z,2026-01-08T00:00:00Z,2026-01-08T04:02:14Z,-8.74139404296875,-4.7404541015625004,9.9440371531622045,-6.6745312500000002,-3.9695092773437501,7.7657176944661508,-0.054101562499965894,98.883874903470286,983.30492588875222,24,30,0,11,1,9,2,0.01
2026-01-08T06:00:00Z,2026-01-09T07:00:00Z,2026-01-09T08:00:00Z,2026-01-09T08:00:00Z,2026-01-08T00:00:00Z,2026-01-08T04:02:14Z,-9.0180395507812499,-4.6971459960937505,10.167999697485953,-6.9357177734375002,-3.9858837890625001,7.9994656454470796,1.0584716796875568,103.38821784807445,1051.2513678028329,25,31,0,12,1,9,1,0.01
2026-01-08T06:00:00Z,2026-01-09T07:00:00Z,2026-01-09T08:00:00Z,2026-01-09T08:00:00Z,2026-01-08T00:00:00Z,2026-01-08T04:02:14Z,-9.0180395507812499,-4.6971459960937505,10.167999697485953,-6.9357177734375002,-3.9858837890625001,7.9994656454470796,1.0584716796875568,103.38821784807445,1051.2513678028329,25,31,0,12,1,9,2,0.01
2026-01-08T06:00:00Z,2026-01-09T08:00:00Z,2026-01-09T09:00:00Z,2026-01-09T09:00:00Z,2026-01-08T00:00:00Z,2026-01-08T04:02:14Z,-8.9678149414062496,-4.3251855468749998,9.9563514822552133,-6.9332080078125005,-3.6384716796875001,7.8299329143667231,1.6413085937500114,99.128934838205581,986.96251731074858,26,32,0,13,1,9,1,0.011666666666666667
2026-01-08T06:00:00Z,2026-01-09T08:00:00Z,2026-01-09T09:00:00Z,2026-01-09T09:00:00Z,2026-01-08T00:00:00Z,2026-01-08T04:02:14Z,-8.9678149414062496,-4.3251855468749998,9.9563514822552133,-6.9332080078125005,-3.6384716796875001,7.8299329143667231,1.6413085937500114,99.128934838205581,986.96251731074858,26,32,0,13,1,9,2,0.0066666666666666671
2026-01-08T06:00:00Z,2026-01-09T09:00:00Z,2026-01-09T10:00:00Z,2026-01-09T10:00:00Z,2026-01-08T00:00:00Z,2026-01-08T04:02:14Z,-8.395512695312501,-4.2364990234375002,9.4038586438089489,-6.5069335937500004,-3.4365087890625001,7.3586532362094701,1.8589648437500159,88.432557392740279,831.60726923185166,27,33,0,14,1,9,1,0.01
2026-01-08T06:00:00Z,2026-01-09T09:00:00Z,2026-01-09T10:00:00Z,2026-01-09T10:00:00Z,2026-01-08T00:00:00Z,2026-01-08T04:02:14Z,-8.395512695312501,-4.2364990234375002,9.4038586438089489,-6.5069335937500004,-3.4365087890625001,7.3586532362094701,1.8589648437500159,88.432557392740279,831.60726923185166,27,33,0,14,1,9,2,0.01
2026-01-08T06:00:00Z,2026-01-09T10:00:00Z,2026-01-09T11:00:00Z,2026-01-09T11:00:00Z,2026-01-08T00:00:00Z,2026-01-08T04:02:14Z,-7.6983325195312498,-4.1253808593750003,8.7340191673805005,-5.5334936523437497,-2.99509765625,6.2920713577487986,1.6408398437500296,76.283090816169974,666.25797733545596,28,34,0,15,1,9,1,0.01
2026-01-08T06:00:00Z,2026-01-09T10:00:00Z,2026-01-09T11:00:00Z,2026-01-09T11:00:00Z,2026-01-08T00:00:00Z,2026-01-08T04:02:14Z,-7.6983325195312498,-4.1253808593750003,8.7340191673805005,-5.5334936523437497,-2.99509765625,6.2920713577487986,1.6408398437500296,76.283090816169974,666.25797733545596,28,34,0,15,1,9,2,0.01
2026-01-08T06:00:00Z,2026-01-09T11:00:00Z,2026-01-09T12:00:00Z,2026-01-09T12:00:00Z,2026-01-08T00:00:00Z,2026-01-08T04:02:14Z,-7.5737939453125005,-3.9560815429687501,8.5447607281111324,-4.89495849609375,-2.4799682617187502,5.4873364447255017,0.24408203125000227,73.012935900670286,623.87806732814283,29,35,0,16,1,9,1,0.026666666666666668
2026-01-08T06:00:00Z,2026-01-09T11:00:00Z,2026-01-09T12:00:00Z,2026-01-09T12:00:00Z,2026-01-08T00:00:00Z,2026-01-08T04:02:14Z,-7.5737939453125005,-3.9560815429687501,8.5447607281111324,-4.89495849609375,-2.4799682617187502,5.4873364447255017,0.24408203125000227,73.012935900670286,623.87806732814283,29,35,0,16,1,9,2,0.016666666666666666
2026-01-08T06:00:00Z,2026-01-09T12:00:00Z,2026-01-09T13:00:00Z,2026-01-09T13:00:00Z,2026-01-08T00:00:00Z,2026-01-08T04:02:14Z,-7.8363354492187502,-3.8608740234375003,8.7358171625519336,-4.3743481445312504,-1.8950390625,4.7671893960660796,-1.2095312499999977,76.314501497536924,666.66953193377833,30,36,0,17,1,9,1,0.029999999999999999
2026-01-08T06:00:00Z,2026-01-09T12:00:00Z,2026-01-09T13:00:00Z,2026-01-09T13:00:00Z,2026-01-08T00:00:00Z,2026-01-08T04:02:14Z,-7.8363354492187502,-3.8608740234375003,8.7358171625519336,-4.3743481445312504,-1.8950390625,4.7671893960660796,-1.2095312499999977,76.314501497536924,666.66953193377833,30,36,0,17,1,9,2,0.013333333333333334
2026-01-08T06:00:00Z,2026-01-09T13:00:00Z,2026-01-09T14:00:00Z,2026-01-09T14:00:00Z,2026-01-08T00:00:00Z,2026-01-08T04:02:14Z,-7.7647534179687501,-3.7283569335937501,8.6134801947954802,-4.24566650390625,-1.7611425781250001,4.596445065795554,-1.6923242187499454,74.192041066133982,639.05167633459803,31,37,0,18,1,9,1,0.011666666666666667
2026-01-08T06:00:00Z,2026-01-09T13:00:00Z,2026-01-09T14:00:00Z,2026-01-09T14:00:00Z,2026-01-08T00:00:00Z,2026-01-08T04:02:14Z,-7.7647534179687501,-3.7283569335937501,8.6134801947954802,-4.24566650390625,-1.7611425781250001,4.596445065795554,-1.6923242187499454,74.192041066133982,639.05167633459803,31,37,0,18,1,9,2,0.01
2026-01-08T06:00:00Z,2026-01-09T14:00:00Z,2026-01-09T15:00:00Z,2026-01-09T15:00:00Z,2026-01-08T00:00:00Z,2026-01-08T04:02:14Z,-7.2408325195312502,-3.6546777343749999,8.1108769512326866,-3.9166235351562499,-1.75473876953125,4.2917418451528375,-1.971347656249975,65.786324918037636,533.58478648401604,32,38,0,19,1,9,1,0.0083333333333333332
2026-01-08T06:00:00Z,2026-01-09T14:00:00Z,2026-01-09T15:00:00Z,2026-01-09T15:00:00Z,2026-01-08T00:00:00Z,2026-01-08T04:02:14Z,-7.2408325195312502,-3.6546777343749999,8.1108769512326866,-3.9166235351562499,-1.75473876953125,4.2917418451528375,-1.971347656249975,65.786324918037636,533.58478648401604,32,38,0,19,1,9,2,0.0083333333333333332
2026-01-08T06:00:00Z,2026-01-09T15:00:00Z,2026-01-09T16:00:00Z,2026-01-09T16:00:00Z,2026-01-08T00:00:00Z,2026-01-08T04:02:14Z,-7.3498583984375001,-3.6764086914062499,8.2180532575135867,-4.0671411132812505,-1.6712646484375,4.3971311511552136,-2.2230273437499477,67.536399343329677,555.01772662418887,33,39,0,20,1,9,1,0.01
2026-01-08T06:00:00Z,2026-01-09T15:00:00Z,2026-01-09T16:00:00Z,2026-01-09T16:00:00Z,2026-01-08T00:00:00Z,2026-01-08T04:02:14Z,-7.3498583984375001,-3.6764086914062499,8.2180532575135867,-4.0671411132812505,-1.6712646484375,4.3971311511552136,-2.2230273437499477,67.536399343329677,555.01772662418887,33,39,0,20,1,9,2,0.0083333333333333332
2026-01-08T06:00:00Z,2026-01-09T16:00:00Z,2026-01-09T17:00:00Z,2026-01-09T17:00:00Z,2026-01-08T00:00:00Z,2026-01-08T04:02:14Z,-7.5742041015625006,-4.1370068359375001,8.6303761987945702,-4.2204052734374997,-1.9609228515625001,4.6537123999919743,-2.4769921874999454,74.483393332719814,642.81970502415925,34,40,0,21,1,9,1,0.01
2026-01-08T06:00:00Z,2026-01-09T16:00:00Z,2026-01-09T17:00:00Z,2026-01-09T17:00:00Z,2026-01-08T00:00:00Z,2026-01-08T04:02:14Z,-7.5742041015625006,-4.1370068359375001,8.6303761987945702,-4.2204052734374997,-1.9609228515625001,4.6537123999919743,-2.4769921874999454,74.483393332719814,642.81970502415925,34,40,0,21,1,9,2,0.01
2026-01-08T06:00:00Z,2026-01-09T17:00:00Z,2026-01-09T18:00:00Z,2026-01-09T18:00:00Z,2026-01-08T00:00:00Z,2026-01-08T04:02:14Z,-8.1596533203125006,-4.2910791015625005,9.2191812089552325,-4.7560229492187505,-2.12900634765625,5.2107986261086721,-2.5459570312499977,84.993302163553267,783.56865419328437,35,41,0,22,1,9,1,0.01
2026-01-08T06:00:00Z,2026-01-09T17:00:00Z,2026-01-09T18:00:00Z,2026-01-09T18:00:00Z,2026-01-08T00:00:00Z,2026-01-08T04:02:14Z,-8.1596533203125006,-4.2910791015625005,9.2191812089552325,-4.7560229492187505,-2.12900634765625,5.2107986261086721,-2.5459570312499977,84.993302163553267,783.56865419328437,35,41,0,22,1,9,2,0.01
2026-01-08T06:00:00Z,2026-01-09T18:00:00Z,2026-01-09T19:00:00Z,2026-01-09T19:00:00Z,2026-01-08T00:00:00Z,2026-01-08T04:02:14Z,-8.6146972656250007,-4.6897705078124998,9.8085144845850518,-5.1883447265624998,-2.6257592773437501,5.8149404798506472,-2.6179101562499909,96.206956394314759,943.64732531147877,36,42,0,23,1,9,1,0.01
2026-01-08T06:00:00Z,2026-01-09T18:00:00Z,2026-01-09T19:00:00Z,2026-01-09T19:00:00Z,2026-01-08T00:00:00Z,2026-01-08T04:02:14Z,-8.6146972656250007,-4.6897705078124998,9.8085144845850518,-5.1883447265624998,-2.6257592773437501,5.8149404798506472,-2.6179101562499909,96.206956394314759,943.64732531147877,36,42,0,23,1,9,2,0.01
2026-01-08T06:00:00Z,2026-01-09T19:00:00Z,2026-01-09T20:00:00Z,2026-01-09T20:00:00Z,2026-01-08T00:00:00Z,2026-01-08T04:02:14Z,-9.1693383789062501,-5.1093383789062505,10.496766405757892,-5.6435791015625005,-3.0534423828124999,6.4166576549437853,-2.7573437499999613,110.18210497704746,1156.5558180387611,37,43,0,0,1,10,1,0.01
2026-01-08T06:00:00Z,2026-01-09T19:00:00Z,2026-01-09T20:00:00Z,2026-01-09T20:00:00Z,2026-01-08T00:00:00Z,2026-01-08T04:02:14Z,-9.1693383789062501,-5.1093383789062505,10.496766405757892,-5.6435791015625005,-3.0534423828124999,6.4166576549437853,-2.7573437499999613,110.18210497704746,1156.5558180387611,37,43,0,0,1,10,2,0.01
2026-01-08T06:00:00Z,2026-01-09T20:00:00Z,2026-01-09T21:00:00Z,2026-01-09T21:00:00Z,2026-01-08T00:00:00Z,2026-01-08T04:02:14Z,-9.5600952148437504,-5.5610644531249998,11.059876055756177,-5.9492529296874999,-3.4918725585937502,6.8983175040625202,-2.9834374999999795,122.32085836868882,1352.853532591404,38,44,0,1,1,10,1,0.01
2026-01-08T06:00:00Z,2026-01-09T20:00:00Z,2026-01-09T21:00:00Z,2026-01-09T21:00:00Z,2026-01-08T00:00:00Z,2026-01-08T04:02:14Z,-9.5600952148437504,-5.5610644531249998,11.059876055756177,-5.9492529296874999,-3.4918725585937502,6.8983175040625202,-2.9834374999999795,122.32085836868882,1352.853532591404,38,44,0,1,1,10,2,0.01
2026-01-08T06:00:00Z,2026-01-09T21:00:00Z,2026-01-09T22:00:00Z,2026-01-09T22:00:00Z,2026-01-08T00:00:00Z,2026-01-08T04:02:14Z,-9.6447851562500002,-5.6580908203125002,11.181944036755189,-6.1240991210937503,-3.5629296875000001,7.0851293568325264,-3.198398437499975,125.03587244112492,1398.1441282235194,39,45,0,2,1,10,1,0.01
2026-01-08T06:00:00Z,2026-01-09T21:00:00Z,2026-01-09T22:00:00Z,2026-01-09T22:00:00Z,2026-01-08T00:00:00Z,2026-01-08T04:02:14Z,-9.6447851562500002,-5.6580908203125002,11.181944036755189,-6.1240991210937503,-3.5629296875000001,7.0851293568325264,-3.198398437499975,125.03587244112492,1398.1441282235194,39,45,0,2,1,10,2,0.01
2026-01-08T06:00:00Z,2026-01-09T22:00:00Z,2026-01-09T23:00:00Z,2026-01-09T23:00:00Z,2026-01-08T00:00:00Z,2026-01-08T04:02:14Z,-9.8211230468749999,-5.6715258789062499,11.341105047435306,-6.2011523437500005,-3.6554711914062499,7.1983859316931005,-3.4473437499999591,128.62066369696257,1458.7004582581012,40,46,0,3,1,10,1,0.01
2026-01-08T06:00:00Z,2026-01-09T22:00:00Z,2026-01-09T23:00:00Z,2026-01-09T23:00:00Z,2026-01-08T00:00:00Z,2026-01-08T04:02:14Z,-9.8211230468749999,-5.6715258789062499,11.341105047435306,-6.2011523437500005,-3.6554711914062499,7.1983859316931005,-3.4473437499999591,128.62066369696257,1458.7004582581012,40,46,0,3,1,10,2,0.01
2026-01-08T06:00:00Z,2026-01-09T23:00:00Z,2026-01-10T00:00:00Z,2026-01-10T00:00:00Z,2026-01-08T00:00:00Z,2026-01-08T04:02:14Z,-10.12389404296875,-5.6480566406249997,11.592832889719679,-6.3793627929687498,-3.6542236328125002,7.351844666675122,-3.6699999999999591,134.39377440896632,1558.0045681418317,41,47,0,4,1,10,1,0.01
2026-01-08T06:00:00Z,2026-01-09T23:00:00Z,2026-01-10T00:00:00Z,2026-01-10T00:00:00Z,2026-01-08T00:00:00Z,2026-01-08T04:02:14Z,-10.12389404296875,-5.6480566406249997,11.592832889719679,-6.3793627929687498,-3.6542236328125002,7.351844666675122,-3.6699999999999591,134.39377440896632,1558.0045681418317,41,47,0,4,1,10,2,0.01
2026-01-08T06:00:00Z,2026-01-10T00:00:00Z,2026-01-10T01:00:00Z,2026-01-10T01:00:00Z,2026-01-08T00:00:00Z,2026-01-08T04:02:14Z,-10.25851806640625,-5.4215039062499999,11.603012433168701,-6.4107128906249997,-3.5233178710937501,7.3151219119570481,-3.9250781249999704,134.62989752426745,1562.1123748503032,42,48,0,5,1,10,1,0.028333333333333332
2026-01-08T06:00:00Z,2026-01-10T00:00:00Z,2026-01-10T01:00:00Z,2026-01-10T01:00:00Z,2026-01-08T00:00:00Z,2026-01-08T04:02:14Z,-10.25851806640625,-5.4215039062499999,11.603012433168701,-6.4107128906249997,-3.5233178710937501,7.3151219119570481,-3.9250781249999704,134.62989752426745,1562.1123748503032,42,48,0,5,1,10,2,0.016666666666666666
2026-01-08T06:00:00Z,2026-01-10T01:00:00Z,2026-01-10T02:00:00Z,2026-01-10T02:00:00Z,2026-01-08T00:00:00Z,2026-01-08T04:02:14Z,-10.234519042968751,-5.3657592773437504,11.555810342130513,-6.5109960937500002,-3.4354736328125002,7.3617626431838783,-4.1951757812499864,133.53675266329054,1543.1253874809772,43,49,0,6,1,10,1,0.061666666666666668
2026-01-08T06:00:00Z,2026-01-10T01:00:00Z,2026-01-10T02:00:00Z,2026-01-10T02:00:00Z,2026-01-08T00:00:00Z,2026-01-08T04:02:14Z,-10.234519042968751,-5.3657592773437504,11.555810342130513,-6.5109960937500002,-3.4354736328125002,7.3617626431838783,-4.1951757812499864,133.53675266329054,1543.1253874809772,43,49,0,6,1,10,2,0.043333333333333335
2026-01-08T06:00:00Z,2026-01-10T02:00:00Z,2026-01-10T03:00:00Z,2026-01-10T03:00:00Z,2026-01-08T00:00:00Z,2026-01-08T04:02:14Z,-10.2814404296875,-5.2736865234375001,11.555076237597872,-6.51816650390625,-3.2394848632812501,7.2787881376005004,-4.5059960937499568,133.519786856699,1542.8313163569753,44,50,0,7,1,10,1,0.058333333333333341
2026-01-08T06:00:00Z,2026-01-10T02:00:00Z,2026-01-10T03:00:00Z,2026-01-10T03:00:00Z,2026-01-08T00:00:00Z,2026-01-08T04:02:14Z,-10.2814404296875,-5.2736865234375001,11.555076237597872,-6.51816650390625,-3.2394848632812501,7.2787881376005004,-4.5059960937499568,133.519786856699,1542.8313163569753,44,50,0,7,1,10,2,0.034999999999999996
2026-01-08T06:00:00Z,2026-01-10T03:00:00Z,2026-01-10T04:00:00Z,2026-01-10T04:00:00Z,2026-01-08T00:00:00Z,2026-01-08T04:02:14Z,-10.146699218749999,-5.3324536132812499,11.462572423918555,-6.5176342773437499,-3.3003784179687501,7.3056179940508859,-4.1867578124999909,131.3905665735781,1506.0738851693313,45,51,0,8,1,10,1,0.051666666666666666
2026-01-08T06:00:00Z,2026-01-10T03:00:00Z,2026-01-10T04:00:00Z,2026-01-10T04:00:00Z,2026-01-08T00:00:00Z,2026-01-08T04:02:14Z,-10.146699218749999,-5.3324536132812499,11.462572423918555,-6.5176342773437499,-3.3003784179687501,7.3056179940508859,-4.1867578124999909,131.3905665735781,1506.0738851693313,45,51,0,8,1,10,2,0.031666666666666669
2026-01-08T06:00:00Z,2026-01-10T04:00:00Z,2026-01-10T05:00:00Z,2026-01-10T05:00:00Z,2026-01-08T00:00:00Z,2026-01-08T04:02:14Z,-9.946904296875001,-5.3642065429687502,11.301133435493057,-6.7028027343750001,-3.7135742187500003,7.6627800421328587,-2.5157031249999591,127.7156169268191,1443.3312286862983,46,52,0,9,1,10,1,0.11499999999999999
2026-01-08T06:00:00Z,2026-01-10T04:00:00Z,2026-01-10T05:00:00Z,2026-01-10T05:00:00Z,2026-01-08T00:00:00Z,2026-01-08T04:02:14Z,-9.946904296875001,-5.3642065429687502,11.301133435493057,-6.7028027343750001,-3.7135742187500003,7.6627800421328587,-2.5157031249999591,127.7156169268191,1443.3312286862983,46,52,0,9,1,10,2,0.080000000000000002
2026-01-08T06:00:00Z,2026-01-10T05:00:00Z,2026-01-10T06:00:00Z,2026-01-10T06:00:00Z,2026-01-08T00:00:00Z,2026-01-08T04:02:14Z,-10.047385253906251,-5.2706298828125,11.345901894605333,-7.2794116210937503,-4.1277832031250004,8.3682989741832028,-0.72613281249999773,128.72948980200889,1460.5521622361905,47,53,0,10,1,10,1,0.070000000000000007
2026-01-08T06:00:00Z,2026-01-10T05:00:00Z,2026-01-10T06:00:00Z,2026-01-10T06:00:00Z,2026-01-08T00:00:00Z,2026-01-08T04:02:14Z,-10.047385253906251,-5.2706298828125,11.345901894605333,-7.2794116210937503,-4.1277832031250004,8.3682989741832028,-0.72613281249999773,128.72948980200889,1460.5521622361905,47,53,0,10,1,10,2,0.034999999999999996
2026-01-09T06:00:00Z,2026-01-09T06:00:00Z,2026-01-09T07:00:00Z,2026-01-09T07:00:00Z,2026-01-09T00:00:00Z,2026-01-09T04:01:53Z,-8.0465600585937498,-4.08746337890625,9.0252138839174307,-6.1454711914062505,-3.4680346679687499,7.0564920904538164,0.82318359375000227,81.45448565045595,735.14415479984814,0,6,0,11,1,9,1,0.01
2026-01-09T06:00:00Z,2026-01-09T06:00:00Z,2026-01-09T07:00:00Z,2026-01-09T07:00:00Z,2026-01-09T00:00:00Z,2026-01-09T04:01:53Z,-8.0465600585937498,-4.08746337890625,9.0252138839174307,-6.1454711914062505,-3.4680346679687499,7.0564920904538164,0.82318359375000227,81.45448565045595,735.14415479984814,0,6,0,11,1,9,2,0.01
2026-01-09T06:00:00Z,2026-01-09T07:00:00Z,2026-01-09T08:00:00Z,2026-01-09T08:00:00Z,2026-01-09T00:00:00Z,2026-01-09T04:01:53Z,-8.4132348632812501,-4.1187475585937499,9.3673156408948373,-6.5443066406249999,-3.4815332031250001,7.4127608116672894,1.91375000000005,87.746602316153059,821.95012031147974,1,7,0,12,1,9,1,0.01
2026-01-09T06:00:00Z,2026-01-09T07:00:00Z,2026-01-09T08:00:00Z,2026-01-09T08:00:00Z,2026-01-09T00:00:00Z,2026-01-09T04:01:53Z,-8.4132348632812501,-4.1187475585937499,9.3673156408948373,-6.5443066406249999,-3.4815332031250001,7.4127608116672894,1.91375000000005,87.746602316153059,821.95012031147974,1,7,0,12,1,9,2,0.01
2026-01-09T06:00:00Z,2026-01-09T08:00:00Z,2026-01-09T09:00:00Z,2026-01-09T09:00:00Z,2026-01-09T00:00:00Z,2026-01-09T04:01:53Z,-8.3861523437500001,-4.0818823242187499,9.3268062294310088,-6.5799926757812504,-3.4522216796875003,7.430621652260279,2.5259179687500364,86.989314441353073,811.33247982554462,2,8,0,13,1,9,1,0.011666666666666667
2026-01-09T06:00:00Z,2026-01-09T08:00:00Z,2026-01-09T09:00:00Z,2026-01-09T09:00:00Z,2026-01-09T00:00:00Z,2026-01-09T04:01:53Z,-8.3861523437500001,-4.0818823242187499,9.3268062294310088,-6.5799926757812504,-3.4522216796875003,7.430621652260279,2.5259179687500364,86.989314441353073,811.33247982554462,2,8,0,13,1,9,2,0.0066666666666666671
2026-01-09T06:00:00Z,2026-01-09T09:00:00Z,2026-01-09T10:00:00Z,2026-01-09T10:00:00Z,2026-01-09T00:00:00Z,2026-01-09T04:01:53Z,-7.9465478515625003,-4.0915185546875001,8.9380169411634416,-6.1697509765624998,-3.348427734375,7.0198144850932929,2.7664648437500432,79.888146840524684,714.04160985876229,3,9,0,14,1,9,1,0.01
2026-01-09T06:00:00Z,2026-01-09T09:00:00Z,2026-01-09T10:00:00Z,2026-01-09T10:00:00Z,2026-01-09T00:00:00Z,2026-01-09T04:01:53Z,-7.9465478515625003,-4.0915185546875001,8.9380169411634416,-6.1697509765624998,-3.348427734375,7.0198144850932929,2.7664648437500432,79.888146840524684,714.04160985876229,3,9,0,14,1,9,2,0.01
2026-01-09T06:00:00Z,2026-01-09T10:00:00Z,2026-01-09T11:00:00Z,2026-01-09T11:00:00Z,2026-01-09T00:00:00Z,2026-01-09T04:01:53Z,-7.3154370117187497,-4.0782348632812502,8.3754174984001359,-5.2531054687500003,-2.9394897460937499,6.0196110367034059,2.3389453125000159,70.147618272507188,587.51558955064979,4,10,0,15,1,9,1,0.01
2026-01-09T06:00:00Z,2026-01-09T10:00:00Z,2026-01-09T11:00:00Z,2026-01-09T11:00:00Z,2026-01-09T00:00:00Z,2026-01-09T04:01:53Z,-7.3154370117187497,-4.0782348632812502,8.3754174984001359,-5.2531054687500003,-2.9394897460937499,6.0196110367034059,2.3389453125000159,70.147618272507188,587.51558955064979,4,10,0,15,1,9,2,0.01
2026-01-09T06:00:00Z,2026-01-09T11:00:00Z,2026-01-09T12:00:00Z,2026-01-09T12:00:00Z,2026-01-09T00:00:00Z,2026-01-09T04:01:53Z,-7.53822998046875,-4.0141528320312503,8.5403942647481088,-4.8027294921874999,-2.5123730468750001,5.4201687152515436,0.90630859375005457,72.938334197342385,622.92213105926373,5,11,0,16,1,9,1,0.026666666666666668
2026-01-09T06:00:00Z,2026-01-09T11:00:00Z,2026-01-09T12:00:00Z,2026-01-09T12:00:00Z,2026-01-09T00:00:00Z,2026-01-09T04:01:53Z,-7.53822998046875,-4.0141528320312503,8.5403942647481088,-4.8027294921874999,-2.5123730468750001,5.4201687152515436,0.90630859375005457,72.938334197342385,622.92213105926373,5,11,0,16,1,9,2,0.016666666666666666
2026-01-09T06:00:00Z,2026-01-09T12:00:00Z,2026-01-09T13:00:00Z,2026-01-09T13:00:00Z,2026-01-09T00:00:00Z,2026-01-09T04:01:53Z,-8.1613354492187504,-4.1288793945312499,9.1463129931825193,-4.4179370117187498,-2.2084057617187502,4.9391520980738148,-0.89214843749999773,83.655041369259379,765.13519182087828,6,12,0,17,1,9,1,0.029999999999999999
2026-01-09T06:00:00Z,2026-01-09T12:00:00Z,2026-01-09T13:00:00Z,2026-01-09T13:00:00Z,2026-01-09T00:00:00Z,2026-01-09T04:01:53Z,-8.1613354492187504,-4.1288793945312499,9.1463129931825193,-4.4179370117187498,-2.2084057617187502,4.9391520980738148,-0.89214843749999773,83.655041369259379,765.13519182087828,6,12,0,17,1,9,2,0.013333333333333334
2026-01-09T06:00:00Z,2026-01-09T13:00:00Z,2026-01-09T14:00:00Z,2026-01-09T14:00:00Z,2026-01-09T00:00:00Z,2026-01-09T04:01:53Z,-8.3516308593749997,-4.066650390625,9.2891002476469833,-4.3310888671874999,-2.0420239257812502,4.7883392203287531,-1.5542382812499795,86.287383410835247,801.53215461039986,7,13,0,18,1,9,1,0.011666666666666667
2026-01-09T06:00:00Z,2026-01-09T13:00:00Z,2026-01-09T14:00:00Z,2026-01-09T14:00:00Z,2026-01-09T00:00:00Z,2026-01-09T04:01:53Z,-8.3516308593749997,-4.066650390625,9.2891002476469833,-4.3310888671874999,-2.0420239257812502,4.7883392203287531,-1.5542382812499795,86.287383410835247,801.53215461039986,7,13,0,18,1,9,2,0.01
2026-01-09T06:00:00Z,2026-01-09T14:00:00Z,2026-01-09T15:00:00Z,2026-01-09T15:00:00Z,2026-01-09T00:00:00Z,2026-01-09T04:01:53Z,-8.4120166015625006,-4.1119238281249997,9.3632227824219409,-4.4022558593749999,-1.8956762695312501,4.7930621913621607,-1.9112695312499568,87.669940873265276,820.87318771814193,8,14,0,19,1,9,1,0.0083333333333333332
2026-01-09T06:00:00Z,2026-01-09T14:00:00Z,2026-01-09T15:00:00Z,2026-01-09T15:00:00Z,2026-01-09T00:00:00Z,2026-01-09T04:01:53Z,-8.4120166015625006,-4.1119238281249997,9.3632227824219409,-4.4022558593749999,-1.8956762695312501,4.7930621913621607,-1.9112695312499568,87.669940873265276,820.87318771814193,8,14,0,19,1,9,2,0.0083333333333333332
2026-01-09T06:00:00Z,2026-01-09T15:00:00Z,2026-01-09T16:00:00Z,2026-01-09T16:00:00Z,2026-01-09T00:00:00Z,2026-01-09T04:01:53Z,-8.7832495117187506,-4.1478271484375,9.7133898325158778,-4.6867797851562498,-1.89310546875,5.0546763566385158,-2.2427734374999773,94.349942038422839,916.45776769447878,9,15,0,20,1,9,1,0.01
2026-01-09T06:00:00Z,2026-01-09T15:00:00Z,2026-01-09T16:00:00Z,2026-01-09T16:00:00Z,2026-01-09T00:00:00Z,2026-01-09T04:01:53Z,-8.7832495117187506,-4.1478271484375,9.7133898325158778,-4.6867797851562498,-1.89310546875,5.0546763566385158,-2.2427734374999773,94.349942038422839,916.45776769447878,9,15,0,20,1,9,2,0.0083333333333333332
2026-01-09T06:00:00Z,2026-01-09T16:00:00Z,2026-01-09T17:00:00Z,2026-01-09T17:00:00Z,2026-01-09T00:00:00Z,2026-01-09T04:01:53Z,-8.8620312499999994,-4.5477636718749999,9.9608108249882221,-4.9181005859375002,-2.1702978515625002,5.3756772724834949,-2.4628124999999841,99.217752291202544,988.28926105321023,10,16,0,21,1,9,1,0.01
2026-01-09T06:00:00Z,2026-01-09T16:00:00Z,2026-01-09T17:00:00Z,2026-01-09T17:00:00Z,2026-01-09T00:00:00Z,2026-01-09T04:01:53Z,-8.8620312499999994,-4.5477636718749999,9.9608108249882221,-4.9181005859375002,-2.1702978515625002,5.3756772724834949,-2.4628124999999841,99.217752291202544,988.28926105321023,10,16,0,21,1,9,2,0.01
2026-01-09T06:00:00Z,2026-01-09T17:00:00Z,2026-01-09T18:00:00Z,2026-01-09T18:00:00Z,2026-01-09T00:00:00Z,2026-01-09T04:01:53Z,-8.9365185546875008,-4.7529321289062505,10.121844085949125,-5.2876831054687505,-2.4497924804687501,5.8276132182241538,-2.7199414062499727,102.45172770026326,1037.0004141181798,11,17,0,22,1,9,1,0.01
2026-01-09T06:00:00Z,2026-01-09T17:00:00Z,2026-01-09T18:00:00Z,2026-01-09T18:00:00Z,2026-01-09T00:00:00Z,2026-01-09T04:01:53Z,-8.9365185546875008,-4.7529321289062505,10.121844085949125,-5.2876831054687505,-2.4497924804687501,5.8276132182241538,-2.7199414062499727,102.45172770026326,1037.0004141181798,11,17,0,22,1,9,2,0.01
2026-01-09T06:00:00Z,2026-01-09T18:00:00Z,2026-01-09T19:00:00Z,2026-01-09T19:00:00Z,2026-01-09T00:00:00Z,2026-01-09T04:01:53Z,-9.0447680664062506,-4.8191455078125003,10.24851173588398,-5.5066674804687503,-2.62760498046875,6.1014502107151731,-2.8231249999999477,105.03199280055168,1076.4216108597357,12,18,0,23,1,9,1,0.01
2026-01-09T06:00:00Z,2026-01-09T18:00:00Z,2026-01-09T19:00:00Z,2026-01-09T19:00:00Z,2026-01-09T00:00:00Z,2026-01-09T04:01:53Z,-9.0447680664062506,-4.8191455078125003,10.24851173588398,-5.5066674804687503,-2.62760498046875,6.1014502107151731,-2.8231249999999477,105.03199280055168,1076.4216108597357,12,18,0,23,1,9,2,0.01
2026-01-09T06:00:00Z,2026-01-09T19:00:00Z,2026-01-09T20:00:00Z,2026-01-09T20:00:00Z,2026-01-09T00:00:00Z,2026-01-09T04:01:53Z,-9.1619897460937505,-5.2558178710937504,10.562465507713409,-5.6386743164062505,-3.0043286132812499,6.3891031031812231,-2.9625976562499545,111.56567760163547,1178.4086215119491,13,19,0,0,1,10,1,0.01
2026-01-09T06:00:00Z,2026-01-09T19:00:00Z,2026-01-09T20:00:00Z,2026-01-09T20:00:00Z,2026-01-09T00:00:00Z,2026-01-09T04:01:53Z,-9.1619897460937505,-5.2558178710937504,10.562465507713409,-5.6386743164062505,-3.0043286132812499,6.3891031031812231,-2.9625976562499545,111.56567760163547,1178.4086215119491,13,19,0,0,1,10,2,0.01
2026-01-09T06:00:00Z,2026-01-09T20:00:00Z,2026-01-09T21:00:00Z,2026-01-09T21:00:00Z,2026-01-09T00:00:00Z,2026-01-09T04:01:53Z,-9.2409130859374997,-5.22768310546875,10.617115677671329,-5.7726928710937502,-3.0684423828125,6.537531769759644,-3.2021093749999636,112.72314531305432,1196.7946733396523,14,20,0,1,1,10,1,0.01
2026-01-09T06:00:00Z,2026-01-09T20:00:00Z,2026-01-09T21:00:00Z,2026-01-09T21:00:00Z,2026-01-09T00:00:00Z,2026-01-09T04:01:53Z,-9.2409130859374997,-5.22768310546875,10.617115677671329,-5.7726928710937502,-3.0684423828125,6.537531769759644,-3.2021093749999636,112.72314531305432,1196.7946733396523,14,20,0,1,1,10,2,0.01
2026-01-09T06:00:00Z,2026-01-09T21:00:00Z,2026-01-09T22:00:00Z,2026-01-09T22:00:00Z,2026-01-09T00:00:00Z,2026-01-09T04:01:53Z,-9.3226831054687498,-5.2117480468749999,10.680577605593147,-5.7711645507812497,-3.0891894531249999,6.5459477350107891,-3.3945507812499613,114.07473798909784,1218.3840919302643,15,21,0,2,1,10,1,0.01
2026-01-09T06:00:00Z,2026-01-09T21:00:00Z,2026-01-09T22:00:00Z,2026-01-09T22:00:00Z,2026-01-09T00:00:00Z,2026-01-09T04:01:53Z,-9.3226831054687498,-5.2117480468749999,10.680577605593147,-5.7711645507812497,-3.0891894531249999,6.5459477350107891,-3.3945507812499613,114.07473798909784,1218.3840919302643,15,21,0,2,1,10,2,0.01
2026-01-09T06:00:00Z,2026-01-09T22:00:00Z,2026-01-09T23:00:00Z,2026-01-09T23:00:00Z,2026-01-09T00:00:00Z,2026-01-09T04:01:53Z,-9.5126464843750007,-5.2280517578125005,10.854628889052746,-5.7984545898437503,-3.1285937500000003,6.5886398052268058,-3.6380664062499477,117.82296831905845,1278.9245957099984,16,22,0,3,1,10,1,0.01
2026-01-09T06:00:00Z,2026-01-09T22:00:00Z,2026-01-09T23:00:00Z,2026-01-09T23:00:00Z,2026-01-09T00:00:00Z,2026-01-09T04:01:53Z,-9.5126464843750007,-5.2280517578125005,10.854628889052746,-5.7984545898437503,-3.1285937500000003,6.5886398052268058,-3.6380664062499477,117.82296831905845,1278.9245957099984,16,22,0,3,1,10,2,0.01
2026-01-09T06:00:00Z,2026-01-09T23:00:00Z,2026-01-10T00:00:00Z,2026-01-10T00:00:00Z,2026-01-09T00:00:00Z,2026-01-09T04:01:53Z,-9.6437670898437506,-5.0699707031250005,10.895267165778874,-5.9898583984374998,-3.0207348632812501,6.7084456282789562,-3.9423437499999636,118.70684661369921,1293.3428082633861,17,23,0,4,1,10,1,0.01
2026-01-09T06:00:00Z,2026-01-09T23:00:00Z,2026-01-10T00:00:00Z,2026-01-10T00:00:00Z,2026-01-09T00:00:00Z,2026-01-09T04:01:53Z,-9.6437670898437506,-5.0699707031250005,10.895267165778874,-5.9898583984374998,-3.0207348632812501,6.7084456282789562,-3.9423437499999636,118.70684661369921,1293.3428082633861,17,23,0,4,1,10,2,0.01
2026-01-09T06:00:00Z,2026-01-10T00:00:00Z,2026-01-10T01:00:00Z,2026-01-10T01:00:00Z,2026-01-09T00:00:00Z,2026-01-09T04:01:53Z,-9.8976293945312506,-5.0320239257812505,11.10334780240284,-6.1407128906250001,-2.8852465820312498,6.7847625341061901,-4.179843749999975,123.28433242112399,1368.8688214587883,18,24,0,5,1,10,1,0.028333333333333332
2026-01-09T06:00:00Z,2026-01-10T00:00:00Z,2026-01-10T01:00:00Z,2026-01-10T01:00:00Z,2026-01-09T00:00:00Z,2026-01-09T04:01:53Z,-9.8976293945312506,-5.0320239257812505,11.10334780240284,-6.1407128906250001,-2.8852465820312498,6.7847625341061901,-4.179843749999975,123.28433242112399,1368.8688214587883,18,24,0,5,1,10,2,0.016666666666666666
2026-01-09T06:00:00Z,2026-01-10T01:00:00Z,2026-01-10T02:00:00Z,2026-01-10T02:00:00Z,2026-01-09T00:00:00Z,2026-01-09T04:01:53Z,-9.9412573242187499,-5.0738696289062499,11.161216340411567,-6.0140673828124998,-2.7520556640625,6.6138352612616291,-4.3413867187499591,124.57275019747017,1390.3834150740124,19,25,0,6,1,10,1,0.061666666666666668
2026-01-09T06:00:00Z,2026-01-10T01:00:00Z,2026-01-10T02:00:00Z,2026-01-10T02:00:00Z,2026-01-09T00:00:00Z,2026-01-09T04:01:53Z,-9.9412573242187499,-5.0738696289062499,11.161216340411567,-6.0140673828124998,-2.7520556640625,6.6138352612616291,-4.3413867187499591,124.57275019747017,1390.3834150740124,19,25,0,6,1,10,2,0.043333333333333335
2026-01-09T06:00:00Z,2026-01-10T02:00:00Z,2026-01-10T03:00:00Z,2026-01-10T03:00:00Z,2026-01-09T00:00:00Z,2026-01-09T04:01:53Z,-9.6492553710937496,-4.4961401367187497,10.645346652204186,-5.8850683593750004,-2.2856347656250002,6.3133315987955525,-4.4588671874999477,113.32340534559486,1206.3669337121062,20,26,0,7,1,10,1,0.058333333333333341
2026-01-09T06:00:00Z,2026-01-10T02:00:00Z,2026-01-10T03:00:00Z,2026-01-10T03:00:00Z,2026-01-09T00:00:00Z,2026-01-09T04:01:53Z,-9.6492553710937496,-4.4961401367187497,10.645346652204186,-5.8850683593750004,-2.2856347656250002,6.3133315987955525,-4.4588671874999477,113.32340534559486,1206.3669337121062,20,26,0,7,1,10,2,0.034999999999999996
2026-01-09T06:00:00Z,2026-01-10T03:00:00Z,2026-01-10T04:00:00Z,2026-01-10T04:00:00Z,2026-01-09T00:00:00Z,2026-01-09T04:01:53Z,-9.3727294921875011,-4.44974609375,10.375369797388657,-5.6977343750000005,-2.3634106445312502,6.1684590363185734,-4.18408203125,107.64829843256474,1116.8909042975131,21,27,0,8,1,10,1,0.051666666666666666
2026-01-09T06:00:00Z,2026-01-10T03:00:00Z,2026-01-10T04:00:00Z,2026-01-10T04:00:00Z,2026-01-09T00:00:00Z,2026-01-09T04:01:53Z,-9.3727294921875011,-4.44974609375,10.375369797388657,-5.6977343750000005,-2.3634106445312502,6.1684590363185734,-4.18408203125,107.64829843256474,1116.8909042975131,21,27,0,8,1,10,2,0.031666666666666669
2026-01-09T06:00:00Z,2026-01-10T04:00:00Z,2026-01-10T05:00:00Z,2026-01-10T05:00:00Z,2026-01-09T00:00:00Z,2026-01-09T04:01:53Z,-8.9568603515625007,-4.1673657226562497,9.8788807272768793,-6.1106835937500001,-2.8367651367187499,6.7370386984066197,-2.3518554687499886,97.592284423762564,964.10253772483156,22,28,0,9,1,10,1,0.11499999999999999
2026-01-09T06:00:00Z,2026-01-10T04:00:00Z,2026-01-10T05:00:00Z,2026-01-10T05:00:00Z,2026-01-09T00:00:00Z,2026-01-09T04:01:53Z,-8.9568603515625007,-4.1673657226562497,9.8788807272768793,-6.1106835937500001,-2.8367651367187499,6.7370386984066197,-2.3518554687499886,97.592284423762564,964.10253772483156,22,28,0,9,1,10,2,0.080000000000000002
2026-01-09T06:00:00Z,2026-01-10T05:00:00Z,2026-01-10T06:00:00Z,2026-01-10T06:00:00Z,2026-01-09T00:00:00Z,2026-01-09T04:01:53Z,-9.1701611328125008,-4.0919848632812501,10.041722726856579,-6.8913769531250004,-3.2093652343749999,7.602045877109485,-0.18656249999997954,100.83619532306791,1012.5691142654001,23,29,0,10,1,10,1,0.070000000000000007
2026-01-09T06:00:00Z,2026-01-10T05:00:00Z,2026-01-10T06:00:00Z,2026-01-10T06:00:00Z,2026-01-09T00:00:00Z,2026-01-09T04:01:53Z,-9.1701611328125008,-4.0919848632812501,10.041722726856579,-6.8913769531250004,-3.2093652343749999,7.602045877109485,-0.18656249999997954,100.83619532306791,1012.5691142654001,23,29,0,10,1,10,2,0.034999999999999996
2026-01-09T06:00:00Z,2026-01-10T06:00:00Z,2026-01-10T07:00:00Z,2026-01-10T07:00:00Z,2026-01-09T00:00:00Z,2026-01-09T04:01:53Z,-9.1897900390624994,-4.1690942382812501,10.091262940272751,-7.054443359375,-3.3464697265624999,7.807946640534202,1.3207617187500205,101.83358772972224,1027.62950993196,24,30,0,11,1,10,1,0.090000000000000011
2026-01-09T06:00:00Z,2026-01-10T06:00:00Z,2026-01-10T07:00:00Z,2026-01-10T07:00:00Z,2026-01-09T00:00:00Z,2026-01-09T04:01:53Z,-9.1897900390624994,-4.1690942382812501,10.091262940272751,-7.054443359375,-3.3464697265624999,7.807946640534202,1.3207617187500205,101.83358772972224,1027.62950993196,24,30,0,11,1,10,2,0.090000000000000011
2026-01-09T06:00:00Z,2026-01-10T07:00:00Z,2026-01-10T08:00:00Z,2026-01-10T08:00:00Z,2026-01-09T00:00:00Z,2026-01-09T04:01:53Z,-9.2568017578125001,-4.3909570312500001,10.245432271686949,-7.1447998046875005,-3.6073168945312499,8.0038053091409669,2.5430078125000364,104.9688824337244,1075.4515756093933,25,31,0,12,1,10,1,0.053333333333333337
2026-01-09T06:00:00Z,2026-01-10T07:00:00Z,2026-01-10T08:00:00Z,2026-01-10T08:00:00Z,2026-01-09T00:00:00Z,2026-01-09T04:01:53Z,-9.2568017578125001,-4.3909570312500001,10.245432271686949,-7.1447998046875005,-3.6073168945312499,8.0038053091409669,2.5430078125000364,104.9688824337244,1075.4515756093933,25,31,0,12,1,10,2,0.049999999999999996
2026-01-09T06:00:00Z,2026-01-10T08:00:00Z,2026-01-10T09:00:00Z,2026-01-10T09:00:00Z,2026-01-09T00:00:00Z,2026-01-09T04:01:53Z,-9.2572998046875004,-4.3979394531249998,10.248876577811865,-7.1207299804687505,-3.6669921875,8.0094710910229594,3.3953125000000455,105.03947110722065,1076.5365751765398,26,32,0,13,1,10,1,0.21333333333333335
2026-01-09T06:00:00Z,2026-01-10T08:00:00Z,2026-01-10T09:00:00Z,2026-01-10T09:00:00Z,2026-01-09T00:00:00Z,2026-01-09T04:01:53Z,-9.2572998046875004,-4.3979394531249998,10.248876577811865,-7.1207299804687505,-3.6669921875,8.0094710910229594,3.3953125000000455,105.03947110722065,1076.5365751765398,26,32,0,13,1,10,2,0.24333333333333332
2026-01-09T06:00:00Z,2026-01-10T09:00:00Z,2026-01-10T10:00:00Z,2026-01-10T10:00:00Z,2026-01-09T00:00:00Z,2026-01-09T04:01:53Z,-9.2291601562499999,-4.4758056640625004,10.257203982185715,-7.0862499999999997,-3.6925439453125,7.9906082278237118,3.7061523437500341,105.21023353216648,1079.1628263528271,27,33,0,14,1,10,1,0.19166666666666665
2026-01-09T06:00:00Z,2026-01-10T09:00:00Z,2026-01-10T10:00:00Z,2026-01-10T10:00:00Z,2026-01-09T00:00:00Z,2026-01-09T04:01:53Z,-9.2291601562499999,-4.4758056640625004,10.257203982185715,-7.0862499999999997,-3.6925439453125,7.9906082278237118,3.7061523437500341,105.21023353216648,1079.1628263528271,27,33,0,14,1,10,2,0.18833333333333335
2026-01-09T06:00:00Z,2026-01-10T10:00:00Z,2026-01-10T11:00:00Z,2026-01-10T11:00:00Z,2026-01-09T00:00:00Z,2026-01-09T04:01:53Z,-8.5896948242187499,-4.9302001953125005,9.9040260065828676,-6.0423583984375,-3.5934936523437502,7.0301701006876796,3.3161718750000091,98.089731139069784,971.48324818006847,28,34,0,15,1,10,1,0.18833333333333332
2026-01-09T06:00:00Z,2026-01-10T10:00:00Z,2026-01-10T11:00:00Z,2026-01-10T11:00:00Z,2026-01-09T00:00:00Z,2026-01-09T04:01:53Z,-8.5896948242187499,-4.9302001953125005,9.9040260065828676,-6.0423583984375,-3.5934936523437502,7.0301701006876796,3.3161718750000091,98.089731139069784,971.48324818006847,28,34,0,15,1,10,2,0.20999999999999999
2026-01-09T06:00:00Z,2026-01-10T11:00:00Z,2026-01-10T12:00:00Z,2026-01-10T12:00:00Z,2026-01-09T00:00:00Z,2026-01-09T04:01:53Z,-8.6653247070312496,-4.7004101562500002,9.8580783074220086,-5.67303466796875,-3.1354296875000003,6.4818393739147577,2.003750000000025,97.181707915264369,958.02488667768944,29,35,0,16,1,10,1,0.18000000000000002
2026-01-09T06:00:00Z,2026-01-10T11:00:00Z,2026-01-10T12:00:00Z,2026-01-10T12:00:00Z,2026-01-09T00:00:00Z,2026-01-09T04:01:53Z,-8.6653247070312496,-4.7004101562500002,9.8580783074220086,-5.67303466796875,-3.1354296875000003,6.4818393739147577,2.003750000000025,97.181707915264369,958.02488667768944,29,35,0,16,1,10,2,0.16666666666666666
2026-01-09T06:00:00Z,2026-01-10T12:00:00Z,2026-01-10T13:00:00Z,2026-01-10T13:00:00Z,2026-01-09T00:00:00Z,2026-01-09T04:01:53Z,-8.9510278320312509,-4.4440454101562503,9.9935198432448669,-5.2731884765624999,-2.5357373046875002,5.8511947829255666,0.70025390625005457,99.870438857328907,998.0572124742896,30,36,0,17,1,10,1,0.15166666666666667
2026-01-09T06:00:00Z,2026-01-10T12:00:00Z,2026-01-10T13:00:00Z,2026-01-10T13:00:00Z,2026-01-09T00:00:00Z,2026-01-09T04:01:53Z,-8.9510278320312509,-4.4440454101562503,9.9935198432448669,-5.2731884765624999,-2.5357373046875002,5.8511947829255666,0.70025390625005457,99.870438857328907,998.0572124742896,30,36,0,17,1,10,2,0.16166666666666668
2026-01-09T06:00:00Z,2026-01-10T13:00:00Z,2026-01-10T14:00:00Z,2026-01-10T14:00:00Z,2026-01-09T00:00:00Z,2026-01-09T04:01:53Z,-9.3575097656250001,-4.5408374023437501,10.401066932208982,-5.3004614257812497,-2.4750122070312499,5.8498356174467583,-0.30589843749999091,108.18219332829116,1125.2102336807284,31,37,0,18,1,10,1,0.41666666666666669
2026-01-09T06:00:00Z,2026-01-10T13:00:00Z,2026-01-10T14:00:00Z,2026-01-10T14:00:00Z,2026-01-09T00:00:00Z,2026-01-09T04:01:53Z,-9.3575097656250001,-4.5408374023437501,10.401066932208982,-5.3004614257812497,-2.4750122070312499,5.8498356174467583,-0.30589843749999091,108.18219332829116,1125.2102336807284,31,37,0,18,1,10,2,0.4466666666666666
2026-01-09T06:00:00Z,2026-01-10T14:00:00Z,2026-01-10T15:00:00Z,2026-01-10T15:00:00Z,2026-01-09T00:00:00Z,2026-01-09T04:01:53Z,-9.4946630859374999,-5.1004663085937505,10.777911842308052,-5.4722827148437503,-2.8797998046875,6.1837791864082474,-0.67499999999995453,116.16338368056415,1251.9987086133262,32,38,0,19,1,10,1,0.38833333333333336
2026-01-09T06:00:00Z,2026-01-10T14:00:00Z,2026-01-10T15:00:00Z,2026-01-10T15:00:00Z,2026-01-09T00:00:00Z,2026-01-09T04:01:53Z,-9.4946630859374999,-5.1004663085937505,10.777911842308052,-5.4722827148437503,-2.8797998046875,6.1837791864082474,-0.67499999999995453,116.16338368056415,1251.9987086133262,32,38,0,19,1,10,2,0.39166666666666666
2026-01-09T06:00:00Z,2026-01-10T15:00:00Z,2026-01-10T16:00:00Z,2026-01-10T16:00:00Z,2026-01-09T00:00:00Z,2026-01-09T04:01:53Z,-9.9221679687500011,-5.0207348632812501,11.120125708257813,-6.02606201171875,-2.9325073242187503,6.7017178824295822,-0.98173828124998863,123.65719576745633,1375.0835616647603,33,39,0,20,1,10,1,0.54000000000000004
2026-01-09T06:00:00Z,2026-01-10T15:00:00Z,2026-01-10T16:00:00Z,2026-01-10T16:00:00Z,2026-01-09T00:00:00Z,2026-01-09T04:01:53Z,-9.9221679687500011,-5.0207348632812501,11.120125708257813,-6.02606201171875,-2.9325073242187503,6.7017178824295822,-0.98173828124998863,123.65719576745633,1375.0835616647603,33,39,0,20,1,10,2,0.49833333333333335
2026-01-09T06:00:00Z,2026-01-10T16:00:00Z,2026-01-10T17:00:00Z,2026-01-10T17:00:00Z,2026-01-09T00:00:00Z,2026-01-09T04:01:53Z,-9.7533691406250007,-5.2826269531249999,11.092085336814661,-5.8011718750000005,-3.16306640625,6.607464280163633,-1.4292773437499591,123.03435711917881,1364.7075885260617,34,40,0,21,1,10,1,0.57500000000000007
2026-01-09T06:00:00Z,2026-01-10T16:00:00Z,2026-01-10T17:00:00Z,2026-01-10T17:00:00Z,2026-01-09T00:00:00Z,2026-01-09T04:01:53Z,-9.7533691406250007,-5.2826269531249999,11.092085336814661,-5.8011718750000005,-3.16306640625,6.607464280163633,-1.4292773437499591,123.03435711917881,1364.7075885260617,34,40,0,21,1,10,2,0.53666666666666674
2026-01-09T06:00:00Z,2026-01-10T17:00:00Z,2026-01-10T18:00:00Z,2026-01-10T18:00:00Z,2026-01-09T00:00:00Z,2026-01-09T04:01:53Z,-10.44857177734375,-5.29840087890625,11.715191166169626,-6.4212451171875005,-3.2275073242187502,7.1867372557294731,-1.53546874999995,137.24570405989886,1607.8596597972578,35,41,0,22,1,10,1,0.34499999999999997
2026-01-09T06:00:00Z,2026-01-10T17:00:00Z,2026-01-10T18:00:00Z,2026-01-10T18:00:00Z,2026-01-09T00:00:00Z,2026-01-09T04:01:53Z,-10.44857177734375,-5.29840087890625,11.715191166169626,-6.4212451171875005,-3.2275073242187502,7.1867372557294731,-1.53546874999995,137.24570405989886,1607.8596597972578,35,41,0,22,1,10,2,0.3066666666666667
2026-01-09T06:00:00Z,2026-01-10T18:00:00Z,2026-01-10T19:00:00Z,2026-01-10T19:00:00Z,2026-01-09T00:00:00Z,2026-01-09T04:01:53Z,-10.63249755859375,-5.9860375976562503,12.201747844225279,-6.5942675781249998,-3.9593017578125003,7.6915821065192889,-1.7940039062499977,148.88265045405626,1816.6285592203267,36,42,0,23,1,10,1,0.40833333333333338
2026-01-09T06:00:00Z,2026-01-10T18:00:00Z,2026-01-10T19:00:00Z,2026-01-10T19:00:00Z,2026-01-09T00:00:00Z,2026-01-09T04:01:53Z,-10.63249755859375,-5.9860375976562503,12.201747844225279,-6.5942675781249998,-3.9593017578125003,7.6915821065192889,-1.7940039062499977,148.88265045405626,1816.6285592203267,36,42,0,23,1,10,2,0.45166666666666666
2026-01-09T06:00:00Z,2026-01-10T19:00:00Z,2026-01-10T20:00:00Z,2026-01-10T20:00:00Z,2026-01-09T00:00:00Z,2026-01-09T04:01:53Z,-11.367016601562501,-5.77903076171875,12.751716079222009,-7.2313623046875,-3.88515380859375,8.2089597939133458,-2.0142187499999977,162.60626296508912,2073.5088980341293,37,43,0,0,1,11,1,0.83999999999999997
2026-01-09T06:00:00Z,2026-01-10T19:00:00Z,2026-01-10T20:00:00Z,2026-01-10T20:00:00Z,2026-01-09T00:00:00Z,2026-01-09T04:01:53Z,-11.367016601562501,-5.77903076171875,12.751716079222009,-7.2313623046875,-3.88515380859375,8.2089597939133458,-2.0142187499999977,162.60626296508912,2073.5088980341293,37,43,0,0,1,11,2,0.8716666666666667
2026-01-09T06:00:00Z,2026-01-10T20:00:00Z,2026-01-10T21:00:00Z,2026-01-10T21:00:00Z,2026-01-09T00:00:00Z,2026-01-09T04:01:53Z,-11.37463623046875,-6.1615869140625001,12.936286278335007,-7.2104785156249998,-4.1976220703124998,8.3433225677462755,-2.4142382812499932,167.34750267503858,2164.8552025687327,38,44,0,1,1,11,1,0.89833333333333332
2026-01-09T06:00:00Z,2026-01-10T20:00:00Z,2026-01-10T21:00:00Z,2026-01-10T21:00:00Z,2026-01-09T00:00:00Z,2026-01-09T04:01:53Z,-11.37463623046875,-6.1615869140625001,12.936286278335007,-7.2104785156249998,-4.1976220703124998,8.3433225677462755,-2.4142382812499932,167.34750267503858,2164.8552025687327,38,44,0,1,1,11,2,0.91833333333333333
2026-01-09T06:00:00Z,2026-01-10T21:00:00Z,2026-01-10T22:00:00Z,2026-01-10T22:00:00Z,2026-01-09T00:00:00Z,2026-01-09T04:01:53Z,-11.8699267578125,-5.9906713867187502,13.295988300968226,-7.5993481445312501,-4.1209301757812504,8.6447763265138935,-2.7618359374999955,176.78330489948394,2350.5087537500372,39,45,0,2,1,11,1,0.71166666666666656
2026-01-09T06:00:00Z,2026-01-10T21:00:00Z,2026-01-10T22:00:00Z,2026-01-10T22:00:00Z,2026-01-09T00:00:00Z,2026-01-09T04:01:53Z,-11.8699267578125,-5.9906713867187502,13.295988300968226,-7.5993481445312501,-4.1209301757812504,8.6447763265138935,-2.7618359374999955,176.78330489948394,2350.5087537500372,39,45,0,2,1,11,2,0.69333333333333336
2026-01-09T06:00:00Z,2026-01-10T22:00:00Z,2026-01-10T23:00:00Z,2026-01-10T23:00:00Z,2026-01-09T00:00:00Z,2026-01-09T04:01:53Z,-11.58833740234375,-6.3724291992187503,13.224878738559942,-7.4131762695312498,-4.4177343750000002,8.6296905744758838,-3.0478515625,174.89741764961482,2312.9971401034295,40,46,0,3,1,11,1,0.77166666666666661
2026-01-09T06:00:00Z,2026-01-10T22:00:00Z,2026-01-10T23:00:00Z,2026-01-10T23:00:00Z,2026-01-09T00:00:00Z,2026-01-09T04:01:53Z,-11.58833740234375,-6.3724291992187503,13.224878738559942,-7.4131762695312498,-4.4177343750000002,8.6296905744758838,-3.0478515625,174.89741764961482,2312.9971401034295,40,46,0,3,1,11,2,0.68666666666666665
2026-01-09T06:00:00Z,2026-01-10T23:00:00Z,2026-01-11T00:00:00Z,2026-01-11T00:00:00Z,2026-01-09T00:00:00Z,2026-01-09T04:01:53Z,-12.004169921875,-6.4327099609375002,13.6190988304951,-7.6474609375,-4.4020336914062499,8.8239197305315571,-3.0165624999999636,185.47985295479299,2526.0684484570243,41,47,0,4,1,11,1,0.84999999999999998
2026-01-09T06:00:00Z,2026-01-10T23:00:00Z,2026-01-11T00:00:00Z,2026-01-11T00:00:00Z,2026-01-09T00:00:00Z,2026-01-09T04:01:53Z,-12.004169921875,-6.4327099609375002,13.6190988304951,-7.6474609375,-4.4020336914062499,8.8239197305315571,-3.0165624999999636,185.47985295479299,2526.0684484570243,41,47,0,4,1,11,2,0.82333333333333336
2026-01-09T06:00:00Z,2026-01-11T00:00:00Z,2026-01-11T01:00:00Z,2026-01-11T01:00:00Z,2026-01-09T00:00:00Z,2026-01-09T04:01:53Z,-12.4934619140625,-6.6848974609375,14.16948992241354,-8.0662841796875,-4.6944775390625004,9.3329020048556792,-2.9797656249999704,200.77444466137885,2844.8714703075825,42,48,0,5,1,11,1,0.46833333333333332
2026-01-09T06:00:00Z,2026-01-11T00:00:00Z,2026-01-11T01:00:00Z,2026-01-11T01:00:00Z,2026-01-09T00:00:00Z,2026-01-09T04:01:53Z,-12.4934619140625,-6.6848974609375,14.16948992241354,-8.0662841796875,-4.6944775390625004,9.3329020048556792,-2.9797656249999704,200.77444466137885,2844.8714703075825,42,48,0,5,1,11,2,0.47999999999999998
2026-01-09T06:00:00Z,2026-01-11T01:00:00Z,2026-01-11T02:00:00Z,2026-01-11T02:00:00Z,2026-01-09T00:00:00Z,2026-01-09T04:01:53Z,-13.079323730468751,-6.7343774414062505,14.711238859107835,-8.5527368164062505,-4.7553564453124997,9.7858429362363086,-3.0130273437499682,216.42054876972441,3183.8143869706123,43,49,0,6,1,11,1,0.55333333333333334
2026-01-09T06:00:00Z,2026-01-11T01:00:00Z,2026-01-11T02:00:00Z,2026-01-11T02:00:00Z,2026-01-09T00:00:00Z,2026-01-09T04:01:53Z,-13.079323730468751,-6.7343774414062505,14.711238859107835,-8.5527368164062505,-4.7553564453124997,9.7858429362363086,-3.0130273437499682,216.42054876972441,3183.8143869706123,43,49,0,6,1,11,2,0.55333333333333334
2026-01-09T06:00:00Z,2026-01-11T02:00:00Z,2026-01-11T03:00:00Z,2026-01-11T03:00:00Z,2026-01-09T00:00:00Z,2026-01-09T04:01:53Z,-13.102802734375,-7.08290771484375,14.894664185302672,-8.4441967773437501,-5.086708984375,9.8579443854296471,-3.0259765624999773,221.85102119293811,3304.3964598352791,44,50,0,7,1,11,1,0.48666666666666664
2026-01-09T06:00:00Z,2026-01-11T02:00:00Z,2026-01-11T03:00:00Z,2026-01-11T03:00:00Z,2026-01-09T00:00:00Z,2026-01-09T04:01:53Z,-13.102802734375,-7.08290771484375,14.894664185302672,-8.4441967773437501,-5.086708984375,9.8579443854296471,-3.0259765624999773,221.85102119293811,3304.3964598352791,44,50,0,7,1,11,2,0.44500000000000001
2026-01-09T06:00:00Z,2026-01-11T03:00:00Z,2026-01-11T04:00:00Z,2026-01-11T04:00:00Z,2026-01-09T00:00:00Z,2026-01-09T04:01:53Z,-12.9277783203125,-7.2863818359375001,14.839771310846466,-8.2754467773437508,-5.3198437500000004,9.8378735959079666,-2.8128515624999864,220.21881255822183,3267.9968167101756,45,51,0,8,1,11,1,0.20999999999999999
2026-01-09T06:00:00Z,2026-01-11T03:00:00Z,2026-01-11T04:00:00Z,2026-01-11T04:00:00Z,2026-01-09T00:00:00Z,2026-01-09T04:01:53Z,-12.9277783203125,-7.2863818359375001,14.839771310846466,-8.2754467773437508,-5.3198437500000004,9.8378735959079666,-2.8128515624999864,220.21881255822183,3267.9968167101756,45,51,0,8,1,11,2,0.21666666666666667
2026-01-09T06:00:00Z,2026-01-11T04:00:00Z,2026-01-11T05:00:00Z,2026-01-11T05:00:00Z,2026-01-09T00:00:00Z,2026-01-09T04:01:53Z,-13.10445556640625,-7.1397265624999999,14.923218522798082,-8.8670727539062497,-5.3480395507812499,10.355023238012896,-1.7396289062499477,222.70245107918379,3323.4373430174091,46,52,0,9,1,11,1,0.32500000000000001
2026-01-09T06:00:00Z,2026-01-11T04:00:00Z,2026-01-11T05:00:00Z,2026-01-11T05:00:00Z,2026-01-09T00:00:00Z,2026-01-09T04:01:53Z,-13.10445556640625,-7.1397265624999999,14.923218522798082,-8.8670727539062497,-5.3480395507812499,10.355023238012896,-1.7396289062499477,222.70245107918379,3323.4373430174091,46,52,0,9,1,11,2,0.32333333333333331
2026-01-09T06:00:00Z,2026-01-11T05:00:00Z,2026-01-11T06:00:00Z,2026-01-11T06:00:00Z,2026-01-09T00:00:00Z,2026-01-09T04:01:53Z,-12.45360595703125,-6.8641552734375004,14.220018598822721,-8.7265722656250002,-5.4429907226562504,10.284902114949732,-0.21410156249999091,202.20892895086411,2875.4147305293095,47,53,0,10,1,11,1,0.27999999999999997
2026-01-09T06:00:00Z,2026-01-11T05:00:00Z,2026-01-11T06:00:00Z,2026-01-11T06:00:00Z,2026-01-09T00:00:00Z,2026-01-09T04:01:53Z,-12.45360595703125,-6.8641552734375004,14.220018598822721,-8.7265722656250002,-5.4429907226562504,10.284902114949732,-0.21410156249999091,202.20892895086411,2875.4147305293095,47,53,0,10,1,11,2,0.26333333333333336
2026-01-10T06:00:00Z,2026-01-10T06:00:00Z,2026-01-10T07:00:00Z,2026-01-10T07:00:00Z,2026-01-10T00:00:00Z,2026-01-10T03:59:44Z,-9.0881909179687508,-3.8531420898437503,9.8712673009079808,-6.9408740234374999,-3.1463818359375,7.6207250879917527,1.42302734375005,97.441918125975135,961.87522013469106,0,6,0,11,1,10,1,0.090000000000000011
2026-01-10T06:00:00Z,2026-01-10T06:00:00Z,2026-01-10T07:00:00Z,2026-01-10T07:00:00Z,2026-01-10T00:00:00Z,2026-01-10T03:59:44Z,-9.0881909179687508,-3.8531420898437503,9.8712673009079808,-6.9408740234374999,-3.1463818359375,7.6207250879917527,1.42302734375005,97.441918125975135,961.87522013469106,0,6,0,11,1,10,2,0.090000000000000011
2026-01-10T06:00:00Z,2026-01-10T07:00:00Z,2026-01-10T08:00:00Z,2026-01-10T08:00:00Z,2026-01-10T00:00:00Z,2026-01-10T03:59:44Z,-9.1944042968749997,-4.0518920898437498,10.047631555850952,-7.0873217773437505,-3.3062988281250001,7.8205972864271516,2.6776953125000205,100.95489988213183,1014.3576377734813,1,7,0,12,1,10,1,0.053333333333333337
2026-01-10T06:00:00Z,2026-01-10T07:00:00Z,2026-01-10T08:00:00Z,2026-01-10T08:00:00Z,2026-01-10T00:00:00Z,2026-01-10T03:59:44Z,-9.1944042968749997,-4.0518920898437498,10.047631555850952,-7.0873217773437505,-3.3062988281250001,7.8205972864271516,2.6776953125000205,100.95489988213183,1014.3576377734813,1,7,0,12,1,10,2,0.049999999999999996
2026-01-10T06:00:00Z,2026-01-10T08:00:00Z,2026-01-10T09:00:00Z,2026-01-10T09:00:00Z,2026-01-10T00:00:00Z,2026-01-10T03:59:44Z,-9.2938549804687494,-4.2506420898437502,10.2197699863517,-7.2020361328125002,-3.51796630859375,8.0153235372464895,3.6324218750000341,104.44369857393502,1067.3905759494651,2,8,0,13,1,10,1,0.21333333333333335
2026-01-10T06:00:00Z,2026-01-10T08:00:00Z,2026-01-10T09:00:00Z,2026-01-10T09:00:00Z,2026-01-10T00:00:00Z,2026-01-10T03:59:44Z,-9.2938549804687494,-4.2506420898437502,10.2197699863517,-7.2020361328125002,-3.51796630859375,8.0153235372464895,3.6324218750000341,104.44369857393502,1067.3905759494651,2,8,0,13,1,10,2,0.24333333333333332
2026-01-10T06:00:00Z,2026-01-10T09:00:00Z,2026-01-10T10:00:00Z,2026-01-10T10:00:00Z,2026-01-10T00:00:00Z,2026-01-10T03:59:44Z,-9.2635375976562511,-4.4826464843750005,10.291124735764818,-7.0100854492187503,-3.7089453125,7.9307990351832878,4.1238867187500432,105.90724832707049,1089.9047029555022,3,9,0,14,1,10,1,0.19166666666666665
2026-01-10T06:00:00Z,2026-01-10T09:00:00Z,2026-01-10T10:00:00Z,2026-01-10T10:00:00Z,2026-01-10T00:00:00Z,2026-01-10T03:59:44Z,-9.2635375976562511,-4.4826464843750005,10.291124735764818,-7.0100854492187503,-3.7089453125,7.9307990351832878,4.1238867187500432,105.90724832707049,1089.9047029555022,3,9,0,14,1,10,2,0.18833333333333335
2026-01-10T06:00:00Z,2026-01-10T10:00:00Z,2026-01-10T11:00:00Z,2026-01-10T11:00:00Z,2026-01-10T00:00:00Z,2026-01-10T03:59:44Z,-8.6684472656249998,-5.2823046874999999,10.151094562090632,-6.07366943359375,-3.9182080078124999,7.227849914120867,3.6703320312500409,103.044720808506,1046.0167050513726,4,10,0,15,1,10,1,0.18833333333333332
2026-01-10T06:00:00Z,2026-01-10T10:00:00Z,2026-01-10T11:00:00Z,2026-01-10T11:00:00Z,2026-01-10T00:00:00Z,2026-01-10T03:59:44Z,-8.6684472656249998,-5.2823046874999999,10.151094562090632,-6.07366943359375,-3.9182080078124999,7.227849914120867,3.6703320312500409,103.044720808506,1046.0167050513726,4,10,0,15,1,10,2,0.20999999999999999
2026-01-10T06:00:00Z,2026-01-10T11:00:00Z,2026-01-10T12:00:00Z,2026-01-10T12:00:00Z,2026-01-10T00:00:00Z,2026-01-10T03:59:44Z,-9.2357690429687498,-5.2019213867187499,10.599972449429377,-6.0544555664062498,-3.6365258789062502,7.0626307190410644,2.22185546875005,112.35941592866182,1191.0067132777915,5,11,0,16,1,10,1,0.18000000000000002
2026-01-10T06:00:00Z,2026-01-10T11:00:00Z,2026-01-10T12:00:00Z,2026-01-10T12:00:00Z,2026-01-10T00:00:00Z,2026-01-10T03:59:44Z,-9.2357690429687498,-5.2019213867187499,10.599972449429377,-6.0544555664062498,-3.6365258789062502,7.0626307190410644,2.22185546875005,112.35941592866182,1191.0067132777915,5,11,0,16,1,10,2,0.16666666666666666
2026-01-10T06:00:00Z,2026-01-10T12:00:00Z,2026-01-10T13:00:00Z,2026-01-10T13:00:00Z,2026-01-10T00:00:00Z,2026-01-10T03:59:44Z,-9.4249194335937503,-4.9546362304687497,10.647888359013102,-5.3900732421875004,-3.0382153320312502,6.1873776319160791,0.48808593750004547,113.37752650600673,1207.2312446570086,6,12,0,17,1,10,1,0.15166666666666667
2026-01-10T06:00:00Z,2026-01-10T12:00:00Z,2026-01-10T13:00:00Z,2026-01-10T13:00:00Z,2026-01-10T00:00:00Z,2026-01-10T03:59:44Z,-9.4249194335937503,-4.9546362304687497,10.647888359013102,-5.3900732421875004,-3.0382153320312502,6.1873776319160791,0.48808593750004547,113.37752650600673,1207.2312446570086,6,12,0,17,1,10,2,0.16166666666666668
2026-01-10T06:00:00Z,2026-01-10T13:00:00Z,2026-01-10T14:00:00Z,2026-01-10T14:00:00Z,2026-01-10T00:00:00Z,2026-01-10T03:59:44Z,-9.4989306640625006,-5.2514550781249998,10.853914694626621,-5.4767407226562499,-3.0726586914062501,6.2798025746894046,-0.22109374999996589,117.80746419823168,1278.6721667978863,7,13,0,18,1,10,1,0.41666666666666669
2026-01-10T06:00:00Z,2026-01-10T13:00:00Z,2026-01-10T14:00:00Z,2026-01-10T14:00:00Z,2026-01-10T00:00:00Z,2026-01-10T03:59:44Z,-9.4989306640625006,-5.2514550781249998,10.853914694626621,-5.4767407226562499,-3.0726586914062501,6.2798025746894046,-0.22109374999996589,117.80746419823168,1278.6721667978863,7,13,0,18,1,10,2,0.4466666666666666
2026-01-10T06:00:00Z,2026-01-10T14:00:00Z,2026-01-10T15:00:00Z,2026-01-10T15:00:00Z,2026-01-10T00:00:00Z,2026-01-10T03:59:44Z,-9.6900170898437494,-4.89947509765625,10.858235926430115,-5.7958300781250003,-2.7791503906249999,6.4276996809285931,-0.87837890624996362,117.90128743401766,1280.1999949884141,8,14,0,19,1,10,1,0.38833333333333336
2026-01-10T06:00:00Z,2026-01-10T14:00:00Z,2026-01-10T15:00:00Z,2026-01-10T15:00:00Z,2026-01-10T00:00:00Z,2026-01-10T03:59:44Z,-9.6900170898437494,-4.89947509765625,10.858235926430115,-5.7958300781250003,-2.7791503906249999,6.4276996809285931,-0.87837890624996362,117.90128743401766,1280.1999949884141,8,14,0,19,1,10,2,0.39166666666666666
2026-01-10T06:00:00Z,2026-01-10T15:00:00Z,2026-01-10T16:00:00Z,2026-01-10T16:00:00Z,2026-01-10T00:00:00Z,2026-01-10T03:59:44Z,-10.3014599609375,-5.0035961914062499,11.452338284099609,-6.19106201171875,-2.9456640625000001,6.856105716954124,-1.2874023437499886,131.15605217345356,1502.0434774974078,9,15,0,20,1,10,1,0.54000000000000004
2026-01-10T06:00:00Z,2026-01-10T15:00:00Z,2026-01-10T16:00:00Z,2026-01-10T16:00:00Z,2026-01-10T00:00:00Z,2026-01-10T03:59:44Z,-10.3014599609375,-5.0035961914062499,11.452338284099609,-6.19106201171875,-2.9456640625000001,6.856105716954124,-1.2874023437499886,131.15605217345356,1502.0434774974078,9,15,0,20,1,10,2,0.49833333333333335
2026-01-10T06:00:00Z,2026-01-10T16:00:00Z,2026-01-10T17:00:00Z,2026-01-10T17:00:00Z,2026-01-10T00:00:00Z,2026-01-10T03:59:44Z,-10.36332275390625,-5.5985766601562501,11.778901439492451,-6.2093847656249999,-3.4363037109375001,7.0968050812586556,-1.6776562499999841,138.74251912127733,1634.2344581964223,10,16,0,21,1,10,1,0.57500000000000007
2026-01-10T06:00:00Z,2026-01-10T16:00:00Z,2026-01-10T17:00:00Z,2026-01-10T17:00:00Z,2026-01-10T00:00:00Z,2026-01-10T03:59:44Z,-10.36332275390625,-5.5985766601562501,11.778901439492451,-6.2093847656249999,-3.4363037109375001,7.0968050812586556,-1.6776562499999841,138.74251912127733,1634.2344581964223,10,16,0,21,1,10,2,0.53666666666666674
2026-01-10T06:00:00Z,2026-01-10T17:00:00Z,2026-01-10T18:00:00Z,2026-01-10T18:00:00Z,2026-01-10T00:00:00Z,2026-01-10T03:59:44Z,-10.7550146484375,-5.6254394531249998,12.137376534032406,-6.6190942382812503,-3.6045678710937499,7.5369302817904167,-1.9038281249999613,147.31590912888049,1788.0286585505244,11,17,0,22,1,10,1,0.34499999999999997
2026-01-10T06:00:00Z,2026-01-10T17:00:00Z,2026-01-10T18:00:00Z,2026-01-10T18:00:00Z,2026-01-10T00:00:00Z,2026-01-10T03:59:44Z,-10.7550146484375,-5.6254394531249998,12.137376534032406,-6.6190942382812503,-3.6045678710937499,7.5369302817904167,-1.9038281249999613,147.31590912888049,1788.0286585505244,11,17,0,22,1,10,2,0.3066666666666667
2026-01-10T06:00:00Z,2026-01-10T18:00:00Z,2026-01-10T19:00:00Z,2026-01-10T19:00:00Z,2026-01-10T00:00:00Z,2026-01-10T03:59:44Z,-11.163605957031249,-5.9279736328124999,12.639895939254556,-7.1454785156250002,-4.0020117187500004,8.1898694137495731,-2.1292382812499682,159.76696935518382,2019.4378671795951,12,18,0,23,1,10,1,0.40833333333333338
2026-01-10T06:00:00Z,2026-01-10T18:00:00Z,2026-01-10T19:00:00Z,2026-01-10T19:00:00Z,2026-01-10T00:00:00Z,2026-01-10T03:59:44Z,-11.163605957031249,-5.9279736328124999,12.639895939254556,-7.1454785156250002,-4.0020117187500004,8.1898694137495731,-2.1292382812499682,159.76696935518382,2019.4378671795951,12,18,0,23,1,10,2,0.45166666666666666
2026-01-10T06:00:00Z,2026-01-10T19:00:00Z,2026-01-10T20:00:00Z,2026-01-10T20:00:00Z,2026-01-10T00:00:00Z,2026-01-10T03:59:44Z,-11.977187499999999,-5.7472558593750005,13.284726957046445,-7.8439575195312505,-3.8929345703125002,8.7568606895933332,-2.3832226562499841,176.48397032327648,2344.541358040216,13,19,0,0,1,11,1,0.83999999999999997
2026-01-10T06:00:00Z,2026-01-10T19:00:00Z,2026-01-10T20:00:00Z,2026-01-10T20:00:00Z,2026-01-10T00:00:00Z,2026-01-10T03:59:44Z,-11.977187499999999,-5.7472558593750005,13.284726957046445,-7.8439575195312505,-3.8929345703125002,8.7568606895933332,-2.3832226562499841,176.48397032327648,2344.541358040216,13,19,0,0,1,11,2,0.8716666666666667
2026-01-10T06:00:00Z,2026-01-10T20:00:00Z,2026-01-10T21:00:00Z,2026-01-10T21:00:00Z,2026-01-10T00:00:00Z,2026-01-10T03:59:44Z,-11.749421386718749,-6.48142333984375,13.41855996122368,-7.6386743164062505,-4.5081469726562498,8.869765185121544,-2.7028515624999727,180.05775143295526,2416.1157340862192,14,20,0,1,1,11,1,0.89833333333333332
2026-01-10T06:00:00Z,2026-01-10T20:00:00Z,2026-01-10T21:00:00Z,2026-01-10T21:00:00Z,2026-01-10T00:00:00Z,2026-01-10T03:59:44Z,-11.749421386718749,-6.48142333984375,13.41855996122368,-7.6386743164062505,-4.5081469726562498,8.869765185121544,-2.7028515624999727,180.05775143295526,2416.1157340862192,14,20,0,1,1,11,2,0.91833333333333333
2026-01-10T06:00:00Z,2026-01-10T21:00:00Z,2026-01-10T22:00:00Z,2026-01-10T22:00:00Z,2026-01-10T00:00:00Z,2026-01-10T03:59:44Z,-12.07892578125,-6.3345068359374999,13.639150445811676,-7.8107958984375001,-4.3269018554687504,8.9291999772603923,-3.0505859374999886,186.02642488348485,2537.2423958823347,15,21,0,2,1,11,1,0.71166666666666656
2026-01-10T06:00:00Z,2026-01-10T21:00:00Z,2026-01-10T22:00:00Z,2026-01-10T22:00:00Z,2026-01-10T00:00:00Z,2026-01-10T03:59:44Z,-12.07892578125,-6.3345068359374999,13.639150445811676,-7.8107958984375001,-4.3269018554687504,8.9291999772603923,-3.0505859374999886,186.02642488348485,2537.2423958823347,15,21,0,2,1,11,2,0.69333333333333336
2026-01-10T06:00:00Z,2026-01-10T22:00:00Z,2026-01-10T23:00:00Z,2026-01-10T23:00:00Z,2026-01-10T00:00:00Z,2026-01-10T03:59:44Z,-11.7834716796875,-6.5677050781249999,13.490179940209332,-7.5625952148437499,-4.4841406250000002,8.7920625298250119,-3.2127734374999477,181.98495481922626,2455.0097869222277,16,22,0,3,1,11,1,0.77166666666666661
2026-01-10T06:00:00Z,2026-01-10T22:00:00Z,2026-01-10T23:00:00Z,2026-01-10T23:00:00Z,2026-01-10T00:00:00Z,2026-01-10T03:59:44Z,-11.7834716796875,-6.5677050781249999,13.490179940209332,-7.5625952148437499,-4.4841406250000002,8.7920625298250119,-3.2127734374999477,181.98495481922626,2455.0097869222277,16,22,0,3,1,11,2,0.68666666666666665
2026-01-10T06:00:00Z,2026-01-10T23:00:00Z,2026-01-11T00:00:00Z,2026-01-11T00:00:00Z,2026-01-10T00:00:00Z,2026-01-10T03:59:44Z,-12.409990234375,-6.1890063476562505,13.867647860708471,-8.2410498046875009,-4.1996997070312503,9.24945293044828,-2.9986718749999568,192.31165718861226,2666.9103414009596,17,23,0,4,1,11,1,0.84999999999999998
2026-01-10T06:00:00Z,2026-01-10T23:00:00Z,2026-01-11T00:00:00Z,2026-01-11T00:00:00Z,2026-01-10T00:00:00Z,2026-01-10T03:59:44Z,-12.409990234375,-6.1890063476562505,13.867647860708471,-8.2410498046875009,-4.1996997070312503,9.24945293044828,-2.9986718749999568,192.31165718861226,2666.9103414009596,17,23,0,4,1,11,2,0.82333333333333336
2026-01-10T06:00:00Z,2026-01-11T00:00:00Z,2026-01-11T01:00:00Z,2026-01-11T01:00:00Z,2026-01-10T00:00:00Z,2026-01-10T03:59:44Z,-12.06548828125,-6.6220605468749998,13.763273351621681,-7.859580078125,-4.6506494140625003,9.1324443046196162,-3.0819140624999477,189.42769335145951,2607.1451239633061,18,24,0,5,1,11,1,0.46833333333333332
2026-01-10T06:00:00Z,2026-01-11T00:00:00Z,2026-01-11T01:00:00Z,2026-01-11T01:00:00Z,2026-01-10T00:00:00Z,2026-01-10T03:59:44Z,-12.06548828125,-6.6220605468749998,13.763273351621681,-7.859580078125,-4.6506494140625003,9.1324443046196162,-3.0819140624999477,189.42769335145951,2607.1451239633061,18,24,0,5,1,11,2,0.47999999999999998
2026-01-10T06:00:00Z,2026-01-11T01:00:00Z,2026-01-11T02:00:00Z,2026-01-11T02:00:00Z,2026-01-10T00:00:00Z,2026-01-10T03:59:44Z,-12.448500976562499,-7.0413720703124998,14.301961305920752,-7.924552001953125,-4.7750268554687505,9.2519946985559312,-3.0428515624999477,204.54609719605443,2925.4103673750756,19,25,0,6,1,11,1,0.55333333333333334
2026-01-10T06:00:00Z,2026-01-11T01:00:00Z,2026-01-11T02:00:00Z,2026-01-11T02:00:00Z,2026-01-10T00:00:00Z,2026-01-10T03:59:44Z,-12.448500976562499,-7.0413720703124998,14.301961305920752,-7.924552001953125,-4.7750268554687505,9.2519946985559312,-3.0428515624999477,204.54609719605443,2925.4103673750756,19,25,0,6,1,11,2,0.55333333333333334
2026-01-10T06:00:00Z,2026-01-11T02:00:00Z,2026-01-11T03:00:00Z,2026-01-11T03:00:00Z,2026-01-10T00:00:00Z,2026-01-10T03:59:44Z,-13.274096679687501,-6.2604467773437502,14.676335936249364,-8.6511071777343744,-4.266396484375,9.6459211256641826,-3.0326367187499841,215.39483651364449,3161.2069796077571,20,26,0,7,1,11,1,0.48666666666666664
2026-01-10T06:00:00Z,2026-01-11T02:00:00Z,2026-01-11T03:00:00Z,2026-01-11T03:00:00Z,2026-01-10T00:00:00Z,2026-01-10T03:59:44Z,-13.274096679687501,-6.2604467773437502,14.676335936249364,-8.6511071777343744,-4.266396484375,9.6459211256641826,-3.0326367187499841,215.39483651364449,3161.2069796077571,20,26,0,7,1,11,2,0.44500000000000001
2026-01-10T06:00:00Z,2026-01-11T03:00:00Z,2026-01-11T04:00:00Z,2026-01-11T04:00:00Z,2026-01-10T00:00:00Z,2026-01-10T03:59:44Z,-12.267365722656251,-7.19903564453125,14.223725812340204,-7.7363330078125001,-5.1633398437500002,9.3011250260291352,-2.6595898437499841,202.31437598463299,2877.6642119001253,21,27,0,8,1,11,1,0.20999999999999999
2026-01-10T06:00:00Z,2026-01-11T03:00:00Z,2026-01-11T04:00:00Z,2026-01-11T04:00:00Z,2026-01-10T00:00:00Z,2026-01-10T03:59:44Z,-12.267365722656251,-7.19903564453125,14.223725812340204,-7.7363330078125001,-5.1633398437500002,9.3011250260291352,-2.6595898437499841,202.31437598463299,2877.6642119001253,21,27,0,8,1,11,2,0.21666666666666667
2026-01-10T06:00:00Z,2026-01-11T04:00:00Z,2026-01-11T05:00:00Z,2026-01-11T05:00:00Z,2026-01-10T00:00:00Z,2026-01-10T03:59:44Z,-12.45337646484375,-7.3186547851562498,14.444697755211587,-8.3545483398437508,-5.3418554687500004,9.9163449824923031,-1.4981445312499773,208.64929323941467,3013.8759776818574,22,28,0,9,1,11,1,0.32500000000000001
2026-01-10T06:00:00Z,2026-01-11T04:00:00Z,2026-01-11T05:00:00Z,2026-01-11T05:00:00Z,2026-01-10T00:00:00Z,2026-01-10T03:59:44Z,-12.45337646484375,-7.3186547851562498,14.444697755211587,-8.3545483398437508,-5.3418554687500004,9.9163449824923031,-1.4981445312499773,208.64929323941467,3013.8759776818574,22,28,0,9,1,11,2,0.32333333333333331
2026-01-10T06:00:00Z,2026-01-11T05:00:00Z,2026-01-11T06:00:00Z,2026-01-11T06:00:00Z,2026-01-10T00:00:00Z,2026-01-10T03:59:44Z,-12.507539062500001,-6.5020166015625005,14.096622052355585,-9.1034863281249994,-5.2034790039062502,10.485688202042438,0.18623046875001137,198.71475328695777,2801.2067733133285,23,29,0,10,1,11,1,0.27999999999999997
2026-01-10T06:00:00Z,2026-01-11T05:00:00Z,2026-01-11T06:00:00Z,2026-01-11T06:00:00Z,2026-01-10T00:00:00Z,2026-01-10T03:59:44Z,-12.507539062500001,-6.5020166015625005,14.096622052355585,-9.1034863281249994,-5.2034790039062502,10.485688202042438,0.18623046875001137,198.71475328695777,2801.2067733133285,23,29,0,10,1,11,2,0.26333333333333336
2026-01-10T06:00:00Z,2026-01-11T06:00:00Z,2026-01-11T07:00:00Z,2026-01-11T07:00:00Z,2026-01-10T00:00:00Z,2026-01-10T03:59:44Z,-12.644553222656251,-6.2553540039062501,14.107238564466559,-9.4474047851562499,-5.1766479492187498,10.772703521620926,1.0432617187500455,199.01417991477251,2807.5405137693651,24,30,0,11,1,11,1,0.40333333333333332
2026-01-10T06:00:00Z,2026-01-11T06:00:00Z,2026-01-11T07:00:00Z,2026-01-11T07:00:00Z,2026-01-10T00:00:00Z,2026-01-10T03:59:44Z,-12.644553222656251,-6.2553540039062501,14.107238564466559,-9.4474047851562499,-5.1766479492187498,10.772703521620926,1.0432617187500455,199.01417991477251,2807.5405137693651,24,30,0,11,1,11,2,0.39666666666666667
2026-01-10T06:00:00Z,2026-01-11T07:00:00Z,2026-01-11T08:00:00Z,2026-01-11T08:00:00Z,2026-01-10T00:00:00Z,2026-01-10T03:59:44Z,-13.00035888671875,-5.5235864257812501,14.125131439620732,-9.8121093750000004,-4.745361328125,10.899355234206617,3.1083984375000568,199.51933818656207,2818.2368766313293,25,31,0,12,1,11,1,0.59666666666666668
2026-01-10T06:00:00Z,2026-01-11T07:00:00Z,2026-01-11T08:00:00Z,2026-01-11T08:00:00Z,2026-01-10T00:00:00Z,2026-01-10T03:59:44Z,-13.00035888671875,-5.5235864257812501,14.125131439620732,-9.8121093750000004,-4.745361328125,10.899355234206617,3.1083984375000568,199.51933818656207,2818.2368766313293,25,31,0,12,1,11,2,0.67666666666666664
2026-01-10T06:00:00Z,2026-01-11T08:00:00Z,2026-01-11T09:00:00Z,2026-01-11T09:00:00Z,2026-01-10T00:00:00Z,2026-01-10T03:59:44Z,-11.84294677734375,-5.9380053710937499,13.248218603198504,-8.898193359375,-5.0362011718749997,10.224537510539069,4.2922607421875227,175.51529615813493,2325.265011708098,26,32,0,13,1,11,1,0.59999999999999998
2026-01-10T06:00:00Z,2026-01-11T08:00:00Z,2026-01-11T09:00:00Z,2026-01-11T09:00:00Z,2026-01-10T00:00:00Z,2026-01-10T03:59:44Z,-11.84294677734375,-5.9380053710937499,13.248218603198504,-8.898193359375,-5.0362011718749997,10.224537510539069,4.2922607421875227,175.51529615813493,2325.265011708098,26,32,0,13,1,11,2,0.60166666666666668
2026-01-10T06:00:00Z,2026-01-11T09:00:00Z,2026-01-11T10:00:00Z,2026-01-11T10:00:00Z,2026-01-10T00:00:00Z,2026-01-10T03:59:44Z,-11.32734130859375,-5.6907958984375,12.676506580247077,-8.3037805175781259,-4.6511352539062498,9.5176588525876262,4.7507324218750568,160.69381907904744,2037.0362549605782,27,33,0,14,1,11,1,0.31333333333333335
2026-01-10T06:00:00Z,2026-01-11T09:00:00Z,2026-01-11T10:00:00Z,2026-01-11T10:00:00Z,2026-01-10T00:00:00Z,2026-01-10T03:59:44Z,-11.32734130859375,-5.6907958984375,12.676506580247077,-8.3037805175781259,-4.6511352539062498,9.5176588525876262,4.7507324218750568,160.69381907904744,2037.0362549605782,27,33,0,14,1,11,2,0.27499999999999997
2026-01-10T06:00:00Z,2026-01-11T10:00:00Z,2026-01-11T11:00:00Z,2026-01-11T11:00:00Z,2026-01-10T00:00:00Z,2026-01-10T03:59:44Z,-10.8953759765625,-5.6241406249999999,12.261328453329623,-7.5554028320312501,-4.2556811523437501,8.6715012555312274,4.2821679687500023,150.34017544043061,1843.3702708063192,28,34,0,15,1,11,1,0.21833333333333335
2026-01-10T06:00:00Z,2026-01-11T10:00:00Z,2026-01-11T11:00:00Z,2026-01-11T11:00:00Z,2026-01-10T00:00:00Z,2026-01-10T03:59:44Z,-10.8953759765625,-5.6241406249999999,12.261328453329623,-7.5554028320312501,-4.2556811523437501,8.6715012555312274,4.2821679687500023,150.34017544043061,1843.3702708063192,28,34,0,15,1,11,2,0.22999999999999998
2026-01-10T06:00:00Z,2026-01-11T11:00:00Z,2026-01-11T12:00:00Z,2026-01-11T12:00:00Z,2026-01-10T00:00:00Z,2026-01-10T03:59:44Z,-11.102866210937501,-5.70941162109375,12.484831563023109,-7.3350585937500004,-4.1417309570312497,8.4235989870231069,3.0480468750000114,155.87101915705804,1946.0234197326179,29,35,0,16,1,11,1,0.27999999999999997
2026-01-10T06:00:00Z,2026-01-11T11:00:00Z,2026-01-11T12:00:00Z,2026-01-11T12:00:00Z,2026-01-10T00:00:00Z,2026-01-10T03:59:44Z,-11.102866210937501,-5.70941162109375,12.484831563023109,-7.3350585937500004,-4.1417309570312497,8.4235989870231069,3.0480468750000114,155.87101915705804,1946.0234197326179,29,35,0,16,1,11,2,0.2283333333333333
2026-01-10T06:00:00Z,2026-01-11T12:00:00Z,2026-01-11T13:00:00Z,2026-01-11T13:00:00Z,2026-01-10T00:00:00Z,2026-01-10T03:59:44Z,-10.14875,-6.1315356445312501,11.857185834870652,-6.3612036132812504,-4.3956005859375002,7.7321546751676227,2.2468554687500273,140.59285592265724,1667.0356197301419,30,36,0,17,1,11,1,0.23166666666666669
2026-01-10T06:00:00Z,2026-01-11T12:00:00Z,2026-01-11T13:00:00Z,2026-01-11T13:00:00Z,2026-01-10T00:00:00Z,2026-01-10T03:59:44Z,-10.14875,-6.1315356445312501,11.857185834870652,-6.3612036132812504,-4.3956005859375002,7.7321546751676227,2.2468554687500273,140.59285592265724,1667.0356197301419,30,36,0,17,1,11,2,0.19000000000000003
2026-01-10T06:00:00Z,2026-01-11T13:00:00Z,2026-01-11T14:00:00Z,2026-01-11T14:00:00Z,2026-01-10T00:00:00Z,2026-01-10T03:59:44Z,-10.701904296875,-5.7435644531249999,12.145751858434812,-6.7725537109375002,-3.8085961914062501,7.7699992739206545,1.4300000000000068,147.51928820667268,1791.7326688911753,31,37,0,18,1,11,1,0.44500000000000001
2026-01-10T06:00:00Z,2026-01-11T13:00:00Z,2026-01-11T14:00:00Z,2026-01-11T14:00:00Z,2026-01-10T00:00:00Z,2026-01-10T03:59:44Z,-10.701904296875,-5.7435644531249999,12.145751858434812,-6.7725537109375002,-3.8085961914062501,7.7699992739206545,1.4300000000000068,147.51928820667268,1791.7326688911753,31,37,0,18,1,11,2,0.45833333333333331
2026-01-10T06:00:00Z,2026-01-11T14:00:00Z,2026-01-11T15:00:00Z,2026-01-11T15:00:00Z,2026-01-10T00:00:00Z,2026-01-10T03:59:44Z,-10.7993505859375,-6.0172167968750001,12.362559243885679,-6.6504296875,-3.78981689453125,7.6544710543874839,0.84525390625003638,152.83287105858324,1889.4054228748762,32,38,0,19,1,11,1,0.45166666666666666
2026-01-10T06:00:00Z,2026-01-11T14:00:00Z,2026-01-11T15:00:00Z,2026-01-11T15:00:00Z,2026-01-10T00:00:00Z,2026-01-10T03:59:44Z,-10.7993505859375,-6.0172167968750001,12.362559243885679,-6.6504296875,-3.78981689453125,7.6544710543874839,0.84525390625003638,152.83287105858324,1889.4054228748762,32,38,0,19,1,11,2,0.46166666666666667
2026-01-10T06:00:00Z,2026-01-11T15:00:00Z,2026-01-11T16:00:00Z,2026-01-11T16:00:00Z,2026-01-10T00:00:00Z,2026-01-10T03:59:44Z,-11.30145263671875,-5.7931079101562499,12.699721688238373,-6.8917919921874997,-3.6892675781249999,7.8171281252506057,0.53042968750003183,161.28293095871211,2048.2483362390085,33,39,0,20,1,11,1,0.27499999999999997
2026-01-10T06:00:00Z,2026-01-11T15:00:00Z,2026-01-11T16:00:00Z,2026-01-11T16:00:00Z,2026-01-10T00:00:00Z,2026-01-10T03:59:44Z,-11.30145263671875,-5.7931079101562499,12.699721688238373,-6.8917919921874997,-3.6892675781249999,7.8171281252506057,0.53042968750003183,161.28293095871211,2048.2483362390085,33,39,0,20,1,11,2,0.28666666666666668
2026-01-10T06:00:00Z,2026-01-11T16:00:00Z,2026-01-11T17:00:00Z,2026-01-11T17:00:00Z,2026-01-10T00:00:00Z,2026-01-10T03:59:44Z,-10.813212890625,-5.6356396484375004,12.193687189075312,-6.39410400390625,-3.467734375,7.2739086953526284,0.076445312500027285,148.68600726501938,1813.0306619822256,34,40,0,21,1,11,1,0.60666666666666669
2026-01-10T06:00:00Z,2026-01-11T16:00:00Z,2026-01-11T17:00:00Z,2026-01-11T17:00:00Z,2026-01-10T00:00:00Z,2026-01-10T03:59:44Z,-10.813212890625,-5.6356396484375004,12.193687189075312,-6.39410400390625,-3.467734375,7.2739086953526284,0.076445312500027285,148.68600726501938,1813.0306619822256,34,40,0,21,1,11,2,0.4916666666666667
2026-01-10T06:00:00Z,2026-01-11T17:00:00Z,2026-01-11T18:00:00Z,2026-01-11T18:00:00Z,2026-01-10T00:00:00Z,2026-01-10T03:59:44Z,-9.7668969726562498,-5.2406152343750003,11.084057222391319,-5.5215234375,-3.11686279296875,6.3405090285445356,-0.27812499999998863,122.85632450924517,1361.7465309931506,35,41,0,22,1,11,1,0.54999999999999993
2026-01-10T06:00:00Z,2026-01-11T17:00:00Z,2026-01-11T18:00:00Z,2026-01-11T18:00:00Z,2026-01-10T00:00:00Z,2026-01-10T03:59:44Z,-9.7668969726562498,-5.2406152343750003,11.084057222391319,-5.5215234375,-3.11686279296875,6.3405090285445356,-0.27812499999998863,122.85632450924517,1361.7465309931506,35,41,0,22,1,11,2,0.51833333333333342
2026-01-10T06:00:00Z,2026-01-11T18:00:00Z,2026-01-11T19:00:00Z,2026-01-11T19:00:00Z,2026-01-10T00:00:00Z,2026-01-10T03:59:44Z,-8.3026196289062497,-3.9911816406250002,9.2121128733185529,-4.0540014648437497,-1.8063037109375,4.4382047015771873,-1.0663281249999841,84.863023590761401,781.76775208918912,36,42,0,23,1,11,1,0.33166666666666667
2026-01-10T06:00:00Z,2026-01-11T18:00:00Z,2026-01-11T19:00:00Z,2026-01-11T19:00:00Z,2026-01-10T00:00:00Z,2026-01-10T03:59:44Z,-8.3026196289062497,-3.9911816406250002,9.2121128733185529,-4.0540014648437497,-1.8063037109375,4.4382047015771873,-1.0663281249999841,84.863023590761401,781.76775208918912,36,42,0,23,1,11,2,0.33000000000000002
2026-01-10T06:00:00Z,2026-01-11T19:00:00Z,2026-01-11T20:00:00Z,2026-01-11T20:00:00Z,2026-01-10T00:00:00Z,2026-01-10T03:59:44Z,-7.3009814453124999,-3.6791894531250002,8.1756201658824406,-3.7625415039062502,-2.0610644531250002,4.2900705412093822,-1.4296875,66.840765096783628,546.46470702827537,37,43,0,0,1,12,1,0.57999999999999996
2026-01-10T06:00:00Z,2026-01-11T19:00:00Z,2026-01-11T20:00:00Z,2026-01-11T20:00:00Z,2026-01-10T00:00:00Z,2026-01-10T03:59:44Z,-7.3009814453124999,-3.6791894531250002,8.1756201658824406,-3.7625415039062502,-2.0610644531250002,4.2900705412093822,-1.4296875,66.840765096783628,546.46470702827537,37,43,0,0,1,12,2,0.48999999999999999
2026-01-10T06:00:00Z,2026-01-11T20:00:00Z,2026-01-11T21:00:00Z,2026-01-11T21:00:00Z,2026-01-10T00:00:00Z,2026-01-10T03:59:44Z,-6.0353955078124999,-2.7805102539062498,6.6450911361546501,-3.7252392578125,-1.7176147460937501,4.1021467482217311,-1.6025585937499613,44.157236207801098,293.42885892154624,38,44,0,1,1,12,1,0.40333333333333332
2026-01-10T06:00:00Z,2026-01-11T20:00:00Z,2026-01-11T21:00:00Z,2026-01-11T21:00:00Z,2026-01-10T00:00:00Z,2026-01-10T03:59:44Z,-6.0353955078124999,-2.7805102539062498,6.6450911361546501,-3.7252392578125,-1.7176147460937501,4.1021467482217311,-1.6025585937499613,44.157236207801098,293.42885892154624,38,44,0,1,1,12,2,0.39333333333333331
2026-01-10T06:00:00Z,2026-01-11T21:00:00Z,2026-01-11T22:00:00Z,2026-01-11T22:00:00Z,2026-01-10T00:00:00Z,2026-01-10T03:59:44Z,-6.0475732421875001,-2.2847729492187501,6.4647760633376912,-4.25339599609375,-1.37285400390625,4.4694636832205905,-1.5490820312499523,41.793329549103973,270.18451647623118,39,45,0,2,1,12,1,0.068333333333333343
2026-01-10T06:00:00Z,2026-01-11T21:00:00Z,2026-01-11T22:00:00Z,2026-01-11T22:00:00Z,2026-01-10T00:00:00Z,2026-01-10T03:59:44Z,-6.0475732421875001,-2.2847729492187501,6.4647760633376912,-4.25339599609375,-1.37285400390625,4.4694636832205905,-1.5490820312499523,41.793329549103973,270.18451647623118,39,45,0,2,1,12,2,0.046666666666666669
2026-01-10T06:00:00Z,2026-01-11T22:00:00Z,2026-01-11T23:00:00Z,2026-01-11T23:00:00Z,2026-01-10T00:00:00Z,2026-01-10T03:59:44Z,-5.9784838867187498,-1.2668994140625001,6.111244039400459,-4.3110009765625001,-0.63472900390624998,4.3574775189692776,-1.7292187499999727,37.347303709107642,228.23848717996273,40,46,0,3,1,12,1,0.014999999999999999
2026-01-10T06:00:00Z,2026-01-11T22:00:00Z,2026-01-11T23:00:00Z,2026-01-11T23:00:00Z,2026-01-10T00:00:00Z,2026-01-10T03:59:44Z,-5.9784838867187498,-1.2668994140625001,6.111244039400459,-4.3110009765625001,-0.63472900390624998,4.3574775189692776,-1.7292187499999727,37.347303709107642,228.23848717996273,40,46,0,3,1,12,2,0.01
2026-01-10T06:00:00Z,2026-01-11T23:00:00Z,2026-01-12T00:00:00Z,2026-01-12T00:00:00Z,2026-01-10T00:00:00Z,2026-01-10T03:59:44Z,-5.2397363281249998,-1.2988916015625001,5.3983290174722081,-3.9768041992187499,-1.1180249023437501,4.1309746212225313,-1.5960351562499682,29.141956180882456,157.31786767716133,41,47,0,4,1,12,1,0.023333333333333334
2026-01-10T06:00:00Z,2026-01-11T23:00:00Z,2026-01-12T00:00:00Z,2026-01-12T00:00:00Z,2026-01-10T00:00:00Z,2026-01-10T03:59:44Z,-5.2397363281249998,-1.2988916015625001,5.3983290174722081,-3.9768041992187499,-1.1180249023437501,4.1309746212225313,-1.5960351562499682,29.141956180882456,157.31786767716133,41,47,0,4,1,12,2,0.011666666666666667
2026-01-10T06:00:00Z,2026-01-12T00:00:00Z,2026-01-12T01:00:00Z,2026-01-12T01:00:00Z,2026-01-10T00:00:00Z,2026-01-10T03:59:44Z,-3.7721289062499999,-1.22169189453125,3.965033110899602,-3.1702734375000001,-1.2445849609374999,3.4058222786149406,-1.50080078124995,15.721487570530176,62.33621876974869,42,48,0,5,1,12,1,0.01
2026-01-10T06:00:00Z,2026-01-12T00:00:00Z,2026-01-12T01:00:00Z,2026-01-12T01:00:00Z,2026-01-10T00:00:00Z,2026-01-10T03:59:44Z,-3.7721289062499999,-1.22169189453125,3.965033110899602,-3.1702734375000001,-1.2445849609374999,3.4058222786149406,-1.50080078124995,15.721487570530176,62.33621876974869,42,48,0,5,1,12,2,0.01
2026-01-10T06:00:00Z,2026-01-12T01:00:00Z,2026-01-12T02:00:00Z,2026-01-12T02:00:00Z,2026-01-10T00:00:00Z,2026-01-10T03:59:44Z,-2.5490087890624999,-0.448857421875,2.5882269591150897,-2.5610205078125001,-0.64710937499999999,2.6415102847895722,-1.7974023437499795,6.6989187918901445,17.338322214092759,43,49,0,6,1,12,1,0.01
2026-01-10T06:00:00Z,2026-01-12T01:00:00Z,2026-01-12T02:00:00Z,2026-01-12T02:00:00Z,2026-01-10T00:00:00Z,2026-01-10T03:59:44Z,-2.5490087890624999,-0.448857421875,2.5882269591150897,-2.5610205078125001,-0.64710937499999999,2.6415102847895722,-1.7974023437499795,6.6989187918901445,17.338322214092759,43,49,0,6,1,12,2,0.01
2026-01-10T06:00:00Z,2026-01-12T02:00:00Z,2026-01-12T03:00:00Z,2026-01-12T03:00:00Z,2026-01-10T00:00:00Z,2026-01-10T03:59:44Z,-1.3761865234374999,0.13450439453125002,1.382743931261031,-1.8964184570312501,-0.22474121093749999,1.9096888689162015,-2.1060546874999773,1.911980779439211,2.643779819457305,44,50,0,7,1,12,1,0.01
2026-01-10T06:00:00Z,2026-01-12T02:00:00Z,2026-01-12T03:00:00Z,2026-01-12T03:00:00Z,2026-01-10T00:00:00Z,2026-01-10T03:59:44Z,-1.3761865234374999,0.13450439453125002,1.382743931261031,-1.8964184570312501,-0.22474121093749999,1.9096888689162015,-2.1060546874999773,1.911980779439211,2.643779819457305,44,50,0,7,1,12,2,0.01
2026-01-10T06:00:00Z,2026-01-12T03:00:00Z,2026-01-12T04:00:00Z,2026-01-12T04:00:00Z,2026-01-10T00:00:00Z,2026-01-10T03:59:44Z,-0.42529296875,0.59487548828125003,0.7312666790070802,-1.1666015625000001,0.27768554687500002,1.199194925177183,-1.2389453124999932,0.53475095582604404,0.3910455555627731,45,51,0,8,1,12,1,0.01
2026-01-10T06:00:00Z,2026-01-12T03:00:00Z,2026-01-12T04:00:00Z,2026-01-12T04:00:00Z,2026-01-10T00:00:00Z,2026-01-10T03:59:44Z,-0.42529296875,0.59487548828125003,0.7312666790070802,-1.1666015625000001,0.27768554687500002,1.199194925177183,-1.2389453124999932,0.53475095582604404,0.3910455555627731,45,51,0,8,1,12,2,0.01
2026-01-10T06:00:00Z,2026-01-12T04:00:00Z,2026-01-12T05:00:00Z,2026-01-12T05:00:00Z,2026-01-10T00:00:00Z,2026-01-10T03:59:44Z,0.40202148437500002,0.56963623046875,0.69721353182631596,-0.37416259765624998,0.18312744140625001,0.41657329400823612,1.9782617187500477,0.48610670896172531,0.33892017539967156,46,52,0,9,1,12,1,0.01
2026-01-10T06:00:00Z,2026-01-12T04:00:00Z,2026-01-12T05:00:00Z,2026-01-12T05:00:00Z,2026-01-10T00:00:00Z,2026-01-10T03:59:44Z,0.40202148437500002,0.56963623046875,0.69721353182631596,-0.37416259765624998,0.18312744140625001,0.41657329400823612,1.9782617187500477,0.48610670896172531,0.33892017539967156,46,52,0,9,1,12,2,0.01
2026-01-10T06:00:00Z,2026-01-12T05:00:00Z,2026-01-12T06:00:00Z,2026-01-12T06:00:00Z,2026-01-10T00:00:00Z,2026-01-10T03:59:44Z,1.1574609375,0.17461669921875,1.170558334080122,0.68671875000000004,-0.046545410156250001,0.68829435331707911,3.8051562500000387,1.3702068134844305,1.6039070049375674,47,53,0,10,1,12,1,0.01
2026-01-10T06:00:00Z,2026-01-12T05:00:00Z,2026-01-12T06:00:00Z,2026-01-12T06:00:00Z,2026-01-10T00:00:00Z,2026-01-10T03:59:44Z,1.1574609375,0.17461669921875,1.170558334080122,0.68671875000000004,-0.046545410156250001,0.68829435331707911,3.8051562500000387,1.3702068134844305,1.6039070049375674,47,53,0,10,1,12,2,0.01
2026-01-12T06:00:00Z,2026-01-12T06:00:00Z,2026-01-12T07:00:00Z,2026-01-12T07:00:00Z,2026-01-12T00:00:00Z,2026-01-12T04:00:22Z,4.410888671875,0.52540039062499999,4.4420698380534391,3.5884130859374999,0.31765625000000003,3.6024455538552629,5.6514453125000159,19.731984446144107,87.650852953156331,0,6,0,11,1,12,1,0.01
2026-01-12T06:00:00Z,2026-01-12T06:00:00Z,2026-01-12T07:00:00Z,2026-01-12T07:00:00Z,2026-01-12T00:00:00Z,2026-01-12T04:00:22Z,4.410888671875,0.52540039062499999,4.4420698380534391,3.5884130859374999,0.31765625000000003,3.6024455538552629,5.6514453125000159,19.731984446144107,87.650852953156331,0,6,0,11,1,12,2,0.01
2026-01-12T06:00:00Z,2026-01-12T07:00:00Z,2026-01-12T08:00:00Z,2026-01-12T08:00:00Z,2026-01-12T00:00:00Z,2026-01-12T04:00:22Z,5.1676220703125004,1.6154248046874999,5.414232647493133,4.0658007812500001,1.22377685546875,4.2459823109374932,6.7174414062500318,29.3139151611805,158.71235649150739,1,7,0,12,1,12,1,0.011666666666666667
2026-01-12T06:00:00Z,2026-01-12T07:00:00Z,2026-01-12T08:00:00Z,2026-01-12T08:00:00Z,2026-01-12T00:00:00Z,2026-01-12T04:00:22Z,5.1676220703125004,1.6154248046874999,5.414232647493133,4.0658007812500001,1.22377685546875,4.2459823109374932,6.7174414062500318,29.3139151611805,158.71235649150739,1,7,0,12,1,12,2,0.0083333333333333332
2026-01-12T06:00:00Z,2026-01-12T08:00:00Z,2026-01-12T09:00:00Z,2026-01-12T09:00:00Z,2026-01-12T00:00:00Z,2026-01-12T04:00:22Z,5.3011767578124998,0.83872070312500002,5.3671153737759303,3.9852246093749999,0.4038720703125,4.0056370075615471,7.7690234375000387,28.805927435421943,154.60473599452698,2,8,0,13,1,12,1,0.096666666666666679
2026-01-12T06:00:00Z,2026-01-12T08:00:00Z,2026-01-12T09:00:00Z,2026-01-12T09:00:00Z,2026-01-12T00:00:00Z,2026-01-12T04:00:22Z,5.3011767578124998,0.83872070312500002,5.3671153737759303,3.9852246093749999,0.4038720703125,4.0056370075615471,7.7690234375000387,28.805927435421943,154.60473599452698,2,8,0,13,1,12,2,0.10333333333333333
2026-01-12T06:00:00Z,2026-01-12T09:00:00Z,2026-01-12T10:00:00Z,2026-01-12T10:00:00Z,2026-01-12T00:00:00Z,2026-01-12T04:00:22Z,5.5957421875,0.081977539062500007,5.5963426401425806,3.7970947265624999,-0.044611816406249998,3.7973567881688193,7.9192382812500455,31.319050945878029,175.27214025721503,3,9,0,14,1,12,1,0.16333333333333333
2026-01-12T06:00:00Z,2026-01-12T09:00:00Z,2026-01-12T10:00:00Z,2026-01-12T10:00:00Z,2026-01-12T00:00:00Z,2026-01-12T04:00:22Z,5.5957421875,0.081977539062500007,5.5963426401425806,3.7970947265624999,-0.044611816406249998,3.7973567881688193,7.9192382812500455,31.319050945878029,175.27214025721503,3,9,0,14,1,12,2,0.19000000000000003
2026-01-12T06:00:00Z,2026-01-12T10:00:00Z,2026-01-12T11:00:00Z,2026-01-12T11:00:00Z,2026-01-12T00:00:00Z,2026-01-12T04:00:22Z,7.2254833984375004,1.7819970703125001,7.4419838685459583,4.3103100585937497,1.2488818359375,4.4875916304125845,7.4042773437500387,55.383123899698269,412.16031465123666,4,10,0,15,1,12,1,0.056666666666666671
2026-01-12T06:00:00Z,2026-01-12T10:00:00Z,2026-01-12T11:00:00Z,2026-01-12T11:00:00Z,2026-01-12T00:00:00Z,2026-01-12T04:00:22Z,7.2254833984375004,1.7819970703125001,7.4419838685459583,4.3103100585937497,1.2488818359375,4.4875916304125845,7.4042773437500387,55.383123899698269,412.16031465123666,4,10,0,15,1,12,2,0.066666666666666666
2026-01-12T06:00:00Z,2026-01-12T11:00:00Z,2026-01-12T12:00:00Z,2026-01-12T12:00:00Z,2026-01-12T00:00:00Z,2026-01-12T04:00:22Z,9.6435009765624997,1.0133154296875,9.6965931772455338,5.6399487304687499,1.5535742187500001,5.8500097893491372,7.0724218750000318,94.023919245004635,911.71169384899702,5,11,0,16,1,12,1,0.15333333333333332
2026-01-12T06:00:00Z,2026-01-12T11:00:00Z,2026-01-12T12:00:00Z,2026-01-12T12:00:00Z,2026-01-12T00:00:00Z,2026-01-12T04:00:22Z,9.6435009765624997,1.0133154296875,9.6965931772455338,5.6399487304687499,1.5535742187500001,5.8500097893491372,7.0724218750000318,94.023919245004635,911.71169384899702,5,11,0,16,1,12,2,0.13666666666666666
2026-01-12T06:00:00Z,2026-01-12T12:00:00Z,2026-01-12T13:00:00Z,2026-01-12T13:00:00Z,2026-01-12T00:00:00Z,2026-01-12T04:00:22Z,6.1886914062500002,-0.043793945312499999,6.1888463570716183,3.7328857421874999,1.0416064453125,3.8754844795384309,6.8000781250000273,38.301819231438643,237.04407441970469,6,12,0,17,1,12,1,0.54500000000000004
2026-01-12T06:00:00Z,2026-01-12T12:00:00Z,2026-01-12T13:00:00Z,2026-01-12T13:00:00Z,2026-01-12T00:00:00Z,2026-01-12T04:00:22Z,6.1886914062500002,-0.043793945312499999,6.1888463570716183,3.7328857421874999,1.0416064453125,3.8754844795384309,6.8000781250000273,38.301819231438643,237.04407441970469,6,12,0,17,1,12,2,0.58166666666666667
2026-01-12T06:00:00Z,2026-01-12T13:00:00Z,2026-01-12T14:00:00Z,2026-01-12T14:00:00Z,2026-01-12T00:00:00Z,2026-01-12T04:00:22Z,4.3922558593750001,1.78187255859375,4.7399347410363637,2.6608544921875001,1.68988037109375,3.1521171134972681,6.0200585937500364,22.466981349283461,106.49202542368472,7,13,0,18,1,12,1,0.61499999999999999
2026-01-12T06:00:00Z,2026-01-12T13:00:00Z,2026-01-12T14:00:00Z,2026-01-12T14:00:00Z,2026-01-12T00:00:00Z,2026-01-12T04:00:22Z,4.3922558593750001,1.78187255859375,4.7399347410363637,2.6608544921875001,1.68988037109375,3.1521171134972681,6.0200585937500364,22.466981349283461,106.49202542368472,7,13,0,18,1,12,2,0.62333333333333341
2026-01-12T06:00:00Z,2026-01-12T14:00:00Z,2026-01-12T15:00:00Z,2026-01-12T15:00:00Z,2026-01-12T00:00:00Z,2026-01-12T04:00:22Z,3.9899365234375002,2.556435546875,4.7386660745811797,2.74192138671875,1.8642529296875001,3.3156555727026444,5.6292187500000068,22.454956166386605,106.40653899186367,8,14,0,19,1,12,1,0.57999999999999996
2026-01-12T06:00:00Z,2026-01-12T14:00:00Z,2026-01-12T15:00:00Z,2026-01-12T15:00:00Z,2026-01-12T00:00:00Z,2026-01-12T04:00:22Z,3.9899365234375002,2.556435546875,4.7386660745811797,2.74192138671875,1.8642529296875001,3.3156555727026444,5.6292187500000068,22.454956166386605,106.40653899186367,8,14,0,19,1,12,2,0.58999999999999997
2026-01-12T06:00:00Z,2026-01-12T15:00:00Z,2026-01-12T16:00:00Z,2026-01-12T16:00:00Z,2026-01-12T00:00:00Z,2026-01-12T04:00:22Z,5.1074853515625005,2.1143701171875002,5.5278357074791034,2.93758056640625,2.1186791992187501,3.6219029712748889,4.9983593750000068,30.556967608880999,168.91389666065476,9,15,0,20,1,12,1,0.56333333333333335
2026-01-12T06:00:00Z,2026-01-12T15:00:00Z,2026-01-12T16:00:00Z,2026-01-12T16:00:00Z,2026-01-12T00:00:00Z,2026-01-12T04:00:22Z,5.1074853515625005,2.1143701171875002,5.5278357074791034,2.93758056640625,2.1186791992187501,3.6219029712748889,4.9983593750000068,30.556967608880999,168.91389666065476,9,15,0,20,1,12,2,0.56833333333333336
2026-01-12T06:00:00Z,2026-01-12T16:00:00Z,2026-01-12T17:00:00Z,2026-01-12T17:00:00Z,2026-01-12T00:00:00Z,2026-01-12T04:00:22Z,5.7187890625,0.23793212890625001,5.7237365452417084,3.4513110351562499,1.28795166015625,3.6837979505247769,4.3074804687500432,32.761160039335486,187.51624898165682,10,16,0,21,1,12,1,0.28499999999999998
2026-01-12T06:00:00Z,2026-01-12T16:00:00Z,2026-01-12T17:00:00Z,2026-01-12T17:00:00Z,2026-01-12T00:00:00Z,2026-01-12T04:00:22Z,5.7187890625,0.23793212890625001,5.7237365452417084,3.4513110351562499,1.28795166015625,3.6837979505247769,4.3074804687500432,32.761160039335486,187.51624898165682,10,16,0,21,1,12,2,0.28499999999999998
2026-01-12T06:00:00Z,2026-01-12T17:00:00Z,2026-01-12T18:00:00Z,2026-01-12T18:00:00Z,2026-01-12T00:00:00Z,2026-01-12T04:00:22Z,3.4120776367187502,0.056391601562500004,3.412543598508742,2.1536596679687499,1.245888671875,2.4880692410264063,3.5854492187500568,11.645453811722994,39.740618856924534,11,17,0,22,1,12,1,0.26333333333333336
2026-01-12T06:00:00Z,2026-01-12T17:00:00Z,2026-01-12T18:00:00Z,2026-01-12T18:00:00Z,2026-01-12T00:00:00Z,2026-01-12T04:00:22Z,3.4120776367187502,0.056391601562500004,3.412543598508742,2.1536596679687499,1.245888671875,2.4880692410264063,3.5854492187500568,11.645453811722994,39.740618856924534,11,17,0,22,1,12,2,0.26666666666666666
2026-01-12T06:00:00Z,2026-01-12T18:00:00Z,2026-01-12T19:00:00Z,2026-01-12T19:00:00Z,2026-01-12T00:00:00Z,2026-01-12T04:00:22Z,2.9885888671875001,2.06831787109375,3.6345016485018751,1.7950366210937501,2.2818701171875002,2.9032891180144227,3.6428320312500091,13.209602232962848,48.010321091757518,12,18,0,23,1,12,1,0.11833333333333333
2026-01-12T06:00:00Z,2026-01-12T18:00:00Z,2026-01-12T19:00:00Z,2026-01-12T19:00:00Z,2026-01-12T00:00:00Z,2026-01-12T04:00:22Z,2.9885888671875001,2.06831787109375,3.6345016485018751,1.7950366210937501,2.2818701171875002,2.9032891180144227,3.6428320312500091,13.209602232962848,48.010321091757518,12,18,0,23,1,12,2,0.115
2026-01-12T06:00:00Z,2026-01-12T19:00:00Z,2026-01-12T20:00:00Z,2026-01-12T20:00:00Z,2026-01-12T00:00:00Z,2026-01-12T04:00:22Z,1.9294458007812501,1.39110107421875,2.3786389589101073,1.2066162109375,1.6482202148437501,2.0426826863506595,2.8004882812500114,5.6579232968449595,13.458156780400536,13,19,0,0,1,13,1,0.2233333333333333
2026-01-12T06:00:00Z,2026-01-12T19:00:00Z,2026-01-12T20:00:00Z,2026-01-12T20:00:00Z,2026-01-12T00:00:00Z,2026-01-12T04:00:22Z,1.9294458007812501,1.39110107421875,2.3786389589101073,1.2066162109375,1.6482202148437501,2.0426826863506595,2.8004882812500114,5.6579232968449595,13.458156780400536,13,19,0,0,1,13,2,0.22166666666666668
2026-01-12T06:00:00Z,2026-01-12T20:00:00Z,2026-01-12T21:00:00Z,2026-01-12T21:00:00Z,2026-01-12T00:00:00Z,2026-01-12T04:00:22Z,1.38782958984375,1.8720654296875001,2.3303862219548321,0.73396240234374999,1.46480224609375,1.6383975183744339,2.4435546875000114,5.4306999434769159,12.65562832384949,14,20,0,1,1,13,1,0.13833333333333334
2026-01-12T06:00:00Z,2026-01-12T20:00:00Z,2026-01-12T21:00:00Z,2026-01-12T21:00:00Z,2026-01-12T00:00:00Z,2026-01-12T04:00:22Z,1.38782958984375,1.8720654296875001,2.3303862219548321,0.73396240234374999,1.46480224609375,1.6383975183744339,2.4435546875000114,5.4306999434769159,12.65562832384949,14,20,0,1,1,13,2,0.13833333333333334
2026-01-12T06:00:00Z,2026-01-12T21:00:00Z,2026-01-12T22:00:00Z,2026-01-12T22:00:00Z,2026-01-12T00:00:00Z,2026-01-12T04:00:22Z,1.8187500000000001,-0.0129150390625,1.8187958546065544,1.2867895507812501,-0.49707275390625,1.3794595574629054,2.2801953125000409,3.3080183607339864,6.0166100814653438,15,21,0,2,1,13,1,0.14833333333333334
2026-01-12T06:00:00Z,2026-01-12T21:00:00Z,2026-01-12T22:00:00Z,2026-01-12T22:00:00Z,2026-01-12T00:00:00Z,2026-01-12T04:00:22Z,1.8187500000000001,-0.0129150390625,1.8187958546065544,1.2867895507812501,-0.49707275390625,1.3794595574629054,2.2801953125000409,3.3080183607339864,6.0166100814653438,15,21,0,2,1,13,2,0.14499999999999999
2026-01-12T06:00:00Z,2026-01-12T22:00:00Z,2026-01-12T23:00:00Z,2026-01-12T23:00:00Z,2026-01-12T00:00:00Z,2026-01-12T04:00:22Z,1.538583984375,-0.6855517578125,1.6844055003516993,0.94956298828124996,-0.94693115234375003,1.3410251585979585,1.6191210937500387,2.8372218896150585,4.7790321565858465,16,22,0,3,1,13,1,0.22833333333333336
2026-01-12T06:00:00Z,2026-01-12T22:00:00Z,2026-01-12T23:00:00Z,2026-01-12T23:00:00Z,2026-01-12T00:00:00Z,2026-01-12T04:00:22Z,1.538583984375,-0.6855517578125,1.6844055003516993,0.94956298828124996,-0.94693115234375003,1.3410251585979585,1.6191210937500387,2.8372218896150585,4.7790321565858465,16,22,0,3,1,13,2,0.22333333333333336
2026-01-12T06:00:00Z,2026-01-12T23:00:00Z,2026-01-13T00:00:00Z,2026-01-13T00:00:00Z,2026-01-12T00:00:00Z,2026-01-12T04:00:22Z,1.251689453125,-0.64559570312500003,1.408375056211173,0.47300781250000001,-0.80581298828125003,0.93438266399200343,1.1126757812500045,1.9835202989578247,2.7935405125407291,17,23,0,4,1,13,1,0.17666666666666667
2026-01-12T06:00:00Z,2026-01-12T23:00:00Z,2026-01-13T00:00:00Z,2026-01-13T00:00:00Z,2026-01-12T00:00:00Z,2026-01-12T04:00:22Z,1.251689453125,-0.64559570312500003,1.408375056211173,0.47300781250000001,-0.80581298828125003,0.93438266399200343,1.1126757812500045,1.9835202989578247,2.7935405125407291,17,23,0,4,1,13,2,0.17166666666666666
2026-01-12T06:00:00Z,2026-01-13T00:00:00Z,2026-01-13T01:00:00Z,2026-01-13T01:00:00Z,2026-01-12T00:00:00Z,2026-01-12T04:00:22Z,-0.35158691406250003,0.014833984375,0.35189970905419848,-1.2082666015625001,-0.13904541015624999,1.2162408505460229,1.27703125000005,0.12383340523242954,0.043576939272482615,18,24,0,5,1,13,1,0.045000000000000005
2026-01-12T06:00:00Z,2026-01-13T00:00:00Z,2026-01-13T01:00:00Z,2026-01-13T01:00:00Z,2026-01-12T00:00:00Z,2026-01-12T04:00:22Z,-0.35158691406250003,0.014833984375,0.35189970905419848,-1.2082666015625001,-0.13904541015624999,1.2162408505460229,1.27703125000005,0.12383340523242954,0.043576939272482615,18,24,0,5,1,13,2,0.048333333333333339
2026-01-12T06:00:00Z,2026-01-13T01:00:00Z,2026-01-13T02:00:00Z,2026-01-13T02:00:00Z,2026-01-12T00:00:00Z,2026-01-12T04:00:22Z,-1.5296533203125,0.31068603515624998,1.5608859960881725,-2.2781542968749999,-0.15831542968750001,2.2836485665809358,1.424160156250025,2.4363650927841665,3.8028881546848665,19,25,0,6,1,13,1,0.01
2026-01-12T06:00:00Z,2026-01-13T01:00:00Z,2026-01-13T02:00:00Z,2026-01-13T02:00:00Z,2026-01-12T00:00:00Z,2026-01-12T04:00:22Z,-1.5296533203125,0.31068603515624998,1.5608859960881725,-2.2781542968749999,-0.15831542968750001,2.2836485665809358,1.424160156250025,2.4363650927841665,3.8028881546848665,19,25,0,6,1,13,2,0.0083333333333333332
2026-01-12T06:00:00Z,2026-01-13T02:00:00Z,2026-01-13T03:00:00Z,2026-01-13T03:00:00Z,2026-01-12T00:00:00Z,2026-01-12T04:00:22Z,-3.1903100585937501,-0.48923828125000002,3.2276047412601363,-3.6434350585937501,-1.10361572265625,3.8069130131228532,0.39882812500002274,10.417432365804911,33.623354095628734,20,26,0,7,1,13,1,0.021666666666666667
2026-01-12T06:00:00Z,2026-01-13T02:00:00Z,2026-01-13T03:00:00Z,2026-01-13T03:00:00Z,2026-01-12T00:00:00Z,2026-01-12T04:00:22Z,-3.1903100585937501,-0.48923828125000002,3.2276047412601363,-3.6434350585937501,-1.10361572265625,3.8069130131228532,0.39882812500002274,10.417432365804911,33.623354095628734,20,26,0,7,1,13,2,0.021666666666666667
2026-01-12T06:00:00Z,2026-01-13T03:00:00Z,2026-01-13T04:00:00Z,2026-01-13T04:00:00Z,2026-01-12T00:00:00Z,2026-01-12T04:00:22Z,-4.9103955078124999,-1.0378173828124999,5.0188692913058581,-4.2758276367187502,-1.3672265625,4.4890990690931982,-0.49029296874999773,25.189048963212965,126.42054431866922,21,27,0,8,1,13,1,0.11333333333333334
2026-01-12T06:00:00Z,2026-01-13T03:00:00Z,2026-01-13T04:00:00Z,2026-01-13T04:00:00Z,2026-01-12T00:00:00Z,2026-01-12T04:00:22Z,-4.9103955078124999,-1.0378173828124999,5.0188692913058581,-4.2758276367187502,-1.3672265625,4.4890990690931982,-0.49029296874999773,25.189048963212965,126.42054431866922,21,27,0,8,1,13,2,0.11
2026-01-12T06:00:00Z,2026-01-13T04:00:00Z,2026-01-13T05:00:00Z,2026-01-13T05:00:00Z,2026-01-12T00:00:00Z,2026-01-12T04:00:22Z,-5.8556640624999998,-2.86328125,6.5182191685655653,-4.5873559570312503,-2.6677416992187499,5.3066637777666523,0.81208984375001592,42.487181129455571,276.94075845633449,22,28,0,9,1,13,1,0.14833333333333334
2026-01-12T06:00:00Z,2026-01-13T04:00:00Z,2026-01-13T05:00:00Z,2026-01-13T05:00:00Z,2026-01-12T00:00:00Z,2026-01-12T04:00:22Z,-5.8556640624999998,-2.86328125,6.5182191685655653,-4.5873559570312503,-2.6677416992187499,5.3066637777666523,0.81208984375001592,42.487181129455571,276.94075845633449,22,28,0,9,1,13,2,0.11166666666666668
2026-01-12T06:00:00Z,2026-01-13T05:00:00Z,2026-01-13T06:00:00Z,2026-01-13T06:00:00Z,2026-01-12T00:00:00Z,2026-01-12T04:00:22Z,-7.4722241210937499,-2.12648681640625,7.7689175240959312,-6.2191699218750003,-1.8807031250000001,6.4973162737810037,1.8704296875000068,60.356079496204856,468.90140368379303,23,29,0,10,1,13,1,0.18000000000000002
2026-01-12T06:00:00Z,2026-01-13T05:00:00Z,2026-01-13T06:00:00Z,2026-01-13T06:00:00Z,2026-01-12T00:00:00Z,2026-01-12T04:00:22Z,-7.4722241210937499,-2.12648681640625,7.7689175240959312,-6.2191699218750003,-1.8807031250000001,6.4973162737810037,1.8704296875000068,60.356079496204856,468.90140368379303,23,29,0,10,1,13,2,0.16833333333333333
2026-01-12T06:00:00Z,2026-01-13T06:00:00Z,2026-01-13T07:00:00Z,2026-01-13T07:00:00Z,2026-01-12T00:00:00Z,2026-01-12T04:00:22Z,-8.5062011718750004,-2.9054467773437502,8.9887195613382449,-6.9012060546875,-2.4404321289062501,7.3199968569018727,2.9670117187500296,80.797079352384813,726.26228767377972,24,30,0,11,1,13,1,0.23333333333333331
2026-01-12T06:00:00Z,2026-01-13T06:00:00Z,2026-01-13T07:00:00Z,2026-01-13T07:00:00Z,2026-01-12T00:00:00Z,2026-01-12T04:00:22Z,-8.5062011718750004,-2.9054467773437502,8.9887195613382449,-6.9012060546875,-2.4404321289062501,7.3199968569018727,2.9670117187500296,80.797079352384813,726.26228767377972,24,30,0,11,1,13,2,0.23333333333333331
2026-01-12T06:00:00Z,2026-01-13T07:00:00Z,2026-01-13T08:00:00Z,2026-01-13T08:00:00Z,2026-01-12T00:00:00Z,2026-01-12T04:00:22Z,-8.495361328125,-2.7270581054687502,8.9223320945818063,-6.8596679687500002,-2.3916137695312503,7.2646308277920237,4.1893945312500023,79.608010006004562,710.28910266236403,25,31,0,12,1,13,1,0.51500000000000001
2026-01-12T06:00:00Z,2026-01-13T07:00:00Z,2026-01-13T08:00:00Z,2026-01-13T08:00:00Z,2026-01-12T00:00:00Z,2026-01-12T04:00:22Z,-8.495361328125,-2.7270581054687502,8.9223320945818063,-6.8596679687500002,-2.3916137695312503,7.2646308277920237,4.1893945312500023,79.608010006004562,710.28910266236403,25,31,0,12,1,13,2,0.5033333333333333
2026-01-12T06:00:00Z,2026-01-13T08:00:00Z,2026-01-13T09:00:00Z,2026-01-13T09:00:00Z,2026-01-12T00:00:00Z,2026-01-12T04:00:22Z,-8.5217138671875006,-3.5484350585937499,9.2309803704304869,-6.8585717773437498,-3.0586279296874999,7.5096745360395376,5.2657226562500341,85.210998599272969,786.58105541466853,26,32,0,13,1,13,1,0.64000000000000001
2026-01-12T06:00:00Z,2026-01-13T08:00:00Z,2026-01-13T09:00:00Z,2026-01-13T09:00:00Z,2026-01-12T00:00:00Z,2026-01-12T04:00:22Z,-8.5217138671875006,-3.5484350585937499,9.2309803704304869,-6.8585717773437498,-3.0586279296874999,7.5096745360395376,5.2657226562500341,85.210998599272969,786.58105541466853,26,32,0,13,1,13,2,0.70666666666666667
2026-01-12T06:00:00Z,2026-01-13T09:00:00Z,2026-01-13T10:00:00Z,2026-01-13T10:00:00Z,2026-01-12T00:00:00Z,2026-01-12T04:00:22Z,-9.3419091796874998,-4.1387060546874999,10.217639400988691,-7.3920117187500001,-3.4525854492187502,8.1585650413718209,5.5193164062500273,104.40015492863654,1066.7231364681604,27,33,0,14,1,13,1,0.78333333333333333
2026-01-12T06:00:00Z,2026-01-13T09:00:00Z,2026-01-13T10:00:00Z,2026-01-13T10:00:00Z,2026-01-12T00:00:00Z,2026-01-12T04:00:22Z,-9.3419091796874998,-4.1387060546874999,10.217639400988691,-7.3920117187500001,-3.4525854492187502,8.1585650413718209,5.5193164062500273,104.40015492863654,1066.7231364681604,27,33,0,14,1,13,2,0.81666666666666676
2026-01-12T06:00:00Z,2026-01-13T10:00:00Z,2026-01-13T11:00:00Z,2026-01-13T11:00:00Z,2026-01-12T00:00:00Z,2026-01-12T04:00:22Z,-10.169453125,-4.9333349609374997,11.302900985958448,-7.5417944335937506,-3.801962890625,8.4459212108730508,5.1711328125000477,127.75557069838047,1444.0085660084089,28,34,0,15,1,13,1,0.98499999999999999
2026-01-12T06:00:00Z,2026-01-13T10:00:00Z,2026-01-13T11:00:00Z,2026-01-13T11:00:00Z,2026-01-12T00:00:00Z,2026-01-12T04:00:22Z,-10.169453125,-4.9333349609374997,11.302900985958448,-7.5417944335937506,-3.801962890625,8.4459212108730508,5.1711328125000477,127.75557069838047,1444.0085660084089,28,34,0,15,1,13,2,0.98333333333333339
2026-01-12T06:00:00Z,2026-01-13T11:00:00Z,2026-01-13T12:00:00Z,2026-01-13T12:00:00Z,2026-01-12T00:00:00Z,2026-01-12T04:00:22Z,-11.5282421875,-5.8797949218749999,12.94111109051158,-7.9836840820312505,-4.6846899414062504,9.2566479553233556,4.2820117187500273,167.4723562569618,2167.278366911075,29,35,0,16,1,13,1,0.98999999999999988
2026-01-12T06:00:00Z,2026-01-13T11:00:00Z,2026-01-13T12:00:00Z,2026-01-13T12:00:00Z,2026-01-12T00:00:00Z,2026-01-12T04:00:22Z,-11.5282421875,-5.8797949218749999,12.94111109051158,-7.9836840820312505,-4.6846899414062504,9.2566479553233556,4.2820117187500273,167.4723562569618,2167.278366911075,29,35,0,16,1,13,2,0.98833333333333329
2026-01-12T06:00:00Z,2026-01-13T12:00:00Z,2026-01-13T13:00:00Z,2026-01-13T13:00:00Z,2026-01-12T00:00:00Z,2026-01-12T04:00:22Z,-13.4229931640625,-5.6290380859375002,14.555508072733275,-9.1887158203125008,-4.6369750976562498,10.292426170866879,3.2633398437500318,211.86281525540355,3083.770917762025,30,36,0,17,1,13,1,0.98999999999999988
2026-01-12T06:00:00Z,2026-01-13T12:00:00Z,2026-01-13T13:00:00Z,2026-01-13T13:00:00Z,2026-01-12T00:00:00Z,2026-01-12T04:00:22Z,-13.4229931640625,-5.6290380859375002,14.555508072733275,-9.1887158203125008,-4.6369750976562498,10.292426170866879,3.2633398437500318,211.86281525540355,3083.770917762025,30,36,0,17,1,13,2,0.98999999999999988
2026-01-12T06:00:00Z,2026-01-13T13:00:00Z,2026-01-13T14:00:00Z,2026-01-13T14:00:00Z,2026-01-12T00:00:00Z,2026-01-12T04:00:22Z,-13.465283203125001,-5.31276611328125,14.475473585164316,-9.2616796875000009,-4.3712060546874998,10.241394094867493,2.3200195312500114,209.53933551478985,3033.1811162972235,31,37,0,18,1,13,1,0.98999999999999988
2026-01-12T06:00:00Z,2026-01-13T13:00:00Z,2026-01-13T14:00:00Z,2026-01-13T14:00:00Z,2026-01-12T00:00:00Z,2026-01-12T04:00:22Z,-13.465283203125001,-5.31276611328125,14.475473585164316,-9.2616796875000009,-4.3712060546874998,10.241394094867493,2.3200195312500114,209.53933551478985,3033.1811162972235,31,37,0,18,1,13,2,0.98999999999999988
2026-01-12T06:00:00Z,2026-01-13T14:00:00Z,2026-01-13T15:00:00Z,2026-01-13T15:00:00Z,2026-01-12T00:00:00Z,2026-01-12T04:00:22Z,-12.813623046875,-5.1958935546875002,13.82701144206691,-8.7307958984375009,-4.1515527343750005,9.6675843480400854,1.4686718750000409,191.18624541904924,2643.5344029750063,32,38,0,19,1,13,1,0.98999999999999988
2026-01-12T06:00:00Z,2026-01-13T14:00:00Z,2026-01-13T15:00:00Z,2026-01-13T15:00:00Z,2026-01-12T00:00:00Z,2026-01-12T04:00:22Z,-12.813623046875,-5.1958935546875002,13.82701144206691,-8.7307958984375009,-4.1515527343750005,9.6675843480400854,1.4686718750000409,191.18624541904924,2643.5344029750063,32,38,0,19,1,13,2,0.9916666666666667
2026-01-12T06:00:00Z,2026-01-13T15:00:00Z,2026-01-13T16:00:00Z,2026-01-13T16:00:00Z,2026-01-12T00:00:00Z,2026-01-12T04:00:22Z,-11.994240722656251,-5.3573950195312499,13.136342409830972,-7.9993481445312504,-4.1486352539062503,9.0111456101524254,0.78480468750001364,172.56349190832378,2266.8531171438376,33,39,0,20,1,13,1,0.98999999999999988
2026-01-12T06:00:00Z,2026-01-13T15:00:00Z,2026-01-13T16:00:00Z,2026-01-13T16:00:00Z,2026-01-12T00:00:00Z,2026-01-12T04:00:22Z,-11.994240722656251,-5.3573950195312499,13.136342409830972,-7.9993481445312504,-4.1486352539062503,9.0111456101524254,0.78480468750001364,172.56349190832378,2266.8531171438376,33,39,0,20,1,13,2,0.995
2026-01-12T06:00:00Z,2026-01-13T16:00:00Z,2026-01-13T17:00:00Z,2026-01-13T17:00:00Z,2026-01-12T00:00:00Z,2026-01-12T04:00:22Z,-10.951953125000001,-5.4729467773437497,12.24330117573829,-7.1333349609374999,-4.0729833984374997,8.2142352917895334,0.28218750000002046,149.89842367983459,1835.2515468806353,34,40,0,21,1,13,1,0.92666666666666664
2026-01-12T06:00:00Z,2026-01-13T16:00:00Z,2026-01-13T17:00:00Z,2026-01-13T17:00:00Z,2026-01-12T00:00:00Z,2026-01-12T04:00:22Z,-10.951953125000001,-5.4729467773437497,12.24330117573829,-7.1333349609374999,-4.0729833984374997,8.2142352917895334,0.28218750000002046,149.89842367983459,1835.2515468806353,34,40,0,21,1,13,2,0.97000000000000008
2026-01-12T06:00:00Z,2026-01-13T17:00:00Z,2026-01-13T18:00:00Z,2026-01-13T18:00:00Z,2026-01-12T00:00:00Z,2026-01-12T04:00:22Z,-9.7542968749999996,-5.2689257812500001,11.086382927445529,-6.1774731445312501,-3.7624877929687499,7.2330829418473881,-0.05906249999998181,122.90788641395569,1362.6038935880927,35,41,0,22,1,13,1,0.95166666666666666
2026-01-12T06:00:00Z,2026-01-13T17:00:00Z,2026-01-13T18:00:00Z,2026-01-13T18:00:00Z,2026-01-12T00:00:00Z,2026-01-12T04:00:22Z,-9.7542968749999996,-5.2689257812500001,11.086382927445529,-6.1774731445312501,-3.7624877929687499,7.2330829418473881,-0.05906249999998181,122.90788641395569,1362.6038935880927,35,41,0,22,1,13,2,0.97333333333333327
2026-01-12T06:00:00Z,2026-01-13T18:00:00Z,2026-01-13T19:00:00Z,2026-01-13T19:00:00Z,2026-01-12T00:00:00Z,2026-01-12T04:00:22Z,-8.9586328124999994,-5.0298339843750002,10.274061114261261,-5.5825317382812498,-3.39499755859375,6.5338096874469027,-0.26472656249995907,105.55633177957536,1084.4922037005954,36,42,0,23,1,13,1,0.91833333333333333
2026-01-12T06:00:00Z,2026-01-13T18:00:00Z,2026-01-13T19:00:00Z,2026-01-13T19:00:00Z,2026-01-12T00:00:00Z,2026-01-12T04:00:22Z,-8.9586328124999994,-5.0298339843750002,10.274061114261261,-5.5825317382812498,-3.39499755859375,6.5338096874469027,-0.26472656249995907,105.55633177957536,1084.4922037005954,36,42,0,23,1,13,2,0.84500000000000008
2026-01-12T06:00:00Z,2026-01-13T19:00:00Z,2026-01-13T20:00:00Z,2026-01-13T20:00:00Z,2026-01-12T00:00:00Z,2026-01-12T04:00:22Z,-8.6176123046874995,-5.0070776367187504,9.9666477962266935,-5.1976269531249999,-3.2362377929687502,6.12279029499547,-0.4303124999999568,99.334068294030402,990.02767285292998,37,43,0,0,1,14,1,0.7583333333333333
2026-01-12T06:00:00Z,2026-01-13T19:00:00Z,2026-01-13T20:00:00Z,2026-01-13T20:00:00Z,2026-01-12T00:00:00Z,2026-01-12T04:00:22Z,-8.6176123046874995,-5.0070776367187504,9.9666477962266935,-5.1976269531249999,-3.2362377929687502,6.12279029499547,-0.4303124999999568,99.334068294030402,990.02767285292998,37,43,0,0,1,14,2,0.70000000000000007
2026-01-12T06:00:00Z,2026-01-13T20:00:00Z,2026-01-13T21:00:00Z,2026-01-13T21:00:00Z,2026-01-12T00:00:00Z,2026-01-12T04:00:22Z,-8.5848730468749999,-5.0359399414062498,9.9529260182326098,-4.9400585937499999,-3.1623706054687499,5.8655576679473551,-0.46152343749997726,99.060736324411636,985.94417994851676,38,44,0,1,1,14,1,0.83833333333333337
2026-01-12T06:00:00Z,2026-01-13T20:00:00Z,2026-01-13T21:00:00Z,2026-01-13T21:00:00Z,2026-01-12T00:00:00Z,2026-01-12T04:00:22Z,-8.5848730468749999,-5.0359399414062498,9.9529260182326098,-4.9400585937499999,-3.1623706054687499,5.8655576679473551,-0.46152343749997726,99.060736324411636,985.94417994851676,38,44,0,1,1,14,2,0.79000000000000004
2026-01-12T06:00:00Z,2026-01-13T21:00:00Z,2026-01-13T22:00:00Z,2026-01-13T22:00:00Z,2026-01-12T00:00:00Z,2026-01-12T04:00:22Z,-8.8018310546875007,-4.9863916015625005,10.11614210652432,-5.0591674804687505,-3.0206347656250001,5.8923178786225483,-0.47919921874995453,102.3363311193943,1035.2488682641199,39,45,0,2,1,14,1,0.93500000000000005
2026-01-12T06:00:00Z,2026-01-13T21:00:00Z,2026-01-13T22:00:00Z,2026-01-13T22:00:00Z,2026-01-12T00:00:00Z,2026-01-12T04:00:22Z,-8.8018310546875007,-4.9863916015625005,10.11614210652432,-5.0591674804687505,-3.0206347656250001,5.8923178786225483,-0.47919921874995453,102.3363311193943,1035.2488682641199,39,45,0,2,1,14,2,0.91333333333333322
2026-01-12T06:00:00Z,2026-01-13T22:00:00Z,2026-01-13T23:00:00Z,2026-01-13T23:00:00Z,2026-01-12T00:00:00Z,2026-01-12T04:00:22Z,-8.8953173828125003,-4.9524804687500001,10.181047791574128,-5.2022998046874998,-3.0642138671875001,6.0376593048726894,-0.47394531249994998,103.65373413431644,1055.3036209965942,40,46,0,3,1,14,1,0.86333333333333329
2026-01-12T06:00:00Z,2026-01-13T22:00:00Z,2026-01-13T23:00:00Z,2026-01-13T23:00:00Z,2026-01-12T00:00:00Z,2026-01-12T04:00:22Z,-8.8953173828125003,-4.9524804687500001,10.181047791574128,-5.2022998046874998,-3.0642138671875001,6.0376593048726894,-0.47394531249994998,103.65373413431644,1055.3036209965942,40,46,0,3,1,14,2,0.7583333333333333
2026-01-12T06:00:00Z,2026-01-13T23:00:00Z,2026-01-14T00:00:00Z,2026-01-14T00:00:00Z,2026-01-12T00:00:00Z,2026-01-12T04:00:22Z,-8.7785351562499994,-4.8921850585937499,10.049684280465986,-5.2211352539062501,-3.0119360351562499,6.0276041691086046,-0.48736328124999773,100.99615413704514,1014.9794626185823,41,47,0,4,1,14,1,0.56999999999999995
2026-01-12T06:00:00Z,2026-01-13T23:00:00Z,2026-01-14T00:00:00Z,2026-01-14T00:00:00Z,2026-01-12T00:00:00Z,2026-01-12T04:00:22Z,-8.7785351562499994,-4.8921850585937499,10.049684280465986,-5.2211352539062501,-3.0119360351562499,6.0276041691086046,-0.48736328124999773,100.99615413704514,1014.9794626185823,41,47,0,4,1,14,2,0.5
2026-01-12T06:00:00Z,2026-01-14T00:00:00Z,2026-01-14T01:00:00Z,2026-01-14T01:00:00Z,2026-01-12T00:00:00Z,2026-01-12T04:00:22Z,-8.802128906250001,-4.6922558593749999,9.9747049245619728,-5.1618115234374997,-2.8525439453125001,5.8975677328396294,-0.64765624999995453,99.494738332080871,992.43065640901193,42,48,0,5,1,14,1,0.36000000000000004
2026-01-12T06:00:00Z,2026-01-14T00:00:00Z,2026-01-14T01:00:00Z,2026-01-14T01:00:00Z,2026-01-12T00:00:00Z,2026-01-12T04:00:22Z,-8.802128906250001,-4.6922558593749999,9.9747049245619728,-5.1618115234374997,-2.8525439453125001,5.8975677328396294,-0.64765624999995453,99.494738332080871,992.43065640901193,42,48,0,5,1,14,2,0.29999999999999999
2026-01-12T06:00:00Z,2026-01-14T01:00:00Z,2026-01-14T02:00:00Z,2026-01-14T02:00:00Z,2026-01-12T00:00:00Z,2026-01-12T04:00:22Z,-8.3805444335937498,-4.8425634765624999,9.679046752029679,-4.9123339843750005,-3.0400927734375003,5.7769532839683304,-0.60781249999996589,93.683946027976276,906.77129351940755,43,49,0,6,1,14,1,0.091666666666666674
2026-01-12T06:00:00Z,2026-01-14T01:00:00Z,2026-01-14T02:00:00Z,2026-01-14T02:00:00Z,2026-01-12T00:00:00Z,2026-01-12T04:00:22Z,-8.3805444335937498,-4.8425634765624999,9.679046752029679,-4.9123339843750005,-3.0400927734375003,5.7769532839683304,-0.60781249999996589,93.683946027976276,906.77129351940755,43,49,0,6,1,14,2,0.063333333333333339
2026-01-12T06:00:00Z,2026-01-14T02:00:00Z,2026-01-14T03:00:00Z,2026-01-14T03:00:00Z,2026-01-12T00:00:00Z,2026-01-12T04:00:22Z,-7.9724755859375005,-4.4676464843749999,9.1389404242350647,-4.58315185546875,-2.7100048828125001,5.3244161553314218,-0.86152343749995453,83.520232077717779,763.28642517654919,44,50,0,7,1,14,1,0.036666666666666674
2026-01-12T06:00:00Z,2026-01-14T02:00:00Z,2026-01-14T03:00:00Z,2026-01-14T03:00:00Z,2026-01-12T00:00:00Z,2026-01-12T04:00:22Z,-7.9724755859375005,-4.4676464843749999,9.1389404242350647,-4.58315185546875,-2.7100048828125001,5.3244161553314218,-0.86152343749995453,83.520232077717779,763.28642517654919,44,50,0,7,1,14,2,0.031666666666666669
2026-01-12T06:00:00Z,2026-01-14T03:00:00Z,2026-01-14T04:00:00Z,2026-01-14T04:00:00Z,2026-01-12T00:00:00Z,2026-01-12T04:00:22Z,-7.5431469726562499,-4.1594482421874996,8.6139465943625293,-4.5645288085937503,-2.6417968750000003,5.2738993139082631,-0.65419921874996589,74.20007593052982,639.15549136322841,45,51,0,8,1,14,1,0.31666666666666665
2026-01-12T06:00:00Z,2026-01-14T03:00:00Z,2026-01-14T04:00:00Z,2026-01-14T04:00:00Z,2026-01-12T00:00:00Z,2026-01-12T04:00:22Z,-7.5431469726562499,-4.1594482421874996,8.6139465943625293,-4.5645288085937503,-2.6417968750000003,5.2738993139082631,-0.65419921874996589,74.20007593052982,639.15549136322841,45,51,0,8,1,14,2,0.34833333333333333
2026-01-12T06:00:00Z,2026-01-14T04:00:00Z,2026-01-14T05:00:00Z,2026-01-14T05:00:00Z,2026-01-12T00:00:00Z,2026-01-12T04:00:22Z,-6.7322412109375005,-3.8675097656249999,7.7640648831298389,-4.6749560546874998,-2.9550073242187502,5.5305770403680095,0.14666015625005002,60.280703509449957,468.02329324808204,46,52,0,9,1,14,1,0.26000000000000001
2026-01-12T06:00:00Z,2026-01-14T04:00:00Z,2026-01-14T05:00:00Z,2026-01-14T05:00:00Z,2026-01-12T00:00:00Z,2026-01-12T04:00:22Z,-6.7322412109375005,-3.8675097656249999,7.7640648831298389,-4.6749560546874998,-2.9550073242187502,5.5305770403680095,0.14666015625005002,60.280703509449957,468.02329324808204,46,52,0,9,1,14,2,0.26333333333333336
2026-01-12T06:00:00Z,2026-01-14T05:00:00Z,2026-01-14T06:00:00Z,2026-01-14T06:00:00Z,2026-01-12T00:00:00Z,2026-01-12T04:00:22Z,-6.5550854492187502,-3.36769775390625,7.3695680611705177,-5.0732910156250002,-2.7215551757812499,5.7571819759360618,1.121425781250025,54.310533408224586,400.2451723903863,47,53,0,10,1,14,1,0.045000000000000005
2026-01-12T06:00:00Z,2026-01-14T05:00:00Z,2026-01-14T06:00:00Z,2026-01-14T06:00:00Z,2026-01-12T00:00:00Z,2026-01-12T04:00:22Z,-6.5550854492187502,-3.36769775390625,7.3695680611705177,-5.0732910156250002,-2.7215551757812499,5.7571819759360618,1.121425781250025,54.310533408224586,400.2451723903863,47,53,0,10,1,14,2,0.056666666666666671
2026-01-19T06:00:00Z,2026-01-19T06:00:00Z,2026-01-19T07:00:00Z,2026-01-19T07:00:00Z,2026-01-19T00:00:00Z,2026-01-19T04:02:18Z,-9.3971069335937507,-5.7127416992187499,10.997319511744145,-6.9924902343750004,-4.5758251953125004,8.3566198846116269,-9.0634960937499613,120.94103644338848,1330.0272198494358,0,6,0,11,1,19,1,0.28666666666666668
2026-01-19T06:00:00Z,2026-01-19T06:00:00Z,2026-01-19T07:00:00Z,2026-01-19T07:00:00Z,2026-01-19T00:00:00Z,2026-01-19T04:02:18Z,-9.3971069335937507,-5.7127416992187499,10.997319511744145,-6.9924902343750004,-4.5758251953125004,8.3566198846116269,-9.0634960937499613,120.94103644338848,1330.0272198494358,0,6,0,11,1,19,2,0.30166666666666669
2026-01-19T06:00:00Z,2026-01-19T07:00:00Z,2026-01-19T08:00:00Z,2026-01-19T08:00:00Z,2026-01-19T00:00:00Z,2026-01-19T04:02:18Z,-9.9003442382812494,-5.9116845703125005,11.531037702450705,-7.3922705078125004,-4.8568090820312504,8.8450131554439029,-8.0747656249999977,132.96483049533964,1533.2224735417287,1,7,0,12,1,19,1,0.36999999999999994
2026-01-19T06:00:00Z,2026-01-19T07:00:00Z,2026-01-19T08:00:00Z,2026-01-19T08:00:00Z,2026-01-19T00:00:00Z,2026-01-19T04:02:18Z,-9.9003442382812494,-5.9116845703125005,11.531037702450705,-7.3922705078125004,-4.8568090820312504,8.8450131554439029,-8.0747656249999977,132.96483049533964,1533.2224735417287,1,7,0,12,1,19,2,0.33333333333333331
2026-01-19T06:00:00Z,2026-01-19T08:00:00Z,2026-01-19T09:00:00Z,2026-01-19T09:00:00Z,2026-01-19T00:00:00Z,2026-01-19T04:02:18Z,-9.6853540039062498,-5.7319848632812498,11.254409476017308,-7.1037329101562499,-4.5710742187499998,8.4473511097951821,-7.4294140624999727,126.66173265386819,1425.503004228465,2,8,0,13,1,19,1,0.35666666666666669
2026-01-19T06:00:00Z,2026-01-19T08:00:00Z,2026-01-19T09:00:00Z,2026-01-19T09:00:00Z,2026-01-19T00:00:00Z,2026-01-19T04:02:18Z,-9.6853540039062498,-5.7319848632812498,11.254409476017308,-7.1037329101562499,-4.5710742187499998,8.4473511097951821,-7.4294140624999727,126.66173265386819,1425.503004228465,2,8,0,13,1,19,2,0.29166666666666669
2026-01-19T06:00:00Z,2026-01-19T09:00:00Z,2026-01-19T10:00:00Z,2026-01-19T10:00:00Z,2026-01-19T00:00:00Z,2026-01-19T04:02:18Z,-9.1352075195312494,-5.6095166015625004,10.720013662682785,-6.4403857421874999,-4.3429541015625004,7.7678709333028042,-7.1358203124999591,114.91869292810557,1231.9299582869392,3,9,0,14,1,19,1,0.3133333333333333
2026-01-19T06:00:00Z,2026-01-19T09:00:00Z,2026-01-19T10:00:00Z,2026-01-19T10:00:00Z,2026-01-19T00:00:00Z,2026-01-19T04:02:18Z,-9.1352075195312494,-5.6095166015625004,10.720013662682785,-6.4403857421874999,-4.3429541015625004,7.7678709333028042,-7.1358203124999591,114.91869292810557,1231.9299582869392,3,9,0,14,1,19,2,0.30499999999999999
2026-01-19T06:00:00Z,2026-01-19T10:00:00Z,2026-01-19T11:00:00Z,2026-01-19T11:00:00Z,2026-01-19T00:00:00Z,2026-01-19T04:02:18Z,-8.4833154296875009,-5.7264770507812504,10.235193212279793,-5.6058227539062502,-4.1885546874999999,6.9978024492258477,-7.2663085937499545,104.75918009269834,1072.2304490087824,4,10,0,15,1,19,1,0.28833333333333333
2026-01-19T06:00:00Z,2026-01-19T10:00:00Z,2026-01-19T11:00:00Z,2026-01-19T11:00:00Z,2026-01-19T00:00:00Z,2026-01-19T04:02:18Z,-8.4833154296875009,-5.7264770507812504,10.235193212279793,-5.6058227539062502,-4.1885546874999999,6.9978024492258477,-7.2663085937499545,104.75918009269834,1072.2304490087824,4,10,0,15,1,19,2,0.27999999999999997
2026-01-19T06:00:00Z,2026-01-19T11:00:00Z,2026-01-19T12:00:00Z,2026-01-19T12:00:00Z,2026-01-19T00:00:00Z,2026-01-19T04:02:18Z,-8.6147607421874994,-5.3305810546875003,10.130606942613468,-5.0530859374999997,-3.5990380859375,6.2037692281216357,-8.1729101562499977,102.6291970257282,1039.6960559036877,5,11,0,16,1,19,1,0.26333333333333331
2026-01-19T06:00:00Z,2026-01-19T11:00:00Z,2026-01-19T12:00:00Z,2026-01-19T12:00:00Z,2026-01-19T00:00:00Z,2026-01-19T04:02:18Z,-8.6147607421874994,-5.3305810546875003,10.130606942613468,-5.0530859374999997,-3.5990380859375,6.2037692281216357,-8.1729101562499977,102.6291970257282,1039.6960559036877,5,11,0,16,1,19,2,0.16833333333333333
2026-01-19T06:00:00Z,2026-01-19T12:00:00Z,2026-01-19T13:00:00Z,2026-01-19T13:00:00Z,2026-01-19T00:00:00Z,2026-01-19T04:02:18Z,-8.2148999023437508,-5.0119458007812501,9.6231066249676438,-4.2084838867187502,-2.5025659179687501,4.8963427983087673,-9.98810546874995,92.604181115496161,891.13990879223468,6,12,0,17,1,19,1,0.22833333333333336
2026-01-19T06:00:00Z,2026-01-19T12:00:00Z,2026-01-19T13:00:00Z,2026-01-19T13:00:00Z,2026-01-19T00:00:00Z,2026-01-19T04:02:18Z,-8.2148999023437508,-5.0119458007812501,9.6231066249676438,-4.2084838867187502,-2.5025659179687501,4.8963427983087673,-9.98810546874995,92.604181115496161,891.13990879223468,6,12,0,17,1,19,2,0.30666666666666664
2026-01-19T06:00:00Z,2026-01-19T13:00:00Z,2026-01-19T14:00:00Z,2026-01-19T14:00:00Z,2026-01-19T00:00:00Z,2026-01-19T04:02:18Z,-7.4625585937499999,-4.1462866210937497,8.5370646893070337,-4.1040722656249997,-1.7715429687499999,4.4700977228243994,-10.376308593749968,72.881473509412999,622.19385400187571,7,13,0,18,1,19,1,0.42166666666666669
2026-01-19T06:00:00Z,2026-01-19T13:00:00Z,2026-01-19T14:00:00Z,2026-01-19T14:00:00Z,2026-01-19T00:00:00Z,2026-01-19T04:02:18Z,-7.4625585937499999,-4.1462866210937497,8.5370646893070337,-4.1040722656249997,-1.7715429687499999,4.4700977228243994,-10.376308593749968,72.881473509412999,622.19385400187571,7,13,0,18,1,19,2,0.48166666666666669
2026-01-19T06:00:00Z,2026-01-19T14:00:00Z,2026-01-19T15:00:00Z,2026-01-19T15:00:00Z,2026-01-19T00:00:00Z,2026-01-19T04:02:18Z,-7.2203247070312502,-3.8086083984374999,8.163246095005011,-4.1633203124999998,-1.5971508789062501,4.4591621359248759,-10.483105468749955,66.638586807614558,543.987183533912,8,14,0,19,1,19,1,0.36166666666666664
2026-01-19T06:00:00Z,2026-01-19T14:00:00Z,2026-01-19T15:00:00Z,2026-01-19T15:00:00Z,2026-01-19T00:00:00Z,2026-01-19T04:02:18Z,-7.2203247070312502,-3.8086083984374999,8.163246095005011,-4.1633203124999998,-1.5971508789062501,4.4591621359248759,-10.483105468749955,66.638586807614558,543.987183533912,8,14,0,19,1,19,2,0.29499999999999998
2026-01-19T06:00:00Z,2026-01-19T15:00:00Z,2026-01-19T16:00:00Z,2026-01-19T16:00:00Z,2026-01-19T00:00:00Z,2026-01-19T04:02:18Z,-7.1169628906250004,-3.4931469726562501,7.9280033147767339,-4.2824999999999998,-1.4787329101562501,4.530613343641142,-10.216445312499957,62.853236559110883,498.30066778507728,9,15,0,20,1,19,1,0.32666666666666666
2026-01-19T06:00:00Z,2026-01-19T15:00:00Z,2026-01-19T16:00:00Z,2026-01-19T16:00:00Z,2026-01-19T00:00:00Z,2026-01-19T04:02:18Z,-7.1169628906250004,-3.4931469726562501,7.9280033147767339,-4.2824999999999998,-1.4787329101562501,4.530613343641142,-10.216445312499957,62.853236559110883,498.30066778507728,9,15,0,20,1,19,2,0.24833333333333332
2026-01-19T06:00:00Z,2026-01-19T16:00:00Z,2026-01-19T17:00:00Z,2026-01-19T17:00:00Z,2026-01-19T00:00:00Z,2026-01-19T04:02:18Z,-7.3356396484374997,-3.4095849609375,8.0893064386002482,-4.3127734374999998,-1.4964770507812499,4.5650255515955784,-9.8582031249999886,65.436878657579427,529.33896384666048,10,16,0,21,1,19,1,0.033333333333333333
2026-01-19T06:00:00Z,2026-01-19T16:00:00Z,2026-01-19T17:00:00Z,2026-01-19T17:00:00Z,2026-01-19T00:00:00Z,2026-01-19T04:02:18Z,-7.3356396484374997,-3.4095849609375,8.0893064386002482,-4.3127734374999998,-1.4964770507812499,4.5650255515955784,-9.8582031249999886,65.436878657579427,529.33896384666048,10,16,0,21,1,19,2,0.018333333333333333
2026-01-19T06:00:00Z,2026-01-19T17:00:00Z,2026-01-19T18:00:00Z,2026-01-19T18:00:00Z,2026-01-19T00:00:00Z,2026-01-19T04:02:18Z,-7.766357421875,-3.6445361328125001,8.5789831115167026,-4.4765307617187498,-1.5323046874999999,4.7315204021486288,-9.8452929687499591,73.598951227688801,631.40415960768371,11,17,0,22,1,19,1,0.070000000000000007
2026-01-19T06:00:00Z,2026-01-19T17:00:00Z,2026-01-19T18:00:00Z,2026-01-19T18:00:00Z,2026-01-19T00:00:00Z,2026-01-19T04:02:18Z,-7.766357421875,-3.6445361328125001,8.5789831115167026,-4.4765307617187498,-1.5323046874999999,4.7315204021486288,-9.8452929687499591,73.598951227688801,631.40415960768371,11,17,0,22,1,19,2,0.059999999999999998
2026-01-19T06:00:00Z,2026-01-19T18:00:00Z,2026-01-19T19:00:00Z,2026-01-19T19:00:00Z,2026-01-19T00:00:00Z,2026-01-19T04:02:18Z,-7.6040332031249998,-3.9178466796875,8.5539957657089012,-4.5264965820312497,-1.9020434570312501,4.9098819354008887,-9.82275390625,73.170843559765814,625.90308598358524,12,18,0,23,1,19,1,0.014999999999999999
2026-01-19T06:00:00Z,2026-01-19T18:00:00Z,2026-01-19T19:00:00Z,2026-01-19T19:00:00Z,2026-01-19T00:00:00Z,2026-01-19T04:02:18Z,-7.6040332031249998,-3.9178466796875,8.5539957657089012,-4.5264965820312497,-1.9020434570312501,4.9098819354008887,-9.82275390625,73.170843559765814,625.90308598358524,12,18,0,23,1,19,2,0.02
2026-01-19T06:00:00Z,2026-01-19T19:00:00Z,2026-01-19T20:00:00Z,2026-01-19T20:00:00Z,2026-01-19T00:00:00Z,2026-01-19T04:02:18Z,-7.8748461914062498,-3.78958984375,8.7392330168132411,-4.7847412109374998,-1.912080078125,5.1526496757305518,-10.266328124999973,76.374193722158665,667.45187540917959,13,19,0,0,1,20,1,0.01
2026-01-19T06:00:00Z,2026-01-19T19:00:00Z,2026-01-19T20:00:00Z,2026-01-19T20:00:00Z,2026-01-19T00:00:00Z,2026-01-19T04:02:18Z,-7.8748461914062498,-3.78958984375,8.7392330168132411,-4.7847412109374998,-1.912080078125,5.1526496757305518,-10.266328124999973,76.374193722158665,667.45187540917959,13,19,0,0,1,20,2,0.01
2026-01-19T06:00:00Z,2026-01-19T20:00:00Z,2026-01-19T21:00:00Z,2026-01-19T21:00:00Z,2026-01-19T00:00:00Z,2026-01-19T04:02:18Z,-8.2959912109374994,-4.1707299804687503,9.2853895309746211,-5.0856420898437502,-2.12026123046875,5.5099240604040238,-10.285527343749948,86.218458741933091,800.57197417911277,14,20,0,1,1,20,1,0.01
2026-01-19T06:00:00Z,2026-01-19T20:00:00Z,2026-01-19T21:00:00Z,2026-01-19T21:00:00Z,2026-01-19T00:00:00Z,2026-01-19T04:02:18Z,-8.2959912109374994,-4.1707299804687503,9.2853895309746211,-5.0856420898437502,-2.12026123046875,5.5099240604040238,-10.285527343749948,86.218458741933091,800.57197417911277,14,20,0,1,1,20,2,0.01
2026-01-19T06:00:00Z,2026-01-19T21:00:00Z,2026-01-19T22:00:00Z,2026-01-19T22:00:00Z,2026-01-19T00:00:00Z,2026-01-19T04:02:18Z,-8.875371093750001,-4.2597387695312499,9.8446729979426291,-5.3678271484374998,-2.2162036132812499,5.8073338763173874,-10.670136718749973,96.917586436420706,954.12194621640174,15,21,0,2,1,20,1,0.01
2026-01-19T06:00:00Z,2026-01-19T21:00:00Z,2026-01-19T22:00:00Z,2026-01-19T22:00:00Z,2026-01-19T00:00:00Z,2026-01-19T04:02:18Z,-8.875371093750001,-4.2597387695312499,9.8446729979426291,-5.3678271484374998,-2.2162036132812499,5.8073338763173874,-10.670136718749973,96.917586436420706,954.12194621640174,15,21,0,2,1,20,2,0.0083333333333333332
2026-01-19T06:00:00Z,2026-01-19T22:00:00Z,2026-01-19T23:00:00Z,2026-01-19T23:00:00Z,2026-01-19T00:00:00Z,2026-01-19T04:02:18Z,-8.6369360351562499,-4.6394311523437501,9.8041310422045171,-5.2318798828124997,-2.5501220703125003,5.8202826118387971,-11.176718749999964,96.120985492718233,942.38273767644887,16,22,0,3,1,20,1,0.01
2026-01-19T06:00:00Z,2026-01-19T22:00:00Z,2026-01-19T23:00:00Z,2026-01-19T23:00:00Z,2026-01-19T00:00:00Z,2026-01-19T04:02:18Z,-8.6369360351562499,-4.6394311523437501,9.8041310422045171,-5.2318798828124997,-2.5501220703125003,5.8202826118387971,-11.176718749999964,96.120985492718233,942.38273767644887,16,22,0,3,1,20,2,0.01
2026-01-19T06:00:00Z,2026-01-19T23:00:00Z,2026-01-20T00:00:00Z,2026-01-20T00:00:00Z,2026-01-19T00:00:00Z,2026-01-19T04:02:18Z,-8.9691333007812499,-4.6109277343750001,10.084939600156847,-5.5814697265625002,-2.4815844726562499,6.108278464793683,-11.50101562499998,101.70600673881175,1025.6989349340618,17,23,0,4,1,20,1,0.013333333333333334
2026-01-19T06:00:00Z,2026-01-19T23:00:00Z,2026-01-20T00:00:00Z,2026-01-20T00:00:00Z,2026-01-19T00:00:00Z,2026-01-19T04:02:18Z,-8.9691333007812499,-4.6109277343750001,10.084939600156847,-5.5814697265625002,-2.4815844726562499,6.108278464793683,-11.50101562499998,101.70600673881175,1025.6989349340618,17,23,0,4,1,20,2,0.011666666666666667
2026-01-19T06:00:00Z,2026-01-20T00:00:00Z,2026-01-20T01:00:00Z,2026-01-20T01:00:00Z,2026-01-19T00:00:00Z,2026-01-19T04:02:18Z,-8.7134570312499999,-4.4086791992187502,9.7652847227853083,-5.3157250976562498,-2.2565991210937502,5.7748742763088474,-11.956171874999995,95.360785717064132,931.22522391564985,18,24,0,5,1,20,1,0.10833333333333334
2026-01-19T06:00:00Z,2026-01-20T00:00:00Z,2026-01-20T01:00:00Z,2026-01-20T01:00:00Z,2026-01-19T00:00:00Z,2026-01-19T04:02:18Z,-8.7134570312499999,-4.4086791992187502,9.7652847227853083,-5.3157250976562498,-2.2565991210937502,5.7748742763088474,-11.956171874999995,95.360785717064132,931.22522391564985,18,24,0,5,1,20,2,0.074999999999999997
2026-01-19T06:00:00Z,2026-01-20T01:00:00Z,2026-01-20T02:00:00Z,2026-01-20T02:00:00Z,2026-01-19T00:00:00Z,2026-01-19T04:02:18Z,-8.1811743164062509,-4.0546118164062497,9.1307989889804535,-4.7294775390624997,-1.71803955078125,5.0318602614287009,-12.550898437499995,83.371490177166478,761.24831821946555,19,25,0,6,1,20,1,0.034999999999999996
2026-01-19T06:00:00Z,2026-01-20T01:00:00Z,2026-01-20T02:00:00Z,2026-01-20T02:00:00Z,2026-01-19T00:00:00Z,2026-01-19T04:02:18Z,-8.1811743164062509,-4.0546118164062497,9.1307989889804535,-4.7294775390624997,-1.71803955078125,5.0318602614287009,-12.550898437499995,83.371490177166478,761.24831821946555,19,25,0,6,1,20,2,0.02
2026-01-19T06:00:00Z,2026-01-20T02:00:00Z,2026-01-20T03:00:00Z,2026-01-20T03:00:00Z,2026-01-19T00:00:00Z,2026-01-19T04:02:18Z,-7.4430053710937498,-3.7116357421875001,8.3171250343381367,-4.3524560546875,-1.65701416015625,4.6572062048984044,-11.823398437499975,69.174568836814146,575.33353821221363,20,26,0,7,1,20,1,0.01
2026-01-19T06:00:00Z,2026-01-20T02:00:00Z,2026-01-20T03:00:00Z,2026-01-20T03:00:00Z,2026-01-19T00:00:00Z,2026-01-19T04:02:18Z,-7.4430053710937498,-3.7116357421875001,8.3171250343381367,-4.3524560546875,-1.65701416015625,4.6572062048984044,-11.823398437499975,69.174568836814146,575.33353821221363,20,26,0,7,1,20,2,0.01
2026-01-19T06:00:00Z,2026-01-20T03:00:00Z,2026-01-20T04:00:00Z,2026-01-20T04:00:00Z,2026-01-19T00:00:00Z,2026-01-19T04:02:18Z,-6.9404785156250002,-3.1874902343750002,7.6374299355272779,-4.0528906249999999,-1.4676757812500001,4.3104517880473603,-11.432675781249998,58.330336020088197,445.49385446918666,21,27,0,8,1,20,1,0.01
2026-01-19T06:00:00Z,2026-01-20T03:00:00Z,2026-01-20T04:00:00Z,2026-01-20T04:00:00Z,2026-01-19T00:00:00Z,2026-01-19T04:02:18Z,-6.9404785156250002,-3.1874902343750002,7.6374299355272779,-4.0528906249999999,-1.4676757812500001,4.3104517880473603,-11.432675781249998,58.330336020088197,445.49385446918666,21,27,0,8,1,20,2,0.0083333333333333332
2026-01-19T06:00:00Z,2026-01-20T04:00:00Z,2026-01-20T05:00:00Z,2026-01-20T05:00:00Z,2026-01-19T00:00:00Z,2026-01-19T04:02:18Z,-6.2181274414062502,-3.1216259765625001,6.9577049100345745,-3.9097583007812502,-1.71728515625,4.2702784778518224,-9.9542382812499568,48.409657615119229,336.82011248180771,22,28,0,9,1,20,1,0.01
2026-01-19T06:00:00Z,2026-01-20T04:00:00Z,2026-01-20T05:00:00Z,2026-01-20T05:00:00Z,2026-01-19T00:00:00Z,2026-01-19T04:02:18Z,-6.2181274414062502,-3.1216259765625001,6.9577049100345745,-3.9097583007812502,-1.71728515625,4.2702784778518224,-9.9542382812499568,48.409657615119229,336.82011248180771,22,28,0,9,1,20,2,0.0083333333333333332
2026-01-19T06:00:00Z,2026-01-20T05:00:00Z,2026-01-20T06:00:00Z,2026-01-20T06:00:00Z,2026-01-19T00:00:00Z,2026-01-19T04:02:18Z,-4.6505273437500003,-1.4741748046875001,4.878585443521704,-3.4424755859375002,-0.82755126953125002,3.5405478761737594,-8.5383593749999704,23.80059592974186,116.11324084998056,23,29,0,10,1,20,1,0.018333333333333333
2026-01-19T06:00:00Z,2026-01-20T05:00:00Z,2026-01-20T06:00:00Z,2026-01-20T06:00:00Z,2026-01-19T00:00:00Z,2026-01-19T04:02:18Z,-4.6505273437500003,-1.4741748046875001,4.878585443521704,-3.4424755859375002,-0.82755126953125002,3.5405478761737594,-8.5383593749999704,23.80059592974186,116.11324084998056,23,29,0,10,1,20,2,0.02
2026-01-19T06:00:00Z,2026-01-20T06:00:00Z,2026-01-20T07:00:00Z,2026-01-20T07:00:00Z,2026-01-19T00:00:00Z,2026-01-19T04:02:18Z,-3.279072265625,-0.5708056640625,3.3283830953357669,-2.6888183593749999,-0.28568359375000002,2.7039525301768856,-7.2223046874999568,11.078134029316901,36.872274031042281,24,30,0,11,1,20,1,0.051666666666666666
2026-01-19T06:00:00Z,2026-01-20T06:00:00Z,2026-01-20T07:00:00Z,2026-01-20T07:00:00Z,2026-01-19T00:00:00Z,2026-01-19T04:02:18Z,-3.279072265625,-0.5708056640625,3.3283830953357669,-2.6888183593749999,-0.28568359375000002,2.7039525301768856,-7.2223046874999568,11.078134029316901,36.872274031042281,24,30,0,11,1,20,2,0.059999999999999998
2026-01-19T06:00:00Z,2026-01-20T07:00:00Z,2026-01-20T08:00:00Z,2026-01-20T08:00:00Z,2026-01-19T00:00:00Z,2026-01-19T04:02:18Z,-1.9771386718750001,-0.056867675781250002,1.977956334293657,-1.8203955078125,0.081501464843749996,1.8222190575327673,-6.3263867187499727,3.9123112603724013,7.7383808391819917,25,31,0,12,1,20,1,0.018333333333333333
2026-01-19T06:00:00Z,2026-01-20T07:00:00Z,2026-01-20T08:00:00Z,2026-01-20T08:00:00Z,2026-01-19T00:00:00Z,2026-01-19T04:02:18Z,-1.9771386718750001,-0.056867675781250002,1.977956334293657,-1.8203955078125,0.081501464843749996,1.8222190575327673,-6.3263867187499727,3.9123112603724013,7.7383808391819917,25,31,0,12,1,20,2,0.011666666666666667
2026-01-19T06:00:00Z,2026-01-20T08:00:00Z,2026-01-20T09:00:00Z,2026-01-20T09:00:00Z,2026-01-19T00:00:00Z,2026-01-19T04:02:18Z,-1.4181567382812501,0.49267578125,1.5012987576637808,-1.33866455078125,0.51592285156250006,1.4346425228197954,-5.6103320312499818,2.2538979597628117,3.3837742068928396,26,32,0,13,1,20,1,0.029999999999999999
2026-01-19T06:00:00Z,2026-01-20T08:00:00Z,2026-01-20T09:00:00Z,2026-01-20T09:00:00Z,2026-01-19T00:00:00Z,2026-01-19T04:02:18Z,-1.4181567382812501,0.49267578125,1.5012987576637808,-1.33866455078125,0.51592285156250006,1.4346425228197954,-5.6103320312499818,2.2538979597628117,3.3837742068928396,26,32,0,13,1,20,2,0.033333333333333333
2026-01-19T06:00:00Z,2026-01-20T09:00:00Z,2026-01-20T10:00:00Z,2026-01-20T10:00:00Z,2026-01-19T00:00:00Z,2026-01-19T04:02:18Z,-1.0648852539062501,0.33021728515624998,1.1149098884676478,-1.025400390625,0.19878417968750001,1.044490838249879,-5.0266210937499523,1.2430240594029429,1.385859815431538,27,33,0,14,1,20,1,0.093333333333333338
2026-01-19T06:00:00Z,2026-01-20T09:00:00Z,2026-01-20T10:00:00Z,2026-01-20T10:00:00Z,2026-01-19T00:00:00Z,2026-01-19T04:02:18Z,-1.0648852539062501,0.33021728515624998,1.1149098884676478,-1.025400390625,0.19878417968750001,1.044490838249879,-5.0266210937499523,1.2430240594029429,1.385859815431538,27,33,0,14,1,20,2,0.083333333333333329
2026-01-19T06:00:00Z,2026-01-20T10:00:00Z,2026-01-20T11:00:00Z,2026-01-20T11:00:00Z,2026-01-19T00:00:00Z,2026-01-19T04:02:18Z,-0.10927734375000001,-0.20917968750000002,0.23600355827752539,0.0020922851562500001,-0.51210205078125004,0.51210632496732267,-4.7664648437499864,0.055697679519653327,0.013144850554439437,28,34,0,15,1,20,1,0.034999999999999996
2026-01-19T06:00:00Z,2026-01-20T10:00:00Z,2026-01-20T11:00:00Z,2026-01-20T11:00:00Z,2026-01-19T00:00:00Z,2026-01-19T04:02:18Z,-0.10927734375000001,-0.20917968750000002,0.23600355827752539,0.0020922851562500001,-0.51210205078125004,0.51210632496732267,-4.7664648437499864,0.055697679519653327,0.013144850554439437,28,34,0,15,1,20,2,0.040000000000000001
2026-01-19T06:00:00Z,2026-01-20T11:00:00Z,2026-01-20T12:00:00Z,2026-01-20T12:00:00Z,2026-01-19T00:00:00Z,2026-01-19T04:02:18Z,-0.1929931640625,-0.59595458984375005,0.62642496320843355,-0.12558349609375,-0.8933056640625,0.90208992009514943,-7.3349218749999636,0.39240823453068735,0.24581431387857219,29,35,0,16,1,20,1,0.013333333333333334
2026-01-19T06:00:00Z,2026-01-20T11:00:00Z,2026-01-20T12:00:00Z,2026-01-20T12:00:00Z,2026-01-19T00:00:00Z,2026-01-19T04:02:18Z,-0.1929931640625,-0.59595458984375005,0.62642496320843355,-0.12558349609375,-0.8933056640625,0.90208992009514943,-7.3349218749999636,0.39240823453068735,0.24581431387857219,29,35,0,16,1,20,2,0.016666666666666666
2026-01-19T06:00:00Z,2026-01-20T12:00:00Z,2026-01-20T13:00:00Z,2026-01-20T13:00:00Z,2026-01-19T00:00:00Z,2026-01-19T04:02:18Z,-0.45664062500000002,0.17003662109375001,0.48727108770516042,-0.72385986328124996,0.16713134765625001,0.74290375489624783,-9.9301953124999613,0.23743311291337013,0.11569429118652004,30,36,0,17,1,20,1,0.01
2026-01-19T06:00:00Z,2026-01-20T12:00:00Z,2026-01-20T13:00:00Z,2026-01-20T13:00:00Z,2026-01-19T00:00:00Z,2026-01-19T04:02:18Z,-0.45664062500000002,0.17003662109375001,0.48727108770516042,-0.72385986328124996,0.16713134765625001,0.74290375489624783,-9.9301953124999613,0.23743311291337013,0.11569429118652004,30,36,0,17,1,20,2,0.0083333333333333332
2026-01-19T06:00:00Z,2026-01-20T13:00:00Z,2026-01-20T14:00:00Z,2026-01-20T14:00:00Z,2026-01-19T00:00:00Z,2026-01-19T04:02:18Z,-0.62125244140625002,0.12545654296875,0.63379329447927735,-1.0671875,0.018054199218750001,1.0673402054947991,-11.334531249999998,0.40169394012689597,0.25459092568538699,31,37,0,18,1,20,1,0.01
2026-01-19T06:00:00Z,2026-01-20T13:00:00Z,2026-01-20T14:00:00Z,2026-01-20T14:00:00Z,2026-01-19T00:00:00Z,2026-01-19T04:02:18Z,-0.62125244140625002,0.12545654296875,0.63379329447927735,-1.0671875,0.018054199218750001,1.0673402054947991,-11.334531249999998,0.40169394012689597,0.25459092568538699,31,37,0,18,1,20,2,0.01
2026-01-19T06:00:00Z,2026-01-20T14:00:00Z,2026-01-20T15:00:00Z,2026-01-20T15:00:00Z,2026-01-19T00:00:00Z,2026-01-19T04:02:18Z,-0.65598876953124996,-0.6000927734375,0.88906276633488257,-0.98811767578124998,-0.42860595703124998,1.0770699176905896,-12.383417968749995,0.79043260248303404,0.70274419616484685,32,38,0,19,1,20,1,0.01
2026-01-19T06:00:00Z,2026-01-20T14:00:00Z,2026-01-20T15:00:00Z,2026-01-20T15:00:00Z,2026-01-19T00:00:00Z,2026-01-19T04:02:18Z,-0.65598876953124996,-0.6000927734375,0.88906276633488257,-0.98811767578124998,-0.42860595703124998,1.0770699176905896,-12.383417968749995,0.79043260248303404,0.70274419616484685,32,38,0,19,1,20,2,0.01
2026-01-19T06:00:00Z,2026-01-20T15:00:00Z,2026-01-20T16:00:00Z,2026-01-20T16:00:00Z,2026-01-19T00:00:00Z,2026-01-19T04:02:18Z,-1.6675488281249999,-0.26614990234375002,1.6886547500003215,-1.6971484375000001,0.0040771484374999998,1.6971533348663794,-12.869199218749998,2.8515548646986484,4.8152916671598964,33,39,0,20,1,20,1,0.01
2026-01-19T06:00:00Z,2026-01-20T15:00:00Z,2026-01-20T16:00:00Z,2026-01-20T16:00:00Z,2026-01-19T00:00:00Z,2026-01-19T04:02:18Z,-1.6675488281249999,-0.26614990234375002,1.6886547500003215,-1.6971484375000001,0.0040771484374999998,1.6971533348663794,-12.869199218749998,2.8515548646986484,4.8152916671598964,33,39,0,20,1,20,2,0.01
2026-01-19T06:00:00Z,2026-01-20T16:00:00Z,2026-01-20T17:00:00Z,2026-01-20T17:00:00Z,2026-01-19T00:00:00Z,2026-01-19T04:02:18Z,-3.2615209960937501,-0.2104541015625,3.2683038623764542,-2.53291748046875,-0.062434082031250004,2.5336868349232202,-12.902363281249961,10.681810136824849,34.911401327356614,34,40,0,21,1,20,1,0.01
2026-01-19T06:00:00Z,2026-01-20T16:00:00Z,2026-01-20T17:00:00Z,2026-01-20T17:00:00Z,2026-01-19T00:00:00Z,2026-01-19T04:02:18Z,-3.2615209960937501,-0.2104541015625,3.2683038623764542,-2.53291748046875,-0.062434082031250004,2.5336868349232202,-12.902363281249961,10.681810136824849,34.911401327356614,34,40,0,21,1,20,2,0.01
2026-01-19T06:00:00Z,2026-01-20T17:00:00Z,2026-01-20T18:00:00Z,2026-01-20T18:00:00Z,2026-01-19T00:00:00Z,2026-01-19T04:02:18Z,-4.8780859374999999,-1.12615966796875,5.0063917157364681,-3.5136328125,-0.74039062499999997,3.5907929233895612,-11.754121093749973,25.063958011394735,125.47999175181329,35,41,0,22,1,20,1,0.041666666666666664
2026-01-19T06:00:00Z,2026-01-20T17:00:00Z,2026-01-20T18:00:00Z,2026-01-20T18:00:00Z,2026-01-19T00:00:00Z,2026-01-19T04:02:18Z,-4.8780859374999999,-1.12615966796875,5.0063917157364681,-3.5136328125,-0.74039062499999997,3.5907929233895612,-11.754121093749973,25.063958011394735,125.47999175181329,35,41,0,22,1,20,2,0.034999999999999996
2026-01-19T06:00:00Z,2026-01-20T18:00:00Z,2026-01-20T19:00:00Z,2026-01-20T19:00:00Z,2026-01-19T00:00:00Z,2026-01-19T04:02:18Z,-6.3260400390624998,-2.4482446289062501,6.7832650205332667,-4.1848876953124998,-1.5827465820312501,4.4741895093200483,-11.611308593749982,46.01268433879018,312.11623217615431,36,42,0,23,1,20,1,0.18333333333333335
2026-01-19T06:00:00Z,2026-01-20T18:00:00Z,2026-01-20T19:00:00Z,2026-01-20T19:00:00Z,2026-01-19T00:00:00Z,2026-01-19T04:02:18Z,-6.3260400390624998,-2.4482446289062501,6.7832650205332667,-4.1848876953124998,-1.5827465820312501,4.4741895093200483,-11.611308593749982,46.01268433879018,312.11623217615431,36,42,0,23,1,20,2,0.16
2026-01-19T06:00:00Z,2026-01-20T19:00:00Z,2026-01-20T20:00:00Z,2026-01-20T20:00:00Z,2026-01-19T00:00:00Z,2026-01-19T04:02:18Z,-7.7027539062499999,-3.6501025390624999,8.523829320553066,-4.82086181640625,-1.9172509765625001,5.1881171883462338,-11.895859374999986,72.655666285920148,619.30449859224507,37,43,0,0,1,21,1,0.27333333333333332
2026-01-19T06:00:00Z,2026-01-20T19:00:00Z,2026-01-20T20:00:00Z,2026-01-20T20:00:00Z,2026-01-19T00:00:00Z,2026-01-19T04:02:18Z,-7.7027539062499999,-3.6501025390624999,8.523829320553066,-4.82086181640625,-1.9172509765625001,5.1881171883462338,-11.895859374999986,72.655666285920148,619.30449859224507,37,43,0,0,1,21,2,0.26333333333333336
2026-01-19T06:00:00Z,2026-01-20T20:00:00Z,2026-01-20T21:00:00Z,2026-01-20T21:00:00Z,2026-01-19T00:00:00Z,2026-01-19T04:02:18Z,-9.4680615234375001,-4.22312255859375,10.367205658059508,-5.9214062500000004,-2.13747314453125,6.2953827064866656,-11.403828124999961,107.47895315650106,1114.2564112863906,38,44,0,1,1,21,1,0.26000000000000001
2026-01-19T06:00:00Z,2026-01-20T20:00:00Z,2026-01-20T21:00:00Z,2026-01-20T21:00:00Z,2026-01-19T00:00:00Z,2026-01-19T04:02:18Z,-9.4680615234375001,-4.22312255859375,10.367205658059508,-5.9214062500000004,-2.13747314453125,6.2953827064866656,-11.403828124999961,107.47895315650106,1114.2564112863906,38,44,0,1,1,21,2,0.29666666666666669
2026-01-19T06:00:00Z,2026-01-20T21:00:00Z,2026-01-20T22:00:00Z,2026-01-20T22:00:00Z,2026-01-19T00:00:00Z,2026-01-19T04:02:18Z,-10.203740234375001,-4.8618212890625001,11.302814738700469,-6.5844628906249998,-2.70308349609375,7.1177111450853454,-11.204453124999986,127.75362101738456,1443.9755105576482,39,45,0,2,1,21,1,0.39166666666666666
2026-01-19T06:00:00Z,2026-01-20T21:00:00Z,2026-01-20T22:00:00Z,2026-01-20T22:00:00Z,2026-01-19T00:00:00Z,2026-01-19T04:02:18Z,-10.203740234375001,-4.8618212890625001,11.302814738700469,-6.5844628906249998,-2.70308349609375,7.1177111450853454,-11.204453124999986,127.75362101738456,1443.9755105576482,39,45,0,2,1,21,2,0.44
2026-01-19T06:00:00Z,2026-01-20T22:00:00Z,2026-01-20T23:00:00Z,2026-01-20T23:00:00Z,2026-01-19T00:00:00Z,2026-01-19T04:02:18Z,-10.544750976562501,-5.8215624999999998,12.04501403482462,-6.8770458984375002,-3.6582714843750002,7.7895256943287192,-11.335781249999968,145.08236309912206,1747.5190997344469,40,46,0,3,1,21,1,0.67333333333333334
2026-01-19T06:00:00Z,2026-01-20T22:00:00Z,2026-01-20T23:00:00Z,2026-01-20T23:00:00Z,2026-01-19T00:00:00Z,2026-01-19T04:02:18Z,-10.544750976562501,-5.8215624999999998,12.04501403482462,-6.8770458984375002,-3.6582714843750002,7.7895256943287192,-11.335781249999968,145.08236309912206,1747.5190997344469,40,46,0,3,1,21,2,0.65166666666666673
2026-01-19T06:00:00Z,2026-01-20T23:00:00Z,2026-01-21T00:00:00Z,2026-01-21T00:00:00Z,2026-01-19T00:00:00Z,2026-01-19T04:02:18Z,-10.7414111328125,-6.1758007812500004,12.3902553812985,-6.8845092773437502,-4.1344799804687504,8.030591055378741,-11.353769531249952,153.51842841379644,1902.1325337825299,41,47,0,4,1,21,1,0.80166666666666675
2026-01-19T06:00:00Z,2026-01-20T23:00:00Z,2026-01-21T00:00:00Z,2026-01-21T00:00:00Z,2026-01-19T00:00:00Z,2026-01-19T04:02:18Z,-10.7414111328125,-6.1758007812500004,12.3902553812985,-6.8845092773437502,-4.1344799804687504,8.030591055378741,-11.353769531249952,153.51842841379644,1902.1325337825299,41,47,0,4,1,21,2,0.83499999999999996
2026-01-19T06:00:00Z,2026-01-21T00:00:00Z,2026-01-21T01:00:00Z,2026-01-21T01:00:00Z,2026-01-19T00:00:00Z,2026-01-19T04:02:18Z,-10.840693359375001,-6.3327514648437502,12.554854584083317,-6.75051025390625,-4.1303247070312503,7.9138467810291981,-11.523769531249968,157.62437362747789,1978.9510898002025,42,48,0,5,1,21,1,0.94666666666666666
2026-01-19T06:00:00Z,2026-01-21T00:00:00Z,2026-01-21T01:00:00Z,2026-01-21T01:00:00Z,2026-01-19T00:00:00Z,2026-01-19T04:02:18Z,-10.840693359375001,-6.3327514648437502,12.554854584083317,-6.75051025390625,-4.1303247070312503,7.9138467810291981,-11.523769531249968,157.62437362747789,1978.9510898002025,42,48,0,5,1,21,2,0.94499999999999995
2026-01-19T06:00:00Z,2026-01-21T01:00:00Z,2026-01-21T02:00:00Z,2026-01-21T02:00:00Z,2026-01-19T00:00:00Z,2026-01-19T04:02:18Z,-10.8753759765625,-6.5227758789062502,12.681498641644605,-6.6942871093749998,-4.2808740234374998,7.9460280837212158,-11.665136718749977,160.82040779803398,2039.4437830394995,43,49,0,6,1,21,1,0.88666666666666671
2026-01-19T06:00:00Z,2026-01-21T01:00:00Z,2026-01-21T02:00:00Z,2026-01-21T02:00:00Z,2026-01-19T00:00:00Z,2026-01-19T04:02:18Z,-10.8753759765625,-6.5227758789062502,12.681498641644605,-6.6942871093749998,-4.2808740234374998,7.9460280837212158,-11.665136718749977,160.82040779803398,2039.4437830394995,43,49,0,6,1,21,2,0.88666666666666671
2026-01-19T06:00:00Z,2026-01-21T02:00:00Z,2026-01-21T03:00:00Z,2026-01-21T03:00:00Z,2026-01-19T00:00:00Z,2026-01-19T04:02:18Z,-10.95166748046875,-6.5114501953125004,12.741193203495186,-6.7570947265625003,-4.18013671875,7.9455567540091723,-11.739374999999995,162.33800424879192,2068.3798764036801,44,50,0,7,1,21,1,0.99333333333333329
2026-01-19T06:00:00Z,2026-01-21T02:00:00Z,2026-01-21T03:00:00Z,2026-01-21T03:00:00Z,2026-01-19T00:00:00Z,2026-01-19T04:02:18Z,-10.95166748046875,-6.5114501953125004,12.741193203495186,-6.7570947265625003,-4.18013671875,7.9455567540091723,-11.739374999999995,162.33800424879192,2068.3798764036801,44,50,0,7,1,21,2,0.98166666666666658
2026-01-19T06:00:00Z,2026-01-21T03:00:00Z,2026-01-21T04:00:00Z,2026-01-21T04:00:00Z,2026-01-19T00:00:00Z,2026-01-19T04:02:18Z,-10.848310546875,-6.4386279296874998,12.615140559597078,-6.94293212890625,-4.1823413085937498,8.10532450727103,-11.341328124999961,159.14177133839129,2007.5958143370638,45,51,0,8,1,21,1,0.98999999999999988
2026-01-19T06:00:00Z,2026-01-21T03:00:00Z,2026-01-21T04:00:00Z,2026-01-21T04:00:00Z,2026-01-19T00:00:00Z,2026-01-19T04:02:18Z,-10.848310546875,-6.4386279296874998,12.615140559597078,-6.94293212890625,-4.1823413085937498,8.10532450727103,-11.341328124999961,159.14177133839129,2007.5958143370638,45,51,0,8,1,21,2,0.98666666666666669
2026-01-19T06:00:00Z,2026-01-21T04:00:00Z,2026-01-21T05:00:00Z,2026-01-21T05:00:00Z,2026-01-19T00:00:00Z,2026-01-19T04:02:18Z,-10.9342919921875,-6.4258276367187506,12.682665421244629,-7.281455078125,-4.3665893554687498,8.4903881332978735,-10.03031249999998,160.8500021872342,2040.0067607471581,46,52,0,9,1,21,1,0.98999999999999988
2026-01-19T06:00:00Z,2026-01-21T04:00:00Z,2026-01-21T05:00:00Z,2026-01-21T05:00:00Z,2026-01-19T00:00:00Z,2026-01-19T04:02:18Z,-10.9342919921875,-6.4258276367187506,12.682665421244629,-7.281455078125,-4.3665893554687498,8.4903881332978735,-10.03031249999998,160.8500021872342,2040.0067607471581,46,52,0,9,1,21,2,0.98999999999999988
2026-01-19T06:00:00Z,2026-01-21T05:00:00Z,2026-01-21T06:00:00Z,2026-01-21T06:00:00Z,2026-01-19T00:00:00Z,2026-01-19T04:02:18Z,-10.98760986328125,-6.7247949218750005,12.882175175371247,-7.5166284179687501,-4.8504394531250004,8.9457512631554295,-8.5559374999999704,165.9504372489512,2137.8026030704432,47,53,0,10,1,21,1,0.94666666666666666
2026-01-19T06:00:00Z,2026-01-21T05:00:00Z,2026-01-21T06:00:00Z,2026-01-21T06:00:00Z,2026-01-19T00:00:00Z,2026-01-19T04:02:18Z,-10.98760986328125,-6.7247949218750005,12.882175175371247,-7.5166284179687501,-4.8504394531250004,8.9457512631554295,-8.5559374999999704,165.9504372489512,2137.8026030704432,47,53,0,10,1,21,2,0.93333333333333324
2026-01-26T06:00:00Z,2026-01-26T06:00:00Z,2026-01-26T07:00:00Z,2026-01-26T07:00:00Z,2026-01-26T00:00:00Z,2026-01-26T03:56:52Z,-10.264819335937501,-5.6111328125000002,11.69834720971089,-7.3332934570312505,-4.0648339843750003,8.3845135963553243,-3.4126562499999977,136.85132743895059,1600.934344490679,0,6,0,11,1,26,1,0.47666666666666663
2026-01-26T06:00:00Z,2026-01-26T06:00:00Z,2026-01-26T07:00:00Z,2026-01-26T07:00:00Z,2026-01-26T00:00:00Z,2026-01-26T03:56:52Z,-10.264819335937501,-5.6111328125000002,11.69834720971089,-7.3332934570312505,-4.0648339843750003,8.3845135963553243,-3.4126562499999977,136.85132743895059,1600.934344490679,0,6,0,11,1,26,2,0.5083333333333333
2026-01-26T06:00:00Z,2026-01-26T07:00:00Z,2026-01-26T08:00:00Z,2026-01-26T08:00:00Z,2026-01-26T00:00:00Z,2026-01-26T03:56:52Z,-10.686508789062501,-5.98394775390625,12.247820247708967,-7.7868090820312501,-4.4501806640624997,8.9687515085880332,-2.4270507812499886,150.00910082018973,1837.2845023661355,1,7,0,12,1,26,1,0.79833333333333334
2026-01-26T06:00:00Z,2026-01-26T07:00:00Z,2026-01-26T08:00:00Z,2026-01-26T08:00:00Z,2026-01-26T00:00:00Z,2026-01-26T03:56:52Z,-10.686508789062501,-5.98394775390625,12.247820247708967,-7.7868090820312501,-4.4501806640624997,8.9687515085880332,-2.4270507812499886,150.00910082018973,1837.2845023661355,1,7,0,12,1,26,2,0.84666666666666668
2026-01-26T06:00:00Z,2026-01-26T08:00:00Z,2026-01-26T09:00:00Z,2026-01-26T09:00:00Z,2026-01-26T00:00:00Z,2026-01-26T03:56:52Z,-11.081870117187501,-6.0690820312499998,12.634935773333197,-7.9465893554687499,-4.6199291992187499,9.1919545359103711,-1.7251171874999613,159.64160199625496,2017.0613879747023,2,8,0,13,1,26,1,0.79333333333333333
2026-01-26T06:00:00Z,2026-01-26T08:00:00Z,2026-01-26T09:00:00Z,2026-01-26T09:00:00Z,2026-01-26T00:00:00Z,2026-01-26T03:56:52Z,-11.081870117187501,-6.0690820312499998,12.634935773333197,-7.9465893554687499,-4.6199291992187499,9.1919545359103711,-1.7251171874999613,159.64160199625496,2017.0613879747023,2,8,0,13,1,26,2,0.79666666666666675
2026-01-26T06:00:00Z,2026-01-26T09:00:00Z,2026-01-26T10:00:00Z,2026-01-26T10:00:00Z,2026-01-26T00:00:00Z,2026-01-26T03:56:52Z,-10.494003906250001,-6.0222314453125003,12.099230949333142,-7.3921240234374999,-4.5361694335937504,8.6729655082994572,-1.4253515624999977,146.39138956530098,1771.2232313443744,3,9,0,14,1,26,1,0.76000000000000012
2026-01-26T06:00:00Z,2026-01-26T09:00:00Z,2026-01-26T10:00:00Z,2026-01-26T10:00:00Z,2026-01-26T00:00:00Z,2026-01-26T03:56:52Z,-10.494003906250001,-6.0222314453125003,12.099230949333142,-7.3921240234374999,-4.5361694335937504,8.6729655082994572,-1.4253515624999977,146.39138956530098,1771.2232313443744,3,9,0,14,1,26,2,0.75
2026-01-26T06:00:00Z,2026-01-26T10:00:00Z,2026-01-26T11:00:00Z,2026-01-26T11:00:00Z,2026-01-26T00:00:00Z,2026-01-26T03:56:52Z,-9.9998437500000001,-5.9892749023437499,11.656255354111748,-6.7991625976562498,-4.4481176757812504,8.1249223311343268,-1.6635937499999613,135.86828888025877,1583.7154697145179,4,10,0,15,1,26,1,0.67166666666666675
2026-01-26T06:00:00Z,2026-01-26T10:00:00Z,2026-01-26T11:00:00Z,2026-01-26T11:00:00Z,2026-01-26T00:00:00Z,2026-01-26T03:56:52Z,-9.9998437500000001,-5.9892749023437499,11.656255354111748,-6.7991625976562498,-4.4481176757812504,8.1249223311343268,-1.6635937499999613,135.86828888025877,1583.7154697145179,4,10,0,15,1,26,2,0.73833333333333329
2026-01-26T06:00:00Z,2026-01-26T11:00:00Z,2026-01-26T12:00:00Z,2026-01-26T12:00:00Z,2026-01-26T00:00:00Z,2026-01-26T03:56:52Z,-9.4166406249999994,-5.7449853515624998,11.030774104752036,-5.8958666992187503,-3.9757080078125,7.1110827796012215,-2.4445117187499932,121.67797735006808,1342.2022816717356,5,11,0,16,1,26,1,0.61333333333333329
2026-01-26T06:00:00Z,2026-01-26T11:00:00Z,2026-01-26T12:00:00Z,2026-01-26T12:00:00Z,2026-01-26T00:00:00Z,2026-01-26T03:56:52Z,-9.4166406249999994,-5.7449853515624998,11.030774104752036,-5.8958666992187503,-3.9757080078125,7.1110827796012215,-2.4445117187499932,121.67797735006808,1342.2022816717356,5,11,0,16,1,26,2,0.70166666666666666
2026-01-26T06:00:00Z,2026-01-26T12:00:00Z,2026-01-26T13:00:00Z,2026-01-26T13:00:00Z,2026-01-26T00:00:00Z,2026-01-26T03:56:52Z,-9.0052246093750004,-5.02150634765625,10.310654502253731,-4.9300073242187503,-2.6851635742187501,5.6138289640103691,-3.9285546874999682,106.30959626484514,1096.1215173609021,6,12,0,17,1,26,1,0.39999999999999997
2026-01-26T06:00:00Z,2026-01-26T12:00:00Z,2026-01-26T13:00:00Z,2026-01-26T13:00:00Z,2026-01-26T00:00:00Z,2026-01-26T03:56:52Z,-9.0052246093750004,-5.02150634765625,10.310654502253731,-4.9300073242187503,-2.6851635742187501,5.6138289640103691,-3.9285546874999682,106.30959626484514,1096.1215173609021,6,12,0,17,1,26,2,0.48333333333333334
2026-01-26T06:00:00Z,2026-01-26T13:00:00Z,2026-01-26T14:00:00Z,2026-01-26T14:00:00Z,2026-01-26T00:00:00Z,2026-01-26T03:56:52Z,-8.5079150390624996,-4.5283666992187497,9.6379833613935624,-4.6541406250000001,-2.0436254882812501,5.0830532255356298,-5.1187109374999977,92.890723274499152,895.27924534743659,7,13,0,18,1,26,1,0.5
2026-01-26T06:00:00Z,2026-01-26T13:00:00Z,2026-01-26T14:00:00Z,2026-01-26T14:00:00Z,2026-01-26T00:00:00Z,2026-01-26T03:56:52Z,-8.5079150390624996,-4.5283666992187497,9.6379833613935624,-4.6541406250000001,-2.0436254882812501,5.0830532255356298,-5.1187109374999977,92.890723274499152,895.27924534743659,7,13,0,18,1,26,2,0.62
2026-01-26T06:00:00Z,2026-01-26T14:00:00Z,2026-01-26T15:00:00Z,2026-01-26T15:00:00Z,2026-01-26T00:00:00Z,2026-01-26T03:56:52Z,-8.7940527343750006,-4.4665649414062498,9.8633445580476327,-4.6562036132812503,-1.9244140625000001,5.0382141252909376,-5.5057812499999841,97.285565870767854,959.56105670802265,8,14,0,19,1,26,1,0.77500000000000002
2026-01-26T06:00:00Z,2026-01-26T14:00:00Z,2026-01-26T15:00:00Z,2026-01-26T15:00:00Z,2026-01-26T00:00:00Z,2026-01-26T03:56:52Z,-8.7940527343750006,-4.4665649414062498,9.8633445580476327,-4.6562036132812503,-1.9244140625000001,5.0382141252909376,-5.5057812499999841,97.285565870767854,959.56105670802265,8,14,0,19,1,26,2,0.8716666666666667
2026-01-26T06:00:00Z,2026-01-26T15:00:00Z,2026-01-26T16:00:00Z,2026-01-26T16:00:00Z,2026-01-26T00:00:00Z,2026-01-26T03:56:52Z,-8.6406494140624996,-4.4407446289062502,9.7149902293259327,-4.7228295898437498,-2.1666015624999999,5.1960833004611393,-5.7349999999999568,94.381035155898346,916.91083437321981,9,15,0,20,1,26,1,0.29833333333333334
2026-01-26T06:00:00Z,2026-01-26T15:00:00Z,2026-01-26T16:00:00Z,2026-01-26T16:00:00Z,2026-01-26T00:00:00Z,2026-01-26T03:56:52Z,-8.6406494140624996,-4.4407446289062502,9.7149902293259327,-4.7228295898437498,-2.1666015624999999,5.1960833004611393,-5.7349999999999568,94.381035155898346,916.91083437321981,9,15,0,20,1,26,2,0.3666666666666667
2026-01-26T06:00:00Z,2026-01-26T16:00:00Z,2026-01-26T17:00:00Z,2026-01-26T17:00:00Z,2026-01-26T00:00:00Z,2026-01-26T03:56:52Z,-8.1997631835937508,-4.1524316406250001,9.1912352160677049,-4.6409374999999997,-2.0176562499999999,5.0605570466175269,-5.81591796875,84.478804797083143,776.46456566225993,10,16,0,21,1,26,1,0.16833333333333333
2026-01-26T06:00:00Z,2026-01-26T16:00:00Z,2026-01-26T17:00:00Z,2026-01-26T17:00:00Z,2026-01-26T00:00:00Z,2026-01-26T03:56:52Z,-8.1997631835937508,-4.1524316406250001,9.1912352160677049,-4.6409374999999997,-2.0176562499999999,5.0605570466175269,-5.81591796875,84.478804797083143,776.46456566225993,10,16,0,21,1,26,2,0.16666666666666666
2026-01-26T06:00:00Z,2026-01-26T17:00:00Z,2026-01-26T18:00:00Z,2026-01-26T18:00:00Z,2026-01-26T00:00:00Z,2026-01-26T03:56:52Z,-8.5441088867187496,-4.0513012695312502,9.4559419755311431,-4.7820166015624999,-1.7688159179687499,5.0986657597139073,-5.9397851562499682,89.41483864461182,845.50152597492911,11,17,0,22,1,26,1,0.69833333333333325
2026-01-26T06:00:00Z,2026-01-26T17:00:00Z,2026-01-26T18:00:00Z,2026-01-26T18:00:00Z,2026-01-26T00:00:00Z,2026-01-26T03:56:52Z,-8.5441088867187496,-4.0513012695312502,9.4559419755311431,-4.7820166015624999,-1.7688159179687499,5.0986657597139073,-5.9397851562499682,89.41483864461182,845.50152597492911,11,17,0,22,1,26,2,0.67666666666666664
2026-01-26T06:00:00Z,2026-01-26T18:00:00Z,2026-01-26T19:00:00Z,2026-01-26T19:00:00Z,2026-01-26T00:00:00Z,2026-01-26T03:56:52Z,-9.3274121093750004,-4.6857421874999998,10.438237231728003,-5.1515136718750005,-2.1212670898437502,5.5711638979632632,-6.1460937499999773,108.95679650583268,1137.3168899369944,12,18,0,23,1,26,1,0.90000000000000002
2026-01-26T06:00:00Z,2026-01-26T18:00:00Z,2026-01-26T19:00:00Z,2026-01-26T19:00:00Z,2026-01-26T00:00:00Z,2026-01-26T03:56:52Z,-9.3274121093750004,-4.6857421874999998,10.438237231728003,-5.1515136718750005,-2.1212670898437502,5.5711638979632632,-6.1460937499999773,108.95679650583268,1137.3168899369944,12,18,0,23,1,26,2,0.92666666666666664
2026-01-26T06:00:00Z,2026-01-26T19:00:00Z,2026-01-26T20:00:00Z,2026-01-26T20:00:00Z,2026-01-26T00:00:00Z,2026-01-26T03:56:52Z,-9.4990478515624996,-4.9079760742187499,10.692059634671789,-5.6365185546875001,-2.5404516601562501,6.1825751960592532,-5.9882031249999841,114.32013923137784,1222.3177461058738,13,19,0,0,1,27,1,0.65000000000000002
2026-01-26T06:00:00Z,2026-01-26T19:00:00Z,2026-01-26T20:00:00Z,2026-01-26T20:00:00Z,2026-01-26T00:00:00Z,2026-01-26T03:56:52Z,-9.4990478515624996,-4.9079760742187499,10.692059634671789,-5.6365185546875001,-2.5404516601562501,6.1825751960592532,-5.9882031249999841,114.32013923137784,1222.3177461058738,13,19,0,0,1,27,2,0.70500000000000007
2026-01-26T06:00:00Z,2026-01-26T20:00:00Z,2026-01-26T21:00:00Z,2026-01-26T21:00:00Z,2026-01-26T00:00:00Z,2026-01-26T03:56:52Z,-9.7174536132812506,-4.9390380859374998,10.900596402977866,-5.8304785156249999,-2.5503515624999999,6.3638646130720673,-5.9594335937499636,118.82300194061399,1295.2415875448889,14,20,0,1,1,27,1,0.62333333333333341
2026-01-26T06:00:00Z,2026-01-26T20:00:00Z,2026-01-26T21:00:00Z,2026-01-26T21:00:00Z,2026-01-26T00:00:00Z,2026-01-26T03:56:52Z,-9.7174536132812506,-4.9390380859374998,10.900596402977866,-5.8304785156249999,-2.5503515624999999,6.3638646130720673,-5.9594335937499636,118.82300194061399,1295.2415875448889,14,20,0,1,1,27,2,0.62666666666666659
2026-01-26T06:00:00Z,2026-01-26T21:00:00Z,2026-01-26T22:00:00Z,2026-01-26T22:00:00Z,2026-01-26T00:00:00Z,2026-01-26T03:56:52Z,-9.9279101562500003,-5.1318188476562501,11.175820540601563,-6.2000732421875,-2.71112060546875,6.7669109012818147,-5.8506249999999795,124.89896475573182,1395.8484158169786,15,21,0,2,1,27,1,0.47999999999999998
2026-01-26T06:00:00Z,2026-01-26T21:00:00Z,2026-01-26T22:00:00Z,2026-01-26T22:00:00Z,2026-01-26T00:00:00Z,2026-01-26T03:56:52Z,-9.9279101562500003,-5.1318188476562501,11.175820540601563,-6.2000732421875,-2.71112060546875,6.7669109012818147,-5.8506249999999795,124.89896475573182,1395.8484158169786,15,21,0,2,1,27,2,0.48999999999999999
2026-01-26T06:00:00Z,2026-01-26T22:00:00Z,2026-01-26T23:00:00Z,2026-01-26T23:00:00Z,2026-01-26T00:00:00Z,2026-01-26T03:56:52Z,-9.8018920898437507,-4.7884545898437505,10.909004807952794,-5.9402490234375005,-2.3674633789062502,6.3946416092625844,-6.8133398437499864,119.00638589993717,1298.2412359595003,16,22,0,3,1,27,1,0.93500000000000005
2026-01-26T06:00:00Z,2026-01-26T22:00:00Z,2026-01-26T23:00:00Z,2026-01-26T23:00:00Z,2026-01-26T00:00:00Z,2026-01-26T03:56:52Z,-9.8018920898437507,-4.7884545898437505,10.909004807952794,-5.9402490234375005,-2.3674633789062502,6.3946416092625844,-6.8133398437499864,119.00638589993717,1298.2412359595003,16,22,0,3,1,27,2,0.93500000000000005
2026-01-26T06:00:00Z,2026-01-26T23:00:00Z,2026-01-27T00:00:00Z,2026-01-27T00:00:00Z,2026-01-26T00:00:00Z,2026-01-26T03:56:52Z,-9.4489428710937506,-4.3363500976562497,10.396463511725358,-5.6003295898437502,-1.9421215820312501,5.9275229020452578,-7.6082031249999886,108.08645355063676,1123.7168704509929,17,23,0,4,1,27,1,0.68499999999999994
2026-01-26T06:00:00Z,2026-01-26T23:00:00Z,2026-01-27T00:00:00Z,2026-01-27T00:00:00Z,2026-01-26T00:00:00Z,2026-01-26T03:56:52Z,-9.4489428710937506,-4.3363500976562497,10.396463511725358,-5.6003295898437502,-1.9421215820312501,5.9275229020452578,-7.6082031249999886,108.08645355063676,1123.7168704509929,17,23,0,4,1,27,2,0.67333333333333334
2026-01-26T06:00:00Z,2026-01-27T00:00:00Z,2026-01-27T01:00:00Z,2026-01-27T01:00:00Z,2026-01-26T00:00:00Z,2026-01-26T03:56:52Z,-8.6603686523437506,-3.4718017578125,9.3303479377806848,-5.0644384765624997,-1.24277587890625,5.214693564158674,-8.1024023437499864,87.055392640048282,812.25710319176233,18,24,0,5,1,27,1,0.40666666666666668
2026-01-26T06:00:00Z,2026-01-27T00:00:00Z,2026-01-27T01:00:00Z,2026-01-27T01:00:00Z,2026-01-26T00:00:00Z,2026-01-26T03:56:52Z,-8.6603686523437506,-3.4718017578125,9.3303479377806848,-5.0644384765624997,-1.24277587890625,5.214693564158674,-8.1024023437499864,87.055392640048282,812.25710319176233,18,24,0,5,1,27,2,0.28833333333333333
2026-01-26T06:00:00Z,2026-01-27T01:00:00Z,2026-01-27T02:00:00Z,2026-01-27T02:00:00Z,2026-01-26T00:00:00Z,2026-01-26T03:56:52Z,-8.1644555664062501,-3.2822558593750002,8.7995192040374306,-4.654091796875,-1.2950390625000001,4.8309105381014916,-8.21906249999995,77.431538222223537,681.36030758461436,19,25,0,6,1,27,1,0.031666666666666669
2026-01-26T06:00:00Z,2026-01-27T01:00:00Z,2026-01-27T02:00:00Z,2026-01-27T02:00:00Z,2026-01-26T00:00:00Z,2026-01-26T03:56:52Z,-8.1644555664062501,-3.2822558593750002,8.7995192040374306,-4.654091796875,-1.2950390625000001,4.8309105381014916,-8.21906249999995,77.431538222223537,681.36030758461436,19,25,0,6,1,27,2,0.028333333333333332
2026-01-26T06:00:00Z,2026-01-27T02:00:00Z,2026-01-27T03:00:00Z,2026-01-27T03:00:00Z,2026-01-26T00:00:00Z,2026-01-26T03:56:52Z,-7.6753344726562505,-2.8756689453124999,8.1963547477021823,-4.4151123046874998,-1.3916748046875,4.629252145325955,-8.5614257812499659,67.180231150180106,550.63300653950876,20,26,0,7,1,27,1,0.013333333333333334
2026-01-26T06:00:00Z,2026-01-27T02:00:00Z,2026-01-27T03:00:00Z,2026-01-27T03:00:00Z,2026-01-26T00:00:00Z,2026-01-26T03:56:52Z,-7.6753344726562505,-2.8756689453124999,8.1963547477021823,-4.4151123046874998,-1.3916748046875,4.629252145325955,-8.5614257812499659,67.180231150180106,550.63300653950876,20,26,0,7,1,27,2,0.013333333333333334
2026-01-26T06:00:00Z,2026-01-27T03:00:00Z,2026-01-27T04:00:00Z,2026-01-27T04:00:00Z,2026-01-26T00:00:00Z,2026-01-26T03:56:52Z,-7.1546044921875005,-2.8923779296875001,7.7171377807949568,-4.4025024414062504,-1.4814111328124999,4.645062614325969,-7.3057421874999591,59.554215527772911,459.58808665498202,21,27,0,8,1,27,1,0.01
2026-01-26T06:00:00Z,2026-01-27T03:00:00Z,2026-01-27T04:00:00Z,2026-01-27T04:00:00Z,2026-01-26T00:00:00Z,2026-01-26T03:56:52Z,-7.1546044921875005,-2.8923779296875001,7.7171377807949568,-4.4025024414062504,-1.4814111328124999,4.645062614325969,-7.3057421874999591,59.554215527772911,459.58808665498202,21,27,0,8,1,27,2,0.01
2026-01-26T06:00:00Z,2026-01-27T04:00:00Z,2026-01-27T05:00:00Z,2026-01-27T05:00:00Z,2026-01-26T00:00:00Z,2026-01-26T03:56:52Z,-7.1431567382812498,-2.0447241210937501,7.4300460913129891,-4.9925292968750004,-1.30624267578125,5.1605831752029099,-5.9500585937499864,55.205584919035424,410.18004044632647,22,28,0,9,1,27,1,0.01
2026-01-26T06:00:00Z,2026-01-27T04:00:00Z,2026-01-27T05:00:00Z,2026-01-27T05:00:00Z,2026-01-26T00:00:00Z,2026-01-26T03:56:52Z,-7.1431567382812498,-2.0447241210937501,7.4300460913129891,-4.9925292968750004,-1.30624267578125,5.1605831752029099,-5.9500585937499864,55.205584919035424,410.18004044632647,22,28,0,9,1,27,2,0.0083333333333333332
2026-01-26T06:00:00Z,2026-01-27T05:00:00Z,2026-01-27T06:00:00Z,2026-01-27T06:00:00Z,2026-01-26T00:00:00Z,2026-01-26T03:56:52Z,-6.4445605468750005,-2.0169970703125002,6.7528244330788736,-5.0074804687499999,-1.5647631835937501,5.2462695761505778,-4.6505078124999955,45.600637823987007,307.93310126180012,23,29,0,10,1,27,1,0.01
2026-01-26T06:00:00Z,2026-01-27T05:00:00Z,2026-01-27T06:00:00Z,2026-01-27T06:00:00Z,2026-01-26T00:00:00Z,2026-01-26T03:56:52Z,-6.4445605468750005,-2.0169970703125002,6.7528244330788736,-5.0074804687499999,-1.5647631835937501,5.2462695761505778,-4.6505078124999955,45.600637823987007,307.93310126180012,23,29,0,10,1,27,2,0.01
2026-01-26T06:00:00Z,2026-01-27T06:00:00Z,2026-01-27T07:00:00Z,2026-01-27T07:00:00Z,2026-01-26T00:00:00Z,2026-01-26T03:56:52Z,-5.8115795898437499,-2.1959228515625,6.2126109244908321,-4.6797290039062505,-1.738798828125,4.9923225972176777,-3.6625195312499841,38.59653449910283,239.78525187661353,24,30,0,11,1,27,1,0.01
2026-01-26T06:00:00Z,2026-01-27T06:00:00Z,2026-01-27T07:00:00Z,2026-01-27T07:00:00Z,2026-01-26T00:00:00Z,2026-01-26T03:56:52Z,-5.8115795898437499,-2.1959228515625,6.2126109244908321,-4.6797290039062505,-1.738798828125,4.9923225972176777,-3.6625195312499841,38.59653449910283,239.78525187661353,24,30,0,11,1,27,2,0.01
2026-01-26T06:00:00Z,2026-01-27T07:00:00Z,2026-01-27T08:00:00Z,2026-01-27T08:00:00Z,2026-01-26T00:00:00Z,2026-01-26T03:56:52Z,-5.5982958984374998,-2.0392382812499998,5.9581381096931265,-4.4914453124999998,-1.57423828125,4.7593389416316185,-2.6832812499999932,35.499409734177583,211.51038600881461,25,31,0,12,1,27,1,0.01
2026-01-26T06:00:00Z,2026-01-27T07:00:00Z,2026-01-27T08:00:00Z,2026-01-27T08:00:00Z,2026-01-26T00:00:00Z,2026-01-26T03:56:52Z,-5.5982958984374998,-2.0392382812499998,5.9581381096931265,-4.4914453124999998,-1.57423828125,4.7593389416316185,-2.6832812499999932,35.499409734177583,211.51038600881461,25,31,0,12,1,27,2,0.01
2026-01-26T06:00:00Z,2026-01-27T08:00:00Z,2026-01-27T09:00:00Z,2026-01-27T09:00:00Z,2026-01-26T00:00:00Z,2026-01-26T03:56:52Z,-5.7020922851562501,-1.7729248046875001,5.9713582032494612,-4.6930371093750001,-1.32089111328125,4.8753821022681123,-2.1446484374999955,35.657118791514634,212.92142879995143,26,32,0,13,1,27,1,0.01
2026-01-26T06:00:00Z,2026-01-27T08:00:00Z,2026-01-27T09:00:00Z,2026-01-27T09:00:00Z,2026-01-26T00:00:00Z,2026-01-26T03:56:52Z,-5.7020922851562501,-1.7729248046875001,5.9713582032494612,-4.6930371093750001,-1.32089111328125,4.8753821022681123,-2.1446484374999955,35.657118791514634,212.92142879995143,26,32,0,13,1,27,2,0.01
2026-01-26T06:00:00Z,2026-01-27T09:00:00Z,2026-01-27T10:00:00Z,2026-01-27T10:00:00Z,2026-01-26T00:00:00Z,2026-01-26T03:56:52Z,-5.5650170898437503,-1.6478930664062501,5.8038751510144317,-4.3714331054687499,-1.23749755859375,4.5432177587161338,-1.8282226562499773,33.684966768562795,195.5033415908085,27,33,0,14,1,27,1,0.01
2026-01-26T06:00:00Z,2026-01-27T09:00:00Z,2026-01-27T10:00:00Z,2026-01-27T10:00:00Z,2026-01-26T00:00:00Z,2026-01-26T03:56:52Z,-5.5650170898437503,-1.6478930664062501,5.8038751510144317,-4.3714331054687499,-1.23749755859375,4.5432177587161338,-1.8282226562499773,33.684966768562795,195.5033415908085,27,33,0,14,1,27,2,0.01
2026-01-26T06:00:00Z,2026-01-27T10:00:00Z,2026-01-27T11:00:00Z,2026-01-27T11:00:00Z,2026-01-26T00:00:00Z,2026-01-26T03:56:52Z,-5.7656420898437499,-2.0341723632812498,6.1139582850813623,-3.7703393554687499,-1.2056616210937501,3.9584187246898122,-1.9243945312499591,37.380485911715034,228.54273154029727,28,34,0,15,1,27,1,0.01
2026-01-26T06:00:00Z,2026-01-27T10:00:00Z,2026-01-27T11:00:00Z,2026-01-27T11:00:00Z,2026-01-26T00:00:00Z,2026-01-26T03:56:52Z,-5.7656420898437499,-2.0341723632812498,6.1139582850813623,-3.7703393554687499,-1.2056616210937501,3.9584187246898122,-1.9243945312499591,37.380485911715034,228.54273154029727,28,34,0,15,1,27,2,0.01
2026-01-26T06:00:00Z,2026-01-27T11:00:00Z,2026-01-27T12:00:00Z,2026-01-27T12:00:00Z,2026-01-26T00:00:00Z,2026-01-26T03:56:52Z,-5.76316162109375,-2.3534423828125002,6.2251685053551862,-3.39717529296875,-1.17867919921875,3.5958426864683979,-2.7133203124999454,38.75272292006612,241.24223021875167,29,35,0,16,1,27,1,0.01
2026-01-26T06:00:00Z,2026-01-27T11:00:00Z,2026-01-27T12:00:00Z,2026-01-27T12:00:00Z,2026-01-26T00:00:00Z,2026-01-26T03:56:52Z,-5.76316162109375,-2.3534423828125002,6.2251685053551862,-3.39717529296875,-1.17867919921875,3.5958426864683979,-2.7133203124999454,38.75272292006612,241.24223021875167,29,35,0,16,1,27,2,0.01
2026-01-26T06:00:00Z,2026-01-27T12:00:00Z,2026-01-27T13:00:00Z,2026-01-27T13:00:00Z,2026-01-26T00:00:00Z,2026-01-26T03:56:52Z,-5.6582763671874998,-2.1292822265625002,6.0456541621091366,-3.3074316406249999,-1.00677490234375,3.4572676728012608,-3.6846289062499977,36.54993424782753,220.96826211019379,30,36,0,17,1,27,1,0.01
2026-01-26T06:00:00Z,2026-01-27T12:00:00Z,2026-01-27T13:00:00Z,2026-01-27T13:00:00Z,2026-01-26T00:00:00Z,2026-01-26T03:56:52Z,-5.6582763671874998,-2.1292822265625002,6.0456541621091366,-3.3074316406249999,-1.00677490234375,3.4572676728012608,-3.6846289062499977,36.54993424782753,220.96826211019379,30,36,0,17,1,27,2,0.01
2026-01-26T06:00:00Z,2026-01-27T13:00:00Z,2026-01-27T14:00:00Z,2026-01-27T14:00:00Z,2026-01-26T00:00:00Z,2026-01-26T03:56:52Z,-5.2593457031249997,-1.9357543945312501,5.604271790422592,-3.1537133789062501,-1.00722412109375,3.3106507678106665,-4.0129296874999909,31.407862300926446,176.01819669055928,31,37,0,18,1,27,1,0.01
2026-01-26T06:00:00Z,2026-01-27T13:00:00Z,2026-01-27T14:00:00Z,2026-01-27T14:00:00Z,2026-01-26T00:00:00Z,2026-01-26T03:56:52Z,-5.2593457031249997,-1.9357543945312501,5.604271790422592,-3.1537133789062501,-1.00722412109375,3.3106507678106665,-4.0129296874999909,31.407862300926446,176.01819669055928,31,37,0,18,1,27,2,0.01
2026-01-26T06:00:00Z,2026-01-27T14:00:00Z,2026-01-27T15:00:00Z,2026-01-27T15:00:00Z,2026-01-26T00:00:00Z,2026-01-26T03:56:52Z,-4.6754882812499998,-1.7676440429687501,4.9984753806284754,-2.85158203125,-0.99607910156250001,3.0205452583130472,-4.3980273437499591,24.98475613074898,124.88568841055515,32,38,0,19,1,27,1,0.01
2026-01-26T06:00:00Z,2026-01-27T14:00:00Z,2026-01-27T15:00:00Z,2026-01-27T15:00:00Z,2026-01-26T00:00:00Z,2026-01-26T03:56:52Z,-4.6754882812499998,-1.7676440429687501,4.9984753806284754,-2.85158203125,-0.99607910156250001,3.0205452583130472,-4.3980273437499591,24.98475613074898,124.88568841055515,32,38,0,19,1,27,2,0.01
2026-01-26T06:00:00Z,2026-01-27T15:00:00Z,2026-01-27T16:00:00Z,2026-01-27T16:00:00Z,2026-01-26T00:00:00Z,2026-01-26T03:56:52Z,-4.4667041015624998,-1.0838134765625,4.5963134339265581,-2.8142529296875001,-0.63735107421875004,2.8855217802093387,-4.7810937499999682,21.126097182893748,97.102164288172546,33,39,0,20,1,27,1,0.016666666666666666
2026-01-26T06:00:00Z,2026-01-27T15:00:00Z,2026-01-27T16:00:00Z,2026-01-27T16:00:00Z,2026-01-26T00:00:00Z,2026-01-26T03:56:52Z,-4.4667041015624998,-1.0838134765625,4.5963134339265581,-2.8142529296875001,-0.63735107421875004,2.8855217802093387,-4.7810937499999682,21.126097182893748,97.102164288172546,33,39,0,20,1,27,2,0.013333333333333334
2026-01-26T06:00:00Z,2026-01-27T16:00:00Z,2026-01-27T17:00:00Z,2026-01-27T17:00:00Z,2026-01-26T00:00:00Z,2026-01-26T03:56:52Z,-3.7886669921875002,-1.3725659179687499,4.0296320895164213,-2.4969506835937501,-1.1261938476562501,2.7391742001556025,-4.9553124999999909,16.237934776860481,65.432903044311658,34,40,0,21,1,27,1,0.0083333333333333332
2026-01-26T06:00:00Z,2026-01-27T16:00:00Z,2026-01-27T17:00:00Z,2026-01-27T17:00:00Z,2026-01-26T00:00:00Z,2026-01-26T03:56:52Z,-3.7886669921875002,-1.3725659179687499,4.0296320895164213,-2.4969506835937501,-1.1261938476562501,2.7391742001556025,-4.9553124999999909,16.237934776860481,65.432903044311658,34,40,0,21,1,27,2,0.0066666666666666671
2026-01-26T06:00:00Z,2026-01-27T17:00:00Z,2026-01-27T18:00:00Z,2026-01-27T18:00:00Z,2026-01-26T00:00:00Z,2026-01-26T03:56:52Z,-3.7208203124999999,-1.3594897460937501,3.9614033078754614,-2.5205859374999999,-0.97843261718750008,2.7038276303601778,-4.9357421874999545,15.692716167646648,62.165177736066163,35,41,0,22,1,27,1,0.01
2026-01-26T06:00:00Z,2026-01-27T17:00:00Z,2026-01-27T18:00:00Z,2026-01-27T18:00:00Z,2026-01-26T00:00:00Z,2026-01-26T03:56:52Z,-3.7208203124999999,-1.3594897460937501,3.9614033078754614,-2.5205859374999999,-0.97843261718750008,2.7038276303601778,-4.9357421874999545,15.692716167646648,62.165177736066163,35,41,0,22,1,27,2,0.0083333333333333332
2026-01-26T06:00:00Z,2026-01-27T18:00:00Z,2026-01-27T19:00:00Z,2026-01-27T19:00:00Z,2026-01-26T00:00:00Z,2026-01-26T03:56:52Z,-4.0773583984375001,-1.1668603515625,4.2410393289095278,-2.80403564453125,-0.83373291015625006,2.925359202094572,-5.0082031249999659,17.986414589357377,76.281091659536756,36,42,0,23,1,27,1,0.01
2026-01-26T06:00:00Z,2026-01-27T18:00:00Z,2026-01-27T19:00:00Z,2026-01-27T19:00:00Z,2026-01-26T00:00:00Z,2026-01-26T03:56:52Z,-4.0773583984375001,-1.1668603515625,4.2410393289095278,-2.80403564453125,-0.83373291015625006,2.925359202094572,-5.0082031249999659,17.986414589357377,76.281091659536756,36,42,0,23,1,27,2,0.01
2026-01-26T06:00:00Z,2026-01-27T19:00:00Z,2026-01-27T20:00:00Z,2026-01-27T20:00:00Z,2026-01-26T00:00:00Z,2026-01-26T03:56:52Z,-4.0401684570312497,-1.0765209960937501,4.1811312603434194,-2.80790283203125,-0.76922363281250006,2.9113610754089527,-5.0764257812499523,17.481858616220951,73.093945549185364,37,43,0,0,1,28,1,0.01
2026-01-26T06:00:00Z,2026-01-27T19:00:00Z,2026-01-27T20:00:00Z,2026-01-27T20:00:00Z,2026-01-26T00:00:00Z,2026-01-26T03:56:52Z,-4.0401684570312497,-1.0765209960937501,4.1811312603434194,-2.80790283203125,-0.76922363281250006,2.9113610754089527,-5.0764257812499523,17.481858616220951,73.093945549185364,37,43,0,0,1,28,2,0.01
2026-01-26T06:00:00Z,2026-01-27T20:00:00Z,2026-01-27T21:00:00Z,2026-01-27T21:00:00Z,2026-01-26T00:00:00Z,2026-01-26T03:56:52Z,-3.48504638671875,-1.12568115234375,3.6623361907836052,-2.3984716796874999,-0.913212890625,2.5664419303515609,-5.6517773437499841,13.412706374323367,49.121839971038419,38,44,0,1,1,28,1,0.01
2026-01-26T06:00:00Z,2026-01-27T20:00:00Z,2026-01-27T21:00:00Z,2026-01-27T21:00:00Z,2026-01-26T00:00:00Z,2026-01-26T03:56:52Z,-3.48504638671875,-1.12568115234375,3.6623361907836052,-2.3984716796874999,-0.913212890625,2.5664419303515609,-5.6517773437499841,13.412706374323367,49.121839971038419,38,44,0,1,1,28,2,0.01
2026-01-26T06:00:00Z,2026-01-27T21:00:00Z,2026-01-27T22:00:00Z,2026-01-27T22:00:00Z,2026-01-26T00:00:00Z,2026-01-26T03:56:52Z,-3.02801513671875,-0.42538818359375002,3.0577492989025541,-2.1329785156250001,-0.51036376953124996,2.1931868423296668,-6.3119726562499636,9.3498307749390612,28.589438496927439,39,45,0,2,1,28,1,0.01
2026-01-26T06:00:00Z,2026-01-27T21:00:00Z,2026-01-27T22:00:00Z,2026-01-27T22:00:00Z,2026-01-26T00:00:00Z,2026-01-26T03:56:52Z,-3.02801513671875,-0.42538818359375002,3.0577492989025541,-2.1329785156250001,-0.51036376953124996,2.1931868423296668,-6.3119726562499636,9.3498307749390612,28.589438496927439,39,45,0,2,1,28,2,0.01
2026-01-26T06:00:00Z,2026-01-27T22:00:00Z,2026-01-27T23:00:00Z,2026-01-27T23:00:00Z,2026-01-26T00:00:00Z,2026-01-26T03:56:52Z,-1.9919921875,-1.3687744140625,2.4169353056408389,-1.4775756835937501,-1.3582421874999999,2.0070006827732576,-6.2564453124999773,5.8415762716531754,14.11871193155234,40,46,0,3,1,28,1,0.01
2026-01-26T06:00:00Z,2026-01-27T22:00:00Z,2026-01-27T23:00:00Z,2026-01-27T23:00:00Z,2026-01-26T00:00:00Z,2026-01-26T03:56:52Z,-1.9919921875,-1.3687744140625,2.4169353056408389,-1.4775756835937501,-1.3582421874999999,2.0070006827732576,-6.2564453124999773,5.8415762716531754,14.11871193155234,40,46,0,3,1,28,2,0.01
2026-01-26T06:00:00Z,2026-01-27T23:00:00Z,2026-01-28T00:00:00Z,2026-01-28T00:00:00Z,2026-01-26T00:00:00Z,2026-01-26T03:56:52Z,-1.6440869140625001,0.23714599609375001,1.6611020451660552,-1.4033862304687501,0.31436279296875003,1.4381644125316135,-5.9645703124999727,2.7592600044548514,4.5834124365448519,41,47,0,4,1,28,1,0.01
2026-01-26T06:00:00Z,2026-01-27T23:00:00Z,2026-01-28T00:00:00Z,2026-01-28T00:00:00Z,2026-01-26T00:00:00Z,2026-01-26T03:56:52Z,-1.6440869140625001,0.23714599609375001,1.6611020451660552,-1.4033862304687501,0.31436279296875003,1.4381644125316135,-5.9645703124999727,2.7592600044548514,4.5834124365448519,41,47,0,4,1,28,2,0.01
2026-01-26T06:00:00Z,2026-01-28T00:00:00Z,2026-01-28T01:00:00Z,2026-01-28T01:00:00Z,2026-01-26T00:00:00Z,2026-01-26T03:56:52Z,-0.70846923828124997,0.61277832031250001,0.93671016405066487,-0.88581298828124999,0.045327148437499999,0.88697192773685518,-6.4905664062499682,0.87742593143582348,0.82189378817755765,42,48,0,5,1,28,1,0.01
2026-01-26T06:00:00Z,2026-01-28T00:00:00Z,2026-01-28T01:00:00Z,2026-01-28T01:00:00Z,2026-01-26T00:00:00Z,2026-01-26T03:56:52Z,-0.70846923828124997,0.61277832031250001,0.93671016405066487,-0.88581298828124999,0.045327148437499999,0.88697192773685518,-6.4905664062499682,0.87742593143582348,0.82189378817755765,42,48,0,5,1,28,2,0.01
2026-01-26T06:00:00Z,2026-01-28T01:00:00Z,2026-01-28T02:00:00Z,2026-01-28T02:00:00Z,2026-01-26T00:00:00Z,2026-01-26T03:56:52Z,1.0552416992187501,0.46843750000000001,1.1545426519519861,0.34419433593749998,-0.17205078125000001,0.3848002237787706,-6.4735156249999477,1.3329687351763251,1.5389692584795591,43,49,0,6,1,28,1,0.01
2026-01-26T06:00:00Z,2026-01-28T01:00:00Z,2026-01-28T02:00:00Z,2026-01-28T02:00:00Z,2026-01-26T00:00:00Z,2026-01-26T03:56:52Z,1.0552416992187501,0.46843750000000001,1.1545426519519861,0.34419433593749998,-0.17205078125000001,0.3848002237787706,-6.4735156249999477,1.3329687351763251,1.5389692584795591,43,49,0,6,1,28,2,0.0083333333333333332
2026-01-26T06:00:00Z,2026-01-28T02:00:00Z,2026-01-28T03:00:00Z,2026-01-28T03:00:00Z,2026-01-26T00:00:00Z,2026-01-26T03:56:52Z,2.8177807617187502,0.70232910156250006,2.9039894262916812,1.50126953125,0.28957519531250003,1.5289421176747886,-6.4242187499999659,8.4331545880138883,24.489791753875512,44,50,0,7,1,28,1,0.036666666666666667
2026-01-26T06:00:00Z,2026-01-28T02:00:00Z,2026-01-28T03:00:00Z,2026-01-28T03:00:00Z,2026-01-26T00:00:00Z,2026-01-26T03:56:52Z,2.8177807617187502,0.70232910156250006,2.9039894262916812,1.50126953125,0.28957519531250003,1.5289421176747886,-6.4242187499999659,8.4331545880138883,24.489791753875512,44,50,0,7,1,28,2,0.029999999999999999
2026-01-26T06:00:00Z,2026-01-28T03:00:00Z,2026-01-28T04:00:00Z,2026-01-28T04:00:00Z,2026-01-26T00:00:00Z,2026-01-26T03:56:52Z,3.2306591796875002,0.51402099609374996,3.2712958166030051,1.7692724609375001,0.26725830078125001,1.7893440251579122,-4.9450976562499704,10.701376319724321,35.007367586608638,45,51,0,8,1,28,1,0.040000000000000001
2026-01-26T06:00:00Z,2026-01-28T03:00:00Z,2026-01-28T04:00:00Z,2026-01-28T04:00:00Z,2026-01-26T00:00:00Z,2026-01-26T03:56:52Z,3.2306591796875002,0.51402099609374996,3.2712958166030051,1.7692724609375001,0.26725830078125001,1.7893440251579122,-4.9450976562499704,10.701376319724321,35.007367586608638,45,51,0,8,1,28,2,0.031666666666666669
2026-01-26T06:00:00Z,2026-01-28T04:00:00Z,2026-01-28T05:00:00Z,2026-01-28T05:00:00Z,2026-01-26T00:00:00Z,2026-01-26T03:56:52Z,2.7597094726562501,1.36322998046875,3.0780500894425789,1.75733642578125,0.95373291015625006,1.9994593712533217,-3.5008398437499864,9.4743923531174676,29.162654229927305,46,52,0,9,1,28,1,0.01
2026-01-26T06:00:00Z,2026-01-28T04:00:00Z,2026-01-28T05:00:00Z,2026-01-28T05:00:00Z,2026-01-26T00:00:00Z,2026-01-26T03:56:52Z,2.7597094726562501,1.36322998046875,3.0780500894425789,1.75733642578125,0.95373291015625006,1.9994593712533217,-3.5008398437499864,9.4743923531174676,29.162654229927305,46,52,0,9,1,28,2,0.01
2026-01-26T06:00:00Z,2026-01-28T05:00:00Z,2026-01-28T06:00:00Z,2026-01-28T06:00:00Z,2026-01-26T00:00:00Z,2026-01-26T03:56:52Z,2.8002270507812499,1.3230615234375001,3.0970572049492104,2.1991674804687502,0.88556640625000005,2.3707731791611382,-2.0362109374999591,9.5917633307278152,29.706239731598217,47,53,0,10,1,28,1,0.01
2026-01-26T06:00:00Z,2026-01-28T05:00:00Z,2026-01-28T06:00:00Z,2026-01-28T06:00:00Z,2026-01-26T00:00:00Z,2026-01-26T03:56:52Z,2.8002270507812499,1.3230615234375001,3.0970572049492104,2.1991674804687502,0.88556640625000005,2.3707731791611382,-2.0362109374999591,9.5917633307278152,29.706239731598217,47,53,0,10,1,28,2,0.01
