tree
version=v4
num_class=1
num_tree_per_iteration=1
label_index=0
max_feature_idx=15
objective=regression
feature_names=gfs_wind_u_100m gfs_wind_v_100m gfs_wind_speed_100m gfs_wind_u_10m gfs_wind_v_10m gfs_wind_speed_10m gfs_temperature_2m gfs_wind_speed_100m_sq gfs_wind_speed_100m_cu origin_lead_hours gfs_lead_hours gfs_init_hour target_local_hour target_local_month target_local_day_of_year turbine_id
feature_infos=[-14.711186523437499:14.19249755859375] [-15.430014648437499:6.5150854492187502] [0.1497714384499837:16.86546165820862] [-11.168193359375:11.361621093749999] [-10.750117187500001:4.9330957031249998] [0.027201790068605299:12.054258993413097] [-12.90236328124996:38.790722656250075] [0.022431483775377199:284.44379694450504] [0.0033595955916057001:4797.2759512828279] [0:47] [6:53] none [0:23] [1:11] [5:316] [1:2]
tree_sizes=1356 1428 1427 1433 1429 1431 1432 1435 1425 1436 1448 1430 1448 1425 1445 1455 1451 1437 1444 1445 1438 1447 1441 1440 1443 1440 1445 1447 1447 1444 1447 1438 1446 1452 1435 1458 1452 1454 1452 1446 1447 1452 1453 1450 1449 1452 1452 1455 1453 1448 1450 1448 1453 1448 1454 1451 1451 1449 1448 1450 1449 1453 1455 1459 1449 1458 1462 1458 1458 1468 1467 1461 1463 1472 1467 1461 1467 1471 1466 1454 1462 1461 1464 1465 1465 1465 1457 1460 1462 1460 1478 1465 1477 1466 1467 1473 1471 1473 1473 1461 1476 1480 1472 1477 1489 1473 1477 1479 1474 1479 1479 1477 1467 1476 1483 1461 1476 1478 1481 1476 1469 1480 1479 1484 1477 1481 1473 1482 1480 1477 1473 1479 1477 1482 1480 1475 1477 1486 1476 1480 1478 1471 1475 1484 1480 1480 1483 1480 1480 1478 1478 1483 1475 1484 1476 1483 1486 1475 1490 1474 1481 1472 1485 1474 1486 1477 1476 1480 1486 1486 1484 1486 1482 1470 1480 1485 1480 1481 1489 1479 1485 1478 1482 1490 1483 1485 1480 1481 1489 1484 1482 1485 1483 1488 1480 1486 1486 1486 1482 1476 1482 1491 1485 1493 1483 1478 1493 1485 1490 1479 1486 1480 1478 1492 1486 1488 1492 1481 1472 1487 1486 1487 1480 1485 1478 1490 1492 1488 1486 1481 1482 1487 1485 1480 1485 1487 1489 1485 1482 1486 1477 1482 1476 1481 1486 1476 1483 1485 1481 1480 1484 1484 1484 1493 1485 1491 1486 1484 1487 1490 1481 1493 1480 1489 1488 1489 1488 1489 1488 1491 1478 1487 1483 1489 1492 1494 1497 1491 1493 1485 1494 1485 1487 1487 1491 1488 1495 1491 1491 1500 1484 1503 1483 1486 1491 1495 1486 1488 1489 1498

Tree=0
num_leaves=15
num_cat=0
split_feature=2 2 14 2 9 3 1 6 5 14 12 4 14 12
split_gain=53.5762 9.04444 5.89169 4.73498 2.30117 1.81457 1.76477 1.61939 1.89119 1.47053 1.10405 0.773156 0.697692 0.66331
threshold=9.8725564972180191 6.371025161694658 216.50000000000003 12.052443751424244 10.500000000000002 5.6920593261718757 1.4714013671875004 22.474359130859401 5.3487980616718067 245.50000000000003 10.500000000000002 -2.8682885742187496 230.50000000000003 18.500000000000004
decision_type=2 2 2 2 2 2 2 2 2 2 2 2 2 2
left_child=1 6 10 4 -2 7 13 8 -4 11 -3 -6 -8 -1
right_child=3 2 5 -5 9 -7 12 -9 -10 -11 -12 -13 -14 -15
leaf_value=0.32643040717188909 0.33676777546334602 0.32629519029203635 0.33384740717571276 0.35470434140536761 0.34689163785225097 0.33320990630256181 0.33577657296229679 0.3459331116252608 0.34415628703497297 0.35311352355868003 0.33317722085643658 0.33957620353670981 0.32967632360528432 0.33101038801540794
leaf_weight=356 34 60 50 108 50 42 42 56 36 36 56 32 48 50
leaf_count=356 34 60 50 108 50 42 42 56 36 36 56 32 48 50
internal_value=0.335354 0.330845 0.335644 0.349086 0.344895 0.339523 0.327953 0.341394 0.338265 0.347174 0.329524 0.344205 0.33247 0.32697
internal_weight=1056 796 300 260 152 184 496 142 86 118 116 82 90 406
internal_count=1056 796 300 260 152 184 496 142 86 118 116 82 90 406
is_linear=0
shrinkage=1


Tree=1
num_leaves=15
num_cat=0
split_feature=2 2 14 2 9 3 1 6 5 14 12 4 14 1
split_gain=49.9807 8.4307 5.50081 4.40517 2.15007 1.69496 1.64222 1.51079 1.76758 1.37588 1.03047 0.721245 0.651613 0.636361
threshold=9.8725564972180191 6.371025161694658 216.50000000000003 12.052443751424244 10.500000000000002 5.6920593261718757 1.4714013671875004 22.474359130859401 5.3487980616718067 245.50000000000003 10.500000000000002 -2.8682885742187496 230.50000000000003 -1.8878100585937498
decision_type=2 2 2 2 2 2 2 2 2 2 2 2 2 2
left_child=1 6 10 4 -2 7 13 8 -4 11 -3 -6 -8 -1
right_child=3 2 5 -5 9 -7 12 -9 -10 -11 -12 -13 -14 -15
leaf_value=-0.002932568544056267 0.0013674911991822432 -0.0087515304531271178 -0.0014554415041437517 0.018685842409645291 0.011149800567773828 -0.0020720127487385818 0.00040890391831370921 0.010222058983294872 0.0085108705088006043 0.017171104057250839 -0.0021027704859794731 0.0040835682242451347 -0.0054864578589797026 -0.0084859760106094969
leaf_weight=30 34 60 50 108 50 42 42 56 36 36 56 32 48 376
leaf_count=30 34 60 50 108 50 42 42 56 36 36 56 32 48 376
internal_value=2.6639e-06 -0.00435211 0.000281077 0.0132664 0.00922313 0.00402925 -0.00714432 0.00583757 0.00281512 0.0114261 -0.00563183 0.00855513 -0.00278621 -0.00809201
internal_weight=1056 796 300 260 152 184 496 142 86 118 116 82 90 406
internal_count=1056 796 300 260 152 184 496 142 86 118 116 82 90 406
is_linear=0
shrinkage=0.035


Tree=2
num_leaves=15
num_cat=0
split_feature=2 2 14 2 9 3 1 6 5 14 0 4 12 14
split_gain=46.6259 7.85818 5.13586 4.09832 2.0089 1.58324 1.52803 1.40948 1.65206 1.28731 0.998491 0.672819 0.60895 0.608578
threshold=9.8725564972180191 6.371025161694658 216.50000000000003 12.052443751424244 10.500000000000002 5.6920593261718757 1.4714013671875004 22.474359130859401 5.3487980616718067 245.50000000000003 -8.207331542968749 -2.8682885742187496 18.500000000000004 230.50000000000003
decision_type=2 2 2 2 2 2 2 2 2 2 2 2 2 2
left_child=1 6 10 4 -2 7 12 8 -4 11 -3 -6 -1 -8
right_child=3 2 5 -5 9 -7 13 -9 -10 -11 -12 -13 -14 -15
leaf_value=-0.0083269866530239784 0.0013222879448322703 -0.00035890736306707071 -0.0014064603622178907 0.018043727999764749 0.010774566736161855 -0.0020027887793681162 0.00039524280183038423 0.0098766243263501037 0.0082286680130729175 0.016601746939612846 -0.007489705767366104 0.0039490507534869455 -0.0039562528322522458 -0.0053021128494292495
leaf_weight=356 34 34 50 108 50 42 42 56 36 36 82 32 50 48
leaf_count=356 34 34 50 108 50 42 42 56 36 36 82 32 50 48
internal_value=5.2379e-06 -0.00420086 0.000272248 0.0128161 0.00891567 0.00389395 -0.00689659 0.00564165 0.0027222 0.0110451 -0.00544115 0.0082684 -0.00781075 -0.00269255
internal_weight=1056 796 300 260 152 184 496 142 86 118 116 82 406 90
internal_count=1056 796 300 260 152 184 496 142 86 118 116 82 406 90
is_linear=0
shrinkage=0.035


Tree=3
num_leaves=15
num_cat=0
split_feature=2 2 14 2 9 3 9 6 5 14 9 12 14 3
split_gain=43.4956 7.32623 4.79347 3.81281 1.87699 1.47887 1.4367 1.31496 1.54408 1.20445 1.12627 0.950287 0.671945 0.697857
threshold=9.8725564972180191 6.371025161694658 216.50000000000003 12.052443751424244 10.500000000000002 5.6920593261718757 14.500000000000002 22.474359130859401 5.3487980616718067 245.50000000000003 5.5000000000000009 10.500000000000002 234.50000000000003 1.9882519531250002
decision_type=2 2 2 2 2 2 2 2 2 2 2 2 2 2
left_child=1 6 11 4 -2 7 10 8 -4 -6 -1 -3 13 -12
right_child=3 2 5 -5 9 -7 -8 -9 -10 -11 12 -13 -14 -15
leaf_value=-0.0073631795234978207 0.0012785790672609843 -0.0082497296551422728 -0.0013591275858477905 0.017423680654218929 0.0079912710127246107 -0.0019358772767538376 -0.0080109430696166158 0.0095428625487015938 0.0079558228005311999 0.016051267891338001 -0.0027897129082531833 -0.0018732784084718806 -0.0050730100170549132 0.0044158533134032044
leaf_weight=68 34 60 50 108 82 42 328 56 36 36 32 56 38 30
leaf_count=68 34 60 50 108 82 42 328 56 36 36 32 56 38 30
internal_value=7.72422e-06 -0.00405473 0.000264307 0.0123811 0.00861847 0.00376319 -0.00665762 0.00545231 0.00263235 0.0106768 -0.00395227 -0.00525537 -0.00153395 0.000725892
internal_weight=1056 796 300 260 152 184 496 142 86 118 168 116 100 62
internal_count=1056 796 300 260 152 184 496 142 86 118 168 116 100 62
is_linear=0
shrinkage=0.035


Tree=4
num_leaves=15
num_cat=0
split_feature=2 2 14 2 9 3 1 5 6 3 0 9 3 14
split_gain=40.5692 6.82972 4.47545 3.54977 1.75232 1.38139 1.35531 1.25331 1.34957 1.15339 0.91868 0.872444 0.590563 0.531165
threshold=9.8725564972180191 6.371025161694658 216.50000000000003 12.052443751424244 10.500000000000002 5.6920593261718757 1.4714013671875004 5.502803547856602 22.474359130859401 -6.4189526367187488 -8.207331542968749 30.500000000000004 3.5908276367187502 230.50000000000003
decision_type=2 2 2 2 2 2 2 2 2 2 2 2 2 2
left_child=1 6 10 4 -2 7 12 8 -4 -6 -3 -11 -1 -8
right_child=3 2 5 -5 9 -7 13 -9 -10 11 -12 -13 -14 -15
leaf_value=-0.0078180862086335741 0.0012363149208896277 -0.00021072924421686266 -5.0507197862095912e-05 0.016824939559298483 0.015003197207962249 -0.0018712013529147955 0.0004126365120861341 0.010390210974340638 0.0081431843700993344 0.0027647082351476833 -0.0070422747034657139 0.010519883365512057 -0.0036770094628445806 -0.0049082645813934506
leaf_weight=352 34 34 64 108 42 42 42 40 38 32 82 44 54 48
leaf_count=352 34 34 64 108 42 42 42 40 38 32 82 44 54 48
internal_value=9.3066e-06 -0.00391411 0.000256002 0.0119592 0.00832833 0.00363683 -0.00642725 0.00526932 0.00309994 0.0103171 -0.00507743 0.00740916 -0.00728803 -0.00247019
internal_weight=1056 796 300 260 152 184 496 142 102 118 116 76 406 90
internal_count=1056 796 300 260 152 184 496 142 102 118 116 76 406 90
is_linear=0
shrinkage=0.035


Tree=5
num_leaves=15
num_cat=0
split_feature=2 2 14 2 14 9 9 12 0 6 5 12 3 14
split_gain=37.843 6.36874 4.17966 3.30284 1.69226 1.64198 1.28206 1.13619 1.13463 1.00815 0.967013 0.914392 0.672455 0.461049
threshold=9.8725564972180191 6.371025161694658 220.50000000000003 12.052443751424244 245.50000000000003 30.500000000000004 15.500000000000002 10.500000000000002 -9.741569824218745 22.474359130859401 6.8167870753656308 16.500000000000004 4.1598815917968759 252.50000000000003
decision_type=2 2 2 2 2 2 2 2 2 2 2 2 2 2
left_child=1 6 7 4 8 12 11 -3 -2 -7 -10 -1 -4 -8
right_child=3 2 5 -5 -6 9 13 -9 10 -11 -12 -13 -14 -15
leaf_value=-0.0056849020812167177 0.010447941042832099 -0.00726040502712648 0.0041876518281424076 0.016246772825463929 0.014135375036275948 0.0035239275449809311 -0.0080207263371169547 -0.00092072669789195068 0.0069526476349289481 0.011255536271880071 -0.00090160690576885835 -0.00057098167133517574 -0.0023630025392048994 -0.0031622209357738034
leaf_weight=116 38 70 30 108 40 46 282 68 36 40 38 68 46 30
leaf_count=116 38 70 30 108 40 46 282 68 36 40 38 68 46 30
internal_value=1.16087e-05 -0.0037777 0.000249211 0.011553 0.00805026 0.0040394 -0.00620455 -0.00419429 0.00566714 0.0072941 0.00300179 -0.00382144 0.000263856 -0.00757668
internal_weight=1056 796 300 260 152 162 496 138 112 86 74 184 76 312
internal_count=1056 796 300 260 152 162 496 138 112 86 74 184 76 312
is_linear=0
shrinkage=0.035


Tree=6
num_leaves=15
num_cat=0
split_feature=2 2 14 2 14 3 1 5 6 0 5 0 1 5
split_gain=35.3038 5.93914 3.93641 3.07226 1.58103 1.20622 1.19666 1.17292 1.17337 1.06033 0.90563 0.84882 0.582752 0.55542
threshold=9.8725564972180191 6.371025161694658 216.50000000000003 12.052443751424244 245.50000000000003 5.6920593261718757 1.4714013671875004 5.502803547856602 22.474359130859401 -9.741569824218745 7.1220113409277941 -8.2913024902343739 -1.8878100585937498 3.6064620874712814
decision_type=2 2 2 2 2 2 2 2 2 2 2 2 2 2
left_child=1 6 11 4 9 7 12 8 -4 -2 -11 -3 -1 -14
right_child=3 2 5 -5 -6 -7 -8 -9 -10 10 -12 -13 13 -15
leaf_value=-0.0019469115661922844 0.010100547125679442 0.00030476119223749265 -9.1981775935203066e-05 0.015688475498786748 0.013664196027045062 -0.0017343296870504592 -0.0022732024648196431 0.0098893419690527194 0.0075467467364505872 0.0059965900151544944 -0.0017271252733917211 -0.006492910483979028 -0.0078766885652847129 -0.0043562200232263428
leaf_weight=30 38 30 64 108 40 42 90 40 38 44 30 86 298 78
leaf_count=30 38 30 64 108 40 42 90 40 38 44 30 86 298 78
internal_value=1.37077e-05 -0.00364627 0.000242441 0.0111612 0.00778242 0.00341312 -0.00598984 0.00493855 0.00284422 0.00547892 0.0029023 -0.00475952 -0.00679854 -0.00717329
internal_weight=1056 796 300 260 152 184 496 142 102 112 74 116 406 376
internal_count=1056 796 300 260 152 184 496 142 102 112 74 116 406 376
is_linear=0
shrinkage=0.035


Tree=7
num_leaves=15
num_cat=0
split_feature=2 2 14 9 2 9 6 6 3 5 6 12 12 14
split_gain=32.9324 5.53897 3.67456 2.9346 2.03857 1.16216 1.13373 1.41054 1.12716 1.09593 1.09662 0.824644 0.809635 0.429627
threshold=9.8725564972180191 6.371025161694658 216.50000000000003 7.5000000000000009 12.052443751424244 15.500000000000002 19.859655761718788 -0.48882812499999767 5.6920593261718757 5.502803547856602 22.474359130859401 16.500000000000004 10.500000000000002 252.50000000000003
decision_type=2 2 2 2 2 2 2 2 2 2 2 2 2 2
left_child=1 5 12 -2 6 11 7 -5 9 10 -4 -1 -3 -7
right_child=3 2 8 4 -6 13 -8 -9 -10 -11 -12 -13 -14 -15
leaf_value=-0.0052857130377600764 0.0026252690393206045 -0.0073582635480805396 -8.8859984411321811e-05 0.0053424490888152694 0.016425304500929393 -0.0075157537540508209 0.0030441725900163877 0.014672669647261501 -0.0016763871536717159 0.0095596975181251771 0.0072958175961393866 -0.00043297901749610906 -0.0014859957817203271 -0.0028497509582666681
leaf_weight=116 46 60 64 36 94 282 30 54 42 40 38 68 56 30
leaf_count=116 46 60 64 36 94 282 30 54 42 40 38 68 56 30
internal_value=1.56556e-05 -0.00351927 0.000236139 0.0107822 0.012495 -0.00578251 0.00919751 0.0111379 0.00329954 0.00477413 0.00274969 -0.00351625 -0.00459661 -0.00708811
internal_weight=1056 796 300 260 214 496 120 90 184 142 102 184 116 312
internal_count=1056 796 300 260 214 496 120 90 184 142 102 184 116 312
is_linear=0
shrinkage=0.035


Tree=8
num_leaves=15
num_cat=0
split_feature=2 2 6 2 14 3 9 6 6 0 5 9 14 3
split_gain=30.7418 5.03915 3.63235 2.78742 1.4274 1.40749 1.0823 1.0757 1.58105 1.00729 0.811853 0.780664 0.892121 0.471911
threshold=9.8329182672543549 6.371025161694658 3.1955859375000277 12.052443751424244 245.50000000000003 5.4626757812500015 15.500000000000002 22.474359130859401 7.2383496093750361 -9.741569824218745 7.1220113409277941 5.5000000000000009 234.50000000000003 1.9882519531250002
decision_type=2 2 2 2 2 2 2 2 2 2 2 2 2 2
left_child=1 6 -3 4 9 7 11 8 -4 -2 -11 -1 13 -13
right_child=3 2 5 -5 -6 -7 -8 -9 -10 10 -12 12 -14 -15
leaf_value=-0.0063222168115898971 0.0095928087053471257 -0.005184344314352619 0.0084919849620200705 0.014646402034019545 0.012779172426089646 -0.0017007404360277901 -0.0068423358485203501 0.0085923497367184614 -0.0012245329038906394 0.005394019749201835 -0.0017943911515976654 -0.0018534186136859815 -0.0052793527322258643 0.0037461618010032308
leaf_weight=68 38 100 30 108 40 56 312 54 56 48 30 36 46 34
leaf_count=68 38 100 30 108 40 56 312 54 56 48 30 36 46 34
internal_value=1.72427e-05 -0.00343272 0.000182705 0.0103151 0.0071691 0.0029457 -0.00558238 0.00480206 0.00228092 0.00505079 0.00265351 -0.00339533 -0.0016015 0.000894888
internal_weight=1056 792 296 264 156 196 496 140 86 116 78 184 116 70
internal_count=1056 792 296 264 156 196 496 140 86 116 78 184 116 70
is_linear=0
shrinkage=0.035


Tree=9
num_leaves=15
num_cat=0
split_feature=2 2 14 9 6 5 1 3 5 6 0 2 1 5
split_gain=28.6766 4.70009 3.40355 2.62214 1.56662 1.68689 1.01234 0.988225 1.00408 0.955818 0.600219 0.5501 0.542554 0.518135
threshold=9.8329182672543549 6.371025161694658 216.50000000000003 15.500000000000002 19.859655761718788 6.3792531111673272 1.4714013671875004 5.6920593261718757 5.502803547856602 22.474359130859401 -8.207331542968749 11.413599954637677 -1.8878100585937498 3.6064620874712814
decision_type=2 2 2 2 2 2 2 2 2 2 2 2 2 2
left_child=1 6 10 11 5 -5 12 8 9 -4 -3 -2 -1 -14
right_child=3 2 7 4 -6 -7 -8 -9 -10 -11 -12 -13 13 -15
leaf_value=-0.0014871733458130623 0.0017827375132158827 -0.00031355583505501274 -0.00010802244690818374 0.0059573236075812028 0.0058229992164044895 0.015818031857034856 -0.0019747627502226311 -0.0015635605723681777 0.0090553890081355344 0.0067855489543871966 -0.0061026147333905108 0.0078651950605853928 -0.0071696458561113108 -0.0037965227450622481
leaf_weight=30 46 30 64 30 42 116 90 42 40 38 82 30 298 78
leaf_count=30 46 30 64 30 42 116 90 42 40 38 82 30 298 78
internal_value=1.88253e-05 -0.00331324 0.000178419 0.00996478 0.0121757 0.0138997 -0.00538932 0.00309582 0.00447652 0.00254127 -0.00458468 0.00432382 -0.00613286 -0.00649369
internal_weight=1056 792 296 264 188 146 496 184 142 102 112 76 406 376
internal_count=1056 792 296 264 188 146 496 184 142 102 112 76 406 376
is_linear=0
shrinkage=0.035


Tree=10
num_leaves=15
num_cat=0
split_feature=2 0 14 0 3 6 9 4 6 9 6 1 6 14
split_gain=26.8455 4.80132 3.78392 3.7531 1.26363 1.57524 1.03447 0.957478 0.845046 0.745111 0.553424 1.12726 0.484455 0.842859
threshold=8.8638309906887098 -9.741569824218745 244.50000000000003 6.2319494628906265 5.6180932617187507 -6.2842089843749696 14.500000000000002 0.11220703125000002 22.474359130859401 5.5000000000000009 -0.89869140624995214 -1.7702844238281248 4.2357031250000157 227.50000000000003
decision_type=2 2 2 2 2 2 2 2 2 2 2 2 2 2
left_child=3 -2 4 6 5 -3 9 -5 -9 -1 -8 -12 -11 -14
right_child=1 2 -4 7 -6 -7 10 8 -10 12 11 -13 13 -15
leaf_value=-0.0059146311213262382 0.013333215245931243 -0.0039205359441621115 0.0099689814811755057 -0.0030471658155404252 -0.0050122429187103995 0.0051572918480313912 -0.0082717166409856883 0.00077278894898051445 0.0081590018875431283 -0.0046691708434005519 0.0004823086928349528 -0.0061411076568148966 0.0038766823145560923 -0.0028811786341583893
leaf_weight=68 120 30 100 32 30 88 118 44 32 36 36 234 38 50
leaf_count=68 120 30 100 32 30 88 118 44 32 36 36 234 38 50
internal_value=2.01891e-05 0.00762647 0.00478057 -0.0040586 0.00118872 0.00282249 -0.00517145 0.00190319 0.00401224 -0.00302168 -0.00621431 -0.00526093 -0.00136653 5.82889e-05
internal_weight=1056 368 248 688 148 118 580 108 76 192 388 270 124 88
internal_count=1056 368 248 688 148 118 580 108 76 192 388 270 124 88
is_linear=0
shrinkage=0.035


Tree=11
num_leaves=15
num_cat=0
split_feature=2 2 6 9 2 3 12 0 6 6 12 1 9 1
split_gain=25.0253 4.05207 3.03961 2.38882 1.74613 1.18605 1.03544 1.43795 0.925379 1.39158 0.915293 0.675113 0.615859 0.403383
threshold=9.8329182672543549 6.371025161694658 3.1955859375000277 7.5000000000000009 12.052443751424244 5.4626757812500015 7.5000000000000009 -9.3937353515624995 22.474359130859401 7.2383496093750361 18.500000000000004 1.7723791503906252 32.500000000000007 -3.426548461914062
decision_type=2 2 2 2 2 2 2 2 2 2 2 2 2 2
left_child=1 10 13 -2 6 8 -5 -8 9 -4 11 -1 -12 -3
right_child=3 2 5 4 -6 -7 7 -9 -10 -11 12 -13 -14 -15
leaf_value=-0.006216682437281215 0.0019619990915695478 -0.002642286858540972 0.0078725613959795739 0.0040185769167146654 0.014476363609234493 -0.0015879282598576414 0.015147006262093783 0.0047602574017090622 0.0078954206366324796 -0.0012411094153629103 3.052310709951117e-05 -0.00099452769332047984 -0.0056595187085784152 -0.007224291769544716
leaf_weight=362 46 56 30 54 94 56 38 32 54 56 66 34 34 44
leaf_count=362 46 56 30 54 94 56 38 32 54 56 66 34 34 44
internal_value=1.96077e-05 -0.00309311 0.000149031 0.00931081 0.0108295 0.00267667 0.00787912 0.0106629 0.00438085 0.00204475 -0.00502077 -0.00577557 -0.00197713 -0.00476049
internal_weight=1056 792 296 264 218 196 124 70 140 86 496 396 100 100
internal_count=1056 792 296 264 218 196 124 70 140 86 496 396 100 100
is_linear=0
shrinkage=0.035


Tree=12
num_leaves=15
num_cat=0
split_feature=2 0 14 0 3 6 9 4 6 9 14 6 6 1
split_gain=23.4238 4.19653 3.35431 3.27003 1.16184 1.44896 0.916337 0.874792 0.746055 0.572784 0.521258 0.824657 0.48395 1.02588
threshold=8.8638309906887098 -9.741569824218745 244.50000000000003 6.2319494628906265 5.6180932617187507 -6.2842089843749696 15.500000000000002 0.11220703125000002 22.474359130859401 5.5000000000000009 234.50000000000003 4.8557128906250293 -0.89869140624995214 -1.7702844238281248
decision_type=2 2 2 2 2 2 2 2 2 2 2 2 2 2
left_child=3 -2 4 6 5 -3 9 -5 -9 -1 11 -11 -8 -14
right_child=1 2 -4 7 -6 -7 12 8 -10 10 -12 -13 13 -15
leaf_value=-0.0055178329103800937 0.012461149351393183 -0.0038138352874557318 0.0093502889801382882 -0.0029544821397543917 -0.004860631116853256 0.0048911040047080155 -0.0077774034619020925 0.00074738936401642973 0.007688724198340104 -0.004225908275952356 -0.0044794573665596551 0.0024746977742373328 0.00051750650734902601 -0.0058286112496743134
leaf_weight=68 120 30 100 32 30 88 118 44 32 34 48 58 36 218
leaf_count=68 120 30 100 32 30 88 118 44 32 34 48 58 36 218
internal_value=2.09458e-05 0.00712596 0.00446538 -0.00378905 0.00108411 0.00265131 -0.00482782 0.00177586 0.00379226 -0.0029232 -0.00160298 -3.88386e-05 -0.00587144 -0.00493215
internal_weight=1056 368 248 688 148 118 580 108 76 208 140 92 372 254
internal_count=1056 368 248 688 148 118 580 108 76 208 140 92 372 254
is_linear=0
shrinkage=0.035


Tree=13
num_leaves=15
num_cat=0
split_feature=2 2 6 9 2 9 6 12 0 9 9 3 14 3
split_gain=21.8458 3.49279 2.70699 2.15193 1.5625 1.07316 1.06764 0.952623 1.2796 0.811661 0.695938 0.63434 0.50022 0.568203
threshold=9.8329182672543549 6.371025161694658 3.1955859375000277 7.5000000000000009 12.052443751424244 30.500000000000004 22.474359130859401 7.5000000000000009 -9.3937353515624995 14.500000000000002 5.5000000000000009 4.1598815917968759 234.50000000000003 1.9882519531250002
decision_type=2 2 2 2 2 2 2 2 2 2 2 2 2 2
left_child=1 9 -3 -2 7 11 -7 -5 -9 10 -1 -4 13 -12
right_child=3 2 5 4 -6 6 -8 8 -10 -11 12 -13 -14 -15
leaf_value=-0.0053302266008686278 0.0017330161175535372 -0.0045109416905952642 0.0036456208535107894 0.0036634035315364607 0.013589485857131272 0.0017810798041394047 0.009148471501036759 0.014250811111181977 0.0044566580429947116 -0.0056932091344248032 -0.0020183795784353554 -0.002130161854870632 -0.0038202355406247081 0.0044920452265068897
leaf_weight=68 46 100 34 54 94 56 42 38 32 328 32 64 38 30
leaf_count=68 46 100 34 54 94 56 42 38 32 328 32 64 38 30
internal_value=2.01248e-05 -0.00288815 0.00012205 0.00870107 0.0101423 0.00250751 0.00505835 0.00735484 0.0100217 -0.00467784 -0.00265179 -9.34833e-05 -0.000761656 0.00117376
internal_weight=1056 792 296 264 218 196 98 124 70 496 168 98 100 62
internal_count=1056 792 296 264 218 196 98 124 70 496 168 98 100 62
is_linear=0
shrinkage=0.035


Tree=14
num_leaves=15
num_cat=0
split_feature=2 2 0 9 9 14 14 6 6 12 4 0 6 1
split_gain=20.5521 3.64568 2.81599 2.04415 1.14908 1.02628 1.02158 1.14878 0.815274 0.916625 0.788991 0.737908 0.657866 0.549656
threshold=8.8638309906887098 12.052443751424244 6.2319494628906265 19.500000000000004 40.500000000000007 224.50000000000003 23.500000000000004 17.848352050781276 -0.89869140624995214 16.500000000000004 0.11220703125000002 -3.4097192382812493 22.474359130859401 1.7819348144531253
decision_type=2 2 2 2 2 2 2 2 2 2 2 2 2 2
left_child=2 3 8 6 5 -5 -2 -8 -1 11 -4 -10 -12 -13
right_child=1 -3 10 4 -6 -7 7 -9 9 -11 12 13 -14 -15
leaf_value=-0.0069402971499557828 -0.00356175186073718 0.012041164273057474 -0.0028727552730261406 0.0045355643691495067 0.001139091514324879 0.011521795077509632 0.0073305227610981098 -0.0012290780788201741 7.8999180665337735e-06 -0.0011264043046947815 0.00067519875617859815 -0.0058111323409794947 0.0071918577943271139 -0.00075667645782232288
leaf_weight=132 40 108 32 48 32 66 38 36 36 120 44 262 32 30
leaf_count=132 40 108 32 48 32 66 38 36 36 120 44 262 32 30
internal_value=2.16209e-05 0.00667686 -0.0035472 0.00437371 0.00708777 0.00870914 0.000835538 0.00324363 -0.00451112 -0.00376772 0.00161735 -0.00472137 0.00353311 -0.00530052
internal_weight=1056 368 688 260 146 114 114 74 580 448 108 328 76 292
internal_count=1056 368 688 260 146 114 114 74 580 448 108 328 76 292
is_linear=0
shrinkage=0.035


Tree=15
num_leaves=15
num_cat=0
split_feature=2 0 14 0 3 6 9 4 6 9 14 6 6 1
split_gain=19.1657 3.48369 2.79565 2.62672 1.04812 1.27304 0.770432 0.737816 0.615313 0.475109 0.462941 0.723332 0.422444 0.916111
threshold=8.8638309906887098 -9.741569824218745 244.50000000000003 6.2319494628906265 5.6180932617187507 -6.2842089843749696 15.500000000000002 0.11220703125000002 22.474359130859401 5.5000000000000009 234.50000000000003 4.8557128906250293 -0.89869140624995214 -0.55106445312499985
decision_type=2 2 2 2 2 2 2 2 2 2 2 2 2 2
left_child=3 -2 4 6 5 -3 9 -5 -9 -1 11 -11 -8 -14
right_child=1 2 -4 7 -6 -7 12 8 -10 10 -12 -13 13 -15
leaf_value=-0.0049724027944612319 0.011309776352947486 -0.0036289940009010028 0.0084850955730436523 -0.0027781233404461734 -0.0047048326993171944 0.0045289865180643072 -0.0070873418223733704 0.00065259429782125393 0.0069549496278769399 -0.0038601859485627049 -0.0041193818433443085 0.0024153027098703507 -0.0010577723357159444 -0.0057487166715019045
leaf_weight=68 120 30 100 32 30 88 118 44 32 34 48 58 72 182
leaf_count=68 120 30 100 32 30 88 118 44 32 34 48 58 72 182
internal_value=2.23293e-05 0.00644919 0.00402562 -0.00342402 0.000939509 0.00242901 -0.00435499 0.00156392 0.00341651 -0.00260993 -0.00140857 6.33135e-05 -0.00531155 -0.00443765
internal_weight=1056 368 248 688 148 118 580 108 76 208 140 92 372 254
internal_count=1056 368 248 688 148 118 580 108 76 208 140 92 372 254
is_linear=0
shrinkage=0.035


Tree=16
num_leaves=15
num_cat=0
split_feature=2 0 14 0 3 6 9 12 9 4 6 1 12 2
split_gain=17.8664 3.24891 2.60885 2.45123 0.980581 1.21932 0.721049 0.693781 0.509024 0.507087 0.412362 0.821015 0.410992 0.383723
threshold=8.8638309906887098 -9.741569824218745 244.50000000000003 6.2319494628906265 5.5171081542968761 -6.2842089843749696 14.500000000000002 17.500000000000004 5.5000000000000009 0.13990844726562499 -0.89869140624995214 -0.55106445312499985 7.5000000000000009 4.74105935041315
decision_type=2 2 2 2 2 2 2 2 2 2 2 2 2 2
left_child=3 12 4 6 5 -3 8 9 -1 -5 -8 -12 -2 -10
right_child=1 2 -4 7 -6 -7 10 -9 13 -11 11 -13 -14 -15
leaf_value=-0.0048033411275828263 0.0069297194297218492 -0.0035099176761286804 0.0081939403216044118 -0.0039643778817207934 -0.0043476603045950043 0.0044984702721756718 -0.0068434191069876166 0.0049188003332661049 0.0011476270202547313 0.0020205597265770562 -0.0010217508575580134 -0.0054133787167433191 0.012304792817131701 -0.0027242000846793724
leaf_weight=68 34 30 100 30 32 86 118 42 54 36 72 198 86 70
leaf_count=68 34 30 100 30 32 86 118 42 54 36 72 198 86 70
internal_value=2.13089e-05 0.00622649 0.00388604 -0.00330617 0.00090485 0.00240295 -0.00420551 0.00151226 -0.00241293 -0.000736453 -0.00507563 -0.0042584 0.0109204 -0.00104663
internal_weight=1056 368 248 688 148 116 580 108 192 66 388 270 120 124
internal_count=1056 368 248 688 148 116 580 108 192 66 388 270 120 124
is_linear=0
shrinkage=0.035


Tree=17
num_leaves=15
num_cat=0
split_feature=2 2 9 12 3 6 2 12 0 0 1 6 12 14
split_gain=16.7141 2.61703 1.81212 1.61171 1.44235 1.36059 1.26026 0.840868 1.1044 0.751576 0.63056 0.482399 0.613714 0.584296
threshold=9.8329182672543549 8.3041369193072985 7.5000000000000009 17.500000000000004 2.1146594238281256 3.1955859375000277 12.082513461815015 7.5000000000000009 -9.3937353515624995 8.5446081542968759 1.9855187988281251 19.401159667968788 6.5000000000000009 231.50000000000003
decision_type=2 2 2 2 2 2 2 2 2 2 2 2 2 2
left_child=1 3 -2 11 -5 -3 7 -4 -9 -7 -6 -1 13 -13
right_child=2 5 6 4 10 9 -8 8 -10 -11 -12 12 -14 -15
leaf_value=-0.005838012312855221 0.001238238346365203 -0.002899292501388118 0.0030431690427940345 -0.0044690292300656438 0.0039384146346710626 0.0060417754720102131 0.012147136689163746 0.012763065298398338 0.0039430721587955814 -0.00020143376712344197 -0.0017914833524264398 0.0020362640909540159 -0.004589858734111856 -0.0040454433099108029
leaf_weight=210 46 54 54 68 68 66 90 40 34 36 34 40 182 34
leaf_count=210 46 54 54 68 68 66 90 40 34 36 34 40 182 34
internal_value=2.10518e-05 -0.00252282 0.00761424 -0.00351715 -0.000590909 0.00152421 0.00893615 0.00652628 0.00892104 0.00387679 0.00203073 -0.00457758 -0.00350638 -0.000790959
internal_weight=1056 792 264 636 170 156 218 128 74 102 102 466 256 74
internal_count=1056 792 264 636 170 156 218 128 74 102 102 466 256 74
is_linear=0
shrinkage=0.035


Tree=18
num_leaves=15
num_cat=0
split_feature=2 3 0 14 0 4 1 6 1 1 9 1 9 2
split_gain=15.6146 2.8271 2.61151 1.94694 1.06614 0.799053 0.606603 0.581559 0.734455 0.51958 0.428945 0.600566 0.428225 0.407022
threshold=9.1605459497867106 -6.6901733398437493 5.5631945800781262 244.50000000000003 -8.5007812499999975 1.5571594238281252 -4.900080566406249 -0.89869140624995214 -1.7702844238281248 1.4714013671875004 28.500000000000004 -3.4703442382812493 29.500000000000004 5.0182487552766881
decision_type=2 2 2 2 2 2 2 2 2 2 2 2 2 2
left_child=2 -2 7 4 6 12 -3 -1 -9 -10 -5 -12 -4 -11
right_child=1 3 5 10 -6 -7 -8 8 9 13 11 -13 -14 -15
leaf_value=-0.0060854646461152972 0.010428362413324782 0.0069931260572390309 -0.0024489416833075265 0.0037142672760819553 -0.0029979703680146487 0.0053084574386011813 0.00084162741946056498 0.00040395056737907003 -0.0047043093549621155 0.00026084427119650209 0.0050248895282857123 0.012306165343357458 0.0016658930363313807 -0.0045005921403773958
leaf_weight=134 120 32 60 30 50 38 48 54 276 56 30 34 60 34
leaf_count=134 120 32 60 30 50 38 48 54 276 56 30 34 60 34
internal_value=2.17253e-05 0.00612395 -0.00293544 0.00374614 0.000939039 0.00102368 0.00341278 -0.00406419 -0.00339353 -0.00395296 0.00752786 0.00914876 -0.000397943 -0.00159666
internal_weight=1056 344 712 224 130 158 80 554 420 366 94 64 120 90
internal_count=1056 344 712 224 130 158 80 554 420 366 94 64 120 90
is_linear=0
shrinkage=0.035


Tree=19
num_leaves=15
num_cat=0
split_feature=2 3 0 14 0 9 6 6 12 0 1 1 14 9
split_gain=14.5684 2.63083 2.44701 1.82033 0.996263 0.826324 1.38467 0.655484 0.844701 0.726238 0.56741 0.464607 0.4623 0.400982
threshold=9.1605459497867106 -6.6901733398437493 6.2319494628906265 244.50000000000003 -8.5007812499999975 30.500000000000004 22.474359130859401 2.0513183593750459 16.500000000000004 -3.4097192382812493 -4.900080566406249 1.7819348144531253 227.50000000000003 28.500000000000004
decision_type=2 2 2 2 2 2 2 2 2 2 2 2 2 2
left_child=2 -2 7 4 10 -4 -7 -1 9 -9 -3 -11 -10 -5
right_child=1 3 5 13 -6 6 -8 8 12 11 -12 -13 -14 -15
leaf_value=-0.0055525118412104637 0.010069353098324577 0.0067627643127857219 -0.0015884589129213798 0.0035923929265118206 -0.0028970772163190235 -0.0011088864209459111 0.0087109329362743005 0.0011647061783151005 0.0021665025115857133 -0.0050084489075510894 0.00081334866019897164 -0.00036717891751322898 -0.0022680485208847506 0.0088469385101713933
leaf_weight=176 120 32 52 30 50 32 36 30 48 242 48 30 66 64
leaf_count=176 120 32 52 30 50 32 36 30 48 242 48 30 66 64
internal_value=2.2699e-05 0.00591696 -0.00283369 0.00362304 0.000908738 0.00170112 0.00419019 -0.00375554 -0.00297235 -0.00393599 0.00330002 -0.00450296 -0.000395708 0.00727973
internal_weight=1056 344 712 224 130 120 68 592 416 302 80 272 114 94
internal_count=1056 344 712 224 130 120 68 592 416 302 80 272 114 94
is_linear=0
shrinkage=0.035


Tree=20
num_leaves=15
num_cat=0
split_feature=2 2 9 12 3 6 2 12 0 0 1 6 2 5
split_gain=13.595 2.14936 1.62126 1.36217 1.22828 1.15152 1.06783 0.763039 0.935894 0.624533 0.564243 0.414175 0.536465 0.480953
threshold=9.8329182672543549 8.3041369193072985 7.5000000000000009 17.500000000000004 2.1146594238281256 3.1955859375000277 12.082513461815015 7.5000000000000009 -9.3937353515624995 8.5446081542968759 1.9855187988281251 19.401159667968788 3.932580005819116 3.9537384440507872
decision_type=2 2 2 2 2 2 2 2 2 2 2 2 2 2
left_child=1 3 -2 11 -5 -3 7 -4 -9 -7 -6 -1 -13 -14
right_child=2 5 6 4 10 9 -8 8 -10 -11 -12 12 13 -15
leaf_value=-0.005313387702193517 0.0008563744415975332 -0.0026726630626944829 0.0026052225014427683 -0.0040619214673788522 0.0037403247284819377 0.0055345335423343757 0.011074602109299083 0.011720118572314581 0.0036036904418789268 -0.00015796266153062646 -0.0016803314319501323 -0.0046489395778221282 0.0013591296434363662 -0.0031309250460808953
leaf_weight=210 46 54 54 68 68 66 90 40 34 36 34 136 46 74
leaf_count=210 46 54 54 68 68 66 90 40 34 36 34 136 46 74
internal_value=2.34486e-05 -0.00227082 0.00687158 -0.00317196 -0.00048258 0.00139669 0.00812152 0.00590669 0.00818392 0.00356102 0.00193587 -0.0041468 -0.00315607 -0.00141567
internal_weight=1056 792 264 636 170 156 218 128 74 102 102 466 256 120
internal_count=1056 792 264 636 170 156 218 128 74 102 102 466 256 120
is_linear=0
shrinkage=0.035


Tree=21
num_leaves=15
num_cat=0
split_feature=2 3 0 14 0 4 1 6 1 1 6 9 14 9
split_gain=12.7151 2.30975 2.16537 1.61568 0.907137 0.694468 0.522125 0.487423 0.622579 0.427829 0.390698 1.34819 0.387596 0.363322
threshold=9.1605459497867106 -6.6901733398437493 5.5631945800781262 244.50000000000003 -8.5007812499999975 1.5571594238281252 -4.6527844238281242 -0.89869140624995214 -1.7702844238281248 1.4714013671875004 19.607092285156288 30.500000000000004 230.50000000000003 28.500000000000004
decision_type=2 2 2 2 2 2 2 2 2 2 2 2 2 2
left_child=2 -2 7 4 6 10 -3 -1 -9 -10 -4 -12 -11 -5
right_child=1 3 5 13 -6 -7 -8 8 9 12 11 -13 -14 -15
leaf_value=-0.0055220715841364041 0.0094210823807582937 0.00545762193214614 -0.0036914217189769265 0.0033270740581792784 -0.0028060983647950565 0.0049547025200445214 -0.00019993428464254573 0.00043519195198314268 -0.0042558616583674011 0.0010001575642011383 -0.0028262941277999846 0.005654678195714951 -0.0035230824865400794 0.0083158574706282129
leaf_weight=134 120 46 30 30 50 38 34 54 276 42 52 38 48 64
leaf_count=134 120 46 30 30 50 38 34 54 276 42 52 38 48 64
internal_value=2.38736e-05 0.00553045 -0.00264465 0.00338126 0.00082463 0.000960187 0.00310693 -0.0036725 -0.00305902 -0.00357412 -0.000365232 0.000799644 -0.00143638 0.00682618
internal_weight=1056 344 712 224 130 158 80 554 420 366 120 90 90 94
internal_count=1056 344 712 224 130 158 80 554 420 366 120 90 90 94
is_linear=0
shrinkage=0.035


Tree=22
num_leaves=15
num_cat=0
split_feature=2 0 2 6 6 9 6 5 9 6 9 2 14 3
split_gain=11.8743 1.89984 1.80395 1.31329 1.59326 0.841594 1.1129 0.718434 0.546105 0.539558 0.407704 0.419415 0.373749 0.360054
threshold=9.4044066083536588 6.2319494628906265 12.052443751424244 -6.9745800781249718 19.859655761718788 30.500000000000004 22.474359130859401 5.951741984566957 13.500000000000002 4.8557128906250293 5.5000000000000009 4.74105935041315 252.50000000000003 5.9600744628906268
decision_type=2 2 2 2 2 2 2 2 2 2 2 2 2 2
left_child=1 7 3 -2 9 -3 -7 8 10 -5 -1 -12 -10 -6
right_child=2 5 -4 4 13 6 -8 -9 12 -11 11 -13 -14 -15
leaf_value=-0.0039077684438670992 -0.0029061387668843966 -0.0017171346140094103 0.0093303733148019426 0.0050513394453190743 0.0028101978650374808 -0.00055229029773424068 0.0081335599885910357 0.0019809946790337566 -0.0045204350158487248 0.010168714455018442 0.0021101872117319348 -0.0022189424571800319 -0.00090698710953195896 -0.0024406165571417664
leaf_weight=68 30 54 108 72 30 34 36 30 368 46 44 66 40 30
leaf_count=68 30 54 108 72 30 34 36 30 368 46 44 66 40 30
internal_value=2.40795e-05 -0.00240107 0.00568261 0.00371775 0.00485402 0.00153201 0.00401657 -0.00319519 -0.00346602 0.00718248 -0.00181868 -0.000480531 -0.00417233 0.000190752
internal_weight=1056 740 316 208 178 124 70 616 586 118 178 110 408 60
internal_count=1056 740 316 208 178 124 70 616 586 118 178 110 408 60
is_linear=0
shrinkage=0.035


Tree=23
num_leaves=15
num_cat=0
split_feature=2 2 0 6 0 12 9 9 4 6 14 3 12 1
split_gain=11.0815 2.1299 1.5406 1.33794 1.30558 1.22503 1.16863 0.532893 0.514465 0.436521 0.347848 0.35345 0.314398 0.283992
threshold=8.8638309906887098 12.052443751424244 6.2319494628906265 -6.9745800781249718 -8.5097509765624988 7.5000000000000009 34.500000000000007 15.500000000000002 0.11220703125000002 22.474359130859401 252.50000000000003 3.5908276367187502 16.500000000000004 -2.1874853515624992
decision_type=2 2 2 2 2 2 2 2 2 2 2 2 2 2
left_child=2 3 7 -2 5 -5 13 12 -4 -10 11 -9 -1 -6
right_child=1 -3 8 4 6 -7 -8 10 9 -11 -12 -13 -14 -15
leaf_value=-0.0030364192066723874 -0.0029834019077258607 0.0090097479612185546 -0.0023995035658727457 0.0018848458530070884 0.001048696131038014 0.0091525576495623696 0.0064520843009300104 -0.0048289535722946504 0.00044862178346628085 0.0057513122216743592 -0.00057473061414545082 -0.0011748486727883576 -0.0002927283285205941 -0.0034013994364067916
leaf_weight=118 36 108 32 46 30 78 32 302 44 32 32 38 90 38
leaf_count=118 36 108 32 46 30 78 32 302 44 32 32 38 90 38
internal_value=2.45874e-05 0.0049115 -0.002596 0.00315336 0.0041573 0.00652918 0.00114582 -0.003309 0.00122362 0.00277155 -0.00410304 -0.00442981 -0.00186334 -0.00146425
internal_weight=1056 368 688 260 224 124 100 580 108 76 372 340 208 68
internal_count=1056 368 688 260 224 124 100 580 108 76 372 340 208 68
is_linear=0
shrinkage=0.035


Tree=24
num_leaves=15
num_cat=0
split_feature=2 0 3 14 4 12 6 1 12 9 14 9 6 9
split_gain=10.3518 1.66473 1.60014 1.1542 0.718732 0.686113 0.57693 1.55129 0.569096 0.505636 0.677988 0.33351 0.36279 0.325505
threshold=9.4044066083536588 5.5631945800781262 -6.6901733398437493 245.50000000000003 1.5571594238281252 17.500000000000004 3.1955859375000277 -1.7702844238281248 3.5000000000000004 16.500000000000004 234.50000000000003 27.500000000000004 23.050061035156293 20.500000000000004
decision_type=2 2 2 2 2 2 2 2 2 2 2 2 2 2
left_child=1 6 13 5 11 8 -1 -8 -4 10 -9 -3 -13 -2
right_child=2 4 3 -5 -6 -7 7 9 -10 -11 -12 12 -14 -15
leaf_value=-0.0045810199196160478 0.0048894152949651472 -0.0025376644566077397 0.0037491012268947091 0.0069161625624918907 0.0048374589362841407 0.0056479992086807384 0.0036399999599962033 0.00059795375092795526 -0.0018852724116295578 -0.0044254281010402937 -0.0040372815884561659 -0.0015920612752875862 0.0033384940188843758 0.0096989229348731585
leaf_weight=210 30 52 30 70 40 32 46 80 68 170 72 32 38 86
leaf_count=210 30 52 30 70 40 32 46 80 68 170 72 32 38 86
internal_value=2.4723e-05 -0.00223963 0.00530806 0.00335642 0.000887494 0.0013639 -0.00311613 -0.00225995 -0.000119978 -0.00312006 -0.0016216 -0.000464711 0.00110291 0.00855904
internal_weight=1056 740 316 200 162 130 578 368 98 322 152 122 70 116
internal_count=1056 740 316 200 162 130 578 368 98 322 152 122 70 116
is_linear=0
shrinkage=0.035


Tree=25
num_leaves=15
num_cat=0
split_feature=2 0 9 4 9 6 2 12 0 9 9 14 2 6
split_gain=9.67117 1.54839 1.3367 1.19989 0.920287 1.12583 0.816738 0.607336 0.754363 0.552523 0.446794 0.36227 0.272675 0.185647
threshold=9.8329182672543549 6.2319494628906265 7.5000000000000009 -2.7463586425781243 30.500000000000004 22.474359130859401 12.082513461815015 7.5000000000000009 -9.4150048828124984 13.500000000000002 5.5000000000000009 252.50000000000003 4.74105935041315 -0.89869140624995214
decision_type=2 2 2 2 2 2 2 2 2 2 2 2 2 2
left_child=1 3 -2 -1 -3 -6 7 -4 -9 10 -5 13 -12 -11
right_child=2 4 6 9 5 -7 -8 8 -10 11 12 -13 -14 -15
leaf_value=0.0031193130015162757 0.00035933934183655469 -0.0014242049667833223 0.0020726805284994048 -0.0035912577081471686 -0.00054684166123883599 0.00808561488724081 0.0095145549538606065 0.010378138557542115 0.0031416383181012385 -0.0051621780752655914 0.0020674623876465888 -0.00051528885417307421 -0.0013822917383610428 -0.0034369174314560387
leaf_weight=40 46 72 54 68 34 38 90 38 36 130 44 40 70 256
leaf_count=40 46 72 54 68 34 38 90 38 36 130 44 40 70 256
internal_value=2.54626e-05 -0.0019096 0.00580137 -0.0026378 0.00135854 0.00410457 0.00693599 0.00500445 0.007033 -0.00302555 -0.00139027 -0.00371443 -3.81184e-05 -0.00404158
internal_weight=1056 792 264 648 144 72 218 128 74 608 182 426 114 386
internal_count=1056 792 264 648 144 72 218 128 74 608 182 426 114 386
is_linear=0
shrinkage=0.035


Tree=26
num_leaves=15
num_cat=0
split_feature=2 2 0 6 0 12 9 4 9 6 14 3 14 6
split_gain=9.07919 1.7521 1.24949 1.17134 1.09492 1.05824 1.04359 0.459665 0.435555 0.361636 0.305617 0.297976 0.27937 0.548737
threshold=8.8638309906887098 12.052443751424244 6.2319494628906265 -6.9745800781249718 -8.5097509765624988 7.5000000000000009 34.500000000000007 0.11220703125000002 15.500000000000002 22.474359130859401 252.50000000000003 3.5908276367187502 234.50000000000003 4.2357031250000157
decision_type=2 2 2 2 2 2 2 2 2 2 2 2 2 2
left_child=2 3 8 -2 5 -5 -6 -4 12 -9 11 -10 13 -1
right_child=1 -3 7 4 6 -7 -8 9 10 -11 -12 -13 -14 -15
leaf_value=-0.0037580313287553908 -0.002884151661587806 0.0081664890528402555 -0.0023287837595254296 0.0016554358933960128 -0.0014283230314031245 0.0084043465140889572 0.0060519884702037374 0.00044193495890004162 -0.0043784899569704744 0.005270252555218416 -0.00040804887851289312 -0.0010271180197596551 -0.0033106499649293258 0.00096223050444677949
leaf_weight=44 36 108 32 46 68 78 32 44 302 32 32 38 78 86
leaf_count=44 36 108 32 46 68 78 32 44 302 32 32 38 78 86
internal_value=2.6072e-05 0.00444949 -0.00234598 0.00285495 0.00379466 0.00596674 0.00103711 0.00109399 -0.00298808 0.00255792 -0.00370593 -0.00401212 -0.00168117 -0.00066813
internal_weight=1056 368 688 260 224 124 100 108 580 76 372 340 208 130
internal_count=1056 368 688 260 224 124 100 108 580 76 372 340 208 130
is_linear=0
shrinkage=0.035


Tree=27
num_leaves=15
num_cat=0
split_feature=2 3 1 0 12 4 12 3 12 1 14 1 6 0
split_gain=8.46675 1.63642 1.68717 1.16838 0.814816 0.414993 0.376685 0.510897 0.379198 0.366966 0.599853 0.365599 0.305875 0.275764
threshold=8.8638309906887098 -6.6901733398437493 2.6339978027343753 5.5631945800781262 17.500000000000004 0.08686523437499992 17.500000000000004 2.1146594238281256 20.500000000000004 -4.8733666992187494 244.50000000000003 1.7819348144531253 22.474359130859401 -8.6272741699218738
decision_type=2 2 2 2 2 2 2 2 2 2 2 2 2 2
left_child=3 -2 4 6 9 -5 11 -8 -9 -3 -11 -1 -7 -6
right_child=1 2 -4 5 13 12 7 8 -10 10 -12 -13 -14 -15
leaf_value=-0.0038366413824136277 0.0075476061381697145 0.0029329437098349451 0.0098429037696298443 -0.0020704270746326075 0.007098790166637628 0.00021864885506996264 -0.0032846319900515179 0.0036586316299144529 -0.0016596468296997688 -0.0030809537967776556 0.00197520641591982 0.00016666637558955701 0.0042051225443137819 0.0022092135511047675
leaf_weight=376 124 38 32 48 30 58 76 30 32 66 48 30 38 30
leaf_count=376 124 38 32 48 30 58 76 30 32 66 48 30 38 30
internal_value=2.59156e-05 0.00429753 0.00259792 -0.00226474 0.00142257 0.000532894 -0.00300452 -0.00139681 0.000947628 4.26832e-05 -0.000954694 -0.00354146 0.00185024 0.00480413
internal_weight=1056 368 244 688 212 144 544 138 62 152 114 406 96 60
internal_count=1056 368 244 688 212 144 544 138 62 152 114 406 96 60
is_linear=0
shrinkage=0.035


Tree=28
num_leaves=15
num_cat=0
split_feature=2 0 3 9 1 12 4 6 1 9 14 2 6 9
split_gain=7.90435 1.28339 1.23678 0.944197 0.862006 0.642324 0.604721 0.475364 1.31675 0.421849 0.580863 0.331993 0.302067 1.13885
threshold=9.4044066083536588 5.5631945800781262 -6.6901733398437493 30.500000000000004 -3.1573388671874993 17.500000000000004 1.5571594238281252 3.1955859375000277 -1.7702844238281248 16.500000000000004 234.50000000000003 10.683230932163259 19.607092285156288 32.500000000000007
decision_type=2 2 2 2 2 2 2 2 2 2 2 2 2 2
left_child=1 7 -2 5 -5 11 12 -1 -9 10 -10 -4 -3 -14
right_child=2 6 3 4 -6 -7 -8 8 9 -11 -12 -13 13 -15
leaf_value=-0.004050283281155643 0.0075013021142796678 -0.0033780079647840471 -0.0027738875298477391 0.0028827316871320365 0.010297800397966059 0.0050876925613192727 0.0044168665927524376 0.0034876258552928147 0.00067978976811168773 -0.0039299767404905699 -0.0036084152716589542 0.0014837754464877601 -0.0021467768077081928 0.0059417365037370481
leaf_weight=210 116 30 44 54 30 30 40 46 80 170 72 42 62 30
leaf_count=210 116 30 44 54 30 30 40 46 80 170 72 42 62 30
internal_value=2.67237e-05 -0.00195194 0.00464343 0.002928 0.00570887 0.000851639 0.000793622 -0.00272153 -0.00194549 -0.00273838 -0.00137195 -0.000708099 -0.000446406 0.000561084
internal_weight=1056 740 316 200 84 116 162 578 368 322 152 86 122 92
internal_count=1056 740 316 200 84 116 162 578 368 322 152 86 122 92
is_linear=0
shrinkage=0.035


Tree=29
num_leaves=15
num_cat=0
split_feature=2 2 6 0 6 6 3 2 4 9 6 9 2 14
split_gain=7.39004 1.46409 1.02885 1.01611 0.936907 0.764275 0.762696 0.476639 0.380519 0.371836 0.313867 0.294212 0.267454 0.236141
threshold=8.8638309906887098 12.052443751424244 -6.9745800781249718 6.2319494628906265 17.848352050781276 4.6281347656250498 5.5171081542968761 9.8329182672543549 0.11220703125000002 14.500000000000002 22.474359130859401 5.5000000000000009 4.74105935041315 252.50000000000003
decision_type=2 2 2 2 2 2 2 2 2 2 2 2 2 2
left_child=3 2 -2 9 5 7 -6 -4 -5 11 -10 -1 -13 -11
right_child=1 -3 4 8 6 -7 -8 -9 10 13 -12 12 -14 -15
leaf_value=-0.0032255935991415759 -0.0028143551145484182 0.0074153187982738018 -0.00033388526010740964 -0.0021247342385022957 0.0036157059351292755 0.0081524213859811429 -0.0031380493489559743 0.0049010572046972812 0.00035292205152749693 -0.0035817224012224761 0.0048478425829671327 0.0014406883367337289 -0.001785765770053129 -0.00049678023361290501
leaf_weight=68 36 108 34 32 40 58 38 54 44 354 32 54 70 34
leaf_count=68 36 108 34 32 40 58 38 54 44 354 32 54 70 34
internal_value=2.72368e-05 0.00401801 0.00256098 -0.00211282 0.00344213 0.00507827 0.000329221 0.00291599 0.000989274 -0.00269186 0.0023213 -0.00141076 -0.000380132 -0.00331533
internal_weight=1056 368 260 688 224 146 78 88 108 580 76 192 124 388
internal_count=1056 368 260 688 224 146 78 88 108 580 76 192 124 388
is_linear=0
shrinkage=0.035


Tree=30
num_leaves=15
num_cat=0
split_feature=2 0 3 9 1 12 4 6 1 9 14 6 9 2
split_gain=6.89523 1.13172 1.09308 0.838981 0.782051 0.584012 0.543053 0.43326 1.19306 0.375788 0.530228 0.283704 1.04538 0.279109
threshold=9.4044066083536588 5.5631945800781262 -6.6901733398437493 30.500000000000004 -3.1573388671874993 17.500000000000004 1.5571594238281252 3.1955859375000277 -1.7702844238281248 16.500000000000004 234.50000000000003 19.607092285156288 30.500000000000004 10.683230932163259
decision_type=2 2 2 2 2 2 2 2 2 2 2 2 2 2
left_child=1 7 -2 5 -5 13 11 -1 -9 10 -10 -3 -13 -4
right_child=2 6 3 4 -6 -7 -8 8 9 -11 -12 12 -14 -15
leaf_value=-0.0038116652816303411 0.0070255318930041114 -0.0032591771828992936 -0.0026093213057712368 0.0026605989254312591 0.0097168382187373947 0.0048097633554425563 0.0041907403462876879 0.0033674817011827454 0.00069039270207967333 -0.0036826793635935801 -0.0034059784162279879 -0.0025409639636927751 0.004869055947056041 0.0012955514447954061
leaf_weight=210 116 30 44 54 30 30 40 46 80 170 72 54 38 42
leaf_count=210 116 30 44 54 30 30 40 46 80 170 72 54 38 42
internal_value=2.71586e-05 -0.00182089 0.0043391 0.00272683 0.00534805 0.000770237 0.00075723 -0.00254359 -0.00180328 -0.00255818 -0.00126903 -0.000417947 0.000558173 -0.000716188
internal_weight=1056 740 316 200 84 116 162 578 368 322 152 122 92 86
internal_count=1056 740 316 200 84 116 162 578 368 322 152 122 92 86
is_linear=0
shrinkage=0.035


Tree=31
num_leaves=15
num_cat=0
split_feature=2 9 0 6 9 2 1 12 6 12 3 12 1 9
split_gain=6.4483 1.30845 0.885605 0.759163 0.701575 1.0452 0.62458 0.352857 0.359513 0.307652 0.447748 0.335908 0.317747 0.291701
threshold=8.8638309906887098 19.500000000000004 5.5631945800781262 26.633569335937555 40.500000000000007 12.278105405079961 -4.6527844238281242 16.500000000000004 22.474359130859401 17.500000000000004 2.1146594238281256 20.500000000000004 1.7819348144531253 7.5000000000000009
decision_type=2 2 2 2 2 2 2 2 2 2 2 2 2 2
left_child=2 6 9 4 -3 -6 13 8 -4 12 -11 -12 -1 -2
right_child=1 3 7 -5 5 -7 -8 -9 -10 10 11 -13 -14 -15
leaf_value=-0.003375845179324878 0.0010780990470407737 0.0075728500457615533 -0.0035430942534922481 0.00019726854487089443 -0.0016942906509211755 0.0073079262170358565 -0.0011150529583162433 0.0024715638975096464 0.00098317140415310868 -0.0029332036931121437 0.0035754280202672821 -0.0014331113492303037 0.00034464243944967168 0.005677648450946436
leaf_weight=376 34 136 36 30 30 30 74 60 48 76 30 32 30 34
leaf_count=376 34 136 36 30 30 30 74 60 48 76 30 32 30 34
internal_value=2.7486e-05 0.00375531 -0.00197157 0.00539913 0.0061853 0.00289736 0.00110044 0.000464096 -0.000993942 -0.00261565 -0.00116501 0.00102637 -0.00310059 0.00347438
internal_weight=1056 368 688 226 196 60 142 144 84 544 138 62 406 68
internal_count=1056 368 688 226 196 60 142 144 84 544 138 62 406 68
is_linear=0
shrinkage=0.035


Tree=32
num_leaves=15
num_cat=0
split_feature=2 2 6 0 6 6 3 1 4 9 6 14 1 9
split_gain=6.01351 1.23104 0.911772 0.828351 0.813643 0.667245 0.64642 0.414924 0.338186 0.316244 0.275003 0.269997 0.239444 0.229983
threshold=8.8638309906887098 12.052443751424244 -6.9745800781249718 6.2319494628906265 17.848352050781276 4.6281347656250498 5.5171081542968761 -4.900080566406249 0.11220703125000002 15.500000000000002 22.474359130859401 252.50000000000003 -2.2222827148437498 5.5000000000000009
decision_type=2 2 2 2 2 2 2 2 2 2 2 2 2 2
left_child=3 2 -2 9 5 7 -6 -4 -5 13 -10 12 -11 -1
right_child=1 -3 4 8 6 -7 -8 -9 10 11 -12 -13 -14 -15
leaf_value=-0.0029536528391763575 -0.002764794592206416 0.0067421556902753027 0.0056831263658344098 -0.0020367933963215739 0.003250828585199391 0.0075173222146307436 -0.0029665064730215822 0.00074914554920818273 0.00031239877042421344 -0.0012224004796007649 0.0045188733787440202 3.5188708536546027e-05 -0.0037453234058147516 -0.00048754297541192093
leaf_weight=68 36 108 32 32 40 58 38 56 44 58 32 32 282 140
leaf_count=68 36 108 32 32 40 58 38 56 44 58 32 32 282 140
internal_value=2.7524e-05 0.00362747 0.00229209 -0.00190296 0.00312208 0.00464673 0.000223432 0.00262974 0.000897828 -0.00242578 0.002154 -0.00303695 -0.00332461 -0.00131422
internal_weight=1056 368 260 688 224 146 78 88 108 580 76 372 340 208
internal_count=1056 368 260 688 224 146 78 88 108 580 76 372 340 208
is_linear=0
shrinkage=0.035


Tree=33
num_leaves=15
num_cat=0
split_feature=2 3 3 9 14 12 14 12 9 5 14 6 9 6
split_gain=5.6204 0.932025 0.919349 0.837373 0.696868 0.45489 0.429268 0.42383 0.305066 0.450162 0.272175 0.482303 0.246418 0.221307
threshold=9.4044066083536588 3.5908276367187502 -6.6901733398437493 30.500000000000004 245.50000000000003 17.500000000000004 252.50000000000003 3.5000000000000004 16.500000000000004 5.181630271885612 234.50000000000003 4.2357031250000157 20.500000000000004 22.186444091796918
decision_type=2 2 2 2 2 2 2 2 2 2 2 2 2 2
left_child=1 6 12 -3 5 7 8 -4 10 13 11 -1 -2 -10
right_child=2 3 4 -5 -6 -7 -8 -9 9 -11 -12 -13 -14 -15
leaf_value=-0.0031387249682167618 0.0033183179917978126 -0.0016626711314665955 0.0030368488474050541 0.0031239389757198904 0.0052076785292269456 0.0043863993351688441 0.00061442761158104987 -0.0018262926494935529 -0.0045296119983678548 0.00013975609617773445 -0.0033349900941967089 0.0011446937207874727 0.0073529762503775692 -0.0023213167494142671
leaf_weight=52 30 94 30 82 70 32 54 68 184 40 66 78 86 90
leaf_count=52 30 94 30 82 70 32 54 68 184 40 66 78 86 90
internal_value=2.73964e-05 -0.00164109 0.00392037 0.000577497 0.00244272 0.000897547 -0.00233301 -0.000306613 -0.00264628 -0.00332342 -0.00153886 -0.00059027 0.00638346 -0.00382634
internal_weight=1056 740 316 176 200 130 564 98 510 314 196 130 116 274
internal_count=1056 740 316 176 200 130 564 98 510 314 196 130 116 274
is_linear=0
shrinkage=0.035


Tree=34
num_leaves=15
num_cat=0
split_feature=2 9 3 6 9 2 14 1 9 0 4 4 6 1
split_gain=5.25401 1.10646 0.733562 0.632741 0.63147 0.912638 0.560089 0.921339 0.520504 0.403332 0.368844 0.421152 0.237889 0.428424
threshold=8.8638309906887098 19.500000000000004 3.5908276367187502 26.633569335937555 40.500000000000007 12.278105405079961 23.500000000000004 -1.5689648437499997 30.500000000000004 7.404912109375001 1.6041027832031254 2.1786743164062505 4.8557128906250293 -4.8733666992187494
decision_type=2 2 2 2 2 2 2 2 2 2 2 2 2 2
left_child=2 6 10 4 12 -6 -2 -8 -4 -10 -1 -12 13 -3
right_child=1 3 8 -5 5 -7 7 -9 9 -11 11 -13 -14 -15
leaf_value=-0.0028040204310033788 -0.0020689145182725046 0.007450117079601826 -0.0016028418073741101 0.00015625174592059923 -0.0017662487021880226 0.0066384883411228666 0.0049411301678082969 -0.0022271399538936645 0.0048216188396618242 -0.00020341378124430777 0.0018550117323175076 -0.0029640711015090347 0.0086465760700775718 0.001907211067446042
leaf_weight=444 48 44 82 30 30 30 62 32 38 38 48 38 62 30
leaf_count=444 48 44 82 30 30 30 62 32 38 38 48 38 62 30
internal_value=2.71991e-05 0.00339214 -0.00177727 0.00490363 0.00562136 0.0025147 0.000951832 0.00250531 0.000313059 0.00236831 -0.00239926 -0.000293321 0.00693563 0.00531232
internal_weight=1056 368 688 226 196 60 142 94 158 76 530 86 136 74
internal_count=1056 368 688 226 196 60 142 94 158 76 530 86 136 74
is_linear=0
shrinkage=0.035


Tree=35
num_leaves=15
num_cat=0
split_feature=2 2 6 12 3 6 6 12 1 0 4 14 14 1
split_gain=4.91891 1.23422 0.897881 0.710752 0.883684 0.676278 0.714868 0.670288 0.42207 0.351906 0.316186 0.219269 0.946576 0.209302
threshold=8.3238772470696443 12.052443751424244 -8.0885839843749903 16.500000000000004 2.1146594238281256 18.980346679687532 4.6281347656250498 11.500000000000002 1.9855187988281251 -8.5329113769531233 1.6041027832031254 224.50000000000003 231.50000000000003 -0.085264892578124932
decision_type=2 2 2 2 2 2 2 2 2 2 2 2 2 2
left_child=3 2 -2 10 -5 6 9 -7 -6 -4 11 -1 -13 -14
right_child=1 -3 5 4 8 7 -8 -9 -10 -11 -12 12 13 -15
leaf_value=-0.0036993142654170737 -0.0030911964487750085 0.0061720086993723696 0.003426233127603256 -0.0029314338860030359 0.0033439929740360155 0.0038532402361743157 0.0067567274494759856 -0.001889130419021416 -0.0012695847255074317 -0.00085179794838445067 0.00048321727099583339 0.0028220376157405557 -0.0017677882546409728 -0.0043272068404147162
leaf_weight=214 38 108 70 76 76 38 64 64 34 34 36 38 76 90
leaf_count=214 38 108 70 76 76 38 64 64 34 34 36 38 76 90
internal_value=2.77543e-05 0.00298251 0.00183151 -0.00189614 -7.19438e-05 0.00254197 0.00389393 0.000283144 0.00192077 0.00203796 -0.00263991 -0.00290991 -0.00205393 -0.00319042
internal_weight=1056 416 308 640 186 270 168 102 110 104 454 418 204 166
internal_count=1056 416 308 640 186 270 168 102 110 104 454 418 204 166
is_linear=0
shrinkage=0.035


Tree=36
num_leaves=15
num_cat=0
split_feature=2 2 6 12 3 6 6 12 1 0 6 12 14 4
split_gain=4.58691 1.16348 0.910817 0.675081 0.82429 0.573187 0.703929 0.666416 0.394015 0.304257 0.246763 0.367676 0.445259 0.199062
threshold=8.3041369193072985 12.052443751424244 -8.1959863281249721 16.500000000000004 2.1146594238281256 18.980346679687532 4.6281347656250498 11.500000000000002 1.9855187988281251 -8.5329113769531233 19.401159667968788 6.5000000000000009 231.50000000000003 -3.0707153320312499
decision_type=2 2 2 2 2 2 2 2 2 2 2 2 2 2
left_child=3 2 -2 10 -5 6 9 -7 -6 13 -1 12 -12 -4
right_child=1 -3 5 4 8 7 -8 -9 -10 -11 11 -13 -14 -15
leaf_value=-0.0034953864732190118 -0.003354102608894832 0.0059599160686907874 0.0013394580447735887 -0.0028314644310515947 0.0032299542494095084 0.0038156407664064322 0.0065274082258287257 -0.0018250144545031205 -0.0012276179146849448 -0.00082364130739329589 0.0026911967232202492 -0.0026800628800974749 -0.0026139094846116175 0.0050215090501135118
leaf_weight=200 36 108 40 76 76 40 64 64 34 34 40 176 34 34
leaf_count=200 36 108 40 76 76 40 64 64 34 34 40 176 34 34
internal_value=2.72481e-05 0.00285813 0.00175331 -0.0018453 -6.97449e-05 0.00243883 0.00366776 0.000375528 0.00185484 0.00188528 -0.00257564 -0.00181794 0.000249073 0.00311884
internal_weight=1056 420 312 636 186 276 172 104 110 108 450 250 74 74
internal_count=1056 420 312 636 186 276 172 104 110 108 450 250 74 74
is_linear=0
shrinkage=0.035


Tree=37
num_leaves=15
num_cat=0
split_feature=2 0 1 12 3 6 1 1 9 0 4 12 6 12
split_gain=4.27808 1.10476 0.975119 0.628981 0.768887 0.625439 0.420541 0.367824 0.291315 0.254274 0.258719 0.238192 0.229929 0.342661
threshold=8.3041369193072985 -9.741569824218745 2.2116467285156256 16.500000000000004 2.1146594238281256 -8.1959863281249721 -2.1874853515624992 1.9855187988281251 40.500000000000007 -8.5329113769531233 -3.0707153320312499 7.5000000000000009 19.401159667968788 6.5000000000000009
decision_type=2 2 2 2 2 2 2 2 2 2 2 2 2 2
left_child=3 11 5 12 -5 -3 8 -6 9 10 -7 -2 -1 -14
right_child=1 2 -4 4 7 6 -8 -9 -10 -11 -12 -13 13 -15
leaf_value=-0.003374259213341797 0.0028468280801704775 -0.0036595237476970345 0.0064243188485587875 -0.0027349042989767325 0.0031198045070833852 0.0019074632425326856 -0.00080509478478537266 -0.0011870383295334048 -0.00063098814800468975 0.0013363579605657867 0.0063420487300027166 0.0065635766599073334 0.00024042626940890362 -0.0025873146411469678
leaf_weight=200 34 32 42 76 76 30 70 34 30 56 40 86 74 176
leaf_count=200 34 32 42 76 76 30 70 34 30 56 40 86 74 176
internal_value=2.69384e-05 0.00276086 0.00160596 -0.00178148 -6.76126e-05 0.000778198 0.00143314 0.00179117 0.00243495 0.00316339 0.00454729 0.00557443 -0.00248644 -0.00175504
internal_weight=1056 420 300 636 186 258 226 110 156 126 70 120 450 250
internal_count=1056 420 300 636 186 258 226 110 156 126 70 120 450 250
is_linear=0
shrinkage=0.035


Tree=38
num_leaves=15
num_cat=0
split_feature=2 2 6 12 3 6 6 12 1 2 5 4 1 14
split_gain=3.99129 1.03981 0.801261 0.586016 0.717208 0.539053 0.609087 0.605244 0.343375 0.292403 0.288776 0.219887 0.216027 0.227084
threshold=8.3041369193072985 12.052443751424244 -8.0885839843749903 16.500000000000004 2.1146594238281256 18.980346679687532 4.6281347656250498 11.500000000000002 1.9855187988281251 9.8329182672543549 6.6800228100532104 1.6041027832031254 1.1561633300781253 224.50000000000003
decision_type=2 2 2 2 2 2 2 2 2 2 2 2 2 2
left_child=3 2 -2 11 -5 6 9 -7 -6 -4 -11 12 13 -1
right_child=1 -3 5 4 8 7 -8 -9 -10 10 -12 -13 -14 -15
leaf_value=-0.0031687847541677951 -0.0029003643050479395 0.0055996524683115164 -0.00052848395192995668 -0.0026416370066745473 0.0030134111509911381 0.0035930131226389983 0.0061610045704539075 -0.0017823190679491471 -0.001147800103450815 0.0053567302630593379 0.00065733162395190451 0.00029026860888633463 -0.0049876426143402406 -0.0014194791420358462
leaf_weight=192 40 108 40 76 76 40 64 64 34 34 30 34 42 182
leaf_count=192 40 108 40 76 76 40 64 64 34 34 30 34 42 182
internal_value=2.69087e-05 0.0026676 0.00162346 -0.00171984 -6.55448e-05 0.00230504 0.00351945 0.000313901 0.00172969 0.00180831 0.00324056 -0.0024003 -0.00262054 -0.0023296
internal_weight=1056 420 312 636 186 272 168 104 110 104 64 450 416 374
internal_count=1056 420 312 636 186 272 168 104 110 104 64 450 416 374
is_linear=0
shrinkage=0.035


Tree=39
num_leaves=15
num_cat=0
split_feature=2 0 1 12 3 6 1 1 9 0 4 12 4 1
split_gain=3.72343 0.983719 0.885177 0.546268 0.669003 0.545116 0.376774 0.32055 0.27028 0.225432 0.239618 0.216823 0.205083 0.202326
threshold=8.3041369193072985 -9.741569824218745 2.2116467285156256 16.500000000000004 2.1146594238281256 -8.1959863281249721 -2.1874853515624992 1.9855187988281251 40.500000000000007 -8.5329113769531233 -3.0707153320312499 7.5000000000000009 1.6041027832031254 1.1561633300781253
decision_type=2 2 2 2 2 2 2 2 2 2 2 2 2 2
left_child=3 11 5 12 -5 -3 8 -6 9 10 -7 -2 13 -1
right_child=1 2 -4 4 7 6 -8 -9 -10 -11 -12 -13 -14 -15
leaf_value=-0.0022489151117147136 0.002637786701735523 -0.0034434333140961827 0.006077889342876998 -0.0025515504306643454 0.0029106461597257298 0.0017332909192191439 -0.00080691376144790823 -0.0011098589634315837 -0.00068963791431059468 0.0012415486794559222 0.0059888336854055533 0.0061739398612090475 0.00028067354682005115 -0.0048210099999877552
leaf_weight=374 34 32 42 76 76 30 70 34 30 56 40 86 34 42
leaf_count=374 34 32 42 76 76 30 70 34 30 56 40 86 34 42
internal_value=2.63702e-05 0.00257691 0.00148739 -0.00166075 -6.35397e-05 0.000699089 0.0013107 0.00167032 0.0022591 0.00296099 0.00426384 0.0052317 -0.00231773 -0.00253042
internal_weight=1056 420 300 636 186 258 226 110 156 126 70 120 450 416
internal_count=1056 420 300 636 186 258 226 110 156 126 70 120 450 416
is_linear=0
shrinkage=0.035


Tree=40
num_leaves=15
num_cat=0
split_feature=2 2 6 12 6 6 12 6 1 2 5 0 4 3
split_gain=3.47408 0.929166 0.702879 0.511697 0.482656 0.557067 0.549827 0.360492 0.377546 0.261984 0.271688 0.183617 0.178801 0.23918
threshold=8.3041369193072985 12.052443751424244 -8.0885839843749903 18.500000000000004 18.980346679687532 4.6281347656250498 11.500000000000002 4.3836230468750452 2.1162963867187501 9.8329182672543549 6.6800228100532104 4.9122436523437516 1.6041027832031254 3.4238427734375008
decision_type=2 2 2 2 2 2 2 2 2 2 2 2 2 2
left_child=3 2 -2 12 5 9 -6 -5 11 -4 -11 -9 13 -1
right_child=1 -3 4 7 6 -7 -8 8 -10 10 -12 -13 -14 -15
leaf_value=-0.0028005324670812119 -0.0027335234285177047 0.0052612975390035326 -0.00055345872494702542 -0.0026123795275052549 0.0033843103961650437 0.0058159487751033865 -0.0017388585849777995 0.001015837602550164 -0.0015778011750233803 0.0050638321259369456 0.00051574580982560291 0.004626822019927204 0.00015985803329385818 -0.00093820446016961497
leaf_weight=338 40 108 40 38 40 64 64 38 36 34 30 32 38 116
leaf_count=338 40 108 40 38 40 64 64 38 36 34 30 32 38 116
internal_value=2.61997e-05 0.00248986 0.00150311 -0.00160345 0.00214155 0.00329064 0.000258268 0.00022941 0.00127768 0.00165619 0.00301215 0.00274924 -0.00213865 -0.0023309
internal_weight=1056 420 312 636 272 168 104 144 106 104 64 70 492 454
internal_count=1056 420 312 636 272 168 104 144 106 104 64 70 492 454
is_linear=0
shrinkage=0.035


Tree=41
num_leaves=15
num_cat=0
split_feature=2 0 1 12 6 1 6 4 9 0 4 12 14 6
split_gain=3.23961 0.875982 0.803669 0.47701 0.474993 0.337491 0.336989 0.362166 0.250796 0.199692 0.221826 0.197393 0.172947 0.304635
threshold=8.3041369193072985 -9.741569824218745 2.2116467285156256 18.500000000000004 -8.1959863281249721 -2.1874853515624992 4.3836230468750452 2.1237463378906249 40.500000000000007 -8.5329113769531233 -3.0707153320312499 7.5000000000000009 252.50000000000003 22.146148681640657
decision_type=2 2 2 2 2 2 2 2 2 2 2 2 2 2
left_child=3 11 4 12 -3 8 -5 -8 9 10 -6 -2 13 -1
right_child=1 2 -4 6 5 -7 7 -9 -10 -11 -12 -13 -14 -15
leaf_value=-0.0030897195331985134 0.0024431346780491169 -0.0032399570311912721 0.00575113633139567 -0.0025255179023370151 0.0015721259702695535 -0.00080569607723090391 0.0026186024848485019 -0.0016759070505698523 -0.00074106529689743194 0.0011541644918154283 0.0056555180047871551 0.0058078945963643495 -1.9725224604674925e-05 -0.0012319567288184773
leaf_weight=248 34 32 42 38 30 70 72 34 30 56 40 86 46 198
leaf_count=248 34 32 42 38 30 70 72 34 30 56 40 86 46 198
internal_value=2.61355e-05 0.0024052 0.00137731 -0.00154756 0.000626533 0.00119762 0.000222077 0.00123559 0.00209536 0.00277173 0.00399777 0.00491023 -0.00206431 -0.00227415
internal_weight=1056 420 300 636 258 226 144 106 156 126 70 120 492 446
internal_count=1056 420 300 636 258 226 144 106 156 126 70 120 492 446
is_linear=0
shrinkage=0.035


Tree=42
num_leaves=15
num_cat=0
split_feature=2 2 14 12 3 6 12 0 6 1 6 12 14 1
split_gain=3.02246 0.830252 0.623125 0.448087 0.582875 0.390002 0.71109 0.689073 0.316958 0.281061 0.185555 0.320354 0.438817 0.183127
threshold=8.3041369193072985 12.052443751424244 244.50000000000003 16.500000000000004 2.1146594238281256 -8.1959863281249721 4.5000000000000009 -8.4716577148437491 30.297113037109401 1.9855187988281251 19.401159667968788 6.5000000000000009 231.50000000000003 -4.688999023437499
decision_type=2 2 2 2 2 2 2 2 2 2 2 2 2 2
left_child=3 2 5 10 -5 -2 -7 13 -9 -6 -1 12 -12 -8
right_child=1 -3 -4 4 9 6 7 8 -10 -11 11 -13 -14 -15
leaf_value=-0.0028851423474976169 -0.0027804434454332008 0.0049435003393393188 0.004058829184970819 -0.0023700459227443509 0.0027320647433743245 0.0046102561352129737 0.0002095932236665653 -0.004675201479345561 -7.4381441356510751e-05 -0.0010328795791914066 0.0029080418838808935 -0.0022394744734530957 -0.0023602446225575277 0.0036426291807385336
leaf_weight=200 36 108 78 76 76 50 34 38 34 34 40 176 34 42
leaf_count=200 36 108 78 76 76 50 34 38 34 34 40 176 34 42
internal_value=2.5993e-05 0.00232394 0.00139146 -0.00149405 -4.75862e-05 0.000475473 0.00108934 -0.000145765 -0.00256332 0.00157069 -0.00208906 -0.00143436 0.000489065 0.00215155
internal_weight=1056 420 312 636 186 234 198 148 72 110 450 250 74 76
internal_count=1056 420 312 636 186 234 198 148 72 110 450 250 74 76
is_linear=0
shrinkage=0.035


Tree=43
num_leaves=15
num_cat=0
split_feature=2 0 1 12 6 1 3 9 9 12 0 4 4 14
split_gain=2.81799 0.782436 0.738028 0.421427 0.410878 0.307621 0.306664 0.242672 0.23251 0.183728 0.17841 0.203985 0.16325 0.211533
threshold=8.3041369193072985 -9.741569824218745 2.2116467285156256 18.500000000000004 -8.1959863281249721 -2.1874853515624992 3.3844689941406254 31.500000000000004 40.500000000000007 7.5000000000000009 -8.5329113769531233 -3.0280285644531246 1.6041027832031254 224.50000000000003
decision_type=2 2 2 2 2 2 2 2 2 2 2 2 2 2
left_child=3 9 4 12 -3 8 7 -5 10 -2 11 -6 13 -1
right_child=1 2 -4 6 5 -7 -8 -9 -10 -11 -12 -13 -14 -15
leaf_value=-0.0028510006146862934 0.0022433291919312782 -0.003041637988781612 0.0054642059289934973 0.00075422734323450755 0.001662507708080941 -0.00082613704325113868 0.0032516153680626305 -0.0024618716197088364 -0.00078478380688466135 0.0054755723924079748 0.0010664380685594897 0.005535410232474342 0.00026297061855439099 -0.0013207051194876842
leaf_weight=232 34 32 42 66 34 70 30 48 30 86 56 36 38 222
leaf_count=232 34 32 42 66 34 70 30 48 30 86 56 36 38 222
internal_value=2.53934e-05 0.00224425 0.00127306 -0.00144233 0.000553995 0.00108533 0.00022086 -0.000619018 0.00194263 0.00461156 0.00259413 0.00375272 -0.00192804 -0.00211178
internal_weight=1056 420 300 636 258 226 144 114 156 120 126 70 492 454
internal_count=1056 420 300 636 258 226 144 114 156 120 126 70 492 454
is_linear=0
shrinkage=0.035


Tree=44
num_leaves=15
num_cat=0
split_feature=2 2 14 12 3 6 12 0 6 6 6 12 6 6
split_gain=2.62867 0.74213 0.566411 0.393469 0.52838 0.337478 0.653653 0.641964 0.302407 0.278085 0.355678 0.205032 0.177063 0.167182
threshold=8.3041369193072985 12.052443751424244 244.50000000000003 16.500000000000004 2.1146594238281256 -8.0885839843749903 4.5000000000000009 -8.4716577148437491 30.297113037109401 21.389172363281293 26.74694824218756 13.500000000000002 6.1827734375000327 19.401159667968788
decision_type=2 2 2 2 2 2 2 2 2 2 2 2 2 2
left_child=3 2 5 13 -5 -2 -7 11 -9 -6 -11 -8 -4 -1
right_child=1 -3 12 4 9 6 7 8 -10 10 -12 -13 -14 -15
leaf_value=-0.0027049996244714204 -0.0024375680046311273 0.0046449288857825614 0.0015737064136192205 -0.0022480708542160503 0.0038440329259028659 0.0043847407998355969 0.00011190901934039885 -0.0045564035030547529 -6.3014282431039551e-05 -0.0018489587557798423 0.0030010240328147125 0.0038154813138535247 0.0051209841960109777 -0.0013287556109005691
leaf_weight=200 40 108 30 76 38 50 34 38 34 42 30 38 48 250
leaf_count=200 40 108 30 76 38 50 34 38 34 42 30 38 48 250
internal_value=2.54594e-05 0.00216849 0.00128713 -0.00139211 -3.67533e-05 0.000414203 0.00102107 -0.000190936 -0.00249358 0.00150393 0.000198359 0.00211686 0.0038301 -0.00194968
internal_weight=1056 420 312 636 186 234 194 144 72 110 72 72 78 450
internal_count=1056 420 312 636 186 234 194 144 72 110 72 72 78 450
is_linear=0
shrinkage=0.035


Tree=45
num_leaves=15
num_cat=0
split_feature=2 3 1 12 1 14 6 6 6 14 12 14 6 6
split_gain=2.45107 0.708074 0.685021 0.373169 0.3669 0.656737 0.49774 0.285457 0.342426 0.330441 0.224106 0.1565 0.258678 0.514273
threshold=8.3041369193072985 -6.6901733398437493 2.2116467285156256 18.500000000000004 -4.900080566406249 20.500000000000004 11.621181640625055 4.3836230468750452 21.389172363281293 227.50000000000003 8.5000000000000018 252.50000000000003 22.146148681640657 24.317346191406276
decision_type=2 2 2 2 2 2 2 2 2 2 2 2 2 2
left_child=3 -2 4 11 -3 -6 10 -5 -9 -10 -7 12 -1 -14
right_child=1 2 -4 7 5 6 -8 8 9 -11 -12 -13 13 -15
leaf_value=-0.002751276292302646 0.0042954643547677227 0.0028432225815680189 0.0051828917310657837 -0.0023077116236090663 -0.0037537478028796616 0.0010185285789581636 -0.00093735065660439443 0.0038293622659617351 0.0021211598275436296 -0.0025591626793979427 0.0051130515857435331 0.00013773871363810032 0.0029011650298557744 -0.0018269227596344234
leaf_weight=248 124 58 42 38 48 34 82 36 34 36 32 46 32 166
leaf_count=248 124 58 42 38 48 34 82 36 34 36 32 46 32 166
internal_value=2.53165e-05 0.00209468 0.00115009 -0.00134353 0.000447966 -0.000282394 0.000878489 0.000221376 0.00115398 -0.000290089 0.00309575 -0.00180059 -0.00200023 -0.00104142
internal_weight=1056 420 296 636 254 196 148 144 106 70 66 492 446 198
internal_count=1056 420 296 636 254 196 148 144 106 70 66 492 446 198
is_linear=0
shrinkage=0.035


Tree=46
num_leaves=15
num_cat=0
split_feature=2 2 14 12 14 6 0 1 3 9 6 6 4 1
split_gain=2.2857 0.662635 0.505168 0.347769 0.316914 0.456259 0.469586 0.339229 0.268654 0.205699 0.161112 0.160993 0.148185 0.205581
threshold=8.3041369193072985 12.052443751424244 244.50000000000003 18.500000000000004 231.50000000000003 -6.9745800781249718 -8.4716577148437491 -1.3706701660156246 3.3844689941406254 31.500000000000004 6.1827734375000327 -0.48882812499999767 1.6041027832031254 1.1561633300781253
decision_type=2 2 2 2 2 2 2 2 2 2 2 2 2 2
left_child=3 2 4 12 5 -2 11 -8 9 -5 -4 -7 13 -1
right_child=1 -3 10 8 -6 6 7 -9 -10 -11 -12 -13 -14 -15
leaf_value=-0.0016593310282625269 -0.0019617752873679053 0.0043635230041214864 0.0014456533058546486 0.00069229161558563221 -0.0027656798217418226 0.0020781658078624829 -0.002554085204181703 0.0021231315020275748 0.0030507897550705824 -0.0022687121886759997 0.0048228487236425281 0.0053530295866566074 0.00034538106853142383 -0.0042117906065488406
leaf_weight=412 50 108 30 66 32 44 36 36 30 48 48 36 38 42
leaf_count=412 50 108 30 66 32 44 36 36 30 48 48 36 38 42
internal_value=2.53108e-05 0.00202365 0.00119106 -0.00129655 0.000366903 0.000885403 0.00183529 -0.000221301 0.000214147 -0.000572067 0.00359254 0.00364647 -0.00173779 -0.0019129
internal_weight=1056 420 312 636 234 202 152 72 144 114 78 80 492 454
internal_count=1056 420 312 636 234 202 152 72 144 114 78 80 492 454
is_linear=0
shrinkage=0.035


Tree=47
num_leaves=15
num_cat=0
split_feature=2 3 1 1 14 6 12 3 1 9 9 4 1 14
split_gain=2.13194 0.621684 0.616806 0.334558 0.596316 0.460049 0.324964 0.468411 0.26359 0.206199 0.156809 0.150276 0.232138 0.178112
threshold=8.3041369193072985 -6.6901733398437493 2.2116467285156256 -4.900080566406249 20.500000000000004 11.621181640625055 16.500000000000004 2.1146594238281256 1.9855187988281251 34.500000000000007 31.500000000000004 1.5571594238281252 1.1561633300781253 224.50000000000003
decision_type=2 2 2 2 2 2 2 2 2 2 2 2 2 2
left_child=6 -2 3 -3 -5 9 11 -8 10 -6 -9 12 13 -1
right_child=1 2 -4 4 5 -7 7 8 -10 -11 -12 -13 -14 -15
leaf_value=-0.0024213137527682926 0.0040170791806788961 0.0026912032591644677 0.0048965927128764722 -0.0036009699846617882 0.0046612525650447144 -0.00093204090769480297 -0.0021022345165077313 0.0011854102226546578 -0.0010873238985530205 0.00072287767019588503 0.0044516289257080649 0.00027687403295810026 -0.0045895456248208101 -0.00088183493384428376
leaf_weight=192 124 58 42 48 36 82 76 46 34 30 30 40 36 182
leaf_count=192 124 58 42 48 36 82 76 46 34 30 30 40 36 182
internal_value=2.50107e-05 0.00195496 0.00106994 0.000403875 -0.000293335 0.000813122 -0.00125162 -2.00326e-05 0.00143043 0.002945 0.00255579 -0.00175833 -0.00195727 -0.00168083
internal_weight=1056 420 296 254 196 148 636 186 110 66 76 450 410 374
internal_count=1056 420 296 254 196 148 636 186 110 66 76 450 410 374
is_linear=0
shrinkage=0.035


Tree=48
num_leaves=15
num_cat=0
split_feature=2 2 14 12 0 12 6 6 14 12 14 6 14 6
split_gain=1.9887 0.591751 0.454546 0.311945 0.380563 0.305381 0.246813 0.32413 0.297585 0.216641 0.215784 0.145716 0.138342 0.230273
threshold=8.3041369193072985 12.052443751424244 244.50000000000003 3.5000000000000004 -8.4716577148437491 18.500000000000004 4.3836230468750452 21.389172363281293 227.50000000000003 12.500000000000002 223.50000000000003 6.1827734375000327 252.50000000000003 22.146148681640657
decision_type=2 2 2 2 2 2 2 2 2 2 2 2 2 2
left_child=5 2 3 -2 9 12 -7 -8 -9 -5 -6 -4 13 -1
right_child=1 -3 11 4 10 6 7 8 -10 -11 -12 -13 -14 -15
leaf_value=-0.0025178281256183987 0.0025008855617294715 0.0040996279458155524 0.0013414467353140937 -0.00053685412944658954 -0.00072284809531023106 -0.0021445105148013683 0.0036774694591172434 0.0019605263764970004 -0.0024814074966860444 0.0028778575333442704 -0.0043353087973082441 0.0045493444208055739 0.0001978387917552027 -0.00090616957265883698
leaf_weight=248 58 108 30 44 58 38 36 34 36 44 30 48 46 198
leaf_count=248 58 108 30 44 58 38 36 34 36 44 30 48 46 198
internal_value=2.46175e-05 0.0018886 0.00110201 0.000320502 -0.00041806 -0.00120838 0.000207184 0.00107435 -0.000329369 0.00119651 -0.00202334 0.00337992 -0.00162185 -0.00180958
internal_weight=1056 420 312 234 176 636 144 106 70 88 88 78 492 446
internal_count=1056 420 312 234 176 636 144 106 70 88 88 78 492 446
is_linear=0
shrinkage=0.035


Tree=49
num_leaves=15
num_cat=0
split_feature=2 9 6 12 5 14 1 12 3 1 1 9 4 1
split_gain=1.85424 0.561755 0.414639 0.506399 0.378838 0.360608 0.417771 0.285204 0.426663 0.24825 0.17558 0.144216 0.138797 0.166123
threshold=8.3041369193072985 20.500000000000004 18.980346679687532 11.500000000000002 6.3792531111673272 23.500000000000004 -1.3561547851562497 16.500000000000004 2.1146594238281256 1.9855187988281251 -4.6527844238281242 31.500000000000004 1.6041027832031254 1.1561633300781253
decision_type=2 2 2 2 2 2 2 2 2 2 2 2 2 2
left_child=7 5 4 -4 -3 10 -7 12 -9 11 -2 -10 13 -1
right_child=1 2 3 -5 -6 6 -8 8 9 -11 -12 -13 -14 -15
leaf_value=-0.0015656321598826834 9.5106625012704183e-05 0.0015058277865811704 0.0030999509323519311 -0.0022656425810419025 0.0050092313501252711 0.0029121844963220932 -0.0018944142508553342 -0.001999925201854263 0.0011489551950732374 -0.0010711159854609935 -0.0035723531227011018 0.0042823020681680649 0.00048411997397326768 -0.0038749428440562708
leaf_weight=374 30 60 48 36 112 72 30 76 46 34 32 30 34 42
leaf_count=374 30 60 48 36 112 72 30 76 46 34 32 30 34 42
internal_value=2.42561e-05 0.00182412 0.00284231 0.000801199 0.00381847 0.000219661 0.00148923 -0.00116633 -1.26108e-05 0.00137164 -0.00185026 0.00246389 -0.00164103 -0.00181621
internal_weight=1056 420 256 84 172 164 102 636 186 110 62 76 450 416
internal_count=1056 420 256 84 172 164 102 636 186 110 62 76 450 416
is_linear=0
shrinkage=0.035


Tree=50
num_leaves=15
num_cat=0
split_feature=2 2 6 6 12 6 1 12 6 6 14 6 3 12
split_gain=1.72802 0.527946 0.431767 0.342714 0.370304 0.346552 0.281029 0.267946 0.21982 0.311219 0.272413 0.161337 0.129025 0.164246
threshold=8.3041369193072985 12.052443751424244 -6.9745800781249718 18.980346679687532 11.500000000000002 4.6281347656250498 -4.525355224609374 18.500000000000004 4.3836230468750452 21.389172363281293 227.50000000000003 32.162341308593803 3.6680578613281249 3.5000000000000004
decision_type=2 2 2 2 2 2 2 2 2 2 2 2 2 2
left_child=7 2 -2 5 -5 6 -4 12 -9 -10 -11 -6 13 -1
right_child=1 -3 3 4 11 -7 -8 8 9 10 -12 -13 -14 -15
leaf_value=-0.00050918861821022199 -0.0019088774730111116 0.0038493642039089042 0.0026179122479375256 0.0025912872040256244 -0.0032917506168322532 0.004554620494776773 -0.0012860611088884373 -0.0020193545212969185 0.0035693221156926536 0.0018360018406787682 -0.0024142564558669141 0.0001611854965962908 -0.00038164225390966181 -0.0021988668604809697
leaf_weight=94 50 108 60 40 32 64 34 38 36 34 36 32 100 298
leaf_count=94 50 108 60 40 32 64 34 38 36 34 36 32 100 298
internal_value=2.35589e-05 0.00176109 0.00101831 0.00158717 2.25929e-05 0.00260386 0.00120846 -0.00112579 0.000200098 0.00101841 -0.00035619 -0.00161272 -0.0015131 -0.00179833
internal_weight=1056 420 312 262 104 158 94 636 144 106 70 64 492 392
internal_count=1056 420 312 262 104 158 94 636 144 106 70 64 492 392
is_linear=0
shrinkage=0.035


Tree=51
num_leaves=15
num_cat=0
split_feature=5 6 9 5 9 6 9 0 1 14 12 6 6 1
split_gain=1.61143 0.59272 0.561205 0.342154 0.45076 0.620326 0.377287 0.243538 0.216832 0.226193 0.197831 0.49327 0.161535 0.147884
threshold=6.3104385568881289 22.581481933593782 15.500000000000002 3.5742813562564715 30.500000000000004 22.474359130859401 39.500000000000007 7.404912109375001 1.4714013671875004 230.50000000000003 16.500000000000004 18.692822265625043 4.9998535156250066 -0.38829956054687492
decision_type=2 2 2 2 2 2 2 2 2 2 2 2 2 2
left_child=3 2 -2 8 10 6 12 -3 13 -10 -5 -12 -6 -1
right_child=1 7 -4 4 5 -7 -8 -9 9 -11 11 -13 -14 -15
leaf_value=-0.00080417273632649871 0.00016389739878762229 0.0023366786210167719 0.0044745394554673926 -0.0019970352929650453 -0.0003527807299157276 0.0043299769513584956 -0.0021942846591894824 -0.0013493136915513466 0.0022805166564991374 -0.0017577353749862489 0.0020660230784753744 -0.0033472202685925372 0.00289553907699883 -0.0024851864433245888
leaf_weight=96 50 32 142 134 32 52 58 60 32 32 56 30 42 208
leaf_count=96 50 32 142 134 32 52 58 60 32 32 56 30 42 208
internal_value=2.30764e-05 0.00226799 0.00336524 -0.0008065 -0.000101743 0.00116974 -0.000121253 -4.47912e-05 -0.00157547 0.000269312 -0.00116612 0.000144526 0.00151854 -0.00196307
internal_weight=1056 284 192 772 404 184 132 92 368 64 220 86 74 304
internal_count=1056 284 192 772 404 184 132 92 368 64 220 86 74 304
is_linear=0
shrinkage=0.035


Tree=52
num_leaves=15
num_cat=0
split_feature=2 2 6 6 12 6 1 12 6 4 6 14 6 6
split_gain=1.5057 0.466538 0.390106 0.316182 0.330538 0.305926 0.264448 0.233109 0.203284 0.294732 0.154878 0.124297 0.202128 0.463807
threshold=8.3041369193072985 12.052443751424244 -6.9745800781249718 18.980346679687532 11.500000000000002 4.6281347656250498 -4.525355224609374 18.500000000000004 4.3836230468750452 2.1237463378906249 32.162341308593803 252.50000000000003 22.146148681640657 24.317346191406276
decision_type=2 2 2 2 2 2 2 2 2 2 2 2 2 2
left_child=7 2 -2 5 -5 6 -4 11 -9 -10 -6 12 -1 -14
right_child=1 -3 3 4 10 -7 -8 8 9 -11 -12 -13 13 -15
leaf_value=-0.0022526980071468279 -0.0018357014971731517 0.003607461818388071 0.0025195688931196332 0.0024125582965401314 -0.0032044448936358098 0.004296707258961926 -0.0012669505613545579 -0.0019478603887837381 0.0022225754207780436 -0.0016484592122853632 0.0001775574060978697 0.00030872571415481318 0.0029941764929989245 -0.0014926360222307267
leaf_weight=248 50 108 60 40 32 64 34 38 72 34 32 46 32 166
leaf_count=248 50 108 60 40 32 64 34 38 72 34 32 46 32 166
internal_value=2.25505e-05 0.00164446 0.000946314 0.00148712 -1.49691e-05 0.00246366 0.00115212 -0.00105032 0.000186381 0.000973389 -0.00155931 -0.00141157 -0.00158959 -0.000744804
internal_weight=1056 420 312 262 104 158 94 636 144 106 64 492 446 198
internal_count=1056 420 312 262 104 158 94 636 144 106 64 492 446 198
is_linear=0
shrinkage=0.035


Tree=53
num_leaves=15
num_cat=0
split_feature=5 6 9 5 9 6 9 0 9 14 9 12 6 14
split_gain=1.40974 0.524511 0.507958 0.308391 0.401513 0.58163 0.342766 0.222591 0.197352 0.252441 0.209681 0.181565 0.456776 0.142367
threshold=6.3104385568881289 22.581481933593782 15.500000000000002 3.5742813562564715 30.500000000000004 22.474359130859401 39.500000000000007 7.404912109375001 15.500000000000002 234.50000000000003 7.5000000000000009 16.500000000000004 18.692822265625043 26.500000000000004
decision_type=2 2 2 2 2 2 2 2 2 2 2 2 2 2
left_child=3 2 -2 8 11 6 -6 -3 9 10 -1 13 -13 -5
right_child=1 7 -4 4 5 -7 -8 -9 -10 -11 -12 12 -14 -15
leaf_value=-0.0014197471129591577 0.00011020731592837435 0.0022234062535469151 0.0042093473439066059 -0.003591548240122696 0.0014285876261419619 0.004175235634083274 -0.0021103462328513466 -0.0013005211618503617 -0.0020720892086575071 -0.0023214970823377374 0.0021906845045920748 0.0020140863848440672 -0.0031951321269298207 -0.0010997934447974939
leaf_weight=30 50 32 142 40 74 52 58 60 240 48 50 56 30 94
leaf_count=30 50 32 142 40 74 52 58 60 240 48 50 56 30 94
internal_value=2.20848e-05 0.00212182 0.003154 -0.000753843 -8.48222e-05 0.00111513 -0.000134687 -5.35798e-05 -0.00148388 -0.000366086 0.000835167 -0.00108943 0.0001656 -0.00188548
internal_weight=1056 284 192 772 404 184 132 92 368 128 80 220 86 134
internal_count=1056 284 192 772 404 184 132 92 368 128 80 220 86 134
is_linear=0
shrinkage=0.035


Tree=54
num_leaves=15
num_cat=0
split_feature=2 2 0 9 12 1 3 12 2 4 14 9 14 9
split_gain=1.31547 0.419829 0.29235 0.440044 0.26385 0.262676 0.210874 0.277225 0.198959 0.192762 0.173914 0.235906 0.265155 0.299248
threshold=8.3041369193072985 13.083143540028486 -9.2298266601562506 30.500000000000004 7.5000000000000009 1.2905688476562502 3.5908276367187502 16.500000000000004 9.6702697208257629 -3.9751757812499995 252.50000000000003 16.500000000000004 234.50000000000003 7.5000000000000009
decision_type=2 2 2 2 2 2 2 2 2 2 2 2 2 2
left_child=6 2 4 8 -2 -5 10 -8 -4 -6 11 12 13 -1
right_child=1 -3 3 5 9 -7 7 -9 -10 -11 -12 -13 -14 -15
leaf_value=-0.0020451800750666545 0.00016093449817906896 0.0042033623091335742 0.00034134183293453569 0.00079552114609572481 0.0013291496197309564 0.0046349109369604033 -0.00089312199874764836 0.0024738917615436747 -0.0022732661946621891 0.0048921212273685694 0.00077394323706950847 -0.0021248974516223369 -0.0022317626145120493 0.0017297252623829993
leaf_weight=36 42 60 74 64 32 32 84 44 66 50 44 284 66 78
leaf_count=36 42 60 74 64 32 32 84 44 66 50 44 284 66 78
internal_value=2.12616e-05 0.00153726 0.00107214 0.000342232 0.00243383 0.00214379 -0.000981548 0.000284543 -0.000905916 0.00356645 -0.00130043 -0.00149961 -0.000500542 0.000522941
internal_weight=1056 420 360 236 124 96 636 128 140 82 508 464 180 114
internal_count=1056 420 360 236 124 96 636 128 140 82 508 464 180 114
is_linear=0
shrinkage=0.035


Tree=55
num_leaves=15
num_cat=0
split_feature=5 6 9 5 9 6 13 12 0 1 14 6 12 14
split_gain=1.24713 0.464431 0.452273 0.267291 0.359469 0.529738 0.315038 0.356669 0.200017 0.178834 0.191856 0.165926 0.322106 0.207178
threshold=6.3104385568881289 22.581481933593782 15.500000000000002 3.5742813562564715 30.500000000000004 22.474359130859401 8.5000000000000018 2.5000000000000004 7.404912109375001 1.4714013671875004 230.50000000000003 20.04545288085939 16.500000000000004 26.500000000000004
decision_type=2 2 2 2 2 2 2 2 2 2 2 2 2 2
left_child=3 2 -2 9 11 6 7 -6 -3 -1 -11 12 13 -5
right_child=1 8 -4 4 5 -7 -8 -9 -10 10 -12 -13 -14 -15
leaf_value=-0.0017402042555501017 9.5712399208703307e-05 0.0021076468289281955 0.0039633038425421954 -0.0034243027006353568 0.0017344698699889706 0.0039702158021154227 0.0022952958306466991 -0.0028326856626411487 -0.0012328174336078287 0.0021373825060094108 -0.0015820650333155167 -0.0022631000349065292 0.0016679700122913346 9.0868111195353175e-05
leaf_weight=304 50 32 142 40 30 52 42 60 60 32 32 82 58 40
leaf_count=304 50 32 142 40 30 52 42 60 60 32 32 82 58 40
internal_value=2.1296e-05 0.00199622 0.00296749 -0.00070851 -8.56287e-05 0.00104979 -0.000142765 -0.00130569 -5.07946e-05 -0.00138817 0.000286073 -0.00103616 -0.000285186 -0.00170737
internal_weight=1056 284 192 772 404 184 132 90 92 368 64 220 138 80
internal_count=1056 284 192 772 404 184 132 90 92 368 64 220 138 80
is_linear=0
shrinkage=0.035


Tree=56
num_leaves=15
num_cat=0
split_feature=5 6 9 5 9 6 13 12 9 9 4 6 12 14
split_gain=1.16243 0.432727 0.421573 0.249082 0.336042 0.473253 0.29413 0.333198 0.189058 0.169561 0.247138 0.161174 0.300836 0.193597
threshold=6.3104385568881289 22.581481933593782 15.500000000000002 3.5742813562564715 29.500000000000004 22.474359130859401 8.5000000000000018 2.5000000000000004 23.500000000000004 13.500000000000002 0.65822631835937506 20.04545288085939 16.500000000000004 26.500000000000004
decision_type=2 2 2 2 2 2 2 2 2 2 2 2 2 2
left_child=3 2 -2 9 11 6 7 -6 -3 10 -1 12 13 -5
right_child=1 8 -4 4 5 -7 -8 -9 -10 -11 -12 -13 -14 -15
leaf_value=-0.0018448926270473751 9.249131374347668e-05 0.001571990557662819 0.0038265148245328522 -0.0033101592492312199 0.0016775576234795155 0.0037007416144479071 0.0022186120654540983 -0.0027367398437608275 -0.0015371580608771185 -0.0017895597020640924 0.0016014804743910926 -0.0022400119421892187 0.0016115370420739055 8.7839189412382748e-05
leaf_weight=48 50 44 142 40 30 54 42 60 48 270 50 80 58 40
leaf_count=48 50 44 142 40 30 54 42 60 48 270 50 80 58 40
internal_value=2.08806e-05 0.00192756 0.00286509 -0.000683708 -8.24181e-05 0.0010046 -0.000137143 -0.00126083 -4.83653e-05 -0.00133981 -8.96765e-05 -0.00101057 -0.000276037 -0.00165046
internal_weight=1056 284 192 772 404 186 132 90 92 368 98 218 138 80
internal_count=1056 284 192 772 404 186 132 90 92 368 98 218 138 80
is_linear=0
shrinkage=0.035


Tree=57
num_leaves=15
num_cat=0
split_feature=5 6 9 5 9 6 9 0 9 9 6 12 6 14
split_gain=1.08339 0.403364 0.392957 0.232166 0.314507 0.462569 0.27522 0.18652 0.157954 0.23338 0.144688 0.280971 0.197944 0.180905
threshold=6.3104385568881289 22.581481933593782 15.500000000000002 3.5742813562564715 30.500000000000004 22.474359130859401 39.500000000000007 7.404912109375001 13.500000000000002 6.5000000000000009 20.04545288085939 16.500000000000004 27.838793945312521 26.500000000000004
decision_type=2 2 2 2 2 2 2 2 2 2 2 2 2 2
left_child=3 2 -2 8 10 6 -6 -3 9 -1 11 13 -12 -5
right_child=1 7 -4 4 5 -7 -8 -9 -10 -11 12 -13 -14 -15
leaf_value=-0.0018607783964641085 8.9378626300738427e-05 0.0020376447734751688 0.0036944469080845014 -0.0031998206457744044 0.0012692374549499762 0.0037116760839880623 -0.0019019129912679397 -0.0011881402788698793 -0.0017273856839025994 0.0014934545356987251 -0.0041786824290038034 0.0015570133541186807 -0.0006830215925695554 8.4911220668194194e-05
leaf_weight=46 50 32 142 40 74 52 58 60 270 52 32 58 50 40
leaf_count=46 50 32 142 40 74 52 58 60 270 52 32 58 50 40
internal_value=2.03437e-05 0.00186106 0.00276623 -0.00065987 -7.93595e-05 0.000982676 -0.000131737 -4.66465e-05 -0.0012933 -8.67082e-05 -0.000968458 -0.000267181 -0.00211419 -0.00159544
internal_weight=1056 284 192 772 404 184 132 92 368 98 220 138 82 80
internal_count=1056 284 192 772 404 184 132 92 368 98 220 138 82 80
is_linear=0
shrinkage=0.035


Tree=58
num_leaves=15
num_cat=0
split_feature=2 9 2 6 6 3 9 14 9 14 0 2 9 14
split_gain=1.01845 0.285658 0.286251 0.296658 0.356868 0.261216 0.276064 0.252486 0.238463 0.198404 0.155144 0.148508 0.126075 0.197832
threshold=9.4044066083536588 7.5000000000000009 12.052443751424244 19.859655761718788 -0.48882812499999767 3.5908276367187502 27.500000000000004 224.50000000000003 6.5000000000000009 252.50000000000003 7.4928173828124995 10.078442728194331 17.500000000000004 234.50000000000003
decision_type=2 2 2 2 2 2 2 2 2 2 2 2 2 2
left_child=5 -2 3 4 -3 9 8 -8 -7 12 -9 -6 13 -1
right_child=1 2 -4 -5 11 6 7 10 -10 -11 -12 -13 -14 -15
leaf_value=0.00017569825728423895 -0.00040151093920664583 -8.0139856544081823e-05 0.0037178861471935916 -0.00137534568074625 0.001734920389171748 0.00058513680071843306 -0.00085221015286686679 0.0044685390873605178 -0.0032956998898675117 0.0009335431722865907 0.0010862343132288922 0.0051652018367312853 -0.0017298325989549574 -0.0020650443857586063
leaf_weight=138 64 52 94 38 30 44 32 34 32 54 34 38 300 72
leaf_count=138 64 52 94 38 30 44 32 34 32 54 34 38 300 72
internal_value=1.95786e-05 0.00167673 0.00220355 0.0012674 0.0021131 -0.000690684 0.000482355 0.00167644 -0.00109151 -0.00105715 0.00285674 0.00374465 -0.00127075 -0.00060479
internal_weight=1056 316 252 158 120 740 176 100 76 564 68 68 510 210
internal_count=1056 316 252 158 120 740 176 100 76 564 68 68 510 210
is_linear=0
shrinkage=0.035


Tree=59
num_leaves=15
num_cat=0
split_feature=5 6 9 4 4 12 13 4 14 5 3 6 9 9
split_gain=0.953959 0.355091 0.344327 0.208058 0.645785 0.241975 0.27096 0.206098 0.186508 0.186021 0.213071 0.197591 0.175466 0.140323
threshold=6.3104385568881289 22.581481933593782 15.500000000000002 1.6041027832031254 2.1786743164062505 17.500000000000004 8.5000000000000018 -2.8682885742187496 234.50000000000003 5.2766884261071718 3.6680578613281249 23.050061035156293 23.500000000000004 30.500000000000004
decision_type=2 2 2 2 2 2 2 2 2 2 2 2 2 2
left_child=3 2 -2 5 8 7 13 -1 -5 10 -9 -12 -3 -7
right_child=1 12 -4 4 -6 6 -8 9 -10 -11 11 -13 -14 -15
leaf_value=0.001427208744948182 8.9964010224391071e-05 0.0015177128593558851 0.0034648585479590114 0.0050398194990702912 -0.0019638345059778159 0.00082380727647493287 0.0032360095167678084 -0.001476792185241156 0.0011644618176197743 -0.0031754776997695447 -0.0012605636201025096 0.0024668199542955136 -0.001477587532391772 -0.0015525934227081316
leaf_weight=32 50 44 142 30 56 58 30 346 32 62 32 34 48 60
leaf_count=32 50 44 142 30 56 58 30 346 32 62 32 34 48 60
internal_value=1.94271e-05 0.00174669 0.00259597 -0.000618862 0.000724696 -0.000862748 0.000378133 -0.00122575 0.00313853 -0.0014101 -0.00113038 0.000675682 -4.32403e-05 -0.00039027
internal_weight=1056 284 192 772 118 654 148 506 62 474 412 66 92 118
internal_count=1056 284 192 772 118 654 148 506 62 474 412 66 92 118
is_linear=0
shrinkage=0.035


Tree=60
num_leaves=15
num_cat=0
split_feature=2 9 2 6 6 14 3 9 14 9 14 0 13 9
split_gain=0.891347 0.258318 0.255413 0.282466 0.247222 0.511439 0.236202 0.255626 0.229473 0.223978 0.181839 0.138304 0.136684 0.111244
threshold=9.4044066083536588 7.5000000000000009 12.911643132941416 19.859655761718788 -0.48882812499999767 20.500000000000004 3.5908276367187502 27.500000000000004 224.50000000000003 6.5000000000000009 252.50000000000003 7.4928173828124995 10.000000000000002 17.500000000000004
decision_type=2 2 2 2 2 2 2 2 2 2 2 2 2 2
left_child=6 -2 3 4 5 -3 10 9 -9 -8 13 -10 -6 -1
right_child=1 2 -4 -5 12 -7 7 8 11 -11 -12 -13 -14 -15
leaf_value=-0.00057254940808562898 -0.00040605351689560908 -0.0025143182872082383 0.0040795320104807624 -0.00086773178875446328 0.0052633078525746793 0.003328285653726198 0.00058005322999594262 -0.0007924272294621915 0.004266946152266529 -0.0031806967979269656 0.00091173916065599779 0.0010691498877066707 0.0021293580115003432 -0.0016294331360727455
leaf_weight=210 64 32 58 48 32 38 44 32 34 32 54 34 44 300
leaf_count=210 64 32 58 48 32 38 44 32 34 32 54 34 44 300
internal_value=1.92979e-05 0.0015696 0.0020706 0.00143449 0.00219289 0.000661731 -0.00064517 0.000470201 0.00161919 -0.00104437 -0.000993661 0.00274428 0.00355004 -0.00119818
internal_weight=1056 316 252 194 146 70 740 176 100 76 564 68 76 510
internal_count=1056 316 252 194 146 70 740 176 100 76 564 68 76 510
is_linear=0
shrinkage=0.035


Tree=61
num_leaves=15
num_cat=0
split_feature=5 6 9 14 5 9 6 12 9 6 0 6 12 6
split_gain=0.844515 0.310418 0.300587 0.198116 0.227011 0.379988 0.265122 0.328303 0.214878 0.201876 0.174343 0.158465 0.326201 0.177964
threshold=6.3104385568881289 22.581481933593782 15.500000000000002 9.5000000000000018 3.5742813562564715 30.500000000000004 22.474359130859401 7.5000000000000009 13.500000000000002 3.8278027343750414 7.404912109375001 20.04545288085939 16.500000000000004 27.838793945312521
decision_type=2 2 2 2 2 2 2 2 2 2 2 2 2 2
left_child=3 2 -2 -1 8 11 7 9 -5 -7 -3 12 -6 -13
right_child=1 10 -4 4 5 6 -8 -9 -10 -11 -12 13 -14 -15
leaf_value=-0.002713609546422959 9.6666201447638192e-05 0.001985526372514227 0.0032504495014210183 0.0004927559315547114 -0.0014222181296379239 0.0011666356143541635 0.0034594598505645995 0.0030616896190852126 -0.0015411239251304377 -0.002536759146799644 -0.0011331633436343362 -0.0039339923538586046 0.0020810838052744253 -0.00062103351860199696
leaf_weight=48 50 32 142 82 80 30 52 36 270 40 60 32 52 50
leaf_count=48 50 32 142 82 80 30 52 36 270 40 60 32 52 50
internal_value=1.93942e-05 0.00164456 0.00243862 -0.000581168 -0.000432705 0.000170189 0.00146215 0.000436414 -0.00106722 -0.000961271 -2.92365e-05 -0.000788393 -3.16669e-05 -0.00197678
internal_weight=1056 284 192 772 724 372 158 106 352 70 92 214 132 82
internal_count=1056 284 192 772 724 372 158 106 352 70 92 214 132 82
is_linear=0
shrinkage=0.035


Tree=62
num_leaves=15
num_cat=0
split_feature=5 14 14 14 5 9 6 12 9 9 0 12 6 12
split_gain=0.787353 0.294697 0.426541 0.185133 0.211556 0.355001 0.247459 0.306823 0.200265 0.194914 0.18474 0.226052 0.14822 0.30447
threshold=6.3104385568881289 245.50000000000003 223.50000000000003 9.5000000000000018 3.5742813562564715 30.500000000000004 22.474359130859401 7.5000000000000009 13.500000000000002 39.500000000000007 -10.322578124999998 14.500000000000002 20.04545288085939 16.500000000000004
decision_type=2 2 2 2 2 2 2 2 2 2 2 2 2 2
left_child=3 2 10 -1 8 12 7 9 -5 -7 -2 -12 13 -6
right_child=1 -3 -4 4 5 6 -8 -9 -10 -11 11 -13 -14 -15
leaf_value=-0.0026224322572350506 0.0031671024892906043 0.0034598358264683114 -0.0016136503774517527 0.00047592009666307914 -0.0013736545791133965 0.00094812568277120597 0.0033428633192347161 0.0029601704464661646 -0.0014875812049007545 -0.0026583571883996853 -0.001058462335753244 0.0025377990033787988 -0.0019113881466546448 0.0020109435896867784
leaf_weight=48 70 74 58 82 80 34 52 36 270 36 42 40 82 52
leaf_count=48 70 74 58 82 80 34 52 36 270 36 42 40 82 52
internal_value=1.88274e-05 0.00158802 0.000902017 -0.000561054 -0.00041754 0.000164467 0.00141323 0.000422235 -0.00103007 -0.000928959 0.00187043 0.000714467 -0.000762062 -3.02143e-05
internal_weight=1056 284 210 772 724 372 158 106 352 70 152 82 214 132
internal_count=1056 284 210 772 724 372 158 106 352 70 152 82 214 132
is_linear=0
shrinkage=0.035


Tree=63
num_leaves=15
num_cat=0
split_feature=5 14 14 9 14 5 9 6 12 6 9 1 6 6
split_gain=0.734347 0.274915 0.398151 0.178863 0.173033 0.197287 0.331349 0.231015 0.286806 0.192135 0.186646 0.142876 0.179896 0.13832
threshold=6.3104385568881289 245.50000000000003 223.50000000000003 15.500000000000002 9.5000000000000018 3.5742813562564715 30.500000000000004 22.474359130859401 7.5000000000000009 3.8278027343750414 13.500000000000002 -0.39359130859374986 0.79844726562501489 20.04545288085939
decision_type=2 2 2 2 2 2 2 2 2 2 2 2 2 2
left_child=4 2 3 -2 -1 10 13 8 9 -8 -6 12 -12 -7
right_child=1 -3 -4 -5 5 6 7 -9 -10 -11 11 -13 -14 -15
leaf_value=-0.0025343185316771271 0.00022090020573473185 0.0033419282222166662 -0.0015590551904169844 0.0027089592425909364 0.00045965950609267272 -2.8823959283224909e-05 0.0011761368247971405 0.0032301963938193195 0.002862017439543515 -0.0024357182780901593 -0.0019511579457685004 -0.001889948007692775 0.0016105763977516052 -0.0018460823910815335
leaf_weight=48 56 74 58 96 82 132 30 52 36 40 30 204 36 82
leaf_count=48 56 74 58 96 82 132 30 52 36 40 30 204 36 82
internal_value=1.85772e-05 0.00153403 0.000871448 0.00180708 -0.000541446 -0.000402704 0.000159332 0.00136577 0.000408267 -0.000898108 -0.000994218 -0.0014359 -1.8164e-05 -0.000735802
internal_weight=1056 284 210 152 772 724 372 158 106 70 352 270 66 214
internal_count=1056 284 210 152 772 724 372 158 106 70 352 270 66 214
is_linear=0
shrinkage=0.035


Tree=64
num_leaves=15
num_cat=0
split_feature=5 14 14 9 4 4 1 12 14 14 5 9 1 0
split_gain=0.684713 0.256574 0.371488 0.166792 0.164492 0.605516 0.189447 0.19835 0.330428 0.169849 0.140479 0.134342 0.125448 0.251286
threshold=6.3104385568881289 245.50000000000003 223.50000000000003 15.500000000000002 1.6041027832031254 2.1786743164062505 -4.6527844238281242 16.500000000000004 244.50000000000003 234.50000000000003 5.2766884261071718 9.5000000000000018 1.1561633300781253 5.0386267089843759
decision_type=2 2 2 2 2 2 2 2 2 2 2 2 2 2
left_child=4 2 3 -2 6 9 -1 10 11 -6 12 -9 13 -8
right_child=1 -3 -4 -5 5 -7 7 8 -10 -11 -12 -13 -14 -15
leaf_value=0.0016025502593547572 0.0002134353060130801 0.0032280388535735642 -0.0015063072098807123 0.0026160805849524747 0.0048241654608864341 -0.0019309498241235473 -0.0011272561712427965 0.0012143706200812533 0.0033711659269647499 0.0011245527660118087 -0.002703016530023888 -0.0013132042419886642 -0.002670349616867801 0.0015563808608800174
leaf_weight=38 56 74 58 96 30 56 300 34 30 32 68 90 46 48
leaf_count=38 56 74 58 96 30 56 300 34 30 32 68 90 46 48
internal_value=1.81496e-05 0.0014815 0.0008414 0.00174516 -0.000522617 0.000671775 -0.00073951 -0.000888706 0.000197307 0.0030095 -0.00125 -0.000611885 -0.000986841 -0.000750321
internal_weight=1056 284 210 152 772 118 654 616 154 62 462 124 394 348
internal_count=1056 284 210 152 772 118 654 616 154 62 462 124 394 348
is_linear=0
shrinkage=0.035


Tree=65
num_leaves=15
num_cat=0
split_feature=5 14 14 0 12 14 5 9 6 12 9 9 0 6
split_gain=0.638121 0.239457 0.346612 0.161474 0.213939 0.160845 0.179867 0.303488 0.212479 0.26403 0.184086 0.165333 0.136671 0.130595
threshold=6.3104385568881289 245.50000000000003 223.50000000000003 -10.322578124999998 14.500000000000002 9.5000000000000018 3.5742813562564715 30.500000000000004 22.474359130859401 7.5000000000000009 39.500000000000007 13.500000000000002 3.8202893066406252 24.988970947265674
decision_type=2 2 2 2 2 2 2 2 2 2 2 2 2 2
left_child=5 2 3 -2 -5 -1 11 -8 9 10 -9 13 -13 -7
right_child=1 -3 -4 4 -6 6 7 8 -10 -11 -12 12 -14 -15
leaf_value=-0.0024252374093979602 0.002897153186430741 0.0031180306925977538 -0.0014553438088623807 -0.0011154175230132586 0.0023816695855930453 0.0015818320220336319 -0.00069043681775737148 0.00097080668848421848 0.0031089911430522252 0.0027565196036410181 -0.0025327198122824103 -0.00099533514640896348 -0.0031473207338289788 -0.0011860123367983357
leaf_weight=48 70 74 58 42 40 48 214 34 52 36 36 228 42 34
leaf_count=48 70 74 58 42 40 48 214 34 52 36 36 228 42 34
internal_value=1.80767e-05 0.00143076 0.000812388 0.00168537 0.000606568 -0.000503968 -0.000370261 0.000166322 0.00132087 0.000402347 -0.00085131 -0.000935068 -0.00135077 0.000433276
internal_weight=1056 284 210 152 82 772 724 372 158 106 70 352 270 82
internal_count=1056 284 210 152 82 772 724 372 158 106 70 352 270 82
is_linear=0
shrinkage=0.035


Tree=66
num_leaves=15
num_cat=0
split_feature=0 4 9 4 4 9 9 6 6 1 5 9 9 14
split_gain=0.602223 0.275424 0.690193 0.472626 0.239135 0.217454 0.215395 0.16801 0.274706 0.281395 0.190097 0.255451 0.319004 0.156352
threshold=-9.2298266601562506 1.6041027832031254 36.500000000000007 2.1786743164062505 -2.9290539550781243 35.500000000000007 15.500000000000002 19.401159667968788 20.505957031250038 -2.0784216308593746 3.5742813562564715 27.500000000000004 4.5000000000000009 252.50000000000003
decision_type=2 2 2 2 2 2 2 2 2 2 2 2 2 2
left_child=5 4 3 -3 -2 6 -1 13 -9 -10 -11 12 -12 -6
right_child=1 2 -4 -5 7 -7 -8 8 9 10 11 -13 -14 -15
leaf_value=0.00029955689685367463 0.001214842154120561 0.0019211996591184288 0.0051192224344336684 -0.0026270375726744539 -0.0016637012516650179 -0.00044455990570390393 0.0035882641050654159 0.0027209030376637686 0.0024271377893712591 -0.0018156180140952505 0.0017180384099265212 0.0019434331433596807 -0.0026231898180994902 0.00059720483576794243
leaf_weight=34 78 54 36 54 288 34 88 32 32 146 30 50 58 42
leaf_count=34 78 54 36 54 288 34 88 32 32 146 30 50 58 42
internal_value=1.76602e-05 -0.000331529 0.00106167 -0.000359336 -0.000599001 0.00201091 0.00269135 -0.000810632 -0.000271525 -0.000589762 -0.000944291 -9.68312e-06 -0.00113794 -0.00137409
internal_weight=1056 900 144 108 756 156 122 678 348 316 284 138 88 330
internal_count=1056 900 144 108 756 156 122 678 348 316 284 138 88 330
is_linear=0
shrinkage=0.035


Tree=67
num_leaves=15
num_cat=0
split_feature=0 4 9 4 4 9 9 12 14 2 14 6 1 0
split_gain=0.561218 0.257027 0.645128 0.441262 0.222854 0.202911 0.200857 0.161936 0.44214 0.307914 0.17005 0.152244 0.152287 0.138326
threshold=-9.2298266601562506 1.6041027832031254 36.500000000000007 2.1786743164062505 -2.9290539550781243 35.500000000000007 15.500000000000002 14.500000000000002 244.50000000000003 9.349285647786818 230.50000000000003 6.5479785156250339 -3.426548461914062 6.3764526367187502
decision_type=2 2 2 2 2 2 2 2 2 2 2 2 2 2
left_child=5 4 3 -3 -2 6 -1 9 10 13 11 12 -9 -6
right_child=1 2 -4 -5 7 -7 -8 8 -10 -11 -12 -13 -14 -15
leaf_value=0.00028965487840954061 0.0011733857343788259 0.0018563591409474613 0.0049494798579498341 -0.002538375067524612 -0.0011169161322122552 -0.00042986483442493617 0.003465465757581923 0.0008850546983012465 0.0030513605598674115 -0.0042774401523315141 -0.0025755260435441113 0.0012680873589124531 -0.0021600015414878727 0.00088881329740009589
leaf_weight=34 78 54 36 54 370 34 88 30 44 34 46 54 54 46
leaf_count=34 78 54 36 54 370 34 88 30 44 34 46 54 54 46
internal_value=1.78609e-05 -0.000319232 0.00102663 -0.000347208 -0.000577619 0.00194205 0.00259935 -0.00078192 -2.12526e-05 -0.00116553 -0.000780918 -0.000154467 -0.00107719 -0.000891937
internal_weight=1056 900 144 108 756 156 122 678 228 450 184 138 84 416
internal_count=1056 900 144 108 756 156 122 678 228 450 184 138 84 416
is_linear=0
shrinkage=0.035


Tree=68
num_leaves=15
num_cat=0
split_feature=0 4 9 4 4 9 9 6 6 1 12 6 14 5
split_gain=0.523274 0.240065 0.603006 0.41198 0.207845 0.18934 0.1873 0.151318 0.254383 0.25294 0.175664 0.204992 0.143308 0.12295
threshold=-9.2298266601562506 1.6041027832031254 36.500000000000007 2.1786743164062505 -2.9290539550781243 35.500000000000007 15.500000000000002 19.401159667968788 20.505957031250038 -2.0784216308593746 6.5000000000000009 28.663616943359418 252.50000000000003 3.6064620874712814
decision_type=2 2 2 2 2 2 2 2 2 2 2 2 2 2
left_child=5 4 3 -3 -2 6 -1 12 -9 -10 -11 -12 -6 -13
right_child=1 2 -4 -5 7 -7 -8 8 9 10 11 13 -14 -15
leaf_value=0.00028008022382790742 0.0011333439255831765 0.0017937070422340187 0.0047853655113201396 -0.0024527049070456998 -0.0015669984493790004 -0.00041565536728335755 0.0033468698062157883 0.0026359811808694816 0.0023103681242312578 0.0012803198634646832 -0.002267724367629247 -0.0016596103261690589 0.00059672940776429395 0.00056183836985534681
leaf_weight=34 78 54 36 54 288 34 88 32 32 38 118 46 42 82
leaf_count=34 78 54 36 54 288 34 88 32 32 38 118 46 42 82
internal_value=1.75487e-05 -0.00030795 0.00099274 -0.00033549 -0.000557666 0.00187555 0.00251049 -0.000754969 -0.000243443 -0.000549775 -0.000885948 -0.0012282 -0.00128968 -0.000249745
internal_weight=1056 900 144 108 756 156 122 678 348 316 284 246 330 128
internal_count=1056 900 144 108 756 156 122 678 348 316 284 246 330 128
is_linear=0
shrinkage=0.035


Tree=69
num_leaves=15
num_cat=0
split_feature=0 4 9 4 4 12 12 14 2 14 6 1 0 4
split_gain=0.487688 0.224064 0.563635 0.38464 0.193721 0.177882 0.150365 0.400992 0.291883 0.157116 0.135043 0.142293 0.122296 0.0981281
threshold=-9.2298266601562506 1.6041027832031254 36.500000000000007 2.1786743164062505 -2.9290539550781243 7.5000000000000009 14.500000000000002 244.50000000000003 9.349285647786818 230.50000000000003 6.5479785156250339 -3.426548461914062 6.3764526367187502 -0.028666992187499997
decision_type=2 2 2 2 2 2 2 2 2 2 2 2 2 2
left_child=5 4 3 -3 -2 -1 8 9 12 10 11 -8 13 -6
right_child=1 2 -4 -5 6 -7 7 -9 -10 -11 -12 -13 -14 -15
leaf_value=3.2191684321151114e-05 0.0010946685850503856 0.0017331694029962821 0.0046266927481874043 -0.0023699260834837339 -0.00061040625630145475 0.0025870997213668576 0.00090743093465789576 0.0029303459024168149 -0.0041272902641988672 -0.002444176925637294 0.0012217679923924153 -0.0020342152961529796 0.0008423903407917048 -0.0018033501718353149
leaf_weight=48 78 54 36 54 238 108 30 44 34 46 54 54 46 132
leaf_count=48 78 54 36 54 238 108 30 44 34 46 54 54 46 132
internal_value=1.76201e-05 -0.000296617 0.000959972 -0.000324167 -0.000537869 0.00181133 -0.00072835 4.41809e-06 -0.001098 -0.000719246 -0.000117566 -0.000986957 -0.000831846 -0.0010434
internal_weight=1056 900 144 108 756 156 678 228 450 184 138 84 416 370
internal_count=1056 900 144 108 756 156 678 228 450 184 138 84 416 370
is_linear=0
shrinkage=0.035


Tree=70
num_leaves=15
num_cat=0
split_feature=0 4 9 4 4 9 9 12 1 2 3 5 1 0
split_gain=0.454666 0.209314 0.526834 0.359115 0.180703 0.172804 0.173089 0.143566 0.194613 0.167001 0.167018 0.109395 0.127794 0.245286
threshold=-9.2298266601562506 1.6041027832031254 36.500000000000007 2.1786743164062505 -2.9290539550781243 35.500000000000007 15.500000000000002 17.500000000000004 -2.0487084960937496 9.7592692728541852 6.104230957031251 5.2766884261071718 1.1561633300781253 5.5868554687500014
decision_type=2 2 2 2 2 2 2 2 2 2 2 2 2 2
left_child=5 4 3 -3 -2 6 -1 9 -9 10 11 12 13 -6
right_child=1 2 -4 -5 7 -7 -8 8 -10 -11 -12 -13 -14 -15
leaf_value=0.00021511125245726566 0.0010573130157426932 0.0016746748906643918 0.0044732813831222691 -0.0022899410856189206 -0.00082265229711088982 -0.00043775485970804265 0.0031596933885513056 0.0018136203856362653 -0.00083886462309284342 -0.0029793517345198146 0.0014130455076228829 -0.0024699391827967846 -0.0024564401355261604 0.0022209151741117241
leaf_weight=34 78 54 36 54 332 34 88 58 76 44 38 50 46 34
leaf_count=34 78 54 36 54 332 34 88 58 76 44 38 50 46 34
internal_value=1.71745e-05 -0.000286238 0.000928286 -0.000313226 -0.000519415 0.0017491 0.00235578 -0.000703385 0.000319013 -0.000955471 -0.000766209 -0.000950773 -0.000755367 -0.000529383
internal_weight=1056 900 144 108 756 156 122 678 134 544 500 462 412 366
internal_count=1056 900 144 108 756 156 122 678 134 544 500 462 412 366
is_linear=0
shrinkage=0.035


Tree=71
num_leaves=15
num_cat=0
split_feature=0 6 9 5 0 14 14 9 6 5 1 6 12 9
split_gain=0.423931 0.204246 0.340882 0.431258 0.265511 0.339652 0.291446 0.26531 0.240754 0.199241 0.25151 0.19039 0.381784 0.161251
threshold=-9.2298266601562506 -0.48882812499999767 30.500000000000004 5.502803547856602 -1.6660803222656246 223.50000000000003 248.50000000000003 12.500000000000002 5.1422558593750418 5.3142750030057861 -3.426548461914062 19.607092285156288 6.5000000000000009 35.500000000000007
decision_type=2 2 2 2 2 2 2 2 2 2 2 2 2 2
left_child=13 9 4 11 8 -6 -7 -8 -3 10 -2 -4 -13 -1
right_child=1 2 3 -5 5 6 7 -9 -10 -11 -12 12 -14 -15
leaf_value=0.002275230392565831 0.0018325205679866486 -0.00061024433092825357 -0.0020910179955688749 0.003339961423642106 0.00057159137392591224 -0.0023456416319559718 0.001694320299793617 -0.001843858916219324 0.0037192504818085587 -0.003657033098085473 -0.001522086337351758 0.003572218459565193 -0.00052812962025991115 -0.00042328464578733681
leaf_weight=122 34 30 36 70 138 186 52 48 30 34 114 38 90 34
leaf_count=122 34 30 36 70 138 186 52 48 30 34 114 38 90 34
internal_value=1.68203e-05 -0.000276158 -9.5138e-06 0.00108186 -0.000539443 -0.000848961 -0.00153361 -6.85931e-06 0.00160465 -0.00131655 -0.000737275 8.94104e-05 0.000725391 0.00168918
internal_weight=1056 900 718 234 484 424 286 100 60 182 148 164 128 156
internal_count=1056 900 718 234 484 424 286 100 60 182 148 164 128 156
is_linear=0
shrinkage=0.035


Tree=72
num_leaves=15
num_cat=0
split_feature=0 6 9 5 0 14 14 1 12 6 6 0 12 5
split_gain=0.395048 0.190745 0.319054 0.285757 0.242884 0.32877 0.288552 0.281949 0.242842 0.225214 0.21334 0.324406 0.256505 0.186503
threshold=-9.2298266601562506 -0.48882812499999767 31.500000000000004 5.502803547856602 -1.6660803222656246 223.50000000000003 230.50000000000003 -0.32358764648437494 14.500000000000002 5.1422558593750418 19.607092285156288 2.2821997070312503 7.5000000000000009 5.3142750030057861
decision_type=2 2 2 2 2 2 2 2 2 2 2 2 2 2
left_child=-1 13 4 10 9 -6 -7 8 -8 -3 -4 -12 -13 -2
right_child=1 2 3 -5 5 6 7 -9 -10 -11 11 12 -14 -15
leaf_value=0.0016308784797416319 -0.00071132566236774449 -0.00059022075511165899 -0.0020216842544093535 0.0030230353443149592 0.0006011577235957204 -0.0035779623804433696 -0.0011297415450422302 -0.0016612025869956902 0.0028938530868617821 0.0035972126191882131 -0.0020898015415878038 0.0044314832925139106 0.00060180687730486003 -0.0035361478529456593
leaf_weight=156 148 30 36 64 140 60 34 166 36 30 30 32 60 34
leaf_count=156 148 30 36 64 140 60 34 166 36 30 30 32 60 34
internal_value=1.64952e-05 -0.000266327 -8.6482e-06 0.00108842 -0.000502072 -0.000790538 -0.00144839 -0.000881455 0.000962441 0.001552 0.00027678 0.000976684 0.00199981 -0.00127174
internal_weight=1056 900 718 222 496 436 296 236 70 60 158 122 92 182
internal_count=1056 900 718 222 496 436 296 236 70 60 158 122 92 182
is_linear=0
shrinkage=0.035


Tree=73
num_leaves=15
num_cat=0
split_feature=0 4 9 4 12 4 14 1 14 4 13 5 1 4
split_gain=0.368174 0.180039 0.437261 0.326672 0.157295 0.149912 0.130926 0.223988 0.40946 0.249005 0.198601 0.109839 0.286769 0.0858286
threshold=-9.2298266601562506 1.6041027832031254 36.500000000000007 2.1786743164062505 7.5000000000000009 -2.9290539550781243 220.50000000000003 -0.32358764648437494 230.50000000000003 -0.77402099609374975 8.5000000000000018 5.2766884261071718 -3.426548461914062 -4.1854479980468744
decision_type=2 2 2 2 2 2 2 2 2 2 2 2 2 2
left_child=4 5 3 -3 -1 -2 11 9 -9 10 -8 12 -7 -6
right_child=1 2 -4 -5 13 6 7 8 -10 -11 -12 -13 -14 -15
leaf_value=-9.3422960070893175e-05 0.00096283872320782407 0.0016331049706786872 0.0040988614959152122 -0.0021479976030241237 0.00084537136959720802 0.0019635649559112561 -0.0022243870461457656 0.0018037723089326864 -0.0016809713772213248 0.0026565553074108499 0.0010794003069383542 -0.0025844620517455046 -0.0013380649611257752 0.0029908275136698945
leaf_weight=48 78 54 36 54 36 36 36 52 176 56 52 54 216 72
leaf_count=48 78 54 36 54 36 36 36 52 176 56 52 54 216 72
internal_value=1.60146e-05 -0.000257019 0.000869334 -0.000262127 0.00157452 -0.00047329 -0.000640854 -0.000197776 -0.000877431 0.000875624 -0.000291545 -0.00117472 -0.000854656 0.00230405
internal_weight=1056 900 144 108 156 756 678 372 228 144 88 306 252 108
internal_count=1056 900 144 108 156 756 678 372 228 144 88 306 252 108
is_linear=0
shrinkage=0.035


Tree=74
num_leaves=15
num_cat=0
split_feature=0 6 9 5 0 14 14 9 6 5 1 6 0 5
split_gain=0.343369 0.172534 0.287688 0.36318 0.23163 0.297751 0.25076 0.233731 0.205491 0.171516 0.218975 0.164483 0.349916 0.153951
threshold=-9.2298266601562506 -0.48882812499999767 30.500000000000004 5.502803547856602 -1.6660803222656246 223.50000000000003 248.50000000000003 12.500000000000002 5.1422558593750418 5.3142750030057861 -3.426548461914062 19.607092285156288 6.2319494628906265 4.630041152996629
decision_type=2 2 2 2 2 2 2 2 2 2 2 2 2 2
left_child=-1 9 4 11 8 -6 13 -8 -3 10 -2 -4 -13 -7
right_child=1 2 3 -5 5 6 7 -9 -10 -11 -12 12 -14 -15
leaf_value=0.0015210702509289209 0.0017305521182586544 -0.00053493777813855563 -0.0019376297000991672 0.0030721788140686437 0.00055125143274926828 -0.0015235018861636965 0.0015931125038682863 -0.0017278295563533904 0.0034663266945426587 -0.0033752128599573755 -0.0013992398585582248 -0.00064946581479595163 0.0031364427823016585 -0.0038127651929076266
leaf_weight=156 34 30 36 70 138 136 52 48 30 34 114 84 44 50
leaf_count=156 34 30 36 70 138 136 52 48 30 34 114 84 44 50
internal_value=1.5981e-05 -0.000247695 -2.64105e-06 0.000999954 -0.000489487 -0.000778627 -0.00141969 -3.56277e-06 0.00151297 -0.00120391 -0.000666746 8.91107e-05 0.000680172 -0.00217291
internal_weight=1056 900 718 234 484 424 286 100 60 182 148 164 128 186
internal_count=1056 900 718 234 484 424 286 100 60 182 148 164 128 186
is_linear=0
shrinkage=0.035


Tree=75
num_leaves=15
num_cat=0
split_feature=3 14 1 4 9 4 12 2 14 14 9 5 4 14
split_gain=0.320159 0.228054 0.206382 0.160596 0.392998 0.300754 0.167012 0.336078 0.26696 0.173978 0.230374 0.156714 0.115939 0.17292
threshold=-6.6901733398437493 9.5000000000000018 -4.6527844238281242 1.6041027832031254 36.500000000000007 2.1786743164062505 14.500000000000002 9.349285647786818 244.50000000000003 230.50000000000003 9.5000000000000018 2.9222562626619051 -3.7511169433593743 16.500000000000004
decision_type=2 2 2 2 2 2 2 2 2 2 2 2 2 2
left_child=12 -2 -3 6 5 -5 7 -4 9 10 -8 -12 13 -1
right_child=1 2 3 4 -6 -7 8 -9 -10 -11 11 -13 -14 -15
leaf_value=0.0023183810881649458 -0.0022244698830763813 0.0016350110902858433 -0.00053000369784049191 0.0015656297918758358 0.0038814150963566809 -0.0020623836070626568 0.0026022431622014239 -0.0037609018112892629 0.0024650203710485522 -0.0021464217886629439 0.0012525472181005172 -0.0018681490341931261 0.002986266815103591 -0.00094938323702847013
leaf_weight=40 62 78 392 54 36 54 36 42 52 46 30 50 48 36
leaf_count=40 62 78 392 54 36 54 36 42 52 46 30 50 48 36
internal_value=1.5429e-05 -0.000208014 -5.95399e-05 -0.000230126 0.000819696 -0.000252893 -0.000465224 -0.000858489 0.000332897 -0.000373203 0.000354432 -0.000695881 0.0016715 0.000785839
internal_weight=1056 932 870 792 144 108 648 434 214 162 116 80 124 76
internal_count=1056 932 870 792 144 108 648 434 214 162 116 80 124 76
is_linear=0
shrinkage=0.035


Tree=76
num_leaves=15
num_cat=0
split_feature=0 6 9 5 0 14 14 4 6 6 3 2 5 1
split_gain=0.304278 0.156291 0.261934 0.221014 0.211246 0.283171 0.266085 0.232227 0.189882 0.184145 0.286771 0.161255 0.15844 0.199424
threshold=-9.2298266601562506 -0.48882812499999767 31.500000000000004 5.502803547856602 -1.6660803222656246 223.50000000000003 230.50000000000003 -1.1149047851562497 5.1422558593750418 19.607092285156288 3.4956616210937499 5.328276039917351 5.3142750030057861 -3.426548461914062
decision_type=2 2 2 2 2 2 2 2 2 2 2 2 2 2
left_child=-1 12 4 9 8 -6 11 -8 -3 -4 -11 -7 13 -2
right_child=1 2 3 -5 5 6 7 -9 -10 10 -12 -13 -14 -15
leaf_value=0.0014320576358129733 0.0016605224459716639 -0.00050083005306078121 -0.0018558694154566376 0.0026957630752903329 0.00057546451708001035 -0.0014133447757922115 0.0020053576499776682 -0.0012042260759447417 0.0033461113804605707 -0.00068071172320439174 0.0026706614797003566 -0.005117669025059968 -0.0032297790893224178 -0.0013261445493894983
leaf_weight=156 34 30 36 64 140 30 30 206 30 64 58 30 34 114
leaf_count=156 34 30 36 64 140 30 30 206 30 64 58 30 34 114
internal_value=1.52307e-05 -0.000232983 2.43033e-07 0.000994241 -0.000446858 -0.000715945 -0.00132651 -0.000782805 0.00146853 0.000279935 0.000929941 -0.00337085 -0.00114308 -0.000627026
internal_weight=1056 900 718 222 496 436 296 236 60 158 122 60 182 148
internal_count=1056 900 718 222 496 436 296 236 60 158 122 60 182 148
is_linear=0
shrinkage=0.035


Tree=77
num_leaves=15
num_cat=0
split_feature=0 6 9 5 0 14 14 9 6 5 1 6 12 12
split_gain=0.28364 0.145847 0.245419 0.305902 0.201958 0.254079 0.214737 0.210565 0.177625 0.148306 0.18623 0.142203 0.318917 0.140579
threshold=-9.2298266601562506 -0.48882812499999767 30.500000000000004 5.502803547856602 -1.6660803222656246 223.50000000000003 248.50000000000003 12.500000000000002 5.1422558593750418 5.3142750030057861 -3.426548461914062 19.607092285156288 6.5000000000000009 7.5000000000000009
decision_type=2 2 2 2 2 2 2 2 2 2 2 2 2 2
left_child=13 9 4 11 8 -6 -7 -8 -3 10 -2 -4 -13 -1
right_child=1 2 3 -5 5 6 7 -9 -10 -11 -12 12 -14 -15
leaf_value=-0.00019027992691844704 0.0016056329477578404 -0.00048439654681715189 -0.0017943327410428443 0.0028281098562648469 0.00050909324718668362 -0.0020086014933359039 0.0015142856662957156 -0.0016377840730245228 0.0032363170507960608 -0.0031230169691843913 -0.0012805297579174734 0.0032417962425388396 -0.00050549415461516583 0.0020723642281174595
leaf_weight=48 34 30 36 70 138 186 52 48 30 34 114 38 90 108
leaf_count=48 34 30 36 70 138 186 52 48 30 34 114 38 90 108
internal_value=1.46353e-05 -0.000225013 2.85146e-07 0.000926295 -0.000449383 -0.000719394 -0.00131158 -1.15468e-06 0.00142035 -0.00110417 -0.000604924 9.02515e-05 0.000639741 0.00138257
internal_weight=1056 900 718 234 484 424 286 100 60 182 148 164 128 156
internal_count=1056 900 718 234 484 424 286 100 60 182 148 164 128 156
is_linear=0
shrinkage=0.035


Tree=78
num_leaves=15
num_cat=0
split_feature=0 4 9 4 9 9 4 14 12 14 14 6 1 9
split_gain=0.264362 0.13728 0.332921 0.274653 0.136458 0.14817 0.120612 0.18985 0.327181 0.386585 0.182157 0.159482 0.122245 0.159241
threshold=-9.2298266601562506 1.6041027832031254 36.500000000000007 2.1786743164062505 35.500000000000007 15.500000000000002 1.0797607421875002 224.50000000000003 17.500000000000004 231.50000000000003 223.50000000000003 33.524414062500036 -3.426548461914062 29.500000000000004
decision_type=2 2 2 2 2 2 2 2 2 2 2 2 2 2
left_child=4 6 3 -3 5 -1 7 10 9 -9 11 12 13 -2
right_child=1 2 -4 -5 -6 -7 -8 8 -10 -11 -12 -13 -14 -15
leaf_value=-8.8477709731604501e-05 -0.00074943368346959535 0.0015165249696292449 0.0035844972018936752 -0.0019503915154928111 -0.00059854307929830012 0.0026184994528820329 -0.0017099930408697292 0.0028819081340106609 0.0034426173255901393 -0.00064900140367221909 -0.0029456297502232095 0.0017843581782653929 -0.0012077721712490464 0.0021455173673004743
leaf_weight=34 64 54 36 54 34 88 76 44 36 216 40 32 214 34
leaf_count=34 64 54 36 54 34 88 76 44 36 216 40 32 214 34
internal_value=1.43866e-05 -0.000216975 0.000766537 -0.000220878 0.00133501 0.00187484 -0.000405839 -0.000255493 0.000409077 -3.40249e-05 -0.000767231 -0.000498366 -0.000742366 0.00027776
internal_weight=1056 900 144 108 156 122 756 680 296 260 384 344 312 98
internal_count=1056 900 144 108 156 122 756 680 296 260 384 344 312 98
is_linear=0
shrinkage=0.035


Tree=79
num_leaves=15
num_cat=0
split_feature=3 14 1 1 9 12 14 2 14 9 5 1 4 14
split_gain=0.246785 0.201974 0.176957 0.129403 0.354677 0.173628 0.27649 0.259852 0.211235 0.268099 0.139033 0.108095 0.107999 0.15174
threshold=-6.6901733398437493 9.5000000000000018 -4.6527844238281242 2.3428942871093752 36.500000000000007 14.500000000000002 244.50000000000003 9.349285647786818 230.50000000000003 9.5000000000000018 2.8818388857025909 -5.0580603027343747 -3.7511169433593743 16.500000000000004
decision_type=2 2 2 2 2 2 2 2 2 2 2 2 2 2
left_child=12 -2 11 5 -5 7 8 -4 9 -7 -11 -3 13 -1
right_child=1 2 3 4 -6 6 -8 -9 -10 10 -12 -13 -14 -15
leaf_value=0.0020558597197911392 -0.002079405860422412 0.00016543207468930633 -0.00047923203611169161 -0.00069810506915718397 0.0039982681407127532 0.0028212174835304422 0.0022907687510065875 -0.0032578116952145537 -0.0019139401639007372 0.0013108390188062914 -0.0015511930334226539 0.0027510186649548512 0.002735454634763301 -0.0010026913082018789
leaf_weight=40 62 38 410 50 30 40 66 44 64 30 58 40 48 36
leaf_count=40 62 38 410 50 30 40 66 44 64 30 58 40 48 36
internal_value=1.44173e-05 -0.000181759 -4.20655e-05 -0.000200052 0.0011176 -0.000350818 0.000372379 -0.000761629 -0.000303885 0.000518203 -0.000568053 0.001527 0.00146839 0.000618511
internal_weight=1056 932 870 792 80 712 258 454 192 128 88 78 124 76
internal_count=1056 932 870 792 80 712 258 454 192 128 88 78 124 76
is_linear=0
shrinkage=0.035


Tree=80
num_leaves=15
num_cat=0
split_feature=0 6 9 5 0 14 14 1 12 2 2 6 2 5
split_gain=0.233713 0.126436 0.21233 0.181914 0.17797 0.239963 0.232797 0.2004 0.191249 0.164674 0.278899 0.155159 0.14855 0.14121
threshold=-9.2298266601562506 -0.48882812499999767 31.500000000000004 3.5742813562564715 -1.6660803222656246 223.50000000000003 230.50000000000003 -0.32358764648437494 14.500000000000002 7.3383749737107911 8.8638309906887098 5.1422558593750418 5.328276039917351 5.3142750030057861
decision_type=2 2 2 2 2 2 2 2 2 2 2 2 2 2
left_child=-1 13 4 -4 11 -6 12 8 -8 -5 -11 -3 -7 -2
right_child=1 2 3 9 5 6 7 -9 -10 10 -12 -13 -14 -15
leaf_value=0.0012561006559903773 -0.0005354766307243457 -0.00042013602898805408 -0.00062554806846652788 0.0036361945025985029 0.00054565609650113331 -0.0012482400762382896 -0.00099997122849648204 -0.0013544987542142433 0.0025707910760722468 -0.0010677000165630419 0.0022850872058975138 0.0030589379159209787 -0.0047908107630792078 -0.0029909678344524262
leaf_weight=156 148 30 66 34 140 30 34 166 36 50 72 30 30 34
leaf_count=156 148 30 66 34 140 30 34 166 36 50 72 30 30 34
internal_value=1.43855e-05 -0.000203153 6.6004e-06 0.000901526 -0.000395963 -0.000642994 -0.00120508 -0.00069691 0.000856821 0.00154734 0.000915936 0.00136196 -0.00311693 -0.00102172
internal_weight=1056 900 718 222 496 436 296 236 70 156 122 60 60 182
internal_count=1056 900 718 222 496 436 296 236 70 156 122 60 60 182
is_linear=0
shrinkage=0.035


Tree=81
num_leaves=15
num_cat=0
split_feature=0 12 4 9 4 4 14 12 14 14 6 1 9 5
split_gain=0.217858 0.122286 0.119781 0.278888 0.248463 0.108543 0.165619 0.292357 0.344862 0.157066 0.142666 0.111639 0.142469 0.119074
threshold=-9.2298266601562506 7.5000000000000009 1.6041027832031254 36.500000000000007 2.1786743164062505 1.0797607421875002 224.50000000000003 17.500000000000004 231.50000000000003 223.50000000000003 33.524414062500036 -3.426548461914062 29.500000000000004 5.502803547856602
decision_type=2 2 2 2 2 2 2 2 2 2 2 2 2 2
left_child=1 -1 5 4 -4 6 9 8 -8 10 11 12 13 -2
right_child=2 -3 3 -5 -6 -7 7 -9 -10 -11 -12 -13 -14 -15
leaf_value=-0.000251494811847806 0.00080261526369106249 0.0018561848593156109 0.0014702881900666401 0.0033015732756374702 -0.0018270695055252874 -0.0016097513795755687 0.0027258045624931468 0.003258198122800279 -0.0006091201524041944 -0.0027307903021574023 0.001700409664430053 -0.0011340216581286061 0.0020516615780070426 -0.002135783584637787
leaf_weight=48 32 108 54 36 54 76 44 36 216 40 32 214 34 32
leaf_count=48 32 108 54 36 54 76 44 36 216 40 32 214 34 32
internal_value=1.3837e-05 0.00121269 -0.000196193 0.000722466 -0.000181634 -0.00037262 -0.000230037 0.000390639 -2.82488e-05 -0.00070802 -0.000458389 -0.000689225 0.000285321 -0.000686784
internal_weight=1056 156 900 144 108 756 680 296 260 384 344 312 98 64
internal_count=1056 156 900 144 108 756 680 296 260 384 344 312 98 64
is_linear=0
shrinkage=0.035


Tree=82
num_leaves=15
num_cat=0
split_feature=3 14 1 4 1 3 12 4 4 12 3 4 14 9
split_gain=0.203812 0.182995 0.153454 0.120111 0.24301 0.218297 0.191231 0.137984 0.261014 0.249787 0.103136 0.101926 0.141356 0.0852586
threshold=-6.6901733398437493 9.5000000000000018 -4.6527844238281242 -2.0668432617187498 -2.2222827148437498 -4.2976367187499989 7.5000000000000009 1.6041027832031254 2.1237463378906249 13.500000000000002 -5.0561267089843751 -3.7511169433593743 16.500000000000004 16.500000000000004
decision_type=2 2 2 2 2 2 2 2 2 2 2 2 2 2
left_child=11 -2 10 6 5 -5 -4 13 -9 -10 -3 12 -1 -6
right_child=1 2 3 4 7 -7 -8 8 9 -11 -12 -13 -14 -15
leaf_value=0.0019011521894329541 -0.0019707569675119887 0.0028926881345208077 -0.0035585697191709191 0.00011788498965324836 0.00011212778042355585 0.0040478092373814438 6.8112002530445662e-05 0.0026313274106252254 0.0016959727322537221 -0.0019274326204322281 0.00033369701472111049 0.0025650704676285388 -0.0010493455543244062 -0.00084292828475950315
leaf_weight=40 62 32 30 38 172 30 40 52 38 54 46 48 36 338
leaf_count=40 62 32 30 38 172 30 40 52 38 54 46 48 36 338
internal_value=1.38071e-05 -0.000164474 -3.15257e-05 -0.000178664 -4.26046e-05 0.00191779 -0.00154185 -0.000251663 0.000698592 -0.000426567 0.00142961 0.00133513 0.000512478 -0.000521651
internal_weight=1056 932 870 792 722 68 70 654 144 92 78 124 76 510
internal_count=1056 932 870 792 722 68 70 654 144 92 78 124 76 510
is_linear=0
shrinkage=0.035


Tree=83
num_leaves=15
num_cat=0
split_feature=0 9 9 1 12 12 14 6 6 2 2 9 12 1
split_gain=0.192484 0.112427 0.124401 0.110741 0.287437 0.118533 0.313751 0.150186 0.134919 0.0778282 0.149303 0.066953 0.0636727 0.0576082
threshold=-9.2298266601562506 35.500000000000007 15.500000000000002 2.3428942871093752 13.500000000000002 17.500000000000004 244.50000000000003 26.74694824218756 20.04545288085939 9.6702697208257629 9.1605459497867106 27.500000000000004 20.500000000000004 1.1561633300781253
decision_type=2 2 2 2 2 2 2 2 2 2 2 2 2 2
left_child=1 2 -1 5 -5 9 7 8 12 10 13 -11 -7 -2
right_child=3 -3 -4 4 -6 6 -8 -9 -10 11 -12 -13 -14 -15
leaf_value=-0.00016341619769163015 -0.00040093259714570111 -0.00061146099404949287 0.0023124549577640012 0.0029767166034170346 -0.0011350640008458868 0.0011544726038765576 0.0029719359851538766 0.0017631318561924514 -0.0022744488626805833 -0.0024381469494113369 0.0016718536088592374 -0.00042583889886736872 -0.00081086331708913521 -0.0015012644338147608
leaf_weight=34 432 34 88 42 38 34 44 32 48 44 38 38 44 66
leaf_count=34 432 34 88 42 38 34 44 32 48 44 38 38 44 66
internal_value=1.37881e-05 0.00114067 0.00163095 -0.000183634 0.00104357 -0.000305609 0.000427424 -0.000309467 -0.000855165 -0.000545814 -0.000388878 -0.00153796 5.32663e-05 -0.000552181
internal_weight=1056 156 122 900 80 820 202 158 126 618 536 82 78 498
internal_count=1056 156 122 900 80 820 202 158 126 618 536 82 78 498
is_linear=0
shrinkage=0.035


Tree=84
num_leaves=15
num_cat=0
split_feature=0 6 9 14 14 6 0 0 14 14 1 12 2 6
split_gain=0.179403 0.107934 0.181692 0.166291 0.511502 0.335262 0.210842 0.159663 0.221349 0.204699 0.1788 0.166357 0.136337 0.134764
threshold=-9.2298266601562506 -0.48882812499999767 31.500000000000004 230.50000000000003 223.50000000000003 21.62699584960939 1.4573474121093752 -1.6660803222656246 223.50000000000003 230.50000000000003 -0.32358764648437494 14.500000000000002 5.328276039917351 5.1422558593750418
decision_type=2 2 2 2 2 2 2 2 2 2 2 2 2 2
left_child=-1 -2 7 4 -4 6 -5 13 -9 12 11 -11 -10 -3
right_child=1 2 3 5 -6 -7 -8 8 9 10 -12 -13 -14 -15
leaf_value=0.0011014247545235662 -0.00093339378329920189 -0.00035392913778196092 -0.0002180904064094648 -0.00063595297930684564 0.0053842427641810743 -0.0022800748088532908 0.0026407271421289651 0.00055157751092607015 -0.0011375603795750068 -0.00091799927513218599 -0.0012743308957821381 0.0024126778895917694 -0.0045246704865712674 0.0028903585947045942
leaf_weight=156 182 30 48 40 32 46 56 140 30 34 166 36 30 30
leaf_count=156 182 30 48 40 32 46 56 140 30 34 166 36 30 30
internal_value=1.35099e-05 -0.000177086 1.66845e-05 0.000844501 0.00209951 0.000118115 0.00129033 -0.000355734 -0.000589774 -0.00112968 -0.000653167 0.000814358 -0.00292244 0.00130912
internal_weight=1056 900 718 222 80 142 96 496 436 296 236 70 60 60
internal_count=1056 900 718 222 80 142 96 496 436 296 236 70 60 60
is_linear=0
shrinkage=0.035


Tree=85
num_leaves=15
num_cat=0
split_feature=3 1 9 14 1 12 12 1 2 4 4 6 6 6
split_gain=0.168555 0.158818 0.175853 0.118693 0.0910078 0.256532 0.163429 0.208928 0.159583 0.129535 0.118864 0.103416 0.135979 0.242186
threshold=-8.1217163085937489 -4.900080566406249 8.5000000000000018 9.5000000000000018 2.3428942871093752 13.500000000000002 14.500000000000002 -2.0487084960937496 9.6702697208257629 -1.9942260742187499 -2.5959179687499998 28.414001464843782 20.713293457031288 4.3836230468750452
decision_type=2 2 2 2 2 2 2 2 2 2 2 2 2 2
left_child=-1 2 -2 -3 6 -6 8 9 10 -8 -5 12 13 -9
right_child=1 3 -4 4 5 -7 7 11 -10 -11 -12 -13 -14 -15
leaf_value=0.0023020545474106546 -0.00069179763772725985 -0.001736274300851316 0.002078510727092862 0.0016860202784300784 0.0028101975297216671 -0.0010742077450267972 0.00025321775040698842 -0.0015452777455066101 -0.0022218260428670681 0.0031699988922311768 -0.00053206724878079273 0.0010695172784396384 -0.0018707004403768226 0.0024132347284952027
leaf_weight=36 42 58 78 30 42 38 32 38 64 44 402 56 62 34
leaf_count=36 42 58 78 30 42 38 32 38 64 44 402 56 62 34
internal_value=1.32161e-05 -7.19134e-05 0.00111346 -0.000232081 -0.000124598 0.000983907 -0.000243248 0.000454485 -0.000617757 0.00197986 -0.000370974 -0.000169935 -0.000696026 0.000338721
internal_weight=1056 1020 120 900 842 80 762 266 496 76 432 190 134 72
internal_count=1056 1020 120 900 842 80 762 266 496 76 432 190 134 72
is_linear=0
shrinkage=0.035


Tree=86
num_leaves=15
num_cat=0
split_feature=0 12 1 14 9 6 9 2 12 6 1 14 4 0
split_gain=0.160033 0.165578 0.368472 0.119764 0.243739 0.3264 0.234644 0.204155 0.16131 0.150565 0.0920707 0.085692 0.0950702 0.148348
threshold=-8.5329113769531233 7.5000000000000009 -4.900080566406249 244.50000000000003 27.500000000000004 21.62699584960939 12.500000000000002 9.6702697208257629 2.5000000000000004 20.450646972656305 -4.688999023437499 238.50000000000003 2.1237463378906249 6.8726867675781262
decision_type=2 2 2 2 2 2 2 2 2 2 2 2 2 2
left_child=1 2 -1 7 6 -6 -5 8 9 -2 -3 12 13 -10
right_child=3 10 -4 4 5 -7 -8 -9 11 -11 -12 -13 -14 -15
leaf_value=0.0022875401992092119 -0.00014880232809280809 0.00065330423461273316 -0.0023983058009298475 0.0012950930229595138 0.0034064335011062216 -0.00077280299003177797 -0.0016933824048537647 -0.003180680875957478 -0.00046346930309930454 0.0030312506260816011 0.0024878260937985031 -0.0020840830900706354 -0.0020737718676192393 0.0016365570577529624
leaf_weight=34 42 68 46 52 58 36 78 30 396 30 68 38 36 44
leaf_count=34 42 68 46 52 58 36 78 30 396 30 68 38 36 44
internal_value=1.31578e-05 0.000858311 -0.0003996 -0.00020569 0.000484442 0.00182312 -0.000496482 -0.000457403 -0.000307641 0.00122233 0.00159333 -0.000525864 -0.000393269 -0.000247012
internal_weight=1056 216 80 840 224 94 130 616 586 72 136 514 476 440
internal_count=1056 216 80 840 224 94 130 616 586 72 136 514 476 440
is_linear=0
shrinkage=0.035


Tree=87
num_leaves=15
num_cat=0
split_feature=0 12 1 14 9 6 9 2 12 6 1 14 4 4
split_gain=0.149335 0.15446 0.344338 0.111789 0.227408 0.304769 0.218986 0.191069 0.150774 0.140838 0.0864381 0.0801439 0.0889355 0.141536
threshold=-8.5329113769531233 7.5000000000000009 -4.900080566406249 244.50000000000003 27.500000000000004 21.62699584960939 12.500000000000002 9.6702697208257629 2.5000000000000004 20.450646972656305 -4.0658312988281242 238.50000000000003 2.1237463378906249 1.288616943359375
decision_type=2 2 2 2 2 2 2 2 2 2 2 2 2 2
left_child=1 2 -1 7 6 -6 -5 8 9 -2 -3 12 13 -10
right_child=3 10 -4 4 5 -7 -8 -9 11 -11 -12 -13 -14 -15
leaf_value=0.0022119243232171159 -0.00014383097380315038 0.00085480773862258916 -0.0023178626611964626 0.001251443583341488 0.003291182507236954 -0.0007471784615987226 -0.0016355957363775818 -0.0030763147465768274 -0.00041131938588504576 0.0029317877997527835 0.0027094107426702979 -0.0020147873210371475 -0.0020050099254340721 0.0020058692590646391
leaf_weight=34 42 88 46 52 58 36 78 30 410 30 48 38 36 30
leaf_count=34 42 88 46 52 58 36 78 30 410 30 48 38 36 30
internal_value=1.28284e-05 0.000829244 -0.000385709 -0.000198578 0.000468179 0.00176123 -0.000479316 -0.000441765 -0.000296886 0.00118228 0.00153915 -0.000507864 -0.000379636 -0.00023818
internal_weight=1056 216 80 840 224 94 130 616 586 72 136 514 476 440
internal_count=1056 216 80 840 224 94 130 616 586 72 136 514 476 440
is_linear=0
shrinkage=0.035


Tree=88
num_leaves=15
num_cat=0
split_feature=3 1 9 14 12 1 1 6 6 1 2 9 5 1
split_gain=0.141706 0.133594 0.154589 0.107874 0.0792471 0.225113 0.208116 0.149344 0.334015 0.140835 0.0867403 0.183573 0.144646 0.127513
threshold=-8.1217163085937489 -4.900080566406249 8.5000000000000018 9.5000000000000018 17.500000000000004 2.2116467285156256 -2.0487084960937496 19.622485351562549 4.8557128906250293 1.9855187988281251 9.6101291438519816 36.500000000000007 6.1931722120904453 -2.1874853515624992
decision_type=2 2 2 2 2 2 2 2 2 2 2 2 2 2
left_child=-1 2 -2 -3 5 10 -6 8 -8 -9 12 13 -5 -12
right_child=1 3 -4 4 6 -7 7 9 -10 -11 11 -13 -14 -15
leaf_value=0.0021112132261164097 -0.00067014937310225589 -0.001646366689412389 0.0019266539903183004 -0.00051094493193147366 0.0022638714694867617 0.0019519147127401086 -0.0013486576337567791 7.0060171374979518e-05 0.0035010378130519875 -0.0027539712659965612 0.0010115029365682093 -0.0036226184894621841 0.0014098988405722023 -0.0019417400388749015
leaf_weight=36 42 58 78 436 56 48 34 50 32 36 36 30 52 32
leaf_count=36 42 58 78 436 56 48 34 50 32 36 36 30 52 32
internal_value=1.25716e-05 -6.54847e-05 0.00102169 -0.000212385 -0.00010994 -0.000304354 0.000479907 -0.000198209 0.00103652 -0.00114782 -0.000495179 -0.00143506 -0.000301346 -0.000394029
internal_weight=1056 1020 120 900 842 634 208 152 66 86 586 98 488 68
internal_count=1056 1020 120 900 842 634 208 152 66 86 586 98 488 68
is_linear=0
shrinkage=0.035


Tree=89
num_leaves=15
num_cat=0
split_feature=3 1 9 14 12 1 1 6 6 1 2 9 2 1
split_gain=0.132452 0.124583 0.144274 0.102084 0.078715 0.213601 0.194288 0.139647 0.312351 0.131647 0.077857 0.171716 0.1411 0.119232
threshold=-8.1217163085937489 -4.900080566406249 8.5000000000000018 6.5000000000000009 17.500000000000004 2.2116467285156256 -2.0487084960937496 19.622485351562549 4.8557128906250293 1.9855187988281251 9.6101291438519816 36.500000000000007 9.1605459497867106 -2.1874853515624992
decision_type=2 2 2 2 2 2 2 2 2 2 2 2 2 2
left_child=-1 2 -2 -3 5 10 -6 8 -8 -9 12 13 -5 -12
right_child=1 3 -4 4 6 -7 7 9 -10 -11 11 -13 -14 -15
leaf_value=0.0020412098503622572 -0.00064776029194366525 -0.0019807574488100057 0.0018609069398662541 -0.00047076748310337287 0.0021873682688375745 0.0018863303697668019 -0.0013040770241059365 6.7702375851625305e-05 0.0033857095131979271 -0.0026626553547822898 0.00097796366323324815 -0.0035037512780399997 0.0018637928776853883 -0.0018777768627863708
leaf_weight=36 42 36 78 478 56 48 34 50 32 36 36 30 32 32
leaf_count=36 42 36 78 478 56 48 34 50 32 36 36 30 32 32
internal_value=1.22475e-05 -6.32173e-05 0.000986648 -0.000205077 -0.000126686 -0.000314718 0.000463687 -0.000191513 0.00100246 -0.00110978 -0.0004941 -0.00138802 -0.000317577 -0.000381168
internal_weight=1056 1020 120 900 864 656 208 152 66 86 608 98 510 68
internal_count=1056 1020 120 900 864 656 208 152 66 86 608 98 510 68
is_linear=0
shrinkage=0.035


Tree=90
num_leaves=15
num_cat=0
split_feature=3 1 9 4 14 6 1 4 3 4 4 12 4 9
split_gain=0.123802 0.116178 0.134648 0.0956421 0.0895697 0.0834168 0.164773 0.252008 0.105447 0.087651 0.227442 0.147679 0.0849483 0.0978292
threshold=-8.1217163085937489 -4.900080566406249 8.5000000000000018 -3.1100036621093743 9.5000000000000018 -8.1959863281249721 -2.2222827148437498 -1.9942260742187499 -5.1112048339843748 1.6041027832031254 2.1237463378906249 13.500000000000002 1.0797607421875002 16.500000000000004
decision_type=2 2 2 2 2 2 2 2 2 2 2 2 2 2
left_child=-1 2 -2 -3 -5 -6 7 8 -7 12 -11 -12 13 -8
right_child=1 3 -4 4 5 6 9 -9 -10 10 11 -13 -14 -15
leaf_value=0.0019735276427021936 -0.00062611924174813221 -0.0020774797792546453 0.0017974034910439515 -0.0015092092586457041 -0.0012937733487536512 0.0014272499738515103 0.00061535618884059112 0.0036996194631986634 -0.00097015683923888478 0.0023967564493607455 0.0011786458312271863 -0.0016089478152753146 -0.0014442813133773132 -0.00053800033356223834
leaf_weight=36 42 30 78 52 58 42 128 34 44 52 38 54 76 292
leaf_count=36 42 30 78 52 58 42 128 34 44 52 38 54 76 292
internal_value=1.19395e-05 -6.10196e-05 0.000952812 -0.00019801 -0.000128585 -3.73518e-05 6.16771e-05 0.00124064 0.000206498 -0.000162555 0.000592258 -0.000456971 -0.000383192 -0.000185251
internal_weight=1056 1020 120 900 870 818 760 120 86 640 144 92 496 420
internal_count=1056 1020 120 900 870 818 760 120 86 640 144 92 496 420
is_linear=0
shrinkage=0.035


Tree=91
num_leaves=15
num_cat=0
split_feature=3 1 9 14 12 1 1 6 6 1 2 9 2 1
split_gain=0.115706 0.108321 0.125664 0.0903826 0.0739462 0.192461 0.175839 0.129042 0.289271 0.121517 0.0731499 0.159316 0.127613 0.110799
threshold=-8.1217163085937489 -4.900080566406249 8.5000000000000018 6.5000000000000009 17.500000000000004 2.2116467285156256 -2.0487084960937496 19.622485351562549 4.3836230468750452 1.9855187988281251 9.6101291438519816 36.500000000000007 9.1605459497867106 -2.1874853515624992
decision_type=2 2 2 2 2 2 2 2 2 2 2 2 2 2
left_child=-1 2 -2 -3 5 10 -6 8 -8 -9 12 13 -5 -12
right_child=1 3 -4 4 6 -7 7 9 -10 -11 11 -13 -14 -15
leaf_value=0.0019080895883962514 -0.00060520118337907753 -0.0018618970764433282 0.0017360670894267971 -0.00044450006019845512 0.0020946240189067765 0.0017897084733471274 -0.0015073396600200795 7.9219778574322582e-05 0.0030210176135388842 -0.0025434581249014869 0.00094366557013831655 -0.0033741887664655227 0.0017756582399841353 -0.0018092225818648279
leaf_weight=36 42 36 78 478 56 48 30 50 36 36 36 30 32 32
leaf_count=36 42 36 78 478 56 48 30 50 36 36 36 30 32 32
internal_value=1.17215e-05 -5.88122e-05 0.000920135 -0.000191089 -0.000117333 -0.00029959 0.000454857 -0.000168625 0.000978879 -0.0010515 -0.000469862 -0.00133628 -0.000298804 -0.00036649
internal_weight=1056 1020 120 900 864 656 208 152 66 86 608 98 510 68
internal_count=1056 1020 120 900 864 656 208 152 66 86 608 98 510 68
is_linear=0
shrinkage=0.035


Tree=92
num_leaves=15
num_cat=0
split_feature=3 1 9 4 14 6 1 4 3 4 14 9 4 9
split_gain=0.108154 0.10102 0.11728 0.087809 0.0791416 0.0785785 0.148107 0.230681 0.0987162 0.0768429 0.219484 0.156558 0.0799716 0.0900118
threshold=-8.1217163085937489 -4.900080566406249 8.5000000000000018 -3.1100036621093743 9.5000000000000018 -8.1959863281249721 -2.2222827148437498 -1.9942260742187499 -5.1112048339843748 1.6041027832031254 227.50000000000003 31.500000000000004 1.0797607421875002 16.500000000000004
decision_type=2 2 2 2 2 2 2 2 2 2 2 2 2 2
left_child=-1 2 -2 -3 -5 -6 7 8 -7 12 -11 -12 13 -8
right_child=1 3 -4 4 5 6 9 -9 -10 10 11 -13 -14 -15
leaf_value=0.0018448213679029756 -0.00058498190631243324 -0.0019853848166530952 0.0016768238025542815 -0.0014158014975126005 -0.0012517303919109208 0.0013735631282113241 0.00060443955168235476 0.0035341727672170645 -0.00094601025511308219 0.0029304850679667052 -0.0013989840056972519 0.0012057507432809173 -0.0013848586934648503 -0.00050182741505393224
leaf_weight=36 42 30 78 52 58 42 128 34 44 34 60 50 76 292
leaf_count=36 42 30 78 52 58 42 128 34 44 34 60 50 76 292
internal_value=1.13908e-05 -5.68021e-05 0.00088858 -0.000184544 -0.000118035 -3.2284e-05 6.38201e-05 0.00118156 0.000192276 -0.000148784 0.000557942 -0.000214625 -0.00035538 -0.000163413
internal_weight=1056 1020 120 900 870 818 760 120 86 640 144 110 496 420
internal_count=1056 1020 120 900 870 818 760 120 86 640 144 110 496 420
is_linear=0
shrinkage=0.035


Tree=93
num_leaves=15
num_cat=0
split_feature=3 1 9 4 14 6 1 9 4 4 6 14 4 12
split_gain=0.101075 0.0941754 0.109455 0.082185 0.0744529 0.0708319 0.135137 0.218767 0.0668421 0.211817 0.150186 0.101549 0.0794153 0.112284
threshold=-8.1217163085937489 -4.900080566406249 8.5000000000000018 -3.1100036621093743 6.5000000000000009 -8.1959863281249721 -2.9793298339843743 33.500000000000007 1.6041027832031254 2.1786743164062505 19.968591308593805 234.50000000000003 1.0797607421875002 19.500000000000004
decision_type=2 2 2 2 2 2 2 2 2 2 2 2 2 2
left_child=-1 2 -2 -3 -5 -6 7 -7 12 11 -11 -10 13 -8
right_child=1 3 -4 4 5 6 8 -9 9 10 -12 -13 -14 -15
leaf_value=0.001783650962292756 -0.0005654382182414834 -0.0019202393727027812 0.0016196022001386157 -0.0017707013859762813 -0.0012093801802645129 0.0028600296349264686 -0.00027958759823672451 -0.000587960285677885 0.003429949837172899 0.0010716386554284125 -0.0019257430262465886 0.00063606388257337839 -0.0013376314625239527 0.0018076149045544514
leaf_weight=36 42 30 78 30 58 48 442 40 30 34 46 34 76 32
leaf_count=36 42 30 78 30 58 48 442 40 30 34 46 34 76 32
internal_value=1.12369e-05 -5.4687e-05 0.000858106 -0.000178025 -0.000113683 -5.04381e-05 3.83851e-05 0.00131452 -0.000126743 0.000539726 -0.000656789 0.00200995 -0.00030256 -0.000131676
internal_weight=1056 1020 120 900 870 840 782 88 694 144 80 64 550 474
internal_count=1056 1020 120 900 870 840 782 88 694 144 80 64 550 474
is_linear=0
shrinkage=0.035


Tree=94
num_leaves=15
num_cat=0
split_feature=5 5 3 9 14 0 2 6 4 14 12 3 5 5
split_gain=0.0980843 0.164727 0.116369 0.114884 0.0910085 0.177816 0.120526 0.15065 0.252759 0.147745 0.110773 0.107711 0.118015 0.0963403
threshold=3.5742813562564715 3.8792359332190602 2.9005383300781253 13.500000000000002 244.50000000000003 -8.4716577148437491 9.6101291438519816 23.913159179687515 0.08686523437499992 223.50000000000003 18.500000000000004 3.2457067871093757 4.5378559730840253 6.0563581036153256
decision_type=2 2 2 2 2 2 2 2 2 2 2 2 2 2
left_child=2 3 -1 -2 5 13 7 11 9 -9 -6 12 -7 -3
right_child=1 4 -4 -5 10 6 -8 8 -10 -11 -12 -13 -14 -15
leaf_value=-0.00020201819443647529 0.00039461665699946029 0.0022968616566180979 -0.0020194315182976426 0.0034392775886226447 0.00032609350929498873 0.0009950036820955575 -0.0027461014354048532 0.0011322910364833661 0.0030580499248496974 -0.0021026431218917042 0.0025767550457214171 -0.0026110628192757513 -0.0013808171565566835 0.00028073901243773526
leaf_weight=320 30 34 48 30 130 38 30 30 32 36 32 42 70 154
leaf_count=320 30 34 48 30 130 38 30 30 32 36 32 42 70 154
internal_value=1.10826e-05 0.000257604 -0.000448707 0.00197878 8.74003e-05 -0.000161521 -0.000721693 -0.000456796 0.000603066 -0.000642164 0.000796671 -0.00114806 -0.000541988 0.000665696
internal_weight=1056 688 368 60 628 466 278 248 98 66 162 150 108 188
internal_count=1056 688 368 60 628 466 278 248 98 66 162 150 108 188
is_linear=0
shrinkage=0.035


Tree=95
num_leaves=15
num_cat=0
split_feature=3 1 9 4 0 14 9 14 0 6 9 5 1 4
split_gain=0.0934438 0.0851188 0.101098 0.0786818 0.0676672 0.0869106 0.217606 0.505941 0.367335 0.297589 0.207581 0.0999035 0.116503 0.14509
threshold=-8.1217163085937489 -4.900080566406249 8.5000000000000018 -3.0280285644531246 -8.9799426269531235 220.50000000000003 31.500000000000004 230.50000000000003 -1.6660803222656246 21.62699584960939 4.5000000000000009 5.2766884261071718 -3.426548461914062 1.2663244628906252
decision_type=2 2 2 2 2 2 2 2 2 2 2 2 2 2
left_child=-1 2 -2 -3 -5 11 8 -8 -7 -9 -10 12 -6 -14
right_child=1 3 -4 4 5 6 7 9 10 -11 -12 -13 13 -15
leaf_value=0.0017151165898203068 -0.0005524769906399095 -0.001613366590939801 0.0015472404420361274 0.0013903139356019286 0.0015485622022404441 0.0030808539543410438 0.0049818971576443055 0.0014293801582243759 0.0011404476615857206 -0.0020255532641749599 -0.0011888141247106251 -0.0018930733250454069 -0.00093459485454694066 0.0015380330639206531
leaf_weight=36 42 42 78 34 34 32 32 82 56 46 248 58 204 32
leaf_count=36 42 42 78 34 34 32 32 82 56 46 248 58 204 32
internal_value=1.09221e-05 -5.24646e-05 0.00081533 -0.000169722 -9.54662e-05 -0.000159991 0.000132364 0.00118658 -0.000373694 0.000175703 -0.00075509 -0.000600211 -0.000310607 -0.000589216
internal_weight=1056 1020 120 900 858 824 496 160 336 128 304 328 270 236
internal_count=1056 1020 120 900 858 824 496 160 336 128 304 328 270 236
is_linear=0
shrinkage=0.035


Tree=96
num_leaves=15
num_cat=0
split_feature=3 1 9 2 4 0 14 9 14 0 6 9 5 1
split_gain=0.0872807 0.079454 0.13216 0.0805008 0.0800389 0.0632489 0.0819278 0.202981 0.473299 0.343248 0.277812 0.1936 0.0992522 0.108789
threshold=-8.1217163085937489 -4.8733666992187494 34.500000000000007 12.052443751424244 -3.0280285644531246 -8.9799426269531235 220.50000000000003 31.500000000000004 230.50000000000003 -1.6660803222656246 21.62699584960939 4.5000000000000009 5.2766884261071718 -3.426548461914062
decision_type=2 2 2 2 2 2 2 2 2 2 2 2 2 2
left_child=-1 2 3 -2 -3 -6 12 9 -9 -8 -10 -11 13 -7
right_child=1 4 -4 -5 5 6 7 8 10 11 -12 -13 -14 -15
leaf_value=0.0016582469198558678 -0.00072600274017594506 -0.0016573069516258936 0.0027160399818831143 0.0013152130398875104 0.0013443563672060716 0.0014973735858479309 0.0029793669395011798 0.0048177875997584239 0.0013805430214658069 0.0011019084248531225 -0.0019576128161861565 -0.001147538494114997 -0.0018983839980551396 -0.00056841598762034939
leaf_weight=36 56 40 30 38 34 34 32 32 82 56 46 248 56 236
leaf_count=36 56 40 30 38 34 34 32 32 82 56 46 248 56 236
internal_value=1.12123e-05 -5.00496e-05 0.000773124 0.000109379 -0.000165439 -9.2025e-05 -0.000154556 0.000128774 0.00114694 -0.000359987 0.000169232 -0.000728673 -0.000583792 -0.000299182
internal_weight=1056 1020 124 94 896 856 822 496 160 336 128 304 326 270
internal_count=1056 1020 124 94 896 856 822 496 160 336 128 304 326 270
is_linear=0
shrinkage=0.035


Tree=97
num_leaves=15
num_cat=0
split_feature=3 1 9 14 12 4 9 9 14 12 6 9 6 9
split_gain=0.0815172 0.0743967 0.089896 0.0709969 0.188195 0.170663 0.151168 0.168252 0.129203 0.211373 0.354082 0.134826 0.127879 0.097331
threshold=-8.1217163085937489 -4.900080566406249 8.5000000000000018 244.50000000000003 2.5000000000000004 -2.3804833984374998 27.500000000000004 42.500000000000007 231.50000000000003 5.5000000000000009 19.401159667968788 37.500000000000007 11.621181640625055 18.500000000000004
decision_type=2 2 2 2 2 2 2 2 2 2 2 2 2 2
left_child=-1 2 -2 5 -5 -3 12 -8 9 10 11 -7 -6 -11
right_child=1 3 -4 4 6 8 7 -9 -10 13 -12 -13 -14 -15
leaf_value=0.0016032629624303236 -0.00052600109673221599 -0.0021287633815081793 0.0014538318448176143 -0.0019331087960285675 0.0012858895852316536 0.0011468441263132265 0.0025976209319196644 -0.00048134722996110216 -0.0011163131034802921 0.00040241362067256663 0.0037062035481115652 -0.001901986068551196 -0.0010900223935022952 -0.0007951803537568291
leaf_weight=36 42 58 78 36 44 38 72 30 134 136 46 30 68 208
leaf_count=36 42 58 78 36 44 38 72 30 134 136 46 30 68 208
internal_value=1.15381e-05 -4.76679e-05 0.000763627 -0.000157294 0.000342111 -0.000349833 0.000739214 0.0017002 -0.000168965 0.000111855 0.00140438 -0.00021414 -0.000150444 -0.000322124
internal_weight=1056 1020 120 900 250 650 214 102 592 458 114 68 112 344
internal_count=1056 1020 120 900 250 650 214 102 592 458 114 68 112 344
is_linear=0
shrinkage=0.035


Tree=98
num_leaves=15
num_cat=0
split_feature=3 1 9 4 14 6 1 9 6 4 4 6 14 4
split_gain=0.0761885 0.0693668 0.0838989 0.0686789 0.062502 0.0656944 0.107344 0.188829 0.059635 0.0523423 0.191501 0.129868 0.0829187 0.0737965
threshold=-8.1217163085937489 -4.900080566406249 8.5000000000000018 -3.1100036621093743 6.5000000000000009 -8.1959863281249721 -2.9793298339843743 33.500000000000007 -0.6509277343749601 1.6041027832031254 2.1786743164062505 19.968591308593805 234.50000000000003 1.0797607421875002
decision_type=2 2 2 2 2 2 2 2 2 2 2 2 2 2
left_child=-1 2 -2 -3 -5 -6 7 -7 -4 13 12 -12 -11 -8
right_child=1 3 8 4 5 6 9 -9 -10 10 11 -13 -14 -15
leaf_value=0.0015501021403868339 -0.00050842788004956674 -0.0017444089005584831 0.00037765012489398946 -0.0016112182803044563 -0.0011512382373524211 0.0026238419192901349 -8.7878326834042511e-05 -0.00057845816210222748 0.0023150376478830973 0.0031752587829578264 0.00096405020064695352 -0.0018239377634502792 0.0006443500227558414 -0.0012501153928371005
leaf_weight=36 42 30 38 30 58 48 474 40 40 30 34 46 34 76
leaf_count=36 42 30 38 30 58 48 474 40 40 30 34 46 34 76
internal_value=1.12814e-05 -4.59571e-05 0.000737432 -0.000151813 -9.30205e-05 -3.51008e-05 5.04075e-05 0.00118774 0.00140422 -9.68066e-05 0.000492888 -0.000644429 0.00189098 -0.000252426
internal_weight=1056 1020 120 900 870 840 782 88 78 694 144 80 64 550
internal_count=1056 1020 120 900 870 840 782 88 78 694 144 80 64 550
is_linear=0
shrinkage=0.035


Tree=99
num_leaves=15
num_cat=0
split_feature=5 5 0 2 14 0 2 6 4 14 3 5 12 5
split_gain=0.0740653 0.145709 0.128187 0.103315 0.0799161 0.139387 0.10645 0.122388 0.218047 0.143468 0.103367 0.108414 0.0965137 0.0902927
threshold=3.5467523187566203 3.8792359332190602 4.9122436523437516 4.74105935041315 244.50000000000003 -8.4716577148437491 9.6101291438519816 23.913159179687515 0.08686523437499992 223.50000000000003 3.2457067871093757 4.5378559730840253 14.500000000000002 6.0563581036153256
decision_type=2 2 2 2 2 2 2 2 2 2 2 2 2 2
left_child=3 2 -2 -1 5 13 7 10 9 -9 11 -7 -6 -3
right_child=1 4 -4 -5 12 6 -8 8 -10 -11 -12 -13 -14 -15
leaf_value=-0.00015149984554820457 0.00027458454171816514 0.0021368904643976651 0.0033786742215897907 -0.0018370892005399445 -2.6930751879030761e-05 0.0010188896437175572 -0.0025725394791516012 0.0011263654312642759 0.002814629047917312 -0.0020611583141266908 -0.002476567095886408 -0.0012571448043389765 0.0016833932260407083 0.00018686977425367776
leaf_weight=314 34 34 30 50 92 38 30 30 32 36 42 70 70 154
leaf_count=314 34 34 30 50 92 38 30 30 32 36 42 70 70 154
internal_value=1.10781e-05 0.00022352 0.00178792 -0.00039181 5.89215e-05 -0.000174257 -0.000670114 -0.000421243 0.000534171 -0.000621769 -0.00104426 -0.000452353 0.000723615 0.000558314
internal_weight=1056 692 64 364 628 466 278 248 98 66 150 108 162 188
internal_count=1056 692 64 364 628 466 278 248 98 66 150 108 162 188
is_linear=0
shrinkage=0.035


Tree=100
num_leaves=15
num_cat=0
split_feature=3 1 9 4 12 1 4 2 6 12 12 6 1 6
split_gain=0.0706719 0.0631029 0.0808635 0.0689583 0.16405 0.152623 0.114884 0.0671198 0.0620177 0.121704 0.104722 0.403689 0.180161 0.177576
threshold=-8.1217163085937489 -4.900080566406249 33.500000000000007 -1.9942260742187499 7.5000000000000009 -2.8989123535156245 -2.5959179687499998 12.214715735837521 28.414001464843782 14.500000000000002 6.5000000000000009 21.95477294921881 -0.42638580322265623 21.62699584960939
decision_type=2 2 2 2 2 2 2 2 2 2 2 2 2 2
left_child=-1 2 7 4 -3 -5 -6 -2 10 -10 11 12 -7 -12
right_child=1 3 -4 5 6 8 -8 -9 9 -11 13 -13 -14 -15
leaf_value=0.0014929016583942272 -0.00055407421639635385 -0.0022888807201725918 0.0021528460774039989 0.0019928602842529393 0.00102872027012927 0.0017145782429724935 -0.0014308567232709675 0.0014312761518522168 -0.00040870847293990667 0.0016252867040704147 9.2260635003684947e-06 0.0039406096551101661 -0.00088384623344560126 -0.001580365068752629
leaf_weight=36 58 56 32 42 58 40 36 30 78 64 202 30 146 148
leaf_count=36 58 56 32 42 58 40 36 30 78 64 202 30 146 148
internal_value=1.08384e-05 -4.42889e-05 0.000702895 -0.000145251 -0.000825029 -7.46276e-06 7.65694e-05 0.000139515 -0.000131405 0.000517863 -0.000295546 0.000308727 -0.00031275 -0.000668104
internal_weight=1056 1020 120 900 150 750 94 88 708 142 566 216 186 350
internal_count=1056 1020 120 900 150 750 94 88 708 142 566 216 186 350
is_linear=0
shrinkage=0.035


Tree=101
num_leaves=15
num_cat=0
split_feature=3 14 12 14 12 6 9 9 9 0 4 14 4 5
split_gain=0.0660146 0.0607462 0.179642 0.156734 0.163172 0.349729 0.1371 0.1089 0.149669 0.106663 0.0935381 0.148437 0.136513 0.108403
threshold=-8.1217163085937489 244.50000000000003 2.5000000000000004 231.50000000000003 5.5000000000000009 19.401159667968788 38.500000000000007 27.500000000000004 42.500000000000007 -8.4716577148437491 -0.15352172851562498 223.50000000000003 1.707379150390625 1.9598571922080108
decision_type=2 2 2 2 2 2 2 2 2 2 2 2 2 2
left_child=-1 3 -3 4 5 -2 -5 -4 -9 -6 11 -11 13 -12
right_child=1 2 7 6 9 -7 -8 8 -10 10 12 -13 -14 -15
leaf_value=0.0014434001868051528 -7.6218515969230809e-05 -0.0018139121715112676 7.8380668419413276e-05 -0.0006485969729255886 0.00077998414199891681 0.0035029590408278944 -0.003275595544218959 0.0024675639242726704 -0.00043726409468945352 -0.00056198558663059629 -0.00086270012298579482 -0.0028667348289551837 -0.0017869153375709979 0.0014687245895262237
leaf_weight=36 110 36 122 108 90 46 30 72 30 194 34 40 32 76
leaf_count=36 110 36 122 108 90 46 30 72 30 194 34 40 32 76
internal_value=1.10043e-05 -4.22766e-05 0.000417549 -0.000200268 3.77568e-05 0.00101016 -0.00125832 0.000789055 0.00162122 -0.000290695 -0.000549746 -0.000976915 0.000157974 0.000745565
internal_weight=1056 1020 260 760 622 156 138 224 102 466 376 234 142 110
internal_count=1056 1020 260 760 622 156 138 224 102 466 376 234 142 110
is_linear=0
shrinkage=0.035


Tree=102
num_leaves=15
num_cat=0
split_feature=5 5 0 3 14 0 2 6 4 14 3 5 5 12
split_gain=0.0642371 0.136848 0.112267 0.1003 0.0710436 0.120102 0.0975477 0.114973 0.191118 0.12959 0.0929304 0.0983552 0.0877184 0.0860885
threshold=3.5467523187566203 3.8792359332190602 4.9122436523437516 2.9005383300781253 244.50000000000003 -8.4716577148437491 9.6101291438519816 23.913159179687515 0.08686523437499992 223.50000000000003 3.2457067871093757 4.5378559730840253 6.0563581036153256 18.500000000000004
decision_type=2 2 2 2 2 2 2 2 2 2 2 2 2 2
left_child=3 2 -2 -1 5 12 7 10 9 -9 11 -7 -3 -6
right_child=1 4 -4 -5 13 6 -8 8 -10 -11 -12 -13 -14 -15
leaf_value=-0.00013874641632969544 0.00030501044588163498 0.0020647495163656359 0.0032133819733280691 -0.0018563115368548705 0.00026114698182826747 0.00096579952572938064 -0.0024522907733853573 0.0011094992938160432 0.0026673476000124699 -0.0019190814528663302 -0.0023552001739682803 -0.0012021559027198237 0.00014349791657878086 0.0022445778991780517
leaf_weight=318 34 34 30 46 130 38 30 30 32 36 42 70 154 32
leaf_count=318 34 34 30 46 130 38 30 30 32 36 42 70 154 32
internal_value=1.04479e-05 0.000208293 0.00172437 -0.000364759 4.88048e-05 -0.000171026 -0.000631274 -0.000393133 0.000532687 -0.000550311 -0.000997053 -0.000435666 0.000509035 0.000675531
internal_weight=1056 692 64 364 628 466 278 248 98 66 150 108 188 162
internal_count=1056 692 64 364 628 466 278 248 98 66 150 108 188 162
is_linear=0
shrinkage=0.035


Tree=103
num_leaves=15
num_cat=0
split_feature=3 1 9 4 12 1 4 6 12 12 6 1 6 4
split_gain=0.0612983 0.0557172 0.0744212 0.0665955 0.150381 0.140439 0.101805 0.0612648 0.109722 0.0935574 0.353683 0.16345 0.162624 0.166589
threshold=-8.1217163085937489 -4.900080566406249 33.500000000000007 -1.9942260742187499 7.5000000000000009 -2.8989123535156245 -2.5959179687499998 28.414001464843782 14.500000000000002 6.5000000000000009 21.95477294921881 -0.42638580322265623 21.62699584960939 0.38780883789062509
decision_type=2 2 2 2 2 2 2 2 2 2 2 2 2 2
left_child=-1 2 -2 4 -3 -5 -6 9 -9 10 11 -7 13 -11
right_child=1 3 -4 5 6 7 -8 8 -10 12 -12 -13 -14 -15
leaf_value=0.0013905652710481697 0.00012088075792093555 -0.002205486619184677 0.0020519810599987122 0.0019182591567831963 0.00095610809273421191 0.001637788157289227 -0.0013592095725241387 -0.00035465399959139178 0.001577106059747607 -0.00082932794545195082 0.0036880630359519277 -0.0008371581726562393 -0.001507759073347552 0.0011889717503597006
leaf_weight=36 88 56 32 42 58 40 36 78 64 118 30 146 148 84
leaf_count=36 88 56 32 42 58 40 36 78 64 118 30 146 148 84
internal_value=1.02841e-05 -4.10577e-05 0.000661038 -0.000135929 -0.000803959 -5.39695e-07 5.95471e-05 -0.00011945 0.00052581 -0.000282616 0.000288558 -0.000293151 -0.000634749 1.33932e-05
internal_weight=1056 1020 120 900 150 750 94 708 142 566 216 186 350 202
internal_count=1056 1020 120 900 150 750 94 708 142 566 216 186 350 202
is_linear=0
shrinkage=0.035


Tree=104
num_leaves=15
num_cat=0
split_feature=3 14 12 14 12 6 9 9 9 4 0 1 9 4
split_gain=0.0572601 0.0545505 0.162492 0.138546 0.143328 0.316345 0.128286 0.0995673 0.136304 0.0924637 0.0924256 0.0917347 0.0860155 0.0838806
threshold=-8.1217163085937489 244.50000000000003 2.5000000000000004 231.50000000000003 5.5000000000000009 19.401159667968788 38.500000000000007 27.500000000000004 42.500000000000007 -0.45061889648437492 -8.4716577148437491 -4.7285971069335933 20.500000000000004 -0.46715698242187492
decision_type=2 2 2 2 2 2 2 2 2 2 2 2 2 2
left_child=-1 3 -3 4 5 11 12 9 -9 -4 -6 -2 -5 -12
right_child=1 2 7 6 10 -7 -8 8 -10 -11 13 -13 -14 -15
leaf_value=0.0013444570548170689 0.0012652782662771645 -0.0017257285550371499 0.0010637396002033106 -0.0013378228014335038 0.00072371948632834299 0.0033170749073603172 -0.0031345394409436271 0.0023532495997957035 -0.00041876898489135789 -0.00083475783686012492 -0.00098547152571812216 -0.0008152326979207166 0.00067228144422794387 6.1905621224405181e-05
leaf_weight=36 38 36 58 68 90 46 30 72 30 64 206 72 40 170
leaf_count=36 38 36 58 68 90 46 30 72 30 64 206 72 40 170
internal_value=1.04161e-05 -3.92066e-05 0.000396536 -0.000188926 3.48644e-05 0.000946225 -0.00118369 0.000749868 0.00154558 7.04061e-05 -0.000272966 -8.67508e-05 -0.000594653 -0.000514101
internal_weight=1056 1020 260 760 622 156 138 224 102 122 466 110 108 376
internal_count=1056 1020 260 760 622 156 138 224 102 122 466 110 108 376
is_linear=0
shrinkage=0.035


Tree=105
num_leaves=15
num_cat=0
split_feature=5 5 0 0 0 1 9 6 14 0 2 6 4 14
split_gain=0.0539539 0.129343 0.0987532 0.0962938 0.0658791 0.112544 0.104646 0.0668132 0.0625876 0.10221 0.0901771 0.103698 0.169043 0.121246
threshold=3.5467523187566203 3.8792359332190602 4.9122436523437516 4.091422119140625 1.1423962402343752 -0.39359130859374986 13.500000000000002 20.166278076171924 244.50000000000003 -8.4716577148437491 9.6101291438519816 23.913159179687515 0.08686523437499992 223.50000000000003
decision_type=2 2 2 2 2 2 2 2 2 2 2 2 2 2
left_child=3 2 -2 4 7 -6 -7 -1 9 -3 11 -11 13 -13
right_child=1 8 -4 -5 5 6 -8 -9 -10 10 -12 12 -14 -15
leaf_value=-0.00010505171189184435 0.000331206890857882 0.00045758837834306948 0.0030622401136497506 -0.0017951038306030873 0.0021564210940371543 0.0016790896442762462 -0.00059052073949715132 -0.00166518723104673 0.00062472564911486865 -0.00093912444623511923 -0.0023451141996702067 0.001099188353837235 0.002521077581195106 -0.0018297394933669193
leaf_weight=96 34 188 30 46 32 30 110 50 162 150 30 30 32 36
leaf_count=96 34 188 30 46 32 30 110 50 162 150 30 30 32 36
internal_value=1.01541e-05 0.000191473 0.00166538 -0.000333713 -0.000112419 0.000350062 -8.73764e-05 -0.000654627 3.64552e-05 -0.000169847 -0.000594393 -0.000365545 0.000513606 -0.000505236
internal_weight=1056 692 64 364 318 172 140 146 628 466 278 248 98 66
internal_count=1056 692 64 364 318 172 140 146 628 466 278 248 98 66
is_linear=0
shrinkage=0.035


Tree=106
num_leaves=15
num_cat=0
split_feature=3 14 12 14 12 6 9 9 9 4 1 0 9 14
split_gain=0.0522565 0.0487892 0.149643 0.128782 0.131349 0.292636 0.120291 0.0930521 0.125631 0.0853907 0.0838082 0.0824284 0.0796167 0.0791458
threshold=-8.1217163085937489 244.50000000000003 2.5000000000000004 231.50000000000003 5.5000000000000009 19.401159667968788 38.500000000000007 27.500000000000004 42.500000000000007 -0.45061889648437492 -4.7285971069335933 -8.4716577148437491 20.500000000000004 20.500000000000004
decision_type=2 2 2 2 2 2 2 2 2 2 2 2 2 2
left_child=-1 3 -3 4 5 10 12 9 -9 -4 -2 13 -5 -6
right_child=1 2 7 6 11 -7 -8 8 -10 -11 -12 -13 -14 -15
leaf_value=0.0012843971156000504 0.0012079928712919355 -0.0016618764725832369 0.0010118453876736264 -0.0012829229256603868 -0.00020945479989879662 0.0031894456063309919 -0.0030270569620915923 0.00225840862974331 -0.00040283184435338629 -0.00081257224915492717 -0.00078060653559372745 -0.0004856896691489965 0.0006508759568290165 0.0018542908227827868
leaf_weight=36 38 36 58 68 52 46 30 72 30 64 72 376 40 38
leaf_count=36 38 36 58 68 52 46 30 72 30 64 72 376 40 38
internal_value=9.97478e-06 -3.74303e-05 0.000374661 -0.000179022 3.67285e-05 0.000909166 -0.0011381 0.000713772 0.001483 5.71045e-05 -8.43319e-05 -0.000257969 -0.000567889 0.000683273
internal_weight=1056 1020 260 760 622 156 138 224 102 122 110 466 108 90
internal_count=1056 1020 260 760 622 156 138 224 102 122 110 466 108 90
is_linear=0
shrinkage=0.035


Tree=107
num_leaves=15
num_cat=0
split_feature=6 9 2 2 13 3 12 6 12 0 6 9 0 6
split_gain=0.0507929 0.0754578 0.093734 0.0787857 0.0823333 0.0760194 0.10413 0.0710088 0.161882 0.0539932 0.156168 0.0751183 0.0965153 0.119993
threshold=34.138171386718803 6.5000000000000009 10.087883450980362 9.8107796105020366 8.5000000000000018 -5.6679101562499996 7.5000000000000009 26.74694824218756 14.500000000000002 6.3764526367187502 22.474359130859401 9.5000000000000018 3.8202893066406252 -0.48882812499999767
decision_type=2 2 2 2 2 2 2 2 2 2 2 2 2 2
left_child=1 3 7 4 -1 6 -4 9 -9 11 -11 -3 13 -13
right_child=-2 2 5 -5 -6 -7 -8 8 -10 10 -12 12 -14 -15
leaf_value=-0.00083203888273547988 -0.0011830048752017321 0.0012559802889720434 -0.0010136401286834609 -0.0019668160246995589 0.0013213190044189106 0.0017603202035954585 0.0010778672527958406 -0.00045985881482920379 0.0023197034385520968 -0.00061692484836701469 0.0025751463297638113 -0.00090396043196960829 -0.0014367955696070569 0.00033785442177389289
leaf_weight=66 40 34 44 40 30 70 78 54 46 44 30 158 88 234
leaf_count=66 40 34 44 40 30 70 78 54 46 44 30 158 88 234
internal_value=9.81054e-06 5.90037e-05 0.000177969 -0.000702194 -0.000145882 0.000857448 0.00031937 -1.35892e-05 0.000839154 -0.000160966 0.00071087 -0.000288753 -0.000402929 -0.000164721
internal_weight=1056 1016 880 136 96 192 122 688 100 588 74 514 480 392
internal_count=1056 1016 880 136 96 192 122 688 100 588 74 514 480 392
is_linear=0
shrinkage=0.035


Tree=108
num_leaves=15
num_cat=0
split_feature=6 9 2 2 13 0 12 6 12 4 1 0 3 9
split_gain=0.0474739 0.0704566 0.0873593 0.0736719 0.0769479 0.0719829 0.071394 0.0662805 0.151193 0.0539457 0.100333 0.0753316 0.203615 0.110517
threshold=34.138171386718803 6.5000000000000009 10.087883450980362 9.8107796105020366 8.5000000000000018 -9.8958050537109337 7.5000000000000009 26.74694824218756 14.500000000000002 2.1786743164062505 2.1162963867187501 7.404912109375001 3.4238427734375008 12.500000000000002
decision_type=2 2 2 2 2 2 2 2 2 2 2 2 2 2
left_child=1 3 7 4 -1 6 -4 9 -9 10 11 12 13 -3
right_child=-2 2 5 -5 -6 -7 -8 8 -10 -11 -12 -13 -14 -15
leaf_value=-0.00080377404998912172 -0.0011435713828541339 0.0011493253164614242 -0.0011623761344098432 -0.0019012554915389048 0.0012779632682213562 0.0014955301575329423 0.0008122646332732543 -0.00044433861246943711 0.0022418966889381411 -0.0012317208609490011 0.0018503576382681787 -0.0018141424292116427 0.0026381714677427229 -0.00046441800044574069
leaf_weight=66 40 58 32 40 30 96 64 54 46 50 30 30 30 390
leaf_count=66 40 58 32 40 30 96 64 54 46 50 30 30 30 390
internal_value=9.61505e-06 5.71736e-05 0.000172128 -0.000678366 -0.000140427 0.000828096 0.000143762 -1.2802e-05 0.00081106 -0.000155189 -5.09481e-05 -0.000170046 -5.97309e-05 -0.000251316
internal_weight=1056 1016 880 136 96 192 96 688 100 588 538 508 478 448
internal_count=1056 1016 880 136 96 192 96 688 100 588 538 508 478 448
is_linear=0
shrinkage=0.035


Tree=109
num_leaves=15
num_cat=0
split_feature=5 5 5 5 0 9 9 2 6 3 14 6 14 6
split_gain=0.0450181 0.187884 0.085767 0.181998 0.0595111 0.0521144 0.0886933 0.0698404 0.138287 0.101286 0.101264 0.0636298 0.0618901 0.0804539
threshold=3.6064620874712814 3.8792359332190602 2.3146569184999031 1.9598571922080108 1.1423962402343752 44.500000000000007 41.500000000000007 9.4044066083536588 -6.9745800781249718 5.3752380371093755 12.500000000000002 1.0000000180025095e-35 224.50000000000003 18.692822265625043
decision_type=2 2 2 2 2 2 2 2 2 2 2 2 2 2
left_child=2 -2 3 4 -1 6 7 12 -9 10 -10 -12 -3 -14
right_child=1 5 -4 -5 -6 -7 -8 8 9 -11 11 -13 13 -15
leaf_value=-0.0009089716413776236 0.0023411974481954848 -0.00081112473076485161 -0.00075036548676457615 0.0022996096484469795 0.00063848219069768681 0.001185595284001796 -0.0016131284116515114 -0.0016444313939085562 -0.0001591140199569054 -0.00037089320501157392 0.0027403054326638693 0.0010607253844892304 0.0016955949522226173 -0.00029229243528692335
leaf_weight=82 44 150 216 40 46 42 40 32 48 70 46 76 32 92
leaf_count=82 44 150 216 40 46 42 40 32 48 70 46 76 32 92
internal_value=9.44393e-06 0.000182039 -0.000291976 0.000299277 -0.000351588 2.38082e-05 -6.32093e-05 5.58108e-05 0.000451462 0.000742195 0.00119951 0.00172799 -0.000337378 0.000239482
internal_weight=1056 672 384 168 128 628 586 546 272 240 170 122 274 124
internal_count=1056 672 384 168 128 628 586 546 272 240 170 122 274 124
is_linear=0
shrinkage=0.035


Tree=110
num_leaves=15
num_cat=0
split_feature=6 9 2 4 12 2 13 0 1 6 14 14 9 9
split_gain=0.0426495 0.0651323 0.0790053 0.0800849 0.0767664 0.0705226 0.0700944 0.0633685 0.060832 0.209444 0.10914 0.231261 0.184579 0.0917013
threshold=34.138171386718803 6.5000000000000009 10.123374524568897 -2.5959179687499998 7.5000000000000009 9.8107796105020366 8.5000000000000018 -8.7979418945312489 -0.32358764648437494 3.1955859375000277 230.50000000000003 224.50000000000003 15.500000000000002 27.500000000000004
decision_type=2 2 2 2 2 2 2 2 2 2 2 2 2 2
left_child=1 5 7 4 -4 6 -1 -3 9 -9 11 12 -10 -11
right_child=-2 2 3 -5 -6 -7 -8 8 10 13 -12 -13 -14 -15
leaf_value=-0.0007598320532569608 -0.0010835508684006831 -0.0015297322808510217 -0.00094779031421057889 0.0020012708874136758 0.00085890260400796814 -0.001849079127617491 0.0012269932276103646 -0.00028433670707638431 0.00166035232889044 0.00074659458306026267 -0.00072686785542844538 0.0029429287362831426 -0.0010868755857611294 0.0028756212951544595
leaf_weight=66 40 30 38 48 102 40 30 172 42 58 220 34 92 44
leaf_count=66 40 30 38 48 102 40 30 172 42 58 220 34 92 44
internal_value=9.47141e-06 5.4548e-05 0.000165075 0.000797252 0.000362072 -0.000652653 -0.00012658 -8.47521e-06 6.48639e-05 0.000462318 -0.000216744 0.000451968 -0.00021405 0.00170264
internal_weight=1056 1016 880 188 140 136 96 692 662 274 388 168 134 102
internal_count=1056 1016 880 188 140 136 96 692 662 274 388 168 134 102
is_linear=0
shrinkage=0.035


Tree=111
num_leaves=15
num_cat=0
split_feature=3 1 5 3 9 6 4 4 4 0 12 2 13 5
split_gain=0.040421 0.0422508 0.0724249 0.0737307 0.0626774 0.0578038 0.0599331 0.147059 0.0927174 0.0942722 0.0758381 0.0871123 0.0783303 0.0762296
threshold=-8.1217163085937489 -4.900080566406249 8.8006846038745064 6.104230957031251 33.500000000000007 32.371044921875047 2.1786743164062505 1.6667358398437502 1.0797607421875002 6.1866674804687509 1.5000000000000002 10.187589135084197 10.000000000000002 5.5408485134601015
decision_type=2 2 2 2 2 2 2 2 2 2 2 2 2 2
left_child=-1 4 3 5 -2 6 7 8 9 10 -3 12 13 -12
right_child=1 2 -4 -5 -6 -7 -8 -9 -10 -11 11 -13 -14 -15
leaf_value=0.001130254791059997 8.4031825484190561e-05 -0.001605399235467255 -0.0014998615237957645 0.0011615276929911366 0.0018554943641099862 -0.0015430070272208576 -0.0011304125279032937 0.001679892878746614 -0.001279867890200541 0.0017057261866590893 -7.8128906584774653e-05 0.0017272696781026969 0.0013382006902975265 -0.0015306255232077094
leaf_weight=36 88 36 42 56 32 32 58 58 74 36 388 32 40 48
leaf_count=36 88 36 42 56 32 32 58 58 74 36 388 32 40 48
internal_value=9.40751e-06 -3.22862e-05 -0.000114907 -4.37817e-05 0.000579096 -0.000130623 -6.80812e-05 2.13811e-05 -0.000130377 2.01761e-05 -9.72072e-05 1.55491e-05 -0.00010627 -0.000244296
internal_weight=1056 1020 900 858 120 802 770 712 654 580 544 508 476 436
internal_count=1056 1020 900 858 120 802 770 712 654 580 544 508 476 436
is_linear=0
shrinkage=0.035


Tree=112
num_leaves=15
num_cat=0
split_feature=6 9 1 6 12 0 6 9 9 2 14 2 14 5
split_gain=0.0397981 0.0606595 0.0698286 0.0802607 0.142578 0.072075 0.102043 0.120618 0.0917462 0.167267 0.145866 0.102586 0.208754 0.10993
threshold=34.138171386718803 6.5000000000000009 -4.900080566406249 26.74694824218756 14.500000000000002 6.3764526367187502 22.474359130859401 38.500000000000007 32.500000000000007 9.6702697208257629 252.50000000000003 9.3039991002846616 23.500000000000004 4.5378559730840253
decision_type=2 2 2 2 2 2 2 2 2 2 2 2 2 2
left_child=1 -1 -3 5 -5 8 7 -7 11 10 -10 13 -13 -4
right_child=-2 2 3 4 -6 6 -8 -9 9 -11 -12 12 -14 -15
leaf_value=-0.00062973161840025149 -0.0010466418236804505 0.001040281021019577 0.00011531413218093567 -0.00017718005932408688 0.0023583985237443511 0.0012888269182294609 0.0024047618950135078 -0.0015941092867433329 -0.00090319082619089391 -0.0029427489860743093 0.0016203482040630965 -0.0009490214410620599 0.0026548108848570943 -0.0015343301109368764
leaf_weight=136 40 96 244 62 46 38 30 30 126 36 34 32 46 60
leaf_count=136 40 96 244 62 46 38 30 30 126 36 34 32 46 60
internal_value=9.21157e-06 5.27552e-05 0.000159419 4.9186e-05 0.000926033 -9.32203e-05 0.00077494 7.73685e-06 -0.000242582 -0.000854042 -0.000353555 7.39662e-05 0.00118955 -0.000218174
internal_weight=1056 1016 880 784 108 676 98 68 578 196 160 382 78 304
internal_count=1056 1016 880 784 108 676 98 68 578 196 160 382 78 304
is_linear=0
shrinkage=0.035


Tree=113
num_leaves=15
num_cat=0
split_feature=5 5 5 5 0 9 9 3 14 6 1 4 12 4
split_gain=0.0385184 0.171242 0.0799015 0.166445 0.0543273 0.0476365 0.0796789 0.0586556 0.0836331 0.0889892 0.0644086 0.174406 0.0730988 0.160054
threshold=3.6064620874712814 3.8792359332190602 2.3146569184999031 1.9598571922080108 1.1423962402343752 44.500000000000007 41.500000000000007 -5.5820007324218741 23.500000000000004 -0.6509277343749601 -4.6527844238281242 -2.0668432617187498 17.500000000000004 2.1237463378906249
decision_type=2 2 2 2 2 2 2 2 2 2 2 2 2 2
left_child=2 -2 3 4 -1 6 7 8 9 -3 -9 -12 -13 -14
right_child=1 5 -4 -5 -6 -7 -8 10 -10 -11 11 12 13 -15
leaf_value=-0.0008545560168568046 0.0022299694711261473 -0.0011290539087444222 -0.00071228099564588207 0.0022136270087018302 0.0006237638971651905 0.0011283721518570516 -0.0015346080718639619 0.00090594826450828339 0.001678202628436025 0.0010040384365711363 -0.0022663706636754798 -0.00037340731033756161 0.001991799303709909 -0.0011430619162274525
leaf_weight=82 44 44 216 40 46 42 40 56 56 48 48 212 52 30
leaf_count=82 44 44 216 40 46 42 40 56 56 48 48 212 52 30
internal_value=9.00203e-06 0.000168651 -0.000269811 0.000300766 -0.000321862 1.76072e-05 -6.55712e-05 4.72585e-05 0.000637341 -1.84527e-05 -0.000174259 -0.000355374 -3.01689e-05 0.00084499
internal_weight=1056 672 384 168 128 628 586 546 148 92 398 342 294 82
internal_count=1056 672 384 168 128 628 586 546 148 92 398 342 294 82
is_linear=0
shrinkage=0.035


Tree=114
num_leaves=15
num_cat=0
split_feature=6 1 4 0 14 6 6 6 12 12 1 12 1 6
split_gain=0.0361428 0.0606847 0.166239 0.110815 0.0770746 0.166105 0.159417 0.154555 0.127147 0.108604 0.0638162 0.0994364 0.153923 0.127809
threshold=34.138171386718803 -0.38829956054687492 -0.48461914062499989 6.7670849609375017 227.50000000000003 21.62699584960939 23.774633789062538 22.146148681640657 8.5000000000000018 8.5000000000000018 -2.9793298339843743 7.5000000000000009 -4.8733666992187494 -1.6712011718749691
decision_type=2 2 2 2 2 2 2 2 2 2 2 2 2 2
left_child=1 2 3 10 7 9 -7 -3 -9 -6 11 12 -1 -14
right_child=-2 4 -4 -5 5 6 -8 8 -10 -11 -12 -13 13 -15
leaf_value=0.0012722548118204273 -0.00099726143913964429 -0.00046906735535964816 0.0027504800726455871 0.0021438162865524647 -0.00042034359554699307 -0.0034746658578256357 -0.00075003371079219517 0.002990347041264422 -3.7764834568781016e-06 0.001547519430005923 -0.00051552474022338915 0.00077192052484994806 0.00015403027752386957 -0.0028044555202359337
leaf_weight=36 40 112 30 30 108 34 104 36 32 48 174 202 32 38
leaf_count=36 40 112 30 30 108 34 104 36 32 48 174 202 32 38
internal_value=8.93589e-06 5.04314e-05 0.00030287 0.000149311 -0.000238282 -0.000585991 -0.00146137 0.000329841 0.0016215 0.000197077 1.68263e-05 0.000318956 -0.000542551 -0.00148529
internal_weight=1056 1016 542 512 474 294 138 180 68 156 482 308 106 70
internal_count=1056 1016 542 512 474 294 138 180 68 156 482 308 106 70
is_linear=0
shrinkage=0.035


Tree=115
num_leaves=15
num_cat=0
split_feature=5 5 4 3 0 14 6 3 6 14 2 2 0 12
split_gain=0.0341857 0.118335 0.112023 0.0923524 0.0551477 0.139649 0.108085 0.0813281 0.0639193 0.0499577 0.0475518 0.157223 0.0966926 0.040471
threshold=3.5742813562564715 3.9331703228826291 1.1337780761718752 2.9005383300781253 1.1423962402343752 230.50000000000003 21.62699584960939 1.7745239257812502 20.166278076171924 27.500000000000004 7.5496758718408019 6.9555477657136402 5.5868554687500014 11.500000000000002
decision_type=2 2 2 2 2 2 2 2 2 2 2 2 2 2
left_child=3 2 -2 4 8 6 -6 -7 9 -1 11 12 13 -3
right_child=1 10 -4 -5 5 7 -8 -9 -10 -11 -12 -13 -14 -15
leaf_value=-0.00064468420978725297 0.0027310439655557281 0.00018418506031402535 -9.229693710949505e-05 -0.0016615871398767924 0.00034879660761692906 0.00090660570460992563 0.0030680253103491854 -0.0011447027471758703 -0.0015298159566345232 0.00095216469722799965 0.00016612559105142209 -0.0027219223584688738 0.001504832380941432 -0.0014243305542186136
leaf_weight=58 38 36 30 48 42 34 30 68 50 38 480 30 36 38
leaf_count=58 38 36 30 48 42 34 30 68 50 38 480 30 36 38
internal_value=8.76837e-06 0.000154302 0.0015184 -0.00026268 -4.38274e-05 0.000375185 0.00153411 -0.000456648 -0.00054152 -6.06597e-06 2.90129e-07 -0.00056262 6.437e-05 -0.000657555
internal_weight=1056 688 68 368 320 174 72 102 146 96 620 140 110 74
internal_count=1056 688 68 368 320 174 72 102 146 96 620 140 110 74
is_linear=0
shrinkage=0.035


Tree=116
num_leaves=15
num_cat=0
split_feature=6 9 2 13 2 0 6 12 9 4 1 0 3 9
split_gain=0.0336103 0.0562508 0.0699358 0.0611864 0.0599427 0.0682049 0.0559703 0.123165 0.055902 0.0483648 0.0810399 0.070045 0.161136 0.0881456
threshold=34.138171386718803 6.5000000000000009 9.8107796105020366 8.5000000000000018 10.087883450980362 -9.8958050537109337 26.74694824218756 14.500000000000002 32.500000000000007 2.1786743164062505 2.1162963867187501 7.404912109375001 3.4238427734375008 12.500000000000002
decision_type=2 2 2 2 2 2 2 2 2 2 2 2 2 2
left_child=1 2 3 -1 6 8 9 -8 -6 10 11 12 13 -3
right_child=-2 4 -4 -5 5 -7 7 -9 -10 -11 -12 -13 -14 -15
leaf_value=-0.00067795157269917106 -0.00096180191108336053 0.0010451874689509472 -0.0018000082110908506 0.0011781760889425642 0.00059796526810233081 0.001344143366960842 -0.00037869140374823478 0.0020463381753264309 -0.001176053237722954 -0.0011521529386384198 0.0016744982003729094 -0.0017265957242489096 0.0023649465810558468 -0.00039589196191952531
leaf_weight=66 40 58 40 30 66 96 54 46 30 50 30 30 30 390
leaf_count=66 40 58 40 30 66 96 54 46 30 50 30 30 30 390
internal_value=8.50399e-06 4.85195e-05 -0.000608691 -8.57048e-05 0.000151238 0.000694608 -1.97343e-06 0.000755074 3.08973e-05 -0.000132846 -3.41986e-05 -0.000141277 -3.50002e-05 -0.000205508
internal_weight=1056 1016 136 96 880 192 688 100 96 588 538 508 478 448
internal_count=1056 1016 136 96 880 192 688 100 96 588 538 508 478 448
is_linear=0
shrinkage=0.035


Tree=117
num_leaves=15
num_cat=0
split_feature=5 5 5 5 6 0 9 9 3 14 6 1 4 2
split_gain=0.0319103 0.151925 0.0740697 0.147182 0.0481388 0.0441427 0.0434698 0.0720308 0.0510093 0.0790486 0.0814556 0.0560978 0.161921 0.0714131
threshold=3.6064620874712814 3.8792359332190602 2.3146569184999031 1.9598571922080108 20.166278076171924 0.061181640625000012 44.500000000000007 41.500000000000007 -5.5820007324218741 23.500000000000004 -0.6509277343749601 -4.6527844238281242 -2.0668432617187498 10.458068663305736
decision_type=2 2 2 2 2 2 2 2 2 2 2 2 2 2
left_child=2 -2 3 4 5 -1 7 8 9 10 -3 -10 -13 -14
right_child=1 6 -4 -5 -6 -7 -8 -9 11 -11 -12 12 13 -15
leaf_value=-0.00042338949097029402 0.0020952215027469009 -0.0011093455697561655 -0.00067149186196070547 0.002102453303523362 -0.0010108490805723705 0.0013055501301641927 0.0010724837466709275 -0.001464792375166629 0.00084085367772535524 0.0016014974993545212 0.00093149893990848796 -0.0021776354109635577 0.00017799224385917046 -0.001484523966316071
leaf_weight=40 44 44 216 40 58 30 42 40 56 56 48 48 260 34
leaf_count=40 44 44 216 40 58 30 42 40 56 56 48 48 260 34
internal_value=8.33749e-06 0.000153648 -0.000245435 0.000303808 -0.000281967 0.000333267 1.13949e-05 -6.80451e-05 3.92532e-05 0.000589546 -4.73931e-05 -0.000167303 -0.00033631 -2.3003e-05
internal_weight=1056 672 384 168 128 70 628 586 546 148 92 398 342 294
internal_count=1056 672 384 168 128 70 628 586 546 148 92 398 342 294
is_linear=0
shrinkage=0.035


Tree=118
num_leaves=15
num_cat=0
split_feature=6 1 4 0 14 6 6 1 3 6 6 12 0 1
split_gain=0.0310525 0.0550303 0.152012 0.101594 0.0685196 0.153658 0.144483 0.140616 0.0990164 0.0821773 0.0647376 0.0586336 0.067312 0.0553137
threshold=34.138171386718803 -0.38829956054687492 -0.48461914062499989 6.7670849609375017 227.50000000000003 21.62699584960939 23.774633789062538 1.6728247070312501 4.7042578125000007 22.474359130859401 17.114831542968776 10.500000000000002 3.6728454589843755 -2.9793298339843743
decision_type=2 2 2 2 2 2 2 2 2 2 2 2 2 2
left_child=1 2 3 13 7 8 -7 9 11 10 -3 12 -6 -1
right_child=-2 4 -4 -5 5 6 -8 -9 -10 -11 -12 -13 -14 -15
leaf_value=0.00029463979293641094 -0.00092449064133688814 -0.00016809747226515732 0.0026275453276230114 0.0020499084405309989 3.6034514646766752e-05 -0.0033148773623785628 -0.00072073120858579583 0.0020308782464020293 0.0017550562792855904 0.0010219604610888797 -0.0020921777235344053 0.00085938014423989355 -0.0019474053321917181 -0.00048226266647030907
leaf_weight=308 40 66 30 30 50 34 104 42 36 42 30 36 34 174
leaf_count=308 40 66 30 30 50 34 104 42 36 42 30 36 34 174
internal_value=8.1638e-06 4.66266e-05 0.00028702 0.000140189 -0.000228304 -0.00055614 -0.00139809 0.000307388 0.000196935 -0.000238672 -0.000799799 -0.000291609 -0.000793405 1.33473e-05
internal_weight=1056 1016 542 512 474 294 138 180 156 138 96 120 84 482
internal_count=1056 1016 542 512 474 294 138 180 156 138 96 120 84 482
is_linear=0
shrinkage=0.035


Tree=119
num_leaves=15
num_cat=0
split_feature=3 14 14 1 6 5 0 0 0 2 2 14 0 1
split_gain=0.0291951 0.0337022 0.0663224 0.0826376 0.0585512 0.0532509 0.0561586 0.0858145 0.124549 0.0763374 0.0706776 0.082829 0.0549868 0.0530273
threshold=-8.1217163085937489 9.5000000000000018 16.500000000000004 0.010648193359374952 -1.7439160156249609 8.8006846038745064 8.3930737304687515 7.404912109375001 6.3736755371093761 10.396420969439424 9.705791703285735 252.50000000000003 -9.8338378906249986 1.9855187988281251
decision_type=2 2 2 2 2 2 2 2 2 2 2 2 2 2
left_child=-1 4 3 -3 -2 6 7 8 9 10 11 13 -11 -4
right_child=1 2 5 -5 -6 -7 -8 -9 -10 12 -12 -13 -14 -15
leaf_value=0.00096051805965927139 0.00028459462051978334 0.0016924675772897902 -0.00011997014579510463 -0.00048506806137190914 -0.0015781880994009871 -0.0010884466652300788 0.0010588351706259159 -0.0013645863823656893 0.0018842760706320406 8.1238249185844333e-06 -0.0014650158462347464 0.001093853590850813 0.0020943952297966463 -0.001325948903663084
leaf_weight=36 38 58 424 32 42 56 56 56 40 30 48 62 30 48
leaf_count=36 38 58 424 32 42 56 56 56 40 30 48 62 30 48
internal_value=7.94591e-06 -2.74882e-05 3.18085e-05 0.000924519 -0.000708006 -6.46622e-05 1.00977e-05 -7.2128e-05 3.76774e-05 -8.287e-05 -0.000206591 -8.84293e-05 0.00108517 -0.000247689
internal_weight=1056 1020 940 90 80 850 794 738 682 642 582 534 60 472
internal_count=1056 1020 940 90 80 850 794 738 682 642 582 534 60 472
is_linear=0
shrinkage=0.035


Tree=120
num_leaves=15
num_cat=0
split_feature=6 9 2 13 1 6 12 0 6 9 6 9 3 12
split_gain=0.0291993 0.0519051 0.0663887 0.0541546 0.0501196 0.0719318 0.116469 0.0572568 0.0865494 0.107922 0.0839645 0.133437 0.147606 0.0777128
threshold=34.138171386718803 6.5000000000000009 9.8107796105020366 8.5000000000000018 -4.900080566406249 26.74694824218756 14.500000000000002 6.3764526367187502 22.474359130859401 38.500000000000007 21.491802978515668 33.500000000000007 2.6604016113281252 1.5000000000000002
decision_type=2 2 2 2 2 2 2 2 2 2 2 2 2 2
left_child=1 2 3 -1 -3 7 -7 10 9 -9 13 12 -12 -6
right_child=-2 4 -4 -5 5 6 -8 8 -10 -11 11 -13 -14 -15
leaf_value=-0.00063407768716227601 -0.0008966184873133899 0.00089002684538822267 -0.0017469316051574426 0.0011121235355676619 -0.0012671350758542898 -0.00011794259651651375 0.0021749180629073335 0.0011958984636003154 0.0021903031505644322 -0.001531103661782254 0.0011066019538945209 -0.0026857133072335278 -0.001700791310722707 0.00017035456770359041
leaf_weight=66 40 96 40 30 50 62 46 38 30 30 46 38 42 402
leaf_count=66 40 96 40 30 50 62 46 38 30 30 46 38 42 402
internal_value=7.77696e-06 4.50747e-05 -0.000586235 -7.68299e-05 0.000143749 5.03357e-05 0.000880434 -8.44895e-05 0.000689303 -1.65626e-05 -0.000217611 -0.00100896 -0.00024131 6.45864e-06
internal_weight=1056 1016 136 96 880 784 108 676 98 68 578 126 88 452
internal_count=1056 1016 136 96 880 784 108 676 98 68 578 126 88 452
is_linear=0
shrinkage=0.035


Tree=121
num_leaves=15
num_cat=0
split_feature=6 9 2 13 2 3 12 6 12 12 1 6 14 12
split_gain=0.0272771 0.0484284 0.0620735 0.0506151 0.0481933 0.0642268 0.0690425 0.0491544 0.106047 0.0475674 0.0748636 0.0707997 0.104835 0.0689634
threshold=34.138171386718803 6.5000000000000009 9.8107796105020366 8.5000000000000018 10.087883450980362 -5.6679101562499996 8.5000000000000018 26.74694824218756 14.500000000000002 20.500000000000004 2.2116467285156256 20.713293457031288 26.500000000000004 17.500000000000004
decision_type=2 2 2 2 2 2 2 2 2 2 2 2 2 2
left_child=1 2 3 -1 7 6 -6 9 -9 10 13 12 -11 -3
right_child=-2 4 -4 -5 5 -7 -8 8 -10 11 -12 -13 -14 -15
leaf_value=-0.0006125376971013954 -0.00086673115690549221 -0.00028516506611145148 -0.0016887005797131375 0.0010756319928623271 -0.00081395478436240443 0.0014551297743269566 0.00084196726416242511 -0.00034153096523368735 0.0019089255263679663 -0.0014668057688686533 0.0016096800039111475 -0.001866584548472681 0.0013243385319433669 0.00086989734283346681
leaf_weight=66 40 378 40 30 52 70 70 54 46 30 32 42 32 74
leaf_count=66 40 378 40 30 52 70 70 54 46 30 32 42 32 74
internal_value=7.38965e-06 4.34391e-05 -0.000566361 -7.37994e-05 0.000138751 0.000625966 0.00013442 1.36419e-06 0.000710811 -0.000121291 2.56761e-05 -0.00079283 -2.9848e-05 -9.30628e-05
internal_weight=1056 1016 136 96 880 192 122 688 100 588 484 104 62 452
internal_count=1056 1016 136 96 880 192 122 688 100 588 484 104 62 452
is_linear=0
shrinkage=0.035


Tree=122
num_leaves=15
num_cat=0
split_feature=14 0 14 1 14 3 0 9 9 14 14 14 6 14
split_gain=0.026605 0.0916191 0.0586362 0.0702615 0.0466731 0.184286 0.0642826 0.219794 0.0995485 0.157005 0.156118 0.252271 0.217445 0.153296
threshold=9.5000000000000018 -10.109405517578123 16.500000000000004 0.010648193359374952 20.500000000000004 -4.2976367187499989 -2.0511364746093745 17.500000000000004 31.500000000000004 223.50000000000003 223.50000000000003 230.50000000000003 21.62699584960939 230.50000000000003
decision_type=2 2 2 2 2 2 2 2 2 2 2 2 2 2
left_child=1 -1 3 -2 5 -4 7 -6 9 -8 -10 -12 -13 -11
right_child=2 -3 4 -5 6 -7 8 -9 10 13 11 12 -14 -15
leaf_value=0.00082533709963746873 0.0015286763879174198 -0.0013628549262460683 -0.0026786507364886351 -0.00044676612970172703 0.0024525751218607184 0.00074475753184136324 0.0008034983325531991 -8.6078769372871183e-05 -0.0011692619755165653 -0.0024028035570174853 0.0037361757722957174 0.0014840600028401241 -0.0017197963001672179 -0.00044137315433866154
leaf_weight=36 64 60 34 32 54 40 90 164 48 60 32 66 40 236
leaf_count=36 64 60 34 32 54 40 90 164 48 60 32 66 40 236
internal_value=7.20666e-06 -0.000542186 6.31589e-05 0.000874516 -2.88034e-05 -0.000857258 5.07675e-05 0.000559342 -0.000144333 -0.000464172 0.000517295 0.00111225 0.000265598 -0.000852418
internal_weight=1056 96 960 96 864 74 790 218 572 386 186 138 106 296
internal_count=1056 96 960 96 864 74 790 218 572 386 186 138 106 296
is_linear=0
shrinkage=0.035


Tree=123
num_leaves=15
num_cat=0
split_feature=14 0 14 1 14 3 6 4 3 0 1 4 0 9
split_gain=0.024819 0.085566 0.054693 0.0656047 0.0436634 0.172282 0.0607478 0.0356172 0.0978371 0.0598048 0.0577357 0.180928 0.0628052 0.0743133
threshold=9.5000000000000018 -10.109405517578123 16.500000000000004 0.010648193359374952 20.500000000000004 -4.2976367187499989 -5.9620019531249673 -3.7511169433593743 -6.4189526367187488 -8.7979418945312489 -2.0784216308593746 -1.9942260742187499 -2.0511364746093745 27.500000000000004
decision_type=2 2 2 2 2 2 2 2 2 2 2 2 2 2
left_child=1 -1 3 -2 5 -4 -6 -8 -9 -10 11 -11 -12 -14
right_child=2 -3 4 -5 6 -7 7 8 9 10 12 -13 13 -15
leaf_value=0.00079797066172958655 0.0014767940252843829 -0.001316693701571034 -0.0025901064349131454 -0.00043204911850968053 0.0012055799717871616 0.0007199322618422837 -0.00097520389857337544 0.0018615739961435741 -0.0015395523009647152 -0.00067331137135624882 0.00095974833427074689 0.0027205229366922545 -0.0005748608084254704 0.00029637837464828676
leaf_weight=36 64 60 34 32 50 40 44 32 30 40 58 34 308 194
leaf_count=36 64 60 34 32 50 40 44 32 30 40 58 34 308 194
internal_value=7.03829e-06 -0.000523593 6.10797e-05 0.000844681 -2.77368e-05 -0.000829035 4.92255e-05 -3.19455e-05 3.03092e-05 -6.32698e-05 1.12075e-05 0.000916576 -0.000111267 -0.000238327
internal_weight=1056 96 960 96 864 74 790 740 696 664 634 74 560 502
internal_count=1056 96 960 96 864 74 790 740 696 664 634 74 560 502
is_linear=0
shrinkage=0.035


Tree=124
num_leaves=15
num_cat=0
split_feature=6 1 4 0 14 6 6 1 12 6 6 5 5 5
split_gain=0.0239923 0.0442834 0.13783 0.0931107 0.0646717 0.13039 0.123603 0.121698 0.086947 0.0731995 0.0587585 0.0534194 0.0512315 0.054778
threshold=34.138171386718803 -0.38829956054687492 -0.48461914062499989 6.7670849609375017 227.50000000000003 21.62699584960939 23.774633789062538 1.6728247070312501 9.5000000000000018 22.474359130859401 17.114831542968776 5.0794688077413417 3.6064620874712814 4.5378559730840253
decision_type=2 2 2 2 2 2 2 2 2 2 2 2 2 2
left_child=1 2 3 12 7 8 -7 9 -6 10 -3 -8 -1 -14
right_child=-2 4 -4 -5 5 6 11 -9 -10 -11 -12 -13 13 -15
leaf_value=-0.00079083122982410721 -0.00081288024472693607 -0.00012327891915714752 0.0024849984882166611 0.0019448796285723804 -0.00036696978534564553 -0.0030729927044982714 -0.00015234070169083824 0.0019176672637166287 0.0014139373904375437 0.00099522489059547135 -0.0019549630882102066 -0.0018685913913941477 0.0012195216772782332 2.0674142164848906e-06
leaf_weight=82 40 66 30 30 110 34 74 42 46 42 30 30 50 350
leaf_count=82 40 66 30 30 110 34 74 42 46 42 30 30 50 350
internal_value=6.92009e-06 4.07293e-05 0.000256377 0.000116633 -0.000205896 -0.000524433 -0.0013 0.000314426 0.00016942 -0.000193942 -0.000723896 -0.000673328 -4.72514e-06 0.000159559
internal_weight=1056 1016 542 512 474 294 138 180 156 138 96 104 482 400
internal_count=1056 1016 542 512 474 294 138 180 156 138 96 104 482 400
is_linear=0
shrinkage=0.035


Tree=125
num_leaves=15
num_cat=0
split_feature=14 0 14 1 14 3 6 14 12 12 9 9 2 3
split_gain=0.0235832 0.0805038 0.0499214 0.0626663 0.0418575 0.159542 0.056769 0.0341299 0.104216 0.103313 0.0786859 0.106459 0.0831851 0.0750973
threshold=9.5000000000000018 -10.109405517578123 16.500000000000004 0.010648193359374952 20.500000000000004 -4.2976367187499989 -5.9620019531249673 244.50000000000003 1.5000000000000002 2.5000000000000004 27.500000000000004 42.500000000000007 9.6235420184971101 4.2213238525390633
decision_type=2 2 2 2 2 2 2 2 2 2 2 2 2 2
left_child=1 -1 3 -2 5 -4 -6 8 -8 -9 -11 12 -12 -10
right_child=2 -3 4 -5 6 -7 7 9 13 10 11 -13 -14 -15
leaf_value=0.00077144309181389158 0.0014259677061151405 -0.0012797691736693285 -0.0025045574004373826 -0.00043896764884908304 0.0011677476427464101 0.00068105041712745648 0.0015078837369219401 -0.0014017419871494273 -0.00010144749352968155 -2.4318706843284116e-05 0.0030819408947718335 -0.00045085660603803038 0.00067628687885492895 -0.0011706570992334132
leaf_weight=36 64 60 34 32 50 40 38 36 336 124 38 30 34 104
leaf_count=36 64 60 34 32 50 40 38 36 336 124 38 30 34 104
internal_value=6.73317e-06 -0.000510519 5.94122e-05 0.000808051 -2.54439e-05 -0.000809999 4.9906e-05 -2.85679e-05 -0.000204299 0.00029116 0.000570756 0.00128074 0.00199492 -0.000358323
internal_weight=1056 96 960 96 864 74 790 740 478 262 226 102 72 440
internal_count=1056 96 960 96 864 74 790 740 478 262 226 102 72 440
is_linear=0
shrinkage=0.035


Tree=126
num_leaves=15
num_cat=0
split_feature=14 0 14 1 14 3 0 9 9 14 14 14 6 14
split_gain=0.0220045 0.075185 0.0465559 0.0585141 0.039164 0.14915 0.0531425 0.205476 0.0849763 0.148345 0.146226 0.23043 0.194672 0.139892
threshold=9.5000000000000018 -10.109405517578123 16.500000000000004 0.010648193359374952 20.500000000000004 -4.2976367187499989 -2.0511364746093745 17.500000000000004 31.500000000000004 223.50000000000003 223.50000000000003 230.50000000000003 21.62699584960939 230.50000000000003
decision_type=2 2 2 2 2 2 2 2 2 2 2 2 2 2
left_child=1 -1 3 -2 5 -4 7 -6 9 -8 -10 -12 -13 -11
right_child=2 -3 4 -5 6 -7 8 -9 10 13 11 12 -14 -15
leaf_value=0.00074586366589708068 0.0013775712379896449 -0.001236422159953133 -0.0024217678646750252 -0.0004245075402842999 0.0023414315185800662 0.00065834871124631424 0.00080745449607607246 -0.00011284164829265204 -0.001149582942435518 -0.0022829013450762197 0.0035659991039017989 0.0014021010689291014 -0.001629334880077901 -0.00040940314272815798
leaf_weight=36 64 60 34 32 54 40 90 164 48 60 32 66 40 236
leaf_count=36 64 60 34 32 54 40 90 164 48 60 32 66 40 236
internal_value=6.62586e-06 -0.000493014 5.75109e-05 0.000780474 -2.44353e-05 -0.000783329 4.84496e-05 0.000510857 -0.000128948 -0.000424464 0.000482317 0.00105825 0.000249174 -0.000801939
internal_weight=1056 96 960 96 864 74 790 218 572 386 186 138 106 296
internal_count=1056 96 960 96 864 74 790 218 572 386 186 138 106 296
is_linear=0
shrinkage=0.035


Tree=127
num_leaves=15
num_cat=0
split_feature=14 12 14 12 9 12 6 0 14 9 2 9 9 2
split_gain=0.0223085 0.0966498 0.0915062 0.111922 0.111511 0.0985286 0.221383 0.0760818 0.0919132 0.0741024 0.125478 0.0712715 0.10073 0.0782826
threshold=244.50000000000003 2.5000000000000004 231.50000000000003 8.5000000000000018 9.5000000000000018 5.5000000000000009 19.401159667968788 -8.4716577148437491 20.500000000000004 9.5000000000000018 8.055962958181853 27.500000000000004 42.500000000000007 9.6235420184971101
decision_type=2 2 2 2 2 2 2 2 2 2 2 2 2 2
left_child=2 -2 5 -4 -5 6 -1 8 -7 -9 -11 -3 13 -13
right_child=1 11 3 4 -6 7 -8 9 -10 10 -12 12 -14 -15
leaf_value=-1.2703544911119026e-05 -0.0013521805452489247 -1.0862200213321357e-05 -0.0021064856825978497 -0.0014500334424277148 0.00097492041417773681 -0.00014258780271982112 0.0028357995912665504 0.00037473056835204429 0.001846219494966689 -0.00033297701248375235 -0.0022508142591239171 0.0029805244996387046 -0.0004522404814451875 0.00064760896254786849
leaf_weight=110 36 124 54 40 50 74 46 108 44 218 50 38 30 34
leaf_count=110 36 124 54 40 50 74 46 108 44 218 50 38 30 34
internal_value=6.47548e-06 0.000285272 -8.60058e-05 -0.000877868 -0.00011093 9.15768e-05 0.000852504 -0.000151184 0.000617412 -0.000394383 -0.000704805 0.000555678 0.00123138 0.00192615
internal_weight=1056 262 794 144 90 650 156 494 118 376 268 226 102 72
internal_count=1056 262 794 144 90 650 156 494 118 376 268 226 102 72
is_linear=0
shrinkage=0.035


Tree=128
num_leaves=15
num_cat=0
split_feature=14 12 14 12 9 12 6 0 14 9 2 9 9 2
split_gain=0.0208327 0.0903416 0.0854839 0.10447 0.104173 0.0920029 0.206779 0.0710531 0.0858542 0.0691263 0.117219 0.0666074 0.0941643 0.0731542
threshold=244.50000000000003 2.5000000000000004 231.50000000000003 8.5000000000000018 9.5000000000000018 5.5000000000000009 19.401159667968788 -8.4716577148437491 20.500000000000004 9.5000000000000018 8.055962958181853 27.500000000000004 42.500000000000007 9.6235420184971101
decision_type=2 2 2 2 2 2 2 2 2 2 2 2 2 2
left_child=2 -2 5 -4 -5 6 -1 8 -7 -9 -11 -3 13 -13
right_child=1 11 3 4 -6 7 -8 9 -10 10 -12 12 -14 -15
leaf_value=-1.2266846905504282e-05 -0.0013073451057425702 -1.0488067058152715e-05 -0.0020353917940519753 -0.0014016989866892497 0.00094211059344860809 -0.00013772856612616268 0.002740682104728573 0.0003618534359424799 0.0017844112463211315 -0.0003214287872823744 -0.0021750657144898118 0.002881422087433748 -0.00043740132949551483 0.00062620186837901003
leaf_weight=110 36 124 54 40 50 74 46 108 44 218 50 38 30 34
leaf_count=110 36 124 54 40 50 74 46 108 44 218 50 38 30 34
internal_value=6.3513e-06 0.000275768 -8.30189e-05 -0.00084838 -0.000107409 8.86204e-05 0.000823917 -0.000145964 0.000596796 -0.000380989 -0.000680806 0.000537201 0.00119042 0.00186216
internal_weight=1056 262 794 144 90 650 156 494 118 376 268 226 102 72
internal_count=1056 262 794 144 90 650 156 494 118 376 268 226 102 72
is_linear=0
shrinkage=0.035


Tree=129
num_leaves=15
num_cat=0
split_feature=4 4 6 4 12 4 1 4 14 14 9 2 5 3
split_gain=0.0204412 0.114004 0.0776806 0.068369 0.0666289 0.0436516 0.0413584 0.0988321 0.0688334 0.0898248 0.20048 0.0732514 0.0504426 0.0465622
threshold=2.1786743164062505 1.6667358398437502 19.968591308593805 1.0797607421875002 19.500000000000004 0.61302001953125007 -0.32358764648437494 -0.48461914062499989 244.50000000000003 223.50000000000003 26.500000000000004 9.7759876371776713 4.4551693903988445 -4.2976367187499989
decision_type=2 2 2 2 2 2 2 2 2 2 2 2 2 2
left_child=1 3 -2 5 -3 6 7 8 9 12 -11 -10 -1 -14
right_child=2 4 -4 -5 -6 -7 -8 -9 11 10 -12 -13 13 -15
leaf_value=-0.00067756981227689217 0.00072037673502462797 0.0026154432886687576 -0.001436447520342578 -0.0010119484343992621 0.00029705791879678148 0.00097336648246835415 -0.00045327428006716546 0.0019042292764788729 0.0016489715979671395 0.00024130799797485058 -0.0033895270842185712 -0.00013764661132654511 5.7085749097745375e-05 0.0012202182799004593
leaf_weight=88 34 30 46 80 30 56 200 34 56 44 30 54 224 50
leaf_count=88 34 30 46 80 30 56 200 34 56 44 30 54 224 50
internal_value=6.22811e-06 5.07211e-05 -0.000524584 -4.74889e-05 0.00150323 4.69988e-05 -2.1829e-05 0.000127992 1.08374e-05 -0.000187199 -0.00128111 0.000785108 4.22292e-05 0.00027664
internal_weight=1056 976 80 916 60 836 780 580 546 436 74 110 362 274
internal_count=1056 976 80 916 60 836 780 580 546 436 74 110 362 274
is_linear=0
shrinkage=0.035


Tree=130
num_leaves=15
num_cat=0
split_feature=3 5 2 14 5 14 14 3 6 4 4 4 12 0
split_gain=0.0207718 0.03028 0.0538494 0.0418405 0.046978 0.0728767 0.154865 0.0955637 0.0441031 0.0341354 0.0921431 0.08691 0.0897791 0.101167
threshold=-8.1217163085937489 8.8006846038745064 13.083143540028486 6.5000000000000009 6.3104385568881289 245.50000000000003 223.50000000000003 -6.1887731933593733 32.800000000000047 2.1786743164062505 1.6667358398437502 1.0797607421875002 17.500000000000004 2.2821997070312503
decision_type=2 2 2 2 2 2 2 2 2 2 2 2 2 2
left_child=-1 3 -3 -2 8 6 7 -6 9 10 11 12 -5 -14
right_child=1 2 -4 4 5 -7 -8 -9 -10 -11 -12 -13 13 -15
leaf_value=0.00080967030183130297 -0.00093760659150295687 -0.001725870711482404 0.00020629261001503391 -9.690439523406243e-05 -0.00020961689745055759 0.0018036722058778929 -0.0019312141728005374 0.002115835252722415 -0.0012286808190401645 -0.00078699196865460999 0.0014062328004123023 -0.0011386258355311218 0.00027192123832355723 0.0026196214154033978
leaf_weight=36 50 32 36 422 44 44 30 40 34 56 58 74 68 32
leaf_count=36 50 32 36 422 44 44 30 40 34 56 58 74 68 32
internal_value=6.18027e-06 -2.37072e-05 -0.000726293 2.78949e-05 8.33709e-05 0.000627455 0.000150206 0.000921194 -3.35462e-05 2.69762e-05 9.88606e-05 -3.26445e-05 0.00012789 0.00105982
internal_weight=1056 1020 68 952 902 158 114 84 744 710 654 596 522 100
internal_count=1056 1020 68 952 902 158 114 84 744 710 654 596 522 100
is_linear=0
shrinkage=0.035


Tree=131
num_leaves=15
num_cat=0
split_feature=5 5 5 5 0 12 14 9 9 9 2 2 0 6
split_gain=0.0194848 0.141299 0.0628292 0.128017 0.0422019 0.0398475 0.0457979 0.0854713 0.0382859 0.0661622 0.0487157 0.0742197 0.0802658 0.0511769
threshold=3.6064620874712814 3.9331703228826291 2.3146569184999031 1.9598571922080108 1.1423962402343752 19.500000000000004 234.50000000000003 15.500000000000002 44.500000000000007 41.500000000000007 7.8427750167590871 6.9555477657136402 5.5868554687500014 -8.1959863281249721
decision_type=2 2 2 2 2 2 2 2 2 2 2 2 2 2
left_child=2 -2 3 4 -1 6 7 -4 9 10 11 12 -3 -12
right_child=1 8 5 -5 -6 -7 -8 -9 -10 -11 13 -13 -14 -15
leaf_value=-0.00070341638403382005 0.0018367436483364417 -0.00069333429169615344 0.0014920440367055374 0.0019906265176481007 0.00059888348524206477 -0.0014319638556872423 -0.00095186338570017964 -0.0006443413387374864 0.00096560914630985787 -0.001478778778400738 -0.00087663980438568016 -0.0016438324927526993 0.0013999263279359134 0.00034237934380381709
leaf_weight=82 52 64 36 40 46 50 74 56 42 38 46 48 32 350
leaf_count=82 52 64 36 40 46 50 74 56 42 38 46 48 32 350
internal_value=6.04189e-06 0.000119591 -0.000192259 0.000313328 -0.000233389 -0.000584761 -0.00031557 0.000205594 -2.98709e-05 -0.000105287 -3.5339e-06 -0.000550371 1.87493e-05 0.000197082
internal_weight=1056 672 384 168 128 216 166 92 620 578 540 144 96 396
internal_count=1056 672 384 168 128 216 166 92 620 578 540 144 96 396
is_linear=0
shrinkage=0.035


Tree=132
num_leaves=15
num_cat=0
split_feature=14 0 14 1 14 3 6 4 3 4 1 6 9 9
split_gain=0.0189557 0.0670986 0.0442799 0.0558618 0.0315928 0.137012 0.0535792 0.0364698 0.0848699 0.0641297 0.147092 0.050568 0.104154 0.138969
threshold=9.5000000000000018 -10.109405517578123 16.500000000000004 0.010648193359374952 20.500000000000004 -4.2976367187499989 -5.9620019531249673 -3.7511169433593743 -6.2088854980468744 -1.9942260742187499 -2.1874853515624992 33.524414062500036 8.5000000000000018 2.5000000000000004
decision_type=2 2 2 2 2 2 2 2 2 2 2 2 2 2
left_child=1 -1 3 -2 5 -4 -6 -8 -9 -10 -11 12 13 -12
right_child=2 -3 4 -5 6 -7 7 8 9 10 11 -13 -14 -15
leaf_value=0.00071221116149379341 0.0013415845856423292 -0.001160281686916865 -0.0022793105416915043 -0.00041901200732621989 0.0011246277739701328 0.00067176746689559281 -0.00099205188847997284 0.0016339156208988769 -0.0011200027379982204 0.0022815905374420041 0.00038464074129781995 0.0009524833316055056 2.5638845917364131e-05 -0.0024956949886865919
leaf_weight=36 64 60 34 32 50 40 44 36 62 32 34 50 434 48
leaf_count=36 64 60 34 32 50 40 44 36 62 32 34 50 434 48
internal_value=5.84379e-06 -0.000457892 5.30729e-05 0.000758145 -2.68383e-05 -0.000708433 3.8635e-05 -3.75764e-05 2.54336e-05 -6.6973e-05 4.55734e-05 -8.84331e-05 -0.000192585 -0.00132069
internal_weight=1056 96 960 96 864 74 790 740 696 660 598 566 516 82
internal_count=1056 96 960 96 864 74 790 740 696 660 598 566 516 82
is_linear=0
shrinkage=0.035


Tree=133
num_leaves=15
num_cat=0
split_feature=12 1 1 0 1 6 12 12 1 4 6 12 2 1
split_gain=0.018461 0.106271 0.119669 0.0520979 0.0808403 0.155808 0.0599515 0.0446144 0.0695124 0.0890996 0.0729987 0.0687327 0.0773425 0.0682647
threshold=5.5000000000000009 2.2116467285156256 1.1561633300781253 -8.8114990234374968 -0.42638580322265623 -0.48882812499999767 3.5000000000000004 7.5000000000000009 -2.0784216308593746 -1.9942260742187499 33.524414062500036 9.5000000000000018 10.226416306634244 -2.8989123535156245
decision_type=2 2 2 2 2 2 2 2 2 2 2 2 2 2
left_child=1 2 3 -1 5 -5 -6 13 9 11 -10 -9 -13 -2
right_child=7 -3 -4 4 6 -7 -8 8 10 -11 -12 12 -14 -15
leaf_value=-0.00060271941013634214 -0.0021105122566223147 0.0020262934738032833 -0.0016185449796008154 -0.00018403683888369843 -0.00093426175680096188 0.0031616238859391568 0.0010570035531600299 0.0015278353210305797 -0.00042020953130013746 0.00169822269002907 0.0010017463772557676 -0.0010214208706118468 0.00043706986105462425 -9.3358390740225653e-05
leaf_weight=48 30 34 44 32 42 34 30 34 386 54 48 72 110 58
leaf_count=48 30 34 44 32 42 34 30 34 386 54 48 72 110 58
internal_value=5.68306e-06 0.000258028 -1.85829e-05 0.000373095 0.00071627 0.00158178 -9.84244e-05 -7.88698e-05 1.48941e-05 0.000453931 -0.000259069 0.000130132 -0.000144746 -0.000812643
internal_weight=1056 264 230 186 138 66 72 792 704 270 434 216 182 88
internal_count=1056 264 230 186 138 66 72 792 704 270 434 216 182 88
is_linear=0
shrinkage=0.035


Tree=134
num_leaves=15
num_cat=0
split_feature=6 1 4 9 0 6 6 14 6 6 6 12 12 5
split_gain=0.0189041 0.0330712 0.069807 0.0810569 0.132994 0.0528789 0.15302 0.0500523 0.122911 0.114138 0.101713 0.0949079 0.0804562 0.0435948
threshold=34.138171386718803 -0.40279052734374993 -0.55066650390624983 3.5000000000000004 4.7611389160156259 19.859655761718788 25.876867675781288 227.50000000000003 21.62699584960939 23.774633789062538 22.146148681640657 8.5000000000000018 9.5000000000000018 5.0794688077413417
decision_type=2 2 2 2 2 2 2 2 2 2 2 2 2 2
left_child=1 2 3 -1 5 -5 -7 10 12 -10 -3 -12 -9 -11
right_child=-2 7 -4 4 -6 6 -8 8 9 13 11 -13 -14 -15
leaf_value=-0.0013950064411619679 -0.00072195035715897878 -0.00036674641674208348 0.0017138803287202289 0.00021142217103798348 0.0019523606919217855 -0.0026105261413613338 0.00072879730271072031 -0.00030812128618435964 -0.0029079757025465371 -0.00014892558053058262 0.0025109937098367436 -3.2507294090464714e-05 0.0013812069896608592 -0.0016934817301807927
leaf_weight=38 40 114 34 350 48 30 34 110 34 76 36 34 48 30
leaf_count=38 40 114 34 350 48 30 34 110 34 76 36 34 48 30
internal_value=5.74383e-06 3.57553e-05 0.000225071 0.000117407 0.000247281 4.1155e-05 -0.000868184 -0.000174048 -0.000453147 -0.00120067 0.000277983 0.00130899 0.000215942 -0.00060933
internal_weight=1056 1016 534 500 462 414 64 482 298 140 184 70 158 106
internal_count=1056 1016 534 500 462 414 64 482 298 140 184 70 158 106
is_linear=0
shrinkage=0.035


Tree=135
num_leaves=15
num_cat=0
split_feature=6 1 4 9 0 6 6 14 6 6 1 12 6 6
split_gain=0.0176587 0.0308455 0.065301 0.0757191 0.124253 0.049435 0.143127 0.0468287 0.114929 0.106716 0.100049 0.0751182 0.0597821 0.0575212
threshold=34.138171386718803 -0.40279052734374993 -0.55066650390624983 3.5000000000000004 4.7611389160156259 19.859655761718788 25.876867675781288 227.50000000000003 21.62699584960939 23.774633789062538 1.6728247070312501 9.5000000000000018 22.474359130859401 17.114831542968776
decision_type=2 2 2 2 2 2 2 2 2 2 2 2 2 2
left_child=1 2 3 -1 5 -5 -7 10 11 -10 12 -9 13 -3
right_child=-2 7 -4 4 -6 6 -8 8 9 -11 -12 -13 -14 -15
leaf_value=-0.0013486224844527898 -0.00069788537841911113 -8.0221302428981302e-05 0.0016572270945956311 0.000204064437114291 0.0018867613637819889 -0.0025248681861558 0.00070470652555943369 -0.00029752963107057442 -0.0028118509054183964 -0.00058919734142599974 0.001727704149565067 0.0013347984349355102 0.00086677536140600958 -0.0018822529356111773
leaf_weight=38 40 68 34 350 48 30 34 110 34 106 42 48 44 30
leaf_count=38 40 68 34 350 48 30 34 110 34 106 42 48 44 30
internal_value=5.4312e-06 3.44375e-05 0.000217272 0.000113142 0.000238669 3.94335e-05 -0.000839793 -0.000168182 -0.000438144 -0.00116099 0.000269049 0.000208854 -0.000180388 -0.000658476
internal_weight=1056 1016 534 500 462 414 64 482 298 140 184 158 142 98
internal_count=1056 1016 534 500 462 414 64 482 298 140 184 158 142 98
is_linear=0
shrinkage=0.035


Tree=136
num_leaves=15
num_cat=0
split_feature=14 0 14 1 14 3 6 4 3 4 1 6 9 9
split_gain=0.0180284 0.0614972 0.0391678 0.0498621 0.0301859 0.125468 0.049177 0.0345423 0.0789878 0.0624073 0.124776 0.0442046 0.0933923 0.13411
threshold=9.5000000000000018 -10.109405517578123 16.500000000000004 0.010648193359374952 20.500000000000004 -4.2976367187499989 -5.9620019531249673 -3.7511169433593743 -6.2088854980468744 -1.9942260742187499 -2.1874853515624992 33.524414062500036 8.5000000000000018 2.5000000000000004
decision_type=2 2 2 2 2 2 2 2 2 2 2 2 2 2
left_child=1 -1 3 -2 5 -4 -6 -8 -9 -10 -11 12 13 -12
right_child=2 -3 4 -5 6 -7 7 8 9 10 11 -13 -14 -15
leaf_value=0.00067335557630653249 0.0012655353916907741 -0.0011194562314302595 -0.0021933165724395721 -0.00039775653202120929 0.0010804322454854489 0.00063099766637606089 -0.00096192244911039984 0.001580037386462975 -0.0010996533401186072 0.0021095642575186075 0.00043352156049675412 0.00089986523792434203 3.5884910180065076e-05 -0.0023935639874078339
leaf_weight=36 64 60 34 32 50 40 44 36 62 32 34 50 434 48
leaf_count=36 64 60 34 32 50 40 44 36 62 32 34 50 434 48
internal_value=5.11869e-06 -0.00044713 5.11792e-05 0.000714302 -2.39807e-05 -0.00069023 4.00129e-05 -3.30084e-05 2.8304e-05 -6.08538e-05 5.01543e-05 -7.32968e-05 -0.000170706 -0.00123895
internal_weight=1056 96 960 96 864 74 790 740 696 660 598 566 516 82
internal_count=1056 96 960 96 864 74 790 740 696 660 598 566 516 82
is_linear=0
shrinkage=0.035


Tree=137
num_leaves=15
num_cat=0
split_feature=12 6 4 3 2 12 13 12 1 1 14 14 6 4
split_gain=0.0173379 0.102566 0.0932847 0.105648 0.0515905 0.0436263 0.0472042 0.0404533 0.0623932 0.0573514 0.0759635 0.0733427 0.0647145 0.0674581
threshold=5.5000000000000009 20.943945312500038 -0.15821044921874997 -5.068864746093749 10.396420969439424 1.5000000000000002 8.5000000000000018 7.5000000000000009 -2.8989123535156245 -2.0784216308593746 230.50000000000003 251.50000000000003 33.524414062500036 0.65822631835937506
decision_type=2 2 2 2 2 2 2 2 2 2 2 2 2 2
left_child=1 2 3 4 -1 -4 -7 8 -2 10 -9 -12 13 -11
right_child=7 -3 5 -5 -6 6 -8 9 -10 12 11 -13 -14 -15
leaf_value=-0.0014187122787916453 -0.0020164752457640135 0.0017142430502766124 0.0002558773860073416 0.0016299025003487866 0.0005744979727751343 -0.0021673115234252215 -0.00034776511086824437 2.6581239356649652e-05 -8.8067717578572553e-05 -0.00077089946153295315 0.0024864527350291613 0.00035849329052628796 0.00095051475679501897 0.00016662029727012852
leaf_weight=30 30 46 30 58 30 36 34 190 58 228 34 46 48 158
leaf_count=30 30 46 30 58 30 36 34 190 58 228 34 46 48 158
internal_value=4.97549e-06 0.000249525 -7.23182e-05 0.000589827 -0.000435724 -0.000849895 -0.00131774 -7.69642e-05 -0.000775681 1.23253e-05 0.000411116 0.00130146 -0.000236518 -0.000388267
internal_weight=1056 264 218 118 60 100 70 792 88 704 270 80 434 386
internal_count=1056 264 218 118 60 100 70 792 88 704 270 80 434 386
is_linear=0
shrinkage=0.035


Tree=138
num_leaves=15
num_cat=0
split_feature=6 6 9 6 3 1 6 1 2 14 4 3 6 6
split_gain=0.0185385 0.0300667 0.060135 0.0444015 0.0888328 0.0415761 0.087528 0.058602 0.0451266 0.0386921 0.102667 0.162769 0.0776404 0.113214
threshold=34.138171386718803 28.414001464843782 27.500000000000004 25.956591796875049 3.0105322265625003 -4.900080566406249 -0.6509277343749601 -5.7384851074218739 11.850379107903207 224.50000000000003 0.97827575683593759 3.4956616210937499 18.373632812500038 23.654150390625041
decision_type=2 2 2 2 2 2 2 2 2 2 2 2 2 2
left_child=1 3 -3 5 -5 6 7 -1 9 -7 11 -11 -12 -14
right_child=-2 2 -4 4 -6 8 -8 -9 -10 10 12 -13 13 -15
leaf_value=0.00077095890065538705 -0.00071573133890827508 -3.0048140787667682e-05 0.001515645067326356 0.00046582540045847059 -0.0020873812120407822 -0.00026306958806355185 0.001874179692240432 -0.0012389598793379265 -0.0012099061373555744 0.00031224928700616695 0.00067815576902712177 0.0029674219695495119 -0.0020061981091918104 0.00060915205598576004
leaf_weight=38 40 86 46 30 34 338 42 30 38 172 44 32 56 30
leaf_count=38 40 86 46 30 34 338 42 30 38 172 44 32 56 30
internal_value=4.89093e-06 3.46123e-05 0.000523185 -3.93582e-05 -0.000912717 3.08612e-05 0.000657639 -0.000125834 -6.78197e-05 1.61133e-07 0.000266525 0.000753513 -0.000497511 -0.00110076
internal_weight=1056 1016 132 884 64 820 110 68 710 672 334 204 130 86
internal_count=1056 1016 132 884 64 820 110 68 710 672 334 204 130 86
is_linear=0
shrinkage=0.035


Tree=139
num_leaves=15
num_cat=0
split_feature=6 6 9 6 3 1 4 1 3 4 14 14 3 0
split_gain=0.0173282 0.0280718 0.056167 0.0415235 0.0830649 0.0389888 0.0647495 0.0386469 0.0779343 0.0370419 0.0323128 0.0921284 0.0705476 0.0874401
threshold=34.138171386718803 28.414001464843782 27.500000000000004 25.956591796875049 3.0105322265625003 -5.9568359374999993 -4.108149414062499 -4.6527844238281242 -6.0190417480468748 -1.0223083496093748 224.50000000000003 230.50000000000003 2.9606372070312506 3.0933276367187506
decision_type=2 2 2 2 2 2 2 2 2 2 2 2 2 2
left_child=1 3 9 5 -5 -1 -7 8 -8 -3 12 -12 13 -9
right_child=-2 2 -4 4 -6 6 7 10 -10 -11 11 -13 -14 -15
leaf_value=0.0011248906911963501 -0.00069187369896098975 -0.0009396644029766322 0.0014648078599930161 0.00045054048642668938 -0.0020183817092846667 -0.0014730104585436899 -0.00053817549464383783 -0.00029767285925724236 0.001746875874470623 0.00052490712070721204 0.0019287312274579617 1.1826995879800961e-05 -0.0015255081504922904 0.0015933137024095392
leaf_weight=36 40 32 46 30 34 34 30 250 42 54 32 318 46 32
leaf_count=36 40 32 46 30 34 34 30 250 42 54 32 318 46 32
internal_value=4.8284e-06 3.3563e-05 0.000505649 -3.79118e-05 -0.000882492 2.99934e-05 -2.30168e-05 4.6459e-05 0.000805958 -2.90204e-05 -3.63291e-05 0.00019705 -0.000285046 -7.33834e-05
internal_weight=1056 1016 132 884 64 820 784 750 72 86 678 350 328 282
internal_count=1056 1016 132 884 64 820 784 750 72 86 678 350 328 282
is_linear=0
shrinkage=0.035


Tree=140
num_leaves=15
num_cat=0
split_feature=6 6 2 9 1 6 3 1 6 1 1 1 14 14
split_gain=0.0161962 0.0261879 0.0542129 0.0726447 0.0391002 0.0388332 0.0776715 0.037487 0.0829572 0.0534268 0.0419588 0.0307273 0.0434031 0.087404
threshold=34.138171386718803 28.414001464843782 3.3524865355979414 27.500000000000004 -1.0779211425781248 25.956591796875049 3.0105322265625003 -4.900080566406249 -0.6509277343749601 -5.7384851074218739 -4.467105712890624 -3.456898193359375 224.50000000000003 230.50000000000003
decision_type=2 2 2 2 2 2 2 2 2 2 2 2 2 2
left_child=1 5 -3 4 -4 7 -7 8 9 -1 -9 -12 -13 -14
right_child=-2 2 3 -5 -6 6 -8 10 -10 -11 11 12 13 -15
leaf_value=0.00071883644632180226 -0.00066881122222791126 -0.00073331010637476168 -0.00069918417495072767 0.002049307700886857 0.0010059840895701201 0.00043575717227213324 -0.0019516629363513656 -0.0010217570955809118 0.0018087192151936258 -0.0012004141747092945 0.00057625310210860335 -0.00042405485462583694 0.0018651966512997582 -1.6147230742954772e-05
leaf_weight=38 40 32 32 38 30 30 34 50 42 30 98 256 32 274
leaf_count=38 40 32 32 38 30 30 34 50 42 30 98 256 32 274
internal_value=4.7495e-06 3.25295e-05 0.0004885 0.000886192 0.00013155 -3.65056e-05 -0.000853267 2.91626e-05 0.00062432 -0.000137997 -6.45396e-05 1.08447e-05 -8.94434e-05 0.000191429
internal_weight=1056 1016 132 100 62 884 64 820 110 68 710 660 562 306
internal_count=1056 1016 132 100 62 884 64 820 110 68 710 660 562 306
is_linear=0
shrinkage=0.035


Tree=141
num_leaves=15
num_cat=0
split_feature=4 4 6 4 12 4 3 0 9 14 4 6 6 9
split_gain=0.0162104 0.0939595 0.0652621 0.053889 0.0532519 0.0416135 0.0322486 0.0895506 0.0710433 0.119361 0.0358754 0.0506114 0.0915585 0.100842
threshold=2.1786743164062505 1.6041027832031254 19.968591308593805 1.0797607421875002 19.500000000000004 0.61302001953125007 4.2213238525390633 4.3463537597656261 22.500000000000004 224.50000000000003 -0.028666992187499997 26.633569335937555 19.859655761718788 32.500000000000007
decision_type=2 2 2 2 2 2 2 2 2 2 2 2 2 2
left_child=1 3 -2 5 -3 6 7 10 -8 -10 11 12 -1 -14
right_child=2 4 -4 -5 -6 -7 8 -9 9 -11 -12 -13 13 -15
leaf_value=0.0001535058706209507 0.00067264470515914995 0.0022278382749290259 -0.0013039823009845957 -0.00092771215412097111 0.00021534717365284453 0.00093864167020816754 0.00040195861986527847 0.0018758955135854197 -0.002617478414720513 8.582674685220065e-05 -0.00073526172310123109 0.0010178349754254845 7.1903880146381117e-05 -0.0025821708751027476
leaf_weight=412 34 34 46 76 30 56 58 30 36 42 74 60 36 32
leaf_count=412 34 34 46 76 30 56 58 30 36 42 74 60 36 32
internal_value=4.69871e-06 4.43223e-05 -0.000467999 -4.78623e-05 0.0013196 3.41473e-05 -3.30253e-05 7.08119e-05 -0.000518625 -0.0011961 -2.31886e-05 7.67449e-05 -4.46266e-05 -0.00121516
internal_weight=1056 976 80 912 64 836 780 644 136 78 614 540 480 68
internal_count=1056 976 80 912 64 836 780 644 136 78 614 540 480 68
is_linear=0
shrinkage=0.035


Tree=142
num_leaves=15
num_cat=0
split_feature=5 5 5 5 12 4 9 6 1 2 2 0 12 0
split_gain=0.0168629 0.106954 0.0571605 0.0840544 0.0565356 0.0542534 0.0468021 0.0364058 0.0343443 0.0302184 0.116551 0.0642617 0.0322693 0.0287366
threshold=2.3146569184999031 1.9598571922080108 3.4992648436178135 3.9331703228826291 19.500000000000004 1.1337780761718752 13.500000000000002 20.166278076171924 0.711634521484375 7.5496758718408019 6.9555477657136402 5.5868554687500014 11.500000000000002 0.061181640625000012
decision_type=2 2 2 2 2 2 2 2 2 2 2 2 2 2
left_child=1 7 4 5 6 -4 -2 13 -8 10 11 12 -5 -1
right_child=2 -3 3 9 -6 -7 8 -9 -10 -11 -12 -13 -14 -15
leaf_value=-0.00025650271995497561 0.00068554481259248555 0.0018568533883565885 0.0019441389176063242 0.00020772980950392882 -0.0016605690230979868 6.3439137576257488e-05 1.3419919280120388e-05 -0.00081083625719475096 -0.0012480781835620294 8.7586023928074675e-05 -0.0023525106052693446 0.001221009728324134 -0.0012267970307439102 0.0011406032461854921
leaf_weight=40 44 40 44 36 44 32 50 58 54 480 30 36 38 30
leaf_count=40 44 40 44 36 44 32 50 58 54 480 30 36 38 30
internal_value=4.50082e-06 0.000323905 -5.65191e-05 9.13233e-05 -0.000587864 0.0011742 -0.000251063 -0.000176338 -0.000652779 -4.47647e-05 -0.000493381 4.66091e-05 -0.000541818 0.000357308
internal_weight=1056 168 888 696 192 76 148 128 104 620 140 110 74 70
internal_count=1056 168 888 696 192 76 148 128 104 620 140 110 74 70
is_linear=0
shrinkage=0.035


Tree=143
num_leaves=15
num_cat=0
split_feature=5 2 4 14 4 4 1 6 12 6 4 9 12 6
split_gain=0.0162777 0.0237468 0.0515993 0.0430876 0.0622048 0.0641931 0.0686221 0.0446628 0.0679387 0.0530393 0.0407191 0.0373155 0.0305107 0.15189
threshold=9.9445691596651216 12.052443751424244 -4.0817712402343735 6.5000000000000009 -2.9290539550781243 -2.1520373535156243 -2.8989123535156245 28.414001464843782 14.500000000000002 26.544775390625038 -3.1100036621093743 21.500000000000004 6.5000000000000009 21.95477294921881
decision_type=2 2 2 2 2 2 2 2 2 2 2 2 2 2
left_child=1 2 -1 -4 10 -6 -7 9 11 12 -5 -9 13 -8
right_child=-2 -3 3 4 5 6 7 8 -10 -11 -12 -13 -14 -15
leaf_value=-0.001392747468344169 -0.00063963606619559562 0.00067545223589411652 -0.0010319778249884787 0.00033631641209358351 -0.00095798092128601502 0.0012534570971911309 -0.00012904376437209168 0.00074410618844387283 0.0014189636066458339 -0.0014078341572128824 0.001937185131622862 -0.00078563525980470056 -0.0002835165557432144 0.0024911286076530815
leaf_weight=30 44 64 42 48 76 56 176 32 60 36 32 44 286 30
leaf_count=30 44 64 42 48 76 56 176 32 60 36 32 44 286 30
internal_value=4.32113e-06 3.35257e-05 -1.11419e-05 3.69381e-05 9.04215e-05 -4.12282e-06 9.8937e-05 -1.90392e-06 0.000558957 -0.000147932 0.00100829 -0.000138969 -5.04179e-05 0.000272819
internal_weight=1056 1012 948 918 876 796 720 664 136 528 80 76 492 206
internal_count=1056 1012 948 918 876 796 720 664 136 528 80 76 492 206
is_linear=0
shrinkage=0.035


Tree=144
num_leaves=15
num_cat=0
split_feature=5 5 5 5 12 4 14 6 6 6 3 1 6 6
split_gain=0.0163455 0.0986889 0.0522838 0.0783494 0.0521082 0.0495904 0.0469546 0.0343587 0.0290605 0.0913646 0.0951446 0.0681296 0.104423 0.0718341
threshold=2.3146569184999031 1.9598571922080108 3.4992648436178135 3.9331703228826291 19.500000000000004 1.1337780761718752 217.50000000000003 20.166278076171924 18.692822265625043 23.913159179687515 4.3289892578125011 -1.4404443359374997 31.154895019531271 28.414001464843782
decision_type=2 2 2 2 2 2 2 2 2 2 2 2 2 2
left_child=1 7 4 5 6 -4 -2 -1 -5 10 -10 12 -11 -13
right_child=2 -3 3 8 -6 -7 -8 -9 9 11 -12 13 -14 -15
leaf_value=0.00035639463507461893 0.0006973117272529002 0.0017912775363462669 0.0018672467185609531 0.00014710307638071958 -0.0015937735118052884 6.8651669768287859e-05 -0.00064306863557266189 -0.00077834824350429713 -0.0028087923384737226 0.00068138266577281894 -0.00026154061012097045 -0.00059889012339731887 -0.0019268878583097832 0.0013446988254744452
leaf_weight=70 44 40 44 376 44 32 104 58 30 34 42 34 38 66
leaf_count=70 44 40 44 376 44 32 104 58 30 34 42 34 38 66
internal_value=4.31732e-06 0.000318783 -5.57589e-05 8.56405e-05 -0.000563931 0.00113112 -0.000240593 -0.00016185 -4.57403e-05 -0.000341689 -0.00137012 9.96192e-05 -0.000710078 0.000685093
internal_weight=1056 168 888 696 192 76 148 128 620 244 72 172 72 100
internal_count=1056 168 888 696 192 76 148 128 620 244 72 172 72 100
is_linear=0
shrinkage=0.035


Tree=145
num_leaves=15
num_cat=0
split_feature=1 12 1 4 4 4 5 1 9 6 6 9 6 1
split_gain=0.0163473 0.109928 0.0395774 0.0613243 0.0426129 0.0381649 0.0313198 0.0328248 0.0355123 0.130325 0.127219 0.0853543 0.0669612 0.0488808
threshold=2.3428942871093752 13.500000000000002 1.9855187988281251 1.6667358398437502 1.0797607421875002 0.61302001953125007 9.9445691596651216 0.37603149414062503 18.500000000000004 32.800000000000047 33.524414062500036 14.500000000000002 28.784680175781265 -4.900080566406249
decision_type=2 2 2 2 2 2 2 2 2 2 2 2 2 2
left_child=2 -2 3 4 5 6 7 8 10 12 11 -1 13 -10
right_child=1 -3 -4 -5 -6 -7 -8 -9 9 -11 -12 -13 -14 -15
leaf_value=-0.00028703641335421008 0.0016765564203143932 -0.00086281761410646153 -0.0011431258025971292 0.0014683970655246146 -0.00085057764671226917 0.00089186152595833979 -0.0010775949922047885 -0.00083990180094798035 0.00088799034514522649 -0.0020197588587179782 0.0024687353383342271 0.0013381217519949692 0.0014725413679537414 -0.00023094588242224192
leaf_weight=164 42 38 36 32 72 56 32 50 54 38 30 50 36 326
leaf_count=164 42 38 36 32 72 56 32 50 54 38 30 50 36 326
internal_value=4.05656e-06 0.000478729 -3.57504e-05 8.99665e-06 -4.55502e-05 2.56469e-05 -3.86648e-05 8.53647e-06 7.15389e-05 -0.000111528 0.0004103 0.000101548 7.16119e-05 -6.81225e-05
internal_weight=1056 80 976 940 908 836 780 748 698 454 244 214 416 380
internal_count=1056 80 976 940 908 836 780 748 698 454 244 214 416 380
is_linear=0
shrinkage=0.035


Tree=146
num_leaves=15
num_cat=0
split_feature=14 0 12 1 6 1 1 1 4 0 6 9 0 14
split_gain=0.0154713 0.0724167 0.0257532 0.0836522 0.0921109 0.0611779 0.0611006 0.0665973 0.130981 0.0484116 0.0555156 0.067051 0.0416713 0.0344128
threshold=6.5000000000000009 -10.109405517578123 17.500000000000004 1.9855187988281251 20.04545288085939 2.2116467285156256 1.3549914550781252 -2.0487084960937496 -1.9942260742187499 1.7540344238281251 33.524414062500036 40.500000000000007 0.061181640625000012 231.50000000000003
decision_type=2 2 2 2 2 2 2 2 2 2 2 2 2 2
left_child=1 -1 5 6 -5 9 7 8 -4 12 11 -11 13 -2
right_child=2 -3 3 4 -6 -7 -8 -9 -10 10 -12 -13 -14 -15
leaf_value=0.00063207787405668867 0.00022763254104287019 -0.0015068486569070959 -4.1258670961693065e-06 0.00064011818627477627 -0.0019883014931453063 0.0011219154195161538 0.0021291097215726043 -0.00045798858000536361 0.0027496981569428876 -0.00090485108108974584 0.00055502617527963599 0.00054191472077642791 0.0012272188626019146 -0.00055644080661295455
leaf_weight=36 238 38 56 30 32 48 30 60 32 226 54 46 36 94
leaf_count=36 238 38 56 30 32 48 30 60 32 226 54 46 36 94
internal_value=4.10596e-06 -0.000477039 4.12592e-05 0.000354827 -0.000736226 -6.08456e-05 0.000738815 0.000432368 0.00103612 -0.000145639 -0.000454917 -0.000658008 0.000129318 3.63321e-06
internal_weight=1056 74 982 240 62 742 178 148 88 694 326 272 368 332
internal_count=1056 74 982 240 62 742 178 148 88 694 326 272 368 332
is_linear=0
shrinkage=0.035


Tree=147
num_leaves=15
num_cat=0
split_feature=5 5 14 14 3 0 3 5 2 5 0 1 9 2
split_gain=0.0153192 0.0203656 0.0645635 0.05232 0.0713573 0.0741455 0.0523809 0.0381933 0.0468752 0.0405091 0.126057 0.0723155 0.0506016 0.0615592
threshold=9.9445691596651216 6.3104385568881289 248.50000000000003 223.50000000000003 -6.0190417480468748 -10.322578124999998 6.5411779785156261 6.0563581036153256 9.8329182672543549 4.471312615556819 6.1866674804687509 -2.0487084960937496 16.500000000000004 7.5496758718408019
decision_type=2 2 2 2 2 2 2 2 2 2 2 2 2 2
left_child=1 7 3 4 5 -3 -5 8 9 10 11 -1 -11 -14
right_child=-2 2 -4 6 -6 -7 -8 -9 -10 12 -12 -13 13 -15
leaf_value=0.0015621328084671406 -0.00062045688280309356 0.00070273247412168773 0.0014928501352677933 0.00025971823284635324 0.0015451256760981938 -0.0012858706453698688 -0.0017317403259221465 -0.0012021144998588546 0.0013080532387539281 -0.0013720025322982111 0.0021040119999735101 -0.0001609124848612519 -0.0010169375754970438 0.00041253436157906741
leaf_weight=30 44 52 44 30 44 38 32 32 30 54 34 440 58 94
leaf_count=30 44 52 44 30 44 38 32 32 30 54 34 440 58 94
internal_value=4.25377e-06 3.25853e-05 0.000312774 3.54562e-05 0.000423445 -0.000146601 -0.000790128 -5.51033e-05 -2.39627e-06 -6.12861e-05 0.000107924 -4.47777e-05 -0.000472332 -0.000139045
internal_weight=1056 1012 240 196 134 90 62 772 740 710 504 470 206 152
internal_count=1056 1012 240 196 134 90 62 772 740 710 504 470 206 152
is_linear=0
shrinkage=0.035


Tree=148
num_leaves=15
num_cat=0
split_feature=5 5 5 5 0 12 14 9 9 9 6 4 1 3
split_gain=0.0154267 0.0901156 0.0467577 0.12312 0.0327864 0.0315277 0.032355 0.0762791 0.0271308 0.0578381 0.109881 0.0358775 0.0919395 0.0463775
threshold=2.3146569184999031 1.9598571922080108 3.6064620874712814 3.9331703228826291 1.1423962402343752 19.500000000000004 234.50000000000003 15.500000000000002 44.500000000000007 38.500000000000007 17.325036621093805 2.3113891601562506 1.2905688476562502 -5.5820007324218741
decision_type=2 2 2 2 2 2 2 2 2 2 2 2 2 2
left_child=1 4 5 -4 -1 6 7 -2 9 11 -11 12 13 -5
right_child=2 -3 3 8 -6 -7 -8 -9 -10 10 -12 -13 -14 -15
leaf_value=-0.00056455329447392926 0.0013930782514752968 0.0017167995894124034 0.001693023661910384 0.00048811666888695985 0.00058275397862113702 -0.0012529668633270868 -0.00079530124516551093 -0.00062502801368125428 0.00078879347921677193 -4.1239678441719482e-06 -0.002575270396337146 -0.0010987409809604287 0.0018650612774688533 -0.00028029042792281718
leaf_weight=82 36 40 52 142 46 50 74 56 42 56 30 30 32 288
leaf_count=82 36 40 52 142 46 50 74 56 42 56 30 30 32 288
internal_value=4.23702e-06 0.000309737 -5.41264e-05 9.01177e-05 -0.000149618 -0.000499596 -0.000260462 0.000177504 -4.93312e-05 -0.000112743 -0.00093918 3.49331e-05 0.000112967 -2.54524e-05
internal_weight=1056 168 888 672 128 216 166 92 620 578 86 492 462 430
internal_count=1056 168 888 672 128 216 166 92 620 578 86 492 462 430
is_linear=0
shrinkage=0.035


Tree=149
num_leaves=15
num_cat=0
split_feature=1 12 1 4 4 4 2 5 9 6 6 9 14 4
split_gain=0.0153487 0.0995949 0.0350082 0.0523958 0.0398135 0.0358145 0.0328012 0.0286467 0.03113 0.122312 0.114648 0.0602998 0.0907063 0.0417611
threshold=2.3428942871093752 13.500000000000002 1.9855187988281251 1.6667358398437502 1.0797607421875002 0.61302001953125007 5.3906740106345321 9.9445691596651216 16.500000000000004 33.524414062500036 33.629473876953178 6.5000000000000009 23.500000000000004 -2.9290539550781243
decision_type=2 2 2 2 2 2 2 2 2 2 2 2 2 2
left_child=2 -2 3 4 5 7 -6 8 9 11 13 -1 -13 -10
right_child=1 -3 -4 -5 6 -7 -8 -9 10 -11 -12 12 -14 -15
leaf_value=-0.00056901622505678212 0.0016041319161418375 -0.0008130930182524026 -0.0010758881710200131 0.001356674642302096 -0.00013445048592984678 0.00086520404358201772 -0.0016205008490942419 -0.001029820452197729 0.00053858043627087683 0.0023579811835952569 -0.0021682640817016364 -0.00047987548792582902 0.0016819380643544721 -0.00019435055511606947
leaf_weight=100 42 38 36 32 40 56 32 32 126 30 30 44 48 370
leaf_count=100 42 38 36 32 40 56 32 32 126 30 30 44 48 370
internal_value=4.17682e-06 0.000464123 -3.43957e-05 7.69081e-06 -4.27277e-05 2.6088e-05 -0.000820864 -3.62149e-05 8.92508e-06 0.000354636 -0.000137774 2.05308e-05 0.000659815 -6.74721e-06
internal_weight=1056 80 976 940 908 836 72 780 748 222 526 192 92 496
internal_count=1056 80 976 940 908 836 72 780 748 222 526 192 92 496
is_linear=0
shrinkage=0.035


Tree=150
num_leaves=15
num_cat=0
split_feature=5 5 5 5 4 12 14 6 1 9 9 6 4 1
split_gain=0.0146869 0.0829333 0.0439881 0.0772646 0.0534863 0.0444375 0.0422093 0.0327613 0.0306889 0.0249434 0.0554837 0.101737 0.0335125 0.087046
threshold=2.3146569184999031 1.9598571922080108 3.5467523187566203 3.9331703228826291 1.1337780761718752 19.500000000000004 217.50000000000003 20.166278076171924 0.711634521484375 44.500000000000007 38.500000000000007 17.325036621093805 2.3113891601562506 1.2905688476562502
decision_type=2 2 2 2 2 2 2 2 2 2 2 2 2 2
left_child=1 7 5 4 -4 6 -2 -1 -8 10 12 -12 13 -5
right_child=2 -3 3 9 -6 -7 8 -9 -10 -11 11 -13 -14 -15
leaf_value=0.00036708552905717325 0.00064589358750784731 0.0016519439798624567 0.0019688912900164726 -2.4351518783010695e-05 6.5324526170597368e-05 -0.0014669515988688269 -1.2214319485792658e-05 -0.00074080920502698675 -0.0011926569962761953 0.00075471894975635227 -1.8884682734818039e-05 -0.0024934513225161937 -0.001060756258739275 0.0018151635189047632
leaf_weight=70 46 40 40 430 32 44 54 58 52 42 56 30 30 32
leaf_count=70 46 40 40 430 32 44 54 58 52 42 56 30 30 32
internal_value=4.05174e-06 0.000302137 -5.2895e-05 7.85128e-05 0.00114749 -0.000512951 -0.000221328 -0.000138603 -0.000602662 -4.89174e-05 -0.000109714 -0.000919156 3.49221e-05 0.000110336
internal_weight=1056 168 888 692 72 196 152 128 106 620 578 86 492 462
internal_count=1056 168 888 692 72 196 152 128 106 620 578 86 492 462
is_linear=0
shrinkage=0.035


Tree=151
num_leaves=15
num_cat=0
split_feature=1 12 1 4 4 4 2 5 14 14 6 1 4 9
split_gain=0.0154364 0.0925581 0.0313743 0.0484113 0.0370434 0.0343031 0.0320686 0.026672 0.0317108 0.0997338 0.0766045 0.067779 0.068177 0.0640179
threshold=2.3428942871093752 13.500000000000002 1.9855187988281251 1.6667358398437502 1.0797607421875002 0.61302001953125007 5.3906740106345321 9.9445691596651216 224.50000000000003 223.50000000000003 33.884558105468791 -3.426548461914062 -2.1520373535156243 15.500000000000002
decision_type=2 2 2 2 2 2 2 2 2 2 2 2 2 2
left_child=2 -2 3 4 5 7 -6 8 9 10 11 12 13 -1
right_child=1 -3 -4 -5 6 -7 -8 -9 -10 -11 -12 -13 -14 -15
leaf_value=-0.00090843675984820789 0.0015639144108387305 -0.00076667761243879803 -0.0010207114537173002 0.0013017729701994755 -0.00011615229751138639 0.00084424003433766846 -0.0015845113515730619 -0.00099669877460281209 0.00028927443871604435 -0.0020004084215992516 0.0016172550297051205 -0.00061230261158745614 0.001590709691401571 0.00052862185330013753
leaf_weight=60 42 38 36 32 40 56 32 32 292 32 30 200 38 96
leaf_count=60 42 38 36 32 40 56 32 32 292 32 30 200 38 96
internal_value=3.92707e-06 0.000465185 -3.47549e-05 5.09209e-06 -4.33665e-05 2.3017e-05 -0.000793943 -3.7951e-05 5.61344e-06 -0.000176499 -3.01003e-05 -0.000163068 0.000301583 -2.85958e-05
internal_weight=1056 80 976 940 908 836 72 780 748 456 424 394 194 156
internal_count=1056 80 976 940 908 836 72 780 748 456 424 394 194 156
is_linear=0
shrinkage=0.035


Tree=152
num_leaves=15
num_cat=0
split_feature=6 6 9 4 6 3 3 1 1 3 9 6 6 3
split_gain=0.0145267 0.021431 0.0479782 0.0327506 0.0298782 0.0689718 0.032396 0.158233 0.0734564 0.0423259 0.0383024 0.0626087 0.0365414 0.0458975
threshold=34.138171386718803 28.414001464843782 27.500000000000004 -1.0223083496093748 25.956591796875049 3.0105322265625003 3.5908276367187502 0.43622558593749999 1.3625976562500002 3.0832641601562503 42.500000000000007 -0.6164257812499726 -8.1959863281249721 -4.4591284179687491
decision_type=2 2 2 2 2 2 2 2 2 2 2 2 2 2
left_child=1 4 3 -3 6 -6 9 -8 -9 10 12 -12 13 -1
right_child=-2 2 -4 -5 5 -7 7 8 -10 -11 11 -13 -14 -15
leaf_value=-0.0015308340316793573 -0.00063412783279394118 -0.00090682845966726111 0.0013290800948501176 0.00047035928182594951 0.00046311342601484289 -0.0017844479484483602 0.0024341301823427018 -0.0016101275752043876 0.0004345108257950525 -0.001206253087883325 0.0003539870866289777 -0.0016490391810657459 0.00019370197582099151 0.00024974798951815403
leaf_weight=34 40 32 46 54 30 34 36 30 64 36 34 40 512 34
leaf_count=34 40 32 46 54 30 34 36 30 64 36 34 40 512 34
internal_value=3.77174e-06 3.00824e-05 0.000442566 -5.1046e-05 -3.23701e-05 -0.000748795 2.52318e-05 0.000527656 -0.000237983 -7.06792e-05 -4.68353e-06 -0.000743633 9.18277e-05 -0.000658844
internal_weight=1056 1016 132 86 884 64 820 130 94 690 654 74 580 68
internal_count=1056 1016 132 86 884 64 820 130 94 690 654 74 580 68
is_linear=0
shrinkage=0.035


Tree=153
num_leaves=15
num_cat=0
split_feature=14 0 14 1 5 5 4 4 14 14 9 0 3 1
split_gain=0.0142032 0.0481934 0.030363 0.0379773 0.027922 0.0381947 0.0700408 0.0732326 0.0576552 0.117171 0.166069 0.129317 0.0982868 0.0615707
threshold=9.5000000000000018 -10.109405517578123 16.500000000000004 0.010648193359374952 8.8006846038745064 6.3104385568881289 -2.1520373535156243 -1.7538073730468746 220.50000000000003 227.50000000000003 32.500000000000007 -2.0511364746093745 3.0105322265625003 0.30897705078124993
decision_type=2 2 2 2 2 2 2 2 2 2 2 2 2 2
left_child=1 -1 3 -2 5 6 -4 -8 12 10 -10 -11 13 -9
right_child=2 -3 4 -5 -6 -7 7 8 9 11 -12 -13 -14 -15
leaf_value=0.00059398627859895664 0.0011091919582748122 -0.00099314669419630188 -0.001177158640439302 -0.00034258155206985338 -0.00070271378251003202 0.00055229194782239371 0.001571586299299573 -0.00061271541006885019 -1.3111285780641166e-05 0.001863946543307975 0.0033330605497030779 -0.00036292907925829714 -0.0023392565136600755 0.0010261003041370331
leaf_weight=36 64 60 62 32 66 142 34 106 42 34 30 282 30 36
leaf_count=36 64 60 62 32 66 142 34 106 42 34 30 282 30 36
internal_value=3.41525e-06 -0.000397996 4.43004e-05 0.000628152 -2.18729e-05 3.60532e-05 -7.70326e-05 4.13602e-05 -5.68085e-05 0.000179772 0.00143353 -0.000113113 -0.000586423 -0.00018876
internal_weight=1056 96 960 96 864 798 656 594 560 388 72 316 172 142
internal_count=1056 96 960 96 864 798 656 594 560 388 72 316 172 142
is_linear=0
shrinkage=0.035


Tree=154
num_leaves=15
num_cat=0
split_feature=5 5 5 6 0 1 12 1 4 1 3 0 14 14
split_gain=0.0141297 0.0757944 0.041841 0.0307294 0.0224381 0.0165824 0.074769 0.0259583 0.0528322 0.0660448 0.0452998 0.099371 0.0642416 0.0668204
threshold=2.3146569184999031 1.9598571922080108 2.6876273534776476 20.166278076171924 0.061181640625000012 2.3428942871093752 13.500000000000002 1.9855187988281251 1.5041601562500002 1.1561633300781253 4.7901159667968765 4.8884436035156265 223.50000000000003 244.50000000000003
decision_type=2 2 2 2 2 2 2 2 2 2 2 2 2 2
left_child=1 3 -2 4 -1 7 -7 8 9 10 11 -4 -12 -14
right_child=2 -3 5 -5 -6 6 -8 -9 -10 -11 12 -13 13 -15
leaf_value=-0.000180253819465482 -0.0010359515447969899 0.0015862837288295852 -3.0591034666329329e-05 -0.00070886887406716899 0.0010557080382955066 0.0015861914867970261 -0.00064593038651057427 -0.00095885287375292846 0.0012092841971510402 -0.0015734070874596536 0.00071006845203502227 0.0014177364242465103 -0.0022530520024237276 -0.00029337919870158657
leaf_weight=40 48 40 480 58 30 36 34 34 40 32 32 64 34 54
leaf_count=40 48 40 480 58 30 36 34 34 40 32 32 64 34 54
internal_value=3.52772e-06 0.000295905 -5.23275e-05 -0.00012554 0.000364056 6.20679e-06 0.000514191 -4.11861e-05 3.68976e-06 -6.88637e-05 8.15157e-06 0.000144369 -0.000601613 -0.00108377
internal_weight=1056 168 888 128 70 840 70 770 736 696 664 544 120 88
internal_count=1056 168 888 128 70 840 70 770 736 696 664 544 120 88
is_linear=0
shrinkage=0.035


Tree=155
num_leaves=15
num_cat=0
split_feature=5 14 12 4 14 1 0 1 1 0 9 0 4 4
split_gain=0.0136426 0.0173281 0.0235615 0.0681584 0.0522039 0.0544367 0.0637254 0.0515081 0.0557219 0.0401156 0.0780529 0.0612444 0.0303786 0.0658284
threshold=9.9445691596651216 6.5000000000000009 17.500000000000004 2.1050903320312506 244.50000000000003 1.2486083984375003 -5.4654064941406242 2.2116467285156256 1.1561633300781253 7.404912109375001 23.500000000000004 5.8264404296875005 -2.9290539550781243 -3.1100036621093743
decision_type=2 2 2 2 2 2 2 2 2 2 2 2 2 2
left_child=1 -1 7 4 5 6 -4 8 9 11 -11 12 13 -3
right_child=-2 2 3 -5 -6 -7 -8 -9 -10 10 -12 -13 -14 -15
leaf_value=-0.00053693949111030027 -0.0005861362492546703 -5.6548755875645354e-05 0.0010946810339220591 -0.00067790946828859765 0.0017232579222700621 0.0015617658010245686 -0.0006948830438983243 0.0011569083529563312 -0.0010565799165915986 0.00052915987078449699 -0.0018046087049879136 0.0014559849633492138 -0.00014174853068639164 0.0017948225862517791
leaf_weight=60 44 76 36 56 44 32 66 40 66 30 38 36 400 32
leaf_count=60 44 76 36 56 44 32 66 40 66 30 38 36 400 32
internal_value=3.39663e-06 3.0134e-05 6.69247e-05 0.000370326 0.000703976 0.000348867 -5.4367e-05 -3.27095e-05 -0.00010609 -4.78091e-07 -0.000789303 0.000100655 -7.24989e-07 0.000514665
internal_weight=1056 1012 952 234 178 134 102 718 678 612 68 544 508 108
internal_count=1056 1012 952 234 178 134 102 718 678 612 68 544 508 108
is_linear=0
shrinkage=0.035


Tree=156
num_leaves=15
num_cat=0
split_feature=5 5 5 5 6 12 9 9 6 4 1 3 4 3
split_gain=0.0139651 0.0703833 0.0391489 0.112524 0.0286465 0.0251316 0.0225194 0.0533073 0.0921075 0.0310013 0.0822369 0.0409997 0.0503233 0.0674127
threshold=2.3146569184999031 1.9598571922080108 3.6064620874712814 3.9331703228826291 20.166278076171924 2.5000000000000004 44.500000000000007 38.500000000000007 17.325036621093805 2.3113891601562506 1.2905688476562502 -5.5820007324218741 -2.1520373535156243 -4.6525598144531237
decision_type=2 2 2 2 2 2 2 2 2 2 2 2 2 2
left_child=1 4 5 -4 -1 -2 7 9 -9 10 11 -5 -13 -14
right_child=2 -3 3 6 -6 -7 -8 8 -10 -11 -12 12 13 -15
leaf_value=0.00036048809701040026 0.00029779731998463502 0.0015376295529616376 0.0016123793749095599 0.00045527821565908904 -0.00067537374940487404 -0.00064374489586043642 0.00071032882497423669 -4.6802716337722447e-05 -0.0024024213520169725 -0.0010230763655636112 0.0017603475237539148 -0.000977319987155064 0.0015092603740049528 -0.00023714290500555021
leaf_weight=70 42 40 52 142 58 174 42 56 30 30 32 84 30 174
leaf_count=70 42 40 52 142 58 174 42 56 30 30 32 84 30 174
internal_value=3.52661e-06 0.000294195 -5.20023e-05 7.99911e-05 -0.000112056 -0.000459615 -5.3303e-05 -0.00011105 -0.000904455 3.0735e-05 0.000103279 -2.76164e-05 -0.000267208 3.18407e-05
internal_weight=1056 168 888 672 128 216 620 578 86 492 462 430 288 204
internal_count=1056 168 888 672 128 216 620 578 86 492 462 430 288 204
is_linear=0
shrinkage=0.035


Tree=157
num_leaves=15
num_cat=0
split_feature=4 4 6 14 4 4 6 1 5 9 6 6 9 6
split_gain=0.0132803 0.0740482 0.0530843 0.037378 0.0352824 0.0317357 0.0281938 0.025546 0.0275177 0.0285641 0.103709 0.103558 0.0732388 0.0610258
threshold=2.1786743164062505 1.6041027832031254 19.968591308593805 234.50000000000003 1.0797607421875002 0.61302001953125007 22.719067382812543 0.37603149414062503 9.9445691596651216 18.500000000000004 32.800000000000047 33.524414062500036 14.500000000000002 28.784680175781265
decision_type=2 2 2 2 2 2 2 2 2 2 2 2 2 2
left_child=1 4 -2 -3 5 7 -6 8 9 11 13 12 -1 -11
right_child=2 3 -4 -5 6 -7 -8 -9 -10 10 -12 -13 -14 -15
leaf_value=-0.00026884516760537189 0.00060451811362226087 0.0020323942296272437 -0.0011782283696569115 0.00034123241783365511 -0.0012805185501444311 0.0008138370090535257 8.2058369298465553e-05 -0.00078423250112861695 -0.00095379998431513642 -6.8383376877169811e-05 -0.0018006286038435065 0.0022268148255534474 0.0012365514148796838 0.0014024060278346666
leaf_weight=164 34 30 46 34 46 56 30 50 32 380 38 30 50 36
leaf_count=164 34 30 46 34 46 56 30 50 32 380 38 30 50 36
internal_value=3.55122e-06 3.94167e-05 -0.000424296 0.00117153 -4.24196e-05 2.39469e-05 -0.000754346 -3.46995e-05 1.86408e-05 6.58204e-05 -9.83688e-05 0.000369636 9.10758e-05 6.49976e-05
internal_weight=1056 976 80 64 912 836 76 780 730 698 454 244 214 416
internal_count=1056 976 80 64 912 836 76 780 730 698 454 244 214 416
is_linear=0
shrinkage=0.035


Tree=158
num_leaves=15
num_cat=0
split_feature=3 5 2 3 3 5 14 2 4 4 1 3 5 0
split_gain=0.0131525 0.0322445 0.0752156 0.0374467 0.0462152 0.0437146 0.0615904 0.0443893 0.0526566 0.0749138 0.0476862 0.0388508 0.0784988 0.0728356
threshold=-8.1217163085937489 8.3509648833353811 12.052443751424244 6.104230957031251 5.1253540039062502 7.4628794951405917 6.5000000000000009 10.146801411221455 -1.9248181152343748 -2.4915612792968744 -2.8989123535156245 3.6680578613281249 4.4477705206164844 3.7727233886718756
decision_type=2 2 2 2 2 2 2 2 2 2 2 2 2 2
left_child=-1 3 -3 4 5 6 -2 8 9 -8 -10 13 -13 -12
right_child=1 2 -4 -5 -6 -7 7 -9 10 -11 11 12 -14 -15
leaf_value=0.00064295007952942373 -0.0013598848049150548 -0.0018976554532289609 8.8667957647618008e-05 0.0009575357976315831 -0.0012743615087888699 0.0010455173740541797 -1.2401412506519325e-05 0.0011282395261646757 0.0013087266061599001 -0.0019323331468040126 0.00013311223842510329 0.0019621625520327753 -6.7665624921894922e-05 -0.00089475354682971647
leaf_weight=36 38 34 66 50 32 48 66 42 36 38 362 34 66 108
leaf_count=36 38 34 66 50 32 48 66 42 36 38 362 34 66 108
internal_value=3.58607e-06 -2.01938e-05 -0.000610649 4.51715e-05 -9.33914e-06 4.18864e-05 -2.15799e-05 4.94749e-05 -1.73293e-05 -0.000737138 0.000108221 2.80884e-05 0.000647418 -0.000105869
internal_weight=1056 1020 100 920 870 838 790 752 710 104 606 570 100 470
internal_count=1056 1020 100 920 870 838 790 752 710 104 606 570 100 470
is_linear=0
shrinkage=0.035


Tree=159
num_leaves=15
num_cat=0
split_feature=6 3 4 2 3 6 2 9 3 6 4 4 4 12
split_gain=0.0140599 0.0251145 0.023038 0.0416152 0.0347728 0.0377791 0.0405535 0.0757937 0.0602172 0.0489541 0.0208501 0.0564048 0.0494393 0.0426151
threshold=-8.1959863281249721 -4.3619445800781245 -4.108149414062499 12.911643132941416 -7.3626525878906239 -5.9620019531249673 10.304540217413438 14.500000000000002 6.104230957031251 32.800000000000047 2.1786743164062505 1.6667358398437502 1.0797607421875002 17.500000000000004
decision_type=2 2 2 2 2 2 2 2 2 2 2 2 2 2
left_child=1 -1 3 -2 -4 -6 8 -8 9 10 11 12 13 -7
right_child=2 -3 4 -5 5 6 7 -9 -10 -11 -12 -13 -14 -15
leaf_value=-0.0009506134113447238 -0.0013175574195338415 0.00030039376665252562 0.0010710682886807871 0.000357969213715371 0.0011834476552030539 -1.9028695522710628e-05 -0.0020757360660536507 3.2455752537521956e-05 0.0012519211756065489 -0.0013428130719694311 -0.00057613015730849251 0.0011375466377940029 -0.0008219210999500081 0.00082539822932125803
leaf_weight=46 38 32 40 32 32 392 30 60 48 30 56 58 74 88
leaf_count=46 38 32 40 32 32 392 30 60 48 30 56 58 74 88
internal_value=3.44916e-06 -0.000442701 3.98625e-05 -0.000562935 8.74688e-05 3.97836e-05 -6.71298e-06 -0.000700123 7.85907e-05 -5.4432e-06 5.84474e-05 0.000118201 7.77434e-06 0.000138565
internal_weight=1056 78 978 70 908 868 836 90 746 698 668 612 554 480
internal_count=1056 78 978 70 908 868 836 90 746 698 668 612 554 480
is_linear=0
shrinkage=0.035


Tree=160
num_leaves=15
num_cat=0
split_feature=6 3 12 14 6 4 9 12 0 2 4 4 12 14
split_gain=0.0131238 0.0234652 0.0217348 0.103988 0.103393 0.0722196 0.0595429 0.0452689 0.0695951 0.0448653 0.0371495 0.0607889 0.0362143 0.0384343
threshold=-8.1959863281249721 -4.3619445800781245 5.5000000000000009 231.50000000000003 19.401159667968788 -0.93007202148437484 37.500000000000007 8.5000000000000018 -7.573590087890623 5.0182487552766881 2.1237463378906249 1.6667358398437502 21.500000000000004 216.50000000000003
decision_type=2 2 2 2 2 2 2 2 2 2 2 2 2 2
left_child=1 -1 3 4 5 -2 -5 8 -4 -10 11 12 13 -9
right_child=2 -3 7 6 -6 -7 -8 10 9 -11 -12 -13 -14 -15
leaf_value=-0.00091872823621088186 0.0010140017823141534 0.0002904984497752808 -0.0020782328513450922 -0.0012195719511946665 0.0022808149806223814 -0.001032323874122299 0.00040346099304980066 -0.0004173386986210447 -0.00073904651911640225 0.00089422383212877331 -0.0007651504321062628 0.001585686358910821 0.00093645694182039468 0.00021823359375671255
leaf_weight=46 54 32 30 58 46 32 50 192 56 30 58 32 50 290
leaf_count=46 54 32 30 58 46 32 50 192 56 30 58 32 50 290
internal_value=3.26601e-06 -0.000427775 3.84464e-05 0.000326322 0.000978837 0.000246421 -0.000474494 -5.58006e-05 -0.000684347 -0.000161927 6.32381e-05 0.00015083 5.89069e-05 -3.56188e-05
internal_weight=1056 78 978 240 132 86 108 738 116 86 622 564 532 482
internal_count=1056 78 978 240 132 86 108 738 116 86 622 564 532 482
is_linear=0
shrinkage=0.035


Tree=161
num_leaves=15
num_cat=0
split_feature=5 5 5 5 4 12 9 1 6 2 2 1 1 2
split_gain=0.0129024 0.0637671 0.0376595 0.071056 0.0440772 0.0411715 0.03904 0.0319499 0.0279754 0.0220443 0.097582 0.0493375 0.0663653 0.0260297
threshold=2.3146569184999031 1.9598571922080108 3.5467523187566203 3.9331703228826291 1.1337780761718752 19.500000000000004 13.500000000000002 0.711634521484375 20.166278076171924 7.5496758718408019 6.9555477657136402 -1.1613183593749998 0.33080810546875 9.6702697208257629
decision_type=2 2 2 2 2 2 2 2 2 2 2 2 2 2
left_child=1 8 5 4 -4 6 -2 -8 -1 10 11 -5 -13 -11
right_child=2 -3 3 9 -6 -7 7 -9 -10 13 -12 12 -14 -15
leaf_value=0.00036270751076396366 0.00066394888218897197 0.001466113563316564 0.001842321633982162 -0.00073629573681570891 0.0001107678795746966 -0.0013940093410201371 5.4215804993873469e-05 -0.0011370555317989784 -0.00066090766467580882 0.00037589314169419655 -0.002135088040054143 0.0018371059358651112 -0.00043112331601150803 -0.00014792197311431539
leaf_weight=70 44 40 40 50 32 44 54 54 58 192 30 30 30 288
leaf_count=70 44 40 40 50 32 44 54 54 58 192 30 30 30 288
internal_value=3.18167e-06 0.000282572 -5.01922e-05 7.13988e-05 0.00109654 -0.000475868 -0.000195438 -0.000551264 -0.00010415 -5.07924e-05 -0.000433935 5.98577e-05 0.000725668 6.22944e-05
internal_weight=1056 168 888 692 72 196 152 108 128 620 140 110 60 480
internal_count=1056 168 888 692 72 196 152 108 128 620 140 110 60 480
is_linear=0
shrinkage=0.035


Tree=162
num_leaves=15
num_cat=0
split_feature=1 12 1 12 1 4 4 6 9 6 12 12 0 9
split_gain=0.0132049 0.0724658 0.027298 0.0409694 0.0252212 0.0482888 0.0326148 0.0417223 0.036834 0.0587762 0.0497836 0.0867572 0.0845549 0.0439195
threshold=2.3428942871093752 13.500000000000002 1.9855187988281251 21.500000000000004 0.37603149414062503 1.6667358398437502 0.13990844726562499 34.138171386718803 2.5000000000000004 28.414001464843782 19.500000000000004 17.500000000000004 3.3058105468750001 42.500000000000007
decision_type=2 2 2 2 2 2 2 2 2 2 2 2 2 2
left_child=2 -2 3 4 6 -6 7 8 -1 10 11 12 13 -10
right_child=1 -3 -4 -5 5 -7 -8 -9 9 -11 -12 -13 -14 -15
leaf_value=-0.00090617367438465849 0.001401614877170439 -0.00066090401518158616 -0.000952379738385054 0.00090564496420421207 -0.00066184088984530879 0.00083338981199631245 0.00096474078239142818 -0.0011780682048993186 0.00026902157061511536 0.00094493229219592154 -0.0011806153773795815 0.0015558035124558958 -0.0015676333021838219 -0.00071508342152810662
leaf_weight=44 42 38 36 56 156 30 42 34 302 88 40 42 40 66
leaf_count=44 42 38 36 56 156 30 42 34 302 88 40 42 40 66
internal_value=3.07499e-06 0.000429694 -3.2701e-05 4.46802e-06 -5.45356e-05 -0.000414374 4.22626e-05 -1.95513e-05 4.73489e-05 0.00012281 -2.80777e-05 7.91408e-05 -7.97164e-05 8.96132e-05
internal_weight=1056 80 976 940 884 186 698 656 622 578 490 450 408 368
internal_count=1056 80 976 940 884 186 698 656 622 578 490 450 408 368
is_linear=0
shrinkage=0.035


Tree=163
num_leaves=15
num_cat=0
split_feature=6 3 4 1 3 6 2 9 3 6 5 5 5 5
split_gain=0.0127321 0.0214612 0.0207715 0.0392541 0.0328493 0.0343284 0.0391683 0.0693696 0.0565777 0.0460628 0.0196746 0.0714889 0.0446983 0.0855406
threshold=-8.1959863281249721 -4.3619445800781245 -4.108149414062499 -5.9568359374999993 -7.3626525878906239 -5.9620019531249673 10.304540217413438 14.500000000000002 6.104230957031251 32.800000000000047 2.3146569184999031 1.9598571922080108 3.5467523187566203 3.9331703228826291
decision_type=2 2 2 2 2 2 2 2 2 2 2 2 2 2
left_child=1 -1 3 -2 -4 -6 8 -8 9 10 11 -7 -12 -14
right_child=2 -3 4 -5 5 6 7 -9 -10 -11 12 -13 13 -15
leaf_value=-0.00089105283858467981 0.00022712032791969252 0.00026582736979916639 0.0010387654358055443 -0.0013997613794430545 0.0011266027144901114 -4.2816696561534301e-05 -0.002005374069849495 1.2109252134142746e-05 0.0012132573654409498 -0.0013027922046603636 -0.000472861546073354 0.0017214909637665477 0.001307678806996966 -8.072657323603328e-05
leaf_weight=46 38 32 40 32 32 108 30 60 48 30 188 36 66 270
leaf_count=46 38 32 40 32 32 108 30 60 48 30 188 36 66 270
internal_value=2.90467e-06 -0.000421655 3.75567e-05 -0.00053482 8.27611e-05 3.64189e-05 -7.89979e-06 -0.000689361 7.59374e-05 -5.5167e-06 5.64592e-05 0.0004158 -4.34965e-05 0.00019812
internal_weight=1056 78 978 70 908 868 836 90 746 698 668 144 524 336
internal_count=1056 78 978 70 908 868 836 90 746 698 668 144 524 336
is_linear=0
shrinkage=0.035


Tree=164
num_leaves=15
num_cat=0
split_feature=1 12 1 12 1 4 4 6 6 5 12 12 0 0
split_gain=0.0122746 0.067491 0.025955 0.0384077 0.0240069 0.0451959 0.0297845 0.0392425 0.0337447 0.0434928 0.0422997 0.0870146 0.0725914 0.0480213
threshold=2.3428942871093752 13.500000000000002 1.9855187988281251 21.500000000000004 0.37603149414062503 1.6667358398437502 0.13990844726562499 34.138171386718803 28.414001464843782 6.3104385568881289 19.500000000000004 17.500000000000004 3.3058105468750001 1.1423962402343752
decision_type=2 2 2 2 2 2 2 2 2 2 2 2 2 2
left_child=2 -2 3 4 6 -6 7 8 10 -10 11 12 13 -1
right_child=1 -3 -4 -5 5 -7 -8 -9 9 -11 -12 -13 -14 -15
leaf_value=-9.6575148222149848e-05 0.0013521405804865277 -0.00063831284176558262 -0.00092841317475846931 0.00087714889785776666 -0.00064299030347154007 0.00080362014763522903 0.00092345096438128341 -0.0011407320558727307 0.00013058906672660286 0.0016469000209711822 -0.0011345546086279988 0.0015073781142894984 -0.0014737315471707421 0.0012441351108848015
leaf_weight=358 42 38 36 56 156 30 42 34 74 32 40 42 42 34
leaf_count=358 42 38 36 56 156 30 42 34 74 32 40 42 42 34
internal_value=2.85048e-06 0.000414167 -3.1642e-05 4.60068e-06 -5.25291e-05 -0.000403599 4.19083e-05 -1.71672e-05 4.77089e-05 0.000610365 -6.97858e-05 2.40633e-05 -0.000125739 2.54361e-05
internal_weight=1056 80 976 940 884 186 698 656 622 106 516 476 434 392
internal_count=1056 80 976 940 884 186 698 656 622 106 516 476 434 392
is_linear=0
shrinkage=0.035


Tree=165
num_leaves=15
num_cat=0
split_feature=5 14 9 6 6 0 9 5 5 6 6 0 9 3
split_gain=0.0125285 0.015104 0.0208102 0.101912 0.0964637 0.0857666 0.0490412 0.0466041 0.0994827 0.0741169 0.107815 0.0724599 0.0547171 0.0412323
threshold=9.9445691596651216 6.5000000000000009 13.500000000000002 32.800000000000047 33.524414062500036 6.6526281738281261 3.5000000000000004 3.5742813562564715 3.9331703228826291 23.913159179687515 18.980346679687532 3.8202893066406252 30.500000000000004 2.2505792236328128
decision_type=2 2 2 2 2 2 2 2 2 2 2 2 2 2
left_child=1 -1 4 7 5 6 -3 11 -9 10 -10 -4 -11 -8
right_child=-2 2 3 -5 -6 -7 13 8 9 12 -12 -13 -14 -15
leaf_value=-0.00050089879682937251 -0.0005620383825099334 -0.00045176047007478178 -2.8791360247149053e-05 -0.0017109736298637776 0.0021264768379842284 -0.0013601045034981024 0.00016352107754359261 0.0021268203799777174 0.00020578793606675021 8.4146009004839209e-05 -0.001590478545241058 -0.0015815129180290653 0.0020539436396670922 0.0013548016083758045
leaf_weight=60 44 60 226 40 30 40 76 32 224 32 48 42 36 66
leaf_count=60 44 60 226 40 30 40 76 32 224 32 48 42 36 66
internal_value=2.91149e-06 2.85346e-05 6.28824e-05 -4.07698e-05 0.000320419 8.09328e-05 0.000376824 6.86228e-05 0.000321409 0.000140044 -0.000120496 -0.000282041 0.00115587 0.000728341
internal_weight=1056 1012 952 680 272 242 202 640 372 340 272 268 68 142
internal_count=1056 1012 952 680 272 242 202 640 372 340 272 268 68 142
is_linear=0
shrinkage=0.035


Tree=166
num_leaves=15
num_cat=0
split_feature=6 12 14 6 0 9 12 0 2 4 4 1 4 14
split_gain=0.0124519 0.0205182 0.0966853 0.0958297 0.0672368 0.051732 0.0434345 0.0617029 0.0425686 0.032845 0.0557371 0.0323475 0.112462 0.0618568
threshold=-8.1959863281249721 5.5000000000000009 231.50000000000003 19.401159667968788 -7.028720703124999 37.500000000000007 8.5000000000000018 -7.573590087890623 5.0182487552766881 2.1237463378906249 1.6667358398437502 -2.0487084960937496 -1.9942260742187499 230.50000000000003
decision_type=2 2 2 2 2 2 2 2 2 2 2 2 2 2
left_child=-1 2 3 4 -2 -4 7 -3 -9 10 11 12 13 -8
right_child=1 6 5 -5 -6 -7 9 8 -10 -11 -12 -13 -14 -15
leaf_value=-0.00041703071622578141 0.0012588182780503606 -0.001982772274868694 -0.0011497943144640887 0.002199449421023019 -0.00066005426999860603 0.0003633172696572729 -0.0004078886150576485 -0.00073938667095780123 0.00085172827599308228 -0.00071680202165589442 0.0015184268491301577 -0.00017949355461918508 0.0021095726747788787 0.00091802897992693039
leaf_weight=78 40 30 58 46 46 50 130 56 30 58 32 304 36 62
leaf_count=78 40 30 58 46 46 50 130 56 30 58 32 304 36 62
internal_value=2.83135e-06 3.71e-05 0.000316802 0.00094598 0.00024077 -0.000455411 -5.44705e-05 -0.000670151 -0.000177604 6.21309e-05 0.000144484 5.64631e-05 0.000369897 2.53225e-05
internal_weight=1056 978 240 132 86 108 738 116 86 622 564 532 228 192
internal_count=1056 978 240 132 86 108 738 116 86 622 564 532 228 192
is_linear=0
shrinkage=0.035


Tree=167
num_leaves=15
num_cat=0
split_feature=3 5 2 3 3 5 14 2 4 4 1 3 5 3
split_gain=0.0119632 0.0260419 0.0671736 0.0299444 0.0406846 0.0411052 0.055129 0.0390628 0.0449946 0.0712427 0.0411483 0.0340521 0.0695129 0.0668419
threshold=-8.1217163085937489 8.3509648833353811 12.052443751424244 6.104230957031251 5.1253540039062502 7.4628794951405917 6.5000000000000009 10.146801411221455 -1.9468054199218747 -2.4915612792968744 -2.8989123535156245 3.6680578613281249 4.4477705206164844 3.0832641601562503
decision_type=2 2 2 2 2 2 2 2 2 2 2 2 2 2
left_child=-1 3 -3 4 5 6 -2 8 9 -8 -10 13 -13 -12
right_child=1 2 -4 -5 -6 -7 7 -9 10 -11 11 12 -14 -15
leaf_value=0.00061270206701010473 -0.0012893733269884254 -0.0017667180679402212 0.00010974821716766148 0.0008548640556937944 -0.0011966626715901145 0.0010115374462562614 3.489638201084317e-06 0.0010559893122196876 0.0012114232030427574 -0.0018987576867833637 6.0233291319691044e-05 0.0018388662822285875 -6.1419721725542342e-05 -0.0011561135624651797
leaf_weight=36 38 34 66 50 32 48 66 42 36 36 408 34 68 62
leaf_count=36 38 34 66 50 32 48 66 42 36 36 408 34 68 62
internal_value=2.9285e-06 -1.97498e-05 -0.000550382 3.89964e-05 -9.74575e-06 3.83193e-05 -2.3218e-05 4.40137e-05 -1.86478e-05 -0.000691495 9.61283e-05 2.19585e-05 0.00059519 -0.00010444
internal_weight=1056 1020 100 920 870 838 790 752 710 102 608 572 102 470
internal_count=1056 1020 100 920 870 838 790 752 710 102 608 572 102 470
is_linear=0
shrinkage=0.035


Tree=168
num_leaves=15
num_cat=0
split_feature=6 4 2 3 6 2 5 9 9 6 5 5 14 12
split_gain=0.0124806 0.0192406 0.0393934 0.0297708 0.031672 0.0383534 0.0514008 0.0680434 0.0502152 0.0381489 0.0216807 0.0663722 0.0442956 0.0722331
threshold=-8.0885839843749903 -4.108149414062499 12.911643132941416 -7.3626525878906239 -5.9449218749999764 10.304540217413438 6.1931722120904453 22.500000000000004 15.500000000000002 32.800000000000047 2.3146569184999031 1.9598571922080108 251.50000000000003 2.5000000000000004
decision_type=2 2 2 2 2 2 2 2 2 2 2 2 2 2
left_child=-1 2 -2 -3 -5 6 9 -8 -7 10 11 -6 13 -12
right_child=1 3 -4 4 5 8 7 -9 -10 -11 12 -13 -14 -15
leaf_value=-0.00040659222060639882 -0.0012473795810365119 0.00099171516102311823 0.00038160440654096692 0.0010844336400623435 -2.9137344731928105e-05 -0.0017489442969535424 0.0020435179889561066 -5.1407484764543676e-05 -4.2193970925993576e-05 -0.0012002077691670367 0.0011354060374929652 0.0016710650643921997 -0.00071466094864682916 -0.00011748172275408501
leaf_weight=82 38 40 32 32 108 32 34 40 56 30 66 36 102 328
leaf_count=82 38 40 32 32 108 32 34 40 56 30 66 36 102 328
internal_value=2.78563e-06 3.80133e-05 -0.000512787 8.17015e-05 3.73782e-05 -5.39713e-06 7.69573e-05 0.000939573 -0.000687904 -2.08294e-05 3.80207e-05 0.000412982 -7.20604e-05 9.70673e-05
internal_weight=1056 974 70 904 864 832 744 74 88 670 640 144 496 394
internal_count=1056 974 70 904 864 832 744 74 88 670 640 144 496 394
is_linear=0
shrinkage=0.035


Tree=169
num_leaves=15
num_cat=0
split_feature=5 2 4 3 14 1 4 4 4 14 14 9 6 1
split_gain=0.0123191 0.0147065 0.0382291 0.0263697 0.0422514 0.0418434 0.065124 0.0679428 0.0673136 0.0418104 0.100716 0.118115 0.109682 0.0848514
threshold=9.9445691596651216 12.052443751424244 -4.0817712402343735 -6.6901733398437493 6.5000000000000009 -4.6527844238281242 -2.0668432617187498 -1.7538073730468746 -2.5959179687499998 220.50000000000003 227.50000000000003 32.500000000000007 21.491802978515668 -0.38829956054687492
decision_type=2 2 2 2 2 2 2 2 2 2 2 2 2 2
left_child=1 2 -1 -4 -5 -6 8 -8 -7 -9 11 -11 13 -12
right_child=-2 -3 3 4 5 6 7 9 -10 10 12 -13 -14 -15
leaf_value=-0.0011961594131753373 -0.00055740469368174676 0.00053338108229747209 0.00083310331259175063 -0.0010926517950429118 0.0010267537688487211 -5.1664234263377941e-05 0.0015680698300841163 -0.0003616649225031407 -0.0021490897205384343 0.00028979694912338567 0.0022216671430214776 0.0029673397946316984 -0.00063288244062123153 0.00021166137719827769
leaf_weight=30 44 64 46 40 48 42 34 240 32 56 30 30 186 134
leaf_count=30 44 64 46 40 48 42 34 240 32 56 30 30 186 134
internal_value=2.8039e-06 2.82122e-05 -6.94317e-06 3.4436e-05 -9.50557e-06 4.50642e-05 -1.7499e-05 8.65001e-05 -0.000991346 7.57755e-06 0.000211554 0.00127004 -5.42688e-05 0.000601683
internal_weight=1056 1012 948 918 872 832 784 710 74 676 436 86 350 164
internal_count=1056 1012 948 918 872 832 784 710 74 676 436 86 350 164
is_linear=0
shrinkage=0.035


Tree=170
num_leaves=15
num_cat=0
split_feature=5 14 12 14 12 12 3 14 5 12 6 3 12 4
split_gain=0.0115181 0.0140507 0.0805099 0.0483188 0.172877 0.0691906 0.0466767 0.0742499 0.0349692 0.0313555 0.0479631 0.0836366 0.0443056 0.0717301
threshold=9.9445691596651216 244.50000000000003 2.5000000000000004 251.50000000000003 12.500000000000002 6.5000000000000009 4.9468554687500008 223.50000000000003 4.0766030316945061 3.5000000000000004 -0.48882812499999767 2.3647595214843755 7.5000000000000009 -2.2836798095703119
decision_type=2 2 2 2 2 2 2 2 2 2 2 2 2 2
left_child=1 6 -3 4 -4 -5 9 -8 -7 10 -1 -12 13 -11
right_child=-2 2 3 5 -6 8 7 -9 -10 12 11 -13 -14 -15
leaf_value=-0.0003154549542523455 -0.0005387437673862619 -0.0012208034580888988 -0.00056959315450512806 0.0015463663366458874 0.0030436330265023142 -0.0010557232261635364 0.00024519546778480479 -0.0019608691170517555 0.00022372244074358606 -0.0019159454349918588 0.0021972197239520028 -9.1115313698537657e-05 9.6627199794252996e-05 -0.00010004008141550003
leaf_weight=48 44 36 30 32 32 40 36 36 68 36 38 38 452 90
leaf_count=48 44 36 30 32 32 40 36 36 68 36 38 38 452 90
internal_value=2.94462e-06 2.75125e-05 0.000261511 0.000535065 0.00133213 0.000168286 -4.49292e-05 -0.000881022 -0.000260725 4.30832e-05 0.000543424 0.00108005 -6.57601e-05 -0.0006407
internal_weight=1056 1012 238 202 62 140 774 72 108 702 124 76 578 126
internal_count=1056 1012 238 202 62 140 774 72 108 702 124 76 578 126
is_linear=0
shrinkage=0.035


Tree=171
num_leaves=15
num_cat=0
split_feature=1 12 1 12 1 4 4 6 6 5 12 12 12 0
split_gain=0.0110251 0.0599403 0.0257145 0.0334139 0.0218033 0.0415313 0.0257834 0.0352584 0.032958 0.0399779 0.0381175 0.0375703 0.0762553 0.0661322
threshold=2.3428942871093752 13.500000000000002 1.9855187988281251 21.500000000000004 0.37603149414062503 1.6667358398437502 0.13990844726562499 34.138171386718803 28.414001464843782 6.3104385568881289 13.500000000000002 19.500000000000004 17.500000000000004 3.3058105468750001
decision_type=2 2 2 2 2 2 2 2 2 2 2 2 2 2
left_child=2 -2 3 4 6 -6 7 8 11 10 -10 12 13 -1
right_child=1 -3 -4 -5 5 -7 -8 -9 9 -11 -12 -13 -14 -15
leaf_value=2.5780754605995736e-05 0.0012765489105632615 -0.00059930605461704545 -0.00092248252756881391 0.00082003981440031016 -0.00061118618943256956 0.00077542884466311082 0.00086308973608538518 -0.0010770936719685174 -0.0005392565869723595 0.0015993349245913768 0.0010217393537202632 -0.0010702038487458291 0.0014103151402774861 -0.0014051280003067488
leaf_weight=392 42 38 36 56 156 30 42 34 42 32 32 40 42 42
leaf_count=392 42 38 36 56 156 30 42 34 42 32 32 40 42 42
internal_value=2.81407e-06 0.000392633 -2.98759e-05 6.19503e-06 -4.70955e-05 -0.000381669 4.28959e-05 -1.20803e-05 4.94015e-05 0.000605456 0.000144893 -6.67234e-05 2.17277e-05 -0.000118505
internal_weight=1056 80 976 940 884 186 698 656 622 106 74 516 476 434
internal_count=1056 80 976 940 884 186 698 656 622 106 74 516 476 434
is_linear=0
shrinkage=0.035


Tree=172
num_leaves=15
num_cat=0
split_feature=5 2 4 3 6 3 6 2 5 9 6 5 5 14
split_gain=0.0111949 0.0140245 0.0348203 0.037742 0.0213625 0.0402372 0.0289832 0.0412395 0.0488171 0.063401 0.03447 0.0198965 0.061317 0.0398083
threshold=9.9445691596651216 12.392525841660268 -4.108149414062499 -7.3626525878906239 -8.1959863281249721 -4.3619445800781245 -5.9620019531249673 10.304540217413438 6.1931722120904453 18.500000000000004 32.800000000000047 2.3146569184999031 1.9598571922080108 251.50000000000003
decision_type=2 2 2 2 2 2 2 2 2 2 2 2 2 2
left_child=1 2 -1 -4 5 -5 -6 8 10 -10 11 12 -8 -13
right_child=-2 -3 3 4 6 -7 7 -9 9 -11 -12 13 -14 -15
leaf_value=-0.0010410683404188604 -0.00053121524797145124 0.00059858043891144921 0.0012209809399428197 -0.0014973077891045252 0.0010457712320117829 0.00024483770389291322 -3.1455058560161646e-05 -0.00088037475482512196 0.0020995207495252545 4.9703902559881306e-05 -0.0011428649851995944 8.8610587155752953e-05 0.0016026580593499701 -0.00068050761590851701
leaf_weight=36 44 48 30 30 32 32 108 58 30 44 30 396 36 102
leaf_count=36 44 48 30 30 32 32 108 58 30 44 30 396 36 102
internal_value=2.8193e-06 2.70402e-05 -2.59866e-06 3.9839e-05 -2.24566e-06 -0.000618584 4.48309e-05 2.49634e-06 7.33082e-05 0.000914093 -2.17159e-05 3.40608e-05 0.000393431 -7.10116e-05
internal_weight=1056 1012 964 928 898 62 836 804 746 74 672 642 144 498
internal_count=1056 1012 964 928 898 62 836 804 746 74 672 642 144 498
is_linear=0
shrinkage=0.035


Tree=173
num_leaves=15
num_cat=0
split_feature=4 4 6 12 4 4 1 9 0 3 0 6 6 9
split_gain=0.010542 0.0557648 0.0416827 0.0345628 0.0228541 0.0308393 0.0232736 0.0489314 0.0244303 0.0562992 0.0368238 0.0315848 0.0576808 0.0743085
threshold=2.1786743164062505 1.6667358398437502 19.968591308593805 19.500000000000004 1.0797607421875002 0.61302001953125007 0.11587646484375001 40.500000000000007 6.1866674804687509 6.2753961181640632 4.8884436035156265 26.633569335937555 19.622485351562549 32.500000000000007
decision_type=2 2 2 2 2 2 2 2 2 2 2 2 2 2
left_child=1 4 -2 -3 5 6 8 -8 10 -10 11 12 -1 -14
right_child=2 3 -4 -5 -6 -7 7 -9 9 -11 -12 -13 13 -15
leaf_value=0.00010988885568860621 0.00053334987951934138 0.0018514370854245501 -0.0010464405630894666 0.00018414128415315646 -0.00059154592223022509 0.00079937038284822793 -0.0010698525941081566 0.00056394260517074999 -0.0016805878204468174 0.0001437601394718513 0.0012355464020990493 0.000702978634597877 6.8802675285207279e-05 -0.0020950376541198543
leaf_weight=410 34 30 46 30 80 56 66 32 30 58 32 76 42 34
leaf_count=410 34 30 46 30 80 56 66 32 30 58 32 76 42 34
internal_value=2.79643e-06 3.47517e-05 -0.000378397 0.00105062 -3.39339e-05 2.07105e-05 -3.70947e-05 -0.000535759 3.5918e-05 -0.000501702 0.000116982 4.91356e-05 -5.55734e-05 -0.000928129
internal_weight=1056 976 80 60 916 836 780 98 682 88 594 562 486 76
internal_count=1056 976 80 60 916 836 780 98 682 88 594 562 486 76
is_linear=0
shrinkage=0.035


Tree=174
num_leaves=15
num_cat=0
split_feature=6 9 4 9 1 4 5 9 2 6 2 12 1 6
split_gain=0.0104848 0.0166413 0.0159643 0.0353904 0.027659 0.0684352 0.0638311 0.0694849 0.0298492 0.0513695 0.0555206 0.0674693 0.0372262 0.0433121
threshold=-8.0885839843749903 32.500000000000007 -4.108149414062499 21.500000000000004 -2.9793298339843743 -2.3804833984374998 7.0782487527574807 34.500000000000007 10.458068663305736 28.414001464843782 3.3524865355979414 14.500000000000002 2.3428942871093752 25.956591796875049
decision_type=2 2 2 2 2 2 2 2 2 2 2 2 2 2
left_child=1 -1 3 -2 5 6 7 -4 9 12 -11 -12 13 -6
right_child=2 -3 4 -5 8 -7 -8 -9 -10 10 11 -13 -14 -15
leaf_value=-0.00074115400521097613 0.00021722712291496769 0.00027277604793198408 -0.0015766985736445352 -0.0013353027252742324 -0.00011371015336458692 0.0018716117775971618 0.00090036217126416402 0.00036892546528878697 -0.00086908879118709605 -0.00059441217813668238 0.00019241766443883534 0.0020038302963075695 0.00068858539234967003 -0.0012444752906499755
leaf_weight=52 40 30 38 30 430 32 72 50 46 32 54 46 60 44
leaf_count=52 40 30 38 30 430 32 72 50 46 32 54 46 60 44
internal_value=2.67936e-06 -0.000372541 3.49675e-05 -0.000466752 7.4762e-05 0.000445246 0.000140389 -0.000487598 -2.61112e-05 3.45402e-05 0.000647382 0.00104862 -0.000118799 -0.000223464
internal_weight=1056 82 974 70 904 192 160 88 712 666 132 100 534 474
internal_count=1056 82 974 70 904 192 160 88 712 666 132 100 534 474
is_linear=0
shrinkage=0.035


Tree=175
num_leaves=15
num_cat=0
split_feature=3 5 2 9 6 6 6 1 6 1 3 14 14 12
split_gain=0.0102201 0.023326 0.0618948 0.02423 0.0669795 0.064758 0.0571056 0.0399018 0.0352392 0.0399022 0.0481916 0.0323364 0.106062 0.0720809
threshold=-8.1217163085937489 8.3509648833353811 12.052443751424244 7.5000000000000009 32.162341308593803 31.154895019531271 23.050061035156293 2.3428942871093752 28.414001464843782 -4.6527844238281242 -6.0190417480468748 224.50000000000003 231.50000000000003 4.5000000000000009
decision_type=2 2 2 2 2 2 2 2 2 2 2 2 2 2
left_child=-1 3 -3 4 6 7 -2 8 9 10 -5 -11 -13 -14
right_child=1 2 -4 5 -6 -7 -8 -9 -10 11 -12 12 13 -15
leaf_value=0.00056619131597567744 0.00074929252616951305 -0.0016881658323291051 0.00011287356618862867 -0.000238437796684189 0.0017608814867546448 -0.0011876169274910354 -0.00080755937564255744 0.00092829302924781539 0.00095261875772848729 -0.00044572680742627809 0.0015868445223087395 0.0017491386528126897 -0.0012015109059490216 0.00018174575862484562
leaf_weight=36 60 34 66 34 34 54 52 56 40 292 34 38 62 164
leaf_count=36 60 34 66 34 34 54 52 56 40 292 34 38 62 164
internal_value=2.58829e-06 -1.83727e-05 -0.000520574 3.72253e-05 0.000447565 -4.11314e-05 2.49818e-05 4.79066e-05 -2.89075e-05 -9.46684e-05 0.000693466 -0.000193199 8.73633e-05 -0.000204943
internal_weight=1056 1020 100 920 146 774 112 720 664 624 68 556 264 226
internal_count=1056 1020 100 920 146 774 112 720 664 624 68 556 264 226
is_linear=0
shrinkage=0.035


Tree=176
num_leaves=15
num_cat=0
split_feature=4 4 6 12 4 4 6 1 5 9 6 6 9 6
split_gain=0.0108026 0.0510616 0.0392211 0.0291145 0.0233589 0.0297748 0.0252187 0.0217441 0.0213902 0.0267577 0.0750554 0.0736195 0.0619873 0.0339995
threshold=2.1786743164062505 1.6041027832031254 19.968591308593805 19.500000000000004 1.0797607421875002 0.61302001953125007 22.719067382812543 0.37603149414062503 9.9445691596651216 18.500000000000004 33.524414062500036 33.629473876953178 14.500000000000002 23.350524902343782
decision_type=2 2 2 2 2 2 2 2 2 2 2 2 2 2
left_child=1 4 -2 -3 5 7 -6 8 9 10 12 13 -1 -11
right_child=2 3 -4 -5 6 -7 -8 -9 -10 11 -12 -13 -14 -15
leaf_value=-0.00021971207778569152 0.0005018338592102131 0.0016467188207510239 -0.0010309724205520374 0.00015870059123699321 -0.0011102375361224405 0.00078618173082037996 0.00017314411306870172 -0.00072722970290879652 -0.00084384992253035314 -0.00016076008511805889 0.0019303575876256219 -0.0017225729941856118 0.0011653294130351593 0.00056192497356535593
leaf_weight=164 34 34 46 30 46 56 30 50 32 320 30 30 50 104
leaf_count=164 34 34 46 30 46 56 30 50 32 320 30 30 50 104
internal_value=2.69743e-06 3.50455e-05 -0.000383179 0.000975156 -3.29166e-05 2.108e-05 -0.00061219 -3.57206e-05 1.35006e-05 5.51048e-05 0.000349172 -0.000103779 0.000111689 1.83082e-05
internal_weight=1056 976 80 64 912 836 76 780 730 698 244 454 214 424
internal_count=1056 976 80 64 912 836 76 780 730 698 244 454 214 424
is_linear=0
shrinkage=0.035


Tree=177
num_leaves=15
num_cat=0
split_feature=4 4 6 12 1 0 6 0 4 6 1 4 6 1
split_gain=0.010088 0.0478855 0.0366464 0.0312116 0.0203651 0.037187 0.0399944 0.0806802 0.0253957 0.0326347 0.0321716 0.0604963 0.0248509 0.0285461
threshold=2.1786743164062505 1.6667358398437502 19.968591308593805 19.500000000000004 0.37603149414062503 3.7544836425781249 19.552307128906282 7.145490722656251 0.13990844726562499 34.138171386718803 -0.085264892578124932 -0.24397949218749998 31.904174804687532 -0.60249633789062484
decision_type=2 2 2 2 2 2 2 2 2 2 2 2 2 2
left_child=1 4 -2 -3 8 -6 -7 -8 9 10 11 12 13 -1
right_child=2 3 -4 -5 5 6 7 -9 -10 -11 -12 -13 -14 -15
leaf_value=6.0977166071467568e-05 0.00048524546230004897 0.0017361562773521657 -0.00099639185695802246 0.00015349316123320023 0.00027065292955376211 -0.0016843384525763168 -0.00123724075835939 0.0010741395727382043 0.00082958995906665231 -0.0010290893817242856 -0.00070637487118919171 0.001412191592802022 0.00089908076071878909 -0.00077482330903876583
leaf_weight=470 34 30 46 30 68 36 42 30 46 34 60 40 36 54
leaf_count=470 34 30 46 30 68 36 42 30 46 34 60 40 36 54
internal_value=2.67639e-06 3.39362e-05 -0.000370219 0.000975303 -2.97159e-05 -0.000365872 -0.000764282 -0.000271164 5.10055e-05 -2.83653e-06 5.29803e-05 0.00013101 3.47975e-05 -2.77735e-05
internal_weight=1056 976 80 60 916 176 108 72 740 694 660 600 560 524
internal_count=1056 976 80 60 916 176 108 72 740 694 660 600 560 524
is_linear=0
shrinkage=0.035


Tree=178
num_leaves=15
num_cat=0
split_feature=3 5 2 3 3 5 14 2 4 4 1 3 5 3
split_gain=0.00992369 0.0224321 0.0575527 0.0227067 0.0359094 0.0361026 0.0470325 0.0341896 0.0394729 0.0612806 0.0380345 0.0297643 0.0629384 0.0584427
threshold=-8.1217163085937489 8.3509648833353811 12.052443751424244 6.104230957031251 5.1253540039062502 7.4628794951405917 6.5000000000000009 10.146801411221455 -1.9468054199218747 -2.4915612792968744 -2.8989123535156245 3.6680578613281249 4.4477705206164844 3.0832641601562503
decision_type=2 2 2 2 2 2 2 2 2 2 2 2 2 2
left_child=-1 3 -3 4 5 6 -2 8 9 -8 -10 13 -13 -12
right_child=1 2 -4 -5 -6 -7 7 -9 10 -11 11 12 -14 -15
leaf_value=0.00055798437902826437 -0.0011879912563854305 -0.0016363873073068037 0.00010053647612414139 0.00074694078093251362 -0.0011210626615759205 0.00095125482663279413 -5.7221900479977636e-07 0.0009903412203262137 0.0011647247361926069 -0.0017649296285449775 5.6953188845488138e-05 0.0017404970440030513 -6.7455092204909314e-05 -0.0010804054414620624
leaf_weight=36 38 34 66 50 32 48 66 42 36 36 408 34 68 62
leaf_count=36 38 34 66 50 32 48 66 42 36 36 408 34 68 62
internal_value=2.61535e-06 -1.80395e-05 -0.000510524 3.64827e-05 -5.96769e-06 3.91813e-05 -1.8498e-05 4.35931e-05 -1.50362e-05 -0.000645252 9.24597e-05 2.11514e-05 0.000557077 -9.70236e-05
internal_weight=1056 1020 100 920 870 838 790 752 710 102 608 572 102 470
internal_count=1056 1020 100 920 870 838 790 752 710 102 608 572 102 470
is_linear=0
shrinkage=0.035


Tree=179
num_leaves=15
num_cat=0
split_feature=5 9 6 6 0 6 6 6 6 0 3 6 2 6
split_gain=0.0100698 0.0121605 0.0804351 0.0724493 0.0635635 0.0366943 0.0441478 0.0542537 0.104129 0.0521311 0.0744175 0.0326529 0.126359 0.0832862
threshold=9.9445691596651216 16.500000000000004 33.524414062500036 32.800000000000047 6.6526281738281261 -7.3203320312499605 -1.6712011718749691 4.3836230468750452 19.622485351562549 2.2821997070312503 2.9005383300781253 23.050061035156293 6.371025161694658 21.491802978515668
decision_type=2 2 2 2 2 2 2 2 2 2 2 2 2 2
left_child=1 2 4 11 5 -1 -7 -8 -9 -10 -11 13 -13 -3
right_child=-2 3 -4 -5 -6 6 7 8 9 10 -12 12 -14 -15
leaf_value=-0.00091687140280555474 -0.00050400208848852502 3.5821840123434214e-05 0.0018628316722606544 -0.0014716142158916531 -0.001248639380792156 0.0014111971851598357 -0.00075906013324856766 0.0018478662969816169 -0.0011176427528553179 0.0014751487859757618 -0.00054577271774178379 -0.00028401501619430521 0.0017648493582061652 -0.0015667785866588185
leaf_weight=30 44 408 30 40 40 38 58 46 38 40 46 100 56 42
leaf_count=30 44 408 30 40 40 38 58 46 38 40 46 100 56 42
internal_value=2.48745e-06 2.54594e-05 0.000186096 -6.58447e-05 2.62502e-05 0.000205756 0.000338266 0.000148728 0.000463669 -7.10044e-05 0.000406354 3.1481e-05 0.000464505 -0.000120025
internal_weight=1056 1012 366 646 336 296 266 228 170 124 86 606 156 450
internal_count=1056 1012 366 646 336 296 266 228 170 124 86 606 156 450
is_linear=0
shrinkage=0.035


Tree=180
num_leaves=15
num_cat=0
split_feature=5 5 5 6 0 14 14 12 14 12 14 12 4 14
split_gain=0.0101241 0.0425087 0.0284763 0.023729 0.0176418 0.0143983 0.0660667 0.0924068 0.0478856 0.0850572 0.066219 0.0919469 0.0821229 0.128432
threshold=2.3146569184999031 1.9598571922080108 2.6876273534776476 20.166278076171924 0.061181640625000012 251.50000000000003 244.50000000000003 13.500000000000002 231.50000000000003 8.5000000000000018 224.50000000000003 8.5000000000000018 1.288616943359375 223.50000000000003
decision_type=2 2 2 2 2 2 2 2 2 2 2 2 2 2
left_child=1 3 -2 4 -1 6 8 -8 10 -10 12 -12 13 -4
right_child=2 -3 5 -5 -6 -7 7 -9 9 -11 11 -13 -14 -15
leaf_value=-0.00012101393881797172 -0.00085634423870360483 0.0012161603181933365 -1.7416954445300355e-05 -0.00057926800715116169 0.00097627689447108432 -0.00033538400801780185 -0.00011461257458785956 0.0022048195188399404 -0.0019589085479189334 2.2395133226480641e-05 0.0022513276122902567 -0.00027943691238760951 0.0014873560146722747 -0.0021520978752768748
leaf_weight=40 48 40 378 58 30 128 44 38 40 72 36 32 36 36
leaf_count=40 48 40 378 58 30 128 44 38 40 72 36 32 36 36
internal_value=2.39928e-06 0.000249888 -4.48792e-05 -6.6137e-05 0.000363309 3.41416e-06 6.50905e-05 0.00098715 -5.76677e-05 -0.000707166 8.49442e-05 0.00108642 -7.05279e-05 -0.000212496
internal_weight=1056 168 888 128 70 840 712 82 630 112 518 68 450 414
internal_count=1056 168 888 128 70 840 712 82 630 112 518 68 450 414
is_linear=0
shrinkage=0.035


Tree=181
num_leaves=15
num_cat=0
split_feature=5 4 4 9 6 6 6 14 5 0 4 0 1 1
split_gain=0.0100142 0.0120604 0.0353637 0.026133 0.0676178 0.0582095 0.0519891 0.0751358 0.0648597 0.0382601 0.0356953 0.0403957 0.0334954 0.0873663
threshold=9.9445691596651216 2.1786743164062505 1.6667358398437502 16.500000000000004 33.524414062500036 32.800000000000047 25.956591796875049 23.500000000000004 4.4778790173890473 0.2591369628906251 0.97827575683593759 6.483342285156251 -4.900080566406249 -4.4371728515624982
decision_type=2 2 2 2 2 2 2 2 2 2 2 2 2 2
left_child=1 2 3 4 6 10 7 8 -1 -9 11 12 -5 -14
right_child=-2 -3 -4 5 -6 -7 -8 9 -10 -11 -12 -13 13 -15
leaf_value=0.00061424345639269728 -0.0005026580109362208 -0.00040497019692682792 0.00088129385773208935 0.00070484124983750019 0.0017925566988560605 -0.0013862305435274418 -0.00088263076380826536 0.0016645803754217925 -0.0011994811936865855 0.00036615642102654368 -0.001100165022782878 0.0012058278486160015 -0.0019127093653514751 -1.1039652227838008e-05
leaf_weight=42 44 72 58 62 30 40 52 48 52 66 34 32 30 394
leaf_count=42 44 72 58 62 30 40 52 48 52 66 34 32 30 394
internal_value=2.43069e-06 2.53392e-05 5.90889e-05 3.14943e-06 0.000274254 -0.000130131 8.67188e-05 0.000335154 -0.00039318 0.000932135 -3.44339e-05 3.948e-05 -4.19438e-05 -0.00015394
internal_weight=1056 1012 940 882 290 592 260 208 94 114 552 518 486 424
internal_count=1056 1012 940 882 290 592 260 208 94 114 552 518 486 424
is_linear=0
shrinkage=0.035


Tree=182
num_leaves=15
num_cat=0
split_feature=0 1 12 0 4 1 4 3 9 0 9 12 3 5
split_gain=0.00986443 0.0454388 0.0800254 0.0336376 0.0305188 0.028571 0.0672854 0.0369671 0.0599264 0.0729021 0.0539809 0.0333942 0.0648995 0.0271484
threshold=7.404912109375001 1.3718017578125001 14.500000000000002 6.2138659667968765 2.3514611816406252 1.0000000180025095e-35 -0.43477416992187484 2.9722497558593752 13.500000000000002 3.0933276367187506 38.500000000000007 19.500000000000004 -4.7261535644531234 1.5620555281346269
decision_type=2 2 2 2 2 2 2 2 2 2 2 2 2 2
left_child=3 2 -2 5 -3 6 11 8 9 -7 13 -1 -13 -10
right_child=1 4 -4 -5 -6 7 -8 -9 10 -11 -12 12 -14 -15
leaf_value=0.00010120007899150887 -0.0019237906016060151 0.0012464582346729005 0.0001076823629361267 0.00086234996960385998 -0.00029172160318921672 -0.00036122310897917489 0.0011314815056094731 -0.0010717170964029115 2.0433055760804566e-06 0.001791107149635393 0.00071284408378072424 0.0004159315700834508 -0.0017023094293759451 -0.0012367420763266873
leaf_weight=436 38 30 58 56 30 38 70 58 30 36 32 32 36 76
leaf_count=436 38 30 58 56 30 38 70 58 30 36 32 32 36 76
internal_value=2.33434e-06 -0.000252779 -0.000719293 4.70165e-05 0.000492767 -8.99227e-06 0.000130636 -0.000304609 -8.66853e-05 0.000705436 -0.000515456 -1.22934e-05 -0.000722087 -0.000892597
internal_weight=1056 156 96 900 60 844 574 270 212 74 138 504 68 106
internal_count=1056 156 96 900 60 844 574 270 212 74 138 504 68 106
is_linear=0
shrinkage=0.035


Tree=183
num_leaves=15
num_cat=0
split_feature=3 5 2 3 3 5 14 2 2 1 4 1 14 0
split_gain=0.00958615 0.0211964 0.0512778 0.0216235 0.0355165 0.0322585 0.0419248 0.0293952 0.0351311 0.0213645 0.0269522 0.0380117 0.135524 0.032924
threshold=-8.1217163085937489 8.3509648833353811 12.052443751424244 6.104230957031251 5.1253540039062502 7.4628794951405917 6.5000000000000009 10.146801411221455 9.6702697208257629 -3.9284194946289062 -1.4609680175781248 -0.60249633789062484 220.50000000000003 6.1866674804687509
decision_type=2 2 2 2 2 2 2 2 2 2 2 2 2 2
left_child=-1 3 -3 4 5 6 -2 8 9 -8 -11 12 -12 -13
right_child=1 2 -4 -5 -6 -7 7 -9 -10 10 11 13 -14 -15
leaf_value=0.00054808111291525783 -0.0011202762689645172 -0.00155946111308165 8.0414610022083201e-05 0.00072824366434360861 -0.0011154612129800679 0.00090056540464329379 0.00081387161936921388 0.00092037120345842352 -0.00099385862665561349 -0.00058532614930300057 -0.00038003408338066523 -0.0002055404776106192 0.0020263424011878672 0.00057990580344630886
leaf_weight=36 38 34 66 50 32 48 40 42 40 82 66 356 48 78
leaf_count=36 38 34 66 50 32 48 40 42 40 82 66 356 48 78
internal_value=2.23832e-06 -1.80616e-05 -0.000496788 3.49387e-05 -6.48533e-06 3.84172e-05 -1.61083e-05 4.2511e-05 -1.18583e-05 4.95521e-05 -1.39813e-06 8.77887e-05 0.000650645 -6.23647e-05
internal_weight=1056 1020 100 920 870 838 790 752 710 670 630 548 114 434
internal_count=1056 1020 100 920 870 838 790 752 710 670 630 548 114 434
is_linear=0
shrinkage=0.035


Tree=184
num_leaves=15
num_cat=0
split_feature=0 0 0 5 1 4 2 4 9 12 3 9 4 5
split_gain=0.00981138 0.0417422 0.0392277 0.0368208 0.0254804 0.0630629 0.0354438 0.0610553 0.0364215 0.0303173 0.0602425 0.0236736 0.0638562 0.071159
threshold=7.0042211914062511 6.2138659667968765 7.8823730468750002 7.5424476286332256 1.0000000180025095e-35 -0.43477416992187484 5.3359762529413128 0.60371948242187512 13.500000000000002 19.500000000000004 -4.7261535644531234 18.500000000000004 -2.3804833984374998 3.6064620874712814
decision_type=2 2 2 2 2 2 2 2 2 2 2 2 2 2
left_child=1 4 -2 -4 5 9 7 -6 -9 11 -11 12 -1 -14
right_child=2 -3 3 -5 6 -7 -8 8 -10 10 -12 -13 13 -15
leaf_value=-0.00039037810831946595 -0.0013047909605152469 0.0010754591491296079 0.00062473165700353231 -0.00051236162714131579 -0.0007619388979138523 0.0010935851389432276 -0.001021764528582759 0.0011905269694428 -3.9955974694538994e-05 0.00040615054655491437 -0.0016344680466327671 -8.3269009022073404e-05 -6.9056792999617765e-06 0.0020603566289487804
leaf_weight=60 32 44 64 72 88 70 60 46 76 32 36 296 38 42
leaf_count=60 32 44 64 72 88 70 60 46 76 32 36 296 38 42
internal_value=2.20218e-06 4.87363e-05 -0.000241443 2.40401e-05 -7.2055e-06 0.000124652 -0.000286379 -6.86121e-05 0.000435716 -1.37131e-05 -0.00069001 9.44335e-05 0.000466028 0.00110219
internal_weight=1056 888 168 136 844 574 270 210 122 504 68 436 140 80
internal_count=1056 888 168 136 844 574 270 210 122 504 68 436 140 80
is_linear=0
shrinkage=0.035


Tree=185
num_leaves=15
num_cat=0
split_feature=4 4 6 12 1 14 3 0 3 2 0 6 12 6
split_gain=0.00954353 0.0401624 0.0337636 0.0225357 0.0318739 0.0486892 0.031614 0.104762 0.0495495 0.0531636 0.0223275 0.0230644 0.0301866 0.0331779
threshold=2.1786743164062505 1.7839965820312502 19.968591308593805 21.500000000000004 0.78097900390624997 230.50000000000003 4.7901159667968765 4.8884436035156265 6.104230957031251 10.187589135084197 3.7544836425781249 29.506176757812543 19.500000000000004 19.622485351562549
decision_type=2 2 2 2 2 2 2 2 2 2 2 2 2 2
left_child=1 3 -2 4 6 -6 7 10 -8 -10 11 12 13 -1
right_child=2 -3 -4 -5 5 -7 8 -9 9 -11 -12 -13 -14 -15
leaf_value=0.00021129768171198926 0.00046080127436046799 0.0010421552957774586 -0.00096148986402113236 0.00061674747823417422 0.00013376370381467561 -0.0012968776026585451 -0.001343882767064497 0.0016894415403104785 0.00095861550711561004 -0.00092408735293086951 -0.00085551410156767824 0.00085359114129096277 -0.00096848345825779512 -0.00047940858584744013
leaf_weight=376 34 44 46 62 56 58 48 46 38 32 34 38 36 108
leaf_count=376 34 44 46 62 56 58 48 46 38 32 34 38 36 108
internal_value=2.17108e-06 3.25764e-05 -0.00036052 -1.72157e-05 -6.37056e-05 -0.000603917 1.91333e-05 0.000116831 -0.000502237 9.61896e-05 -1.06425e-05 4.37087e-05 -1.85188e-05 5.58345e-05
internal_weight=1056 976 80 932 870 114 756 638 118 70 592 558 520 484
internal_count=1056 976 80 932 870 114 756 638 118 70 592 558 520 484
is_linear=0
shrinkage=0.035


Tree=186
num_leaves=15
num_cat=0
split_feature=5 5 5 0 6 14 14 12 14 12 14 9 4 14
split_gain=0.0095061 0.0383737 0.0260307 0.0246946 0.0215269 0.0124103 0.061791 0.0829842 0.0447006 0.0766208 0.0601993 0.0879342 0.0724322 0.114478
threshold=2.3146569184999031 2.0022750472147268 2.6876273534776476 1.1423962402343752 17.143444824218793 251.50000000000003 244.50000000000003 13.500000000000002 231.50000000000003 8.5000000000000018 224.50000000000003 20.500000000000004 1.288616943359375 223.50000000000003
decision_type=2 2 2 2 2 2 2 2 2 2 2 2 2 2
left_child=1 3 -2 4 -1 6 8 -8 10 -10 12 -12 13 -4
right_child=2 -3 5 -5 -6 -7 7 -9 9 -11 11 -13 -14 -15
leaf_value=0.00020662071350125189 -0.00081961208988504954 0.00129356195753002 -1.8602017955058012e-05 0.0005488510322174989 -0.00091013558745465205 -0.00031213771662665893 -9.3349794434565729e-05 0.0021052722579333934 -0.0018746065985760655 6.2807918368127659e-06 -0.00030059342710849125 0.0021730084037469505 0.0013936289431723326 -0.0020340012214422275
leaf_weight=38 48 32 378 54 44 128 44 38 40 72 32 36 36 36
leaf_count=38 48 32 378 54 44 128 44 38 40 72 32 36 36 36
internal_value=2.03798e-06 0.000241855 -4.37744e-05 -2.07663e-05 -0.000400017 2.40075e-06 5.96629e-05 0.00095139 -5.90466e-05 -0.000686568 7.87524e-05 0.00103363 -6.94755e-05 -0.00020279
internal_weight=1056 168 888 136 82 840 712 82 630 112 518 68 450 414
internal_count=1056 168 888 136 82 840 712 82 630 112 518 68 450 414
is_linear=0
shrinkage=0.035


Tree=187
num_leaves=15
num_cat=0
split_feature=5 14 12 3 14 3 12 12 12 6 3 12 4 2
split_gain=0.00966098 0.0120525 0.0698734 0.0389087 0.0531106 0.0351031 0.0541562 0.0477026 0.0265359 0.0434284 0.0705018 0.039342 0.065699 0.0584105
threshold=9.9445691596651216 244.50000000000003 2.5000000000000004 4.9468554687500008 223.50000000000003 2.8523632812500006 17.500000000000004 6.5000000000000009 3.5000000000000004 -0.48882812499999767 2.3647595214843755 7.5000000000000009 -2.2836798095703119 6.5287000521205965
decision_type=2 2 2 2 2 2 2 2 2 2 2 2 2 2
left_child=1 3 -3 8 -5 7 -7 -4 9 -1 -11 12 -10 -14
right_child=-2 2 5 4 -6 6 -8 -9 11 10 -12 -13 13 -15
leaf_value=-0.00031857219928642741 -0.00049404320651260411 -0.001139610288419614 0.0010917682433500887 0.00014950384425710102 -0.0017188644392023746 0.00034396640410705009 0.0021771236479253275 -0.00038277932678039823 -0.0018245055876966372 0.0020345275646541272 -6.7251139589643579e-05 9.0725194250780225e-05 -0.00074184073761474187 0.0010741222963449272
leaf_weight=48 44 36 38 36 36 54 30 80 36 38 38 452 58 32
leaf_count=48 44 36 38 36 36 54 30 80 36 38 38 452 58 32
internal_value=2.05691e-06 2.45584e-05 0.000241282 -4.25329e-05 -0.000805888 0.000496142 0.00103407 0.000102357 3.7827e-05 0.000498115 0.00100886 -6.2297e-05 -0.000604074 -8.68509e-05
internal_weight=1056 1012 238 774 72 202 84 118 702 124 76 578 126 90
internal_count=1056 1012 238 774 72 202 84 118 702 124 76 578 126 90
is_linear=0
shrinkage=0.035


Tree=188
num_leaves=15
num_cat=0
split_feature=0 0 9 6 1 4 2 4 9 12 3 1 9 4
split_gain=0.00937682 0.0382165 0.0370963 0.0456613 0.023931 0.0595709 0.033898 0.057227 0.0312603 0.0278541 0.0567478 0.0230778 0.0207953 0.058806
threshold=7.0042211914062511 6.2138659667968765 27.500000000000004 19.804882812500043 1.0000000180025095e-35 -0.43477416992187484 5.3359762529413128 0.60371948242187512 13.500000000000002 19.500000000000004 -4.7261535644531234 -0.19066894531249992 18.500000000000004 -2.3804833984374998
decision_type=2 2 2 2 2 2 2 2 2 2 2 2 2 2
left_child=1 4 11 -4 5 9 7 -6 -9 12 -11 -2 13 -1
right_child=2 -3 3 -5 6 -7 -8 8 -10 10 -12 -13 -14 -15
leaf_value=-0.0003824598210743599 -0.00015947268300806175 0.0010299010232657842 -0.00073028164814642992 0.00082164235447999107 -0.00073491914809953123 0.0010634732892261431 -0.00099575129985403766 0.0011238416847451542 -1.6630668769954727e-05 0.00040250578374766252 -0.0015777215288835579 -0.0013909841441200116 -7.5637547384184591e-05 0.0010497319636718803
leaf_weight=60 36 44 36 58 88 70 60 46 76 32 36 38 296 80
leaf_count=60 36 44 36 58 88 70 60 46 76 32 36 38 296 80
internal_value=2.00306e-06 4.74952e-05 -0.000236185 0.000224457 -6.03394e-06 0.000121749 -0.000276589 -6.36581e-05 0.000424574 -1.27326e-05 -0.000660975 -0.000811833 9.09259e-05 0.000439194
internal_weight=1056 888 168 94 844 574 270 210 122 504 68 74 436 140
internal_count=1056 888 168 94 844 574 270 210 122 504 68 74 436 140
is_linear=0
shrinkage=0.035


Tree=189
num_leaves=15
num_cat=0
split_feature=3 3 2 3 14 1 4 4 1 4 14 14 9 3
split_gain=0.00920628 0.0185955 0.0369422 0.0314771 0.0234055 0.0297308 0.061121 0.0602466 0.058727 0.0444876 0.03504 0.0945198 0.0781984 0.0771696
threshold=-8.1217163085937489 -6.8683569335937493 12.082513461815015 -6.2088854980468744 6.5000000000000009 -4.6527844238281242 -2.0668432617187498 -1.7538073730468746 -5.0580603027343747 -2.5959179687499998 220.50000000000003 227.50000000000003 32.500000000000007 -1.7338720703124999
decision_type=2 2 2 2 2 2 2 2 2 2 2 2 2 2
left_child=-1 2 -2 -3 -5 8 9 -8 -6 -7 -9 12 -12 -13
right_child=1 3 -4 4 5 6 7 10 -10 -11 11 13 -14 -15
leaf_value=0.00053681418894005852 -0.0013145391330793869 0.0010693824145988295 0.00023886656855833473 -0.00086559385911402244 -0.00032570959834725063 -0.00016225078991785843 0.0014919431943802494 -0.00035827206531544373 0.0016077808233276303 -0.0019375764910706922 0.00039021179738358181 0.0015139352116966623 0.0025766144778754099 -0.00023273701930866085
leaf_weight=36 36 32 36 36 36 36 32 240 38 32 56 32 30 348
leaf_count=36 36 32 36 36 36 36 32 240 38 32 56 32 30 348
internal_value=1.89506e-06 -1.7998e-05 -0.000552372 2.36648e-05 -1.5117e-05 2.15591e-05 -4.07415e-05 5.28703e-05 0.000683346 -0.00102919 -1.63871e-05 0.00016047 0.00119414 -7.84926e-05
internal_weight=1056 1020 72 948 916 880 806 738 74 68 706 466 86 380
internal_count=1056 1020 72 948 916 880 806 738 74 68 706 466 86 380
is_linear=0
shrinkage=0.035


Tree=190
num_leaves=15
num_cat=0
split_feature=5 14 12 3 14 3 12 14 12 12 6 3 12 4
split_gain=0.00906719 0.0123988 0.0654561 0.0367466 0.05086 0.0334355 0.0501627 0.045831 0.0527783 0.023665 0.0390405 0.0648348 0.0374739 0.0610885
threshold=9.9445691596651216 244.50000000000003 2.5000000000000004 4.9468554687500008 223.50000000000003 2.8523632812500006 17.500000000000004 252.50000000000003 9.5000000000000018 3.5000000000000004 -0.48882812499999767 2.3647595214843755 7.5000000000000009 -2.2836798095703119
decision_type=2 2 2 2 2 2 2 2 2 2 2 2 2 2
left_child=1 3 -3 9 -5 7 -7 -4 -9 10 -1 -12 13 -11
right_child=-2 2 5 4 -6 6 -8 8 -10 12 11 -13 -14 -15
leaf_value=-0.00030557712737354451 -0.00047850430221803005 -0.0010929726076459416 -0.00076797076303552364 0.00014882466988638045 -0.0016794123845542536 0.00035030758190259805 0.0021156832735141507 0.0014637783080252121 -0.00037346178067511782 -0.00176619083326506 0.001936529301456176 -7.8332155666430492e-05 8.8761168374246131e-05 -9.0440683926989676e-05
leaf_weight=48 44 36 44 36 36 54 30 40 34 36 38 38 452 90
leaf_count=48 44 36 44 36 36 54 30 40 34 36 38 38 452 90
internal_value=2.10852e-06 2.39073e-05 0.000243723 -4.41386e-05 -0.000785977 0.000490326 0.00101534 0.000105895 0.000632027 3.39642e-05 0.000468643 0.000952922 -6.05831e-05 -0.000589342
internal_weight=1056 1012 238 774 72 202 84 118 74 702 124 76 578 126
internal_count=1056 1012 238 774 72 202 84 118 74 702 124 76 578 126
is_linear=0
shrinkage=0.035


Tree=191
num_leaves=15
num_cat=0
split_feature=3 5 2 3 3 5 14 3 2 4 4 1 6 2
split_gain=0.00888062 0.0175556 0.0227858 0.0168388 0.0365424 0.0213814 0.0375737 0.0363386 0.0259639 0.030945 0.0540994 0.0352897 0.0221749 0.0626101
threshold=-8.1217163085937489 8.8006846038745064 13.083143540028486 6.104230957031251 5.1969824218750009 7.4628794951405917 6.5000000000000009 -6.9397595214843744 10.146801411221455 -1.9468054199218747 -2.4915612792968744 -2.8989123535156245 26.74694824218756 3.3524865355979414
decision_type=2 2 2 2 2 2 2 2 2 2 2 2 2 2
left_child=-1 3 -3 4 5 6 -2 -7 9 10 -8 -11 -13 -14
right_child=1 2 -4 -5 -6 7 8 -9 -10 11 -12 12 13 -15
leaf_value=0.00052737248650948083 -0.0010710825312999078 -0.0012023665102862972 5.8022180210651937e-05 0.00058935851050773646 -0.0011777579187764787 -9.4517164009933676e-05 2.5483958169763143e-05 0.0014834798051742838 0.00085475530572611306 0.0011064762701770586 -0.0016315037165278276 -9.8298836483544147e-05 -0.00053824275160086876 0.0011591360879720015
leaf_weight=36 38 32 36 58 30 40 66 30 42 36 36 470 44 62
leaf_count=36 38 32 36 58 30 40 66 30 42 36 36 470 44 62
internal_value=1.99973e-06 -1.75386e-05 -0.000552509 2.17518e-05 -1.63062e-05 2.66489e-05 -2.56579e-05 0.000604189 2.95773e-05 -2.12146e-05 -0.000579464 7.34114e-05 5.23961e-06 0.000457644
internal_weight=1056 1020 68 952 894 864 794 70 756 714 102 612 576 106
internal_count=1056 1020 68 952 894 864 794 70 756 714 102 612 576 106
is_linear=0
shrinkage=0.035


Tree=192
num_leaves=15
num_cat=0
split_feature=5 5 2 9 2 2 2 3 2 5 3 5 12 1
split_gain=0.00880222 0.0341423 0.0242286 0.0233003 0.0194736 0.0290338 0.0262324 0.0776011 0.0361508 0.0368084 0.0921317 0.0317808 0.0222639 0.0273191
threshold=2.3146569184999031 2.0022750472147268 3.4975490524471247 28.500000000000004 3.9605260582974107 4.4146601584948773 5.3359762529413128 2.8708850097656251 5.7271288174225363 4.471312615556819 3.3844689941406254 4.9459184328880861 21.500000000000004 1.2905688476562502
decision_type=2 2 2 2 2 2 2 2 2 2 2 2 2 2
left_child=1 3 -2 -1 -4 -6 7 -7 -8 10 -10 -11 13 -13
right_child=2 -3 4 -5 5 6 8 -9 9 11 -12 12 -14 -15
leaf_value=0.00035380234830275492 -0.00064856737964578927 0.0012247207451283055 0.00069680551362883618 -0.00056788288042298519 -0.0010002698657465064 0.0016913571852783208 -0.00099853773993305848 -0.00055799661933431512 -0.00019290291055548207 -0.00082379038829458304 0.0021107222035746365 -0.00014785543566231356 0.00089898499179980724 0.00077106673923977231
leaf_weight=82 72 32 46 54 34 38 44 34 56 62 32 398 30 42
leaf_count=82 72 32 46 54 34 38 44 34 56 62 32 398 30 42
internal_value=1.92909e-06 0.000232697 -4.21545e-05 -1.50873e-05 1.28075e-05 -2.97541e-05 1.76688e-05 0.000642789 -5.18421e-05 1.83374e-05 0.000673069 -9.20792e-05 7.52602e-06 -5.7048e-05
internal_weight=1056 168 888 136 816 770 736 72 664 620 88 532 470 440
internal_count=1056 168 888 136 816 770 736 72 664 620 88 532 470 440
is_linear=0
shrinkage=0.035


Tree=193
num_leaves=15
num_cat=0
split_feature=0 0 0 4 4 9 0 6 12 0 6 1 2 12
split_gain=0.00919362 0.0385675 0.0347489 0.0326676 0.0357145 0.018197 0.0406029 0.0500322 0.0423515 0.0542755 0.0410698 0.0755413 0.0448288 0.0330767
threshold=7.0042211914062511 7.8823730468750002 6.3736755371093761 0.071798706054687467 2.1786743164062505 8.5000000000000018 3.8202893066406252 26.633569335937555 5.5000000000000009 -8.8114990234374968 -0.48882812499999767 -0.28112792968749994 3.2946706327259618 7.5000000000000009
decision_type=2 2 2 2 2 2 2 2 2 2 2 2 2 2
left_child=2 -2 5 -3 -5 -1 7 8 9 -7 -11 -12 -13 -10
right_child=1 3 -4 4 -6 6 -8 -9 13 10 11 12 -14 -15
leaf_value=0.00037495608269155669 -0.0012881709735922734 -0.00073534960352686623 0.0011444333963856266 0.00094296660212797904 -0.00044248998728825865 -0.00059862315463833518 -0.00061631009283253182 0.0010740740272578682 -0.0009118330547981283 -0.00020811349571158645 0.002411002057940803 -0.00057232611252402423 0.0012847085198882269 -8.8964447044977883e-05
leaf_weight=134 32 44 32 56 36 48 132 52 74 38 34 30 30 284
leaf_count=134 32 44 32 56 36 48 132 52 74 38 34 30 30 284
internal_value=2.04747e-06 -0.000233803 4.70929e-05 2.93577e-05 0.000402952 3.49877e-06 -6.62874e-05 5.84349e-05 -4.33454e-05 0.000391959 0.00075573 0.00114159 0.000367681 -0.000263175
internal_weight=1056 168 888 136 92 856 722 590 538 180 132 94 60 358
internal_count=1056 168 888 136 92 856 722 590 538 180 132 94 60 358
is_linear=0
shrinkage=0.035


Tree=194
num_leaves=15
num_cat=0
split_feature=5 2 4 3 3 3 3 4 1 6 6 2 4 6
split_gain=0.00864873 0.0121446 0.0298384 0.0332197 0.018228 0.0486059 0.0320214 0.01763 0.0519615 0.0480667 0.03751 0.0486047 0.0462789 0.0215201
threshold=9.9445691596651216 12.392525841660268 -4.108149414062499 -7.3626525878906239 6.104230957031251 7.5094482421875002 5.1253540039062502 -1.9468054199218747 -2.8989123535156245 6.9108593750000304 -0.48882812499999767 10.421012812143227 -2.9290539550781243 26.74694824218756
decision_type=2 2 2 2 2 2 2 2 2 2 2 2 2 2
left_child=1 2 -1 -4 6 -6 7 9 -9 10 11 -5 -12 -10
right_child=-2 -3 3 4 5 -7 -8 8 13 -11 12 -13 -14 -15
leaf_value=-0.00096550537980970394 -0.00046729859177266131 0.00055523861739784476 0.0011432160139156623 -0.0012366744095459582 0.0015367471533681966 -0.00034740227293999246 -0.00113435439998284 0.0013028273263480516 -9.9396286840313351e-05 -0.0015407705895995607 0.0012892771201829115 0.00051928919387137288 -0.00048616511903446739 0.00045100550485757305
leaf_weight=36 44 48 30 48 30 34 30 38 484 30 40 30 30 104
leaf_count=36 44 48 30 48 30 34 30 38 484 30 40 30 30 104
internal_value=2.09291e-06 2.33827e-05 -4.19451e-06 3.50939e-05 -4.384e-06 0.000555597 -4.85826e-05 -5.35445e-06 8.21864e-05 -0.000310715 -4.41607e-05 -0.000565206 0.000536005 -8.47478e-07
internal_weight=1056 1012 964 928 898 64 834 804 626 178 148 78 70 588
internal_count=1056 1012 964 928 898 64 834 804 626 178 148 78 70 588
is_linear=0
shrinkage=0.035


Tree=195
num_leaves=15
num_cat=0
split_feature=4 4 6 12 1 3 0 6 1 2 0 12 12 1
split_gain=0.00867949 0.0355171 0.0309363 0.0195924 0.0292571 0.0305021 0.0823697 0.0450534 0.0714736 0.0413264 0.0233794 0.0218162 0.0456515 0.0354367
threshold=2.1786743164062505 1.7839965820312502 19.968591308593805 21.500000000000004 1.1561633300781253 4.7901159667968765 4.8884436035156265 28.489849853515668 -1.3706701660156246 5.7483507667214324 3.7544836425781249 1.5000000000000002 3.5000000000000004 -4.467105712890624
decision_type=2 2 2 2 2 2 2 2 2 2 2 2 2 2
left_child=1 3 -2 4 5 6 10 -7 -9 -8 11 -1 -13 -14
right_child=2 -3 -4 -5 -6 7 9 8 -10 -11 -12 12 13 -15
leaf_value=-0.00073407087736995899 0.00044230475174521824 0.00098044975878387383 -0.00091910365826834099 0.00057533929524652202 -0.00070595087883516393 -0.0013996712657965624 0.00035356824547307043 -0.0013065196276147617 0.00079582528334273014 0.0021900779152929321 -0.00080322925824888953 0.0011011934370850215 -0.00053758937045655583 0.00015943610417361529
leaf_weight=40 34 44 46 62 76 42 30 30 50 30 42 48 116 366
leaf_count=40 34 44 46 62 76 42 30 30 50 30 42 48 116 366
internal_value=2.05407e-06 3.10503e-05 -0.000343829 -1.57746e-05 -5.91229e-05 4.40826e-06 9.7211e-05 -0.000500091 -5.19163e-06 0.00131285 -2.58574e-05 3.40308e-05 9.45425e-05 -9.84103e-06
internal_weight=1056 976 80 932 870 794 672 122 80 60 612 570 530 482
internal_count=1056 976 80 932 870 794 672 122 80 60 612 570 530 482
is_linear=0
shrinkage=0.035


Tree=196
num_leaves=15
num_cat=0
split_feature=3 3 2 3 14 1 3 4 4 4 14 14 9 6
split_gain=0.0083807 0.0156358 0.0354909 0.0292652 0.0200652 0.0265552 0.0522629 0.0507492 0.0561635 0.0375294 0.0320549 0.0865627 0.0703465 0.0689899
threshold=-8.1217163085937489 -6.8683569335937493 12.082513461815015 -6.2088854980468744 6.5000000000000009 -4.6527844238281242 -4.9350329589843742 -2.0668432617187498 -1.7538073730468746 -2.5959179687499998 220.50000000000003 227.50000000000003 32.500000000000007 21.62699584960939
decision_type=2 2 2 2 2 2 2 2 2 2 2 2 2 2
left_child=-1 2 -2 -3 -5 6 -6 9 -9 -7 -10 12 -12 -13
right_child=1 3 -4 4 5 7 -8 8 10 -11 11 13 -14 -15
leaf_value=0.00051236586887266889 -0.0012543357582839427 0.0010295269502507034 0.00026703755790980437 -0.00080362381266049375 0.0016638501499512451 -0.00014570528105219924 -0.000174650740174746 0.0014336856321075604 -0.00034960318240096551 -0.001776072776547688 0.00037314092017838666 0.00038750317916613617 0.0024470361866406167 -0.00055083580444412899
leaf_weight=36 36 32 36 36 32 36 42 32 240 32 56 190 30 190
leaf_count=36 36 32 36 36 32 36 42 32 240 32 56 190 30 190
internal_value=1.99489e-06 -1.69856e-05 -0.000506991 2.1219e-05 -1.6172e-05 1.77912e-05 0.00064324 -4.10823e-05 4.42281e-05 -0.000941761 -2.26222e-05 0.000146554 0.00113577 -8.20939e-05
internal_weight=1056 1020 72 948 916 880 74 806 738 68 706 466 86 380
internal_count=1056 1020 72 948 916 880 74 806 738 68 706 466 86 380
is_linear=0
shrinkage=0.035


Tree=197
num_leaves=15
num_cat=0
split_feature=0 0 0 5 12 1 4 3 9 0 9 12 3 5
split_gain=0.00882251 0.0374931 0.0328009 0.0283389 0.0220505 0.0203282 0.0535742 0.0325405 0.047668 0.0664756 0.0497449 0.0257415 0.0508929 0.0255029
threshold=7.0042211914062511 7.8823730468750002 6.2138659667968765 7.5424476286332256 14.500000000000002 1.0000000180025095e-35 -0.43477416992187484 2.9722497558593752 13.500000000000002 3.0933276367187506 38.500000000000007 19.500000000000004 -4.7261535644531234 1.5620555281346269
decision_type=2 2 2 2 2 2 2 2 2 2 2 2 2 2
left_child=2 -2 5 -3 -5 6 11 8 9 -7 13 -1 -13 -10
right_child=1 3 -4 4 -6 7 -8 -9 10 -11 -12 12 -14 -15
leaf_value=8.6548120010584138e-05 -0.0012684938700198581 0.0005573875050653112 0.0009563945031297172 -0.0010614000200196948 0.00014090682321693748 -0.00036030807585484584 0.0010074925194314549 -0.00097234456890267528 6.8961259416937549e-05 0.0016944473319591979 0.00074588842080522552 0.00037133529665023913 -0.0015043352368535891 -0.0011274243299759783
leaf_weight=436 32 64 44 34 38 38 70 58 30 36 32 32 36 76
leaf_count=436 32 64 44 34 38 38 70 58 30 36 32 32 36 76
internal_value=2.12748e-06 -0.000228914 4.62542e-05 3.05322e-05 -0.000440191 -3.34271e-06 0.000114424 -0.000252706 -4.85769e-05 0.000657588 -0.00043123 -1.31053e-05 -0.000636276 -0.000793818
internal_weight=1056 168 888 136 72 844 574 270 212 74 138 504 68 106
internal_count=1056 168 888 136 72 844 574 270 212 74 138 504 68 106
is_linear=0
shrinkage=0.035


Tree=198
num_leaves=15
num_cat=0
split_feature=0 0 0 4 4 9 0 6 12 0 6 1 2 9
split_gain=0.00826209 0.0350496 0.030842 0.028034 0.0331275 0.018433 0.0375243 0.0453193 0.0386561 0.0522986 0.0377275 0.0659363 0.041182 0.0315767
threshold=7.0042211914062511 7.8823730468750002 6.3736755371093761 0.071798706054687467 2.1786743164062505 8.5000000000000018 3.8202893066406252 26.633569335937555 5.5000000000000009 -8.8114990234374968 -0.48882812499999767 -0.28112792968749994 3.2946706327259618 3.5000000000000004
decision_type=2 2 2 2 2 2 2 2 2 2 2 2 2 2
left_child=2 -2 5 -3 -5 13 7 8 9 -7 -11 -12 -13 -1
right_child=1 3 -4 4 -6 6 -8 -9 -10 10 11 12 -14 -15
leaf_value=-0.00012212060529162883 -0.0012267081819214475 -0.00067915341409388933 0.001078523664854241 0.00089556741853843492 -0.0004384551470866427 -0.00059975798372179274 -0.00059535372975738914 0.0010199369310619122 -0.00025356098233138866 -0.00019450307663646527 0.0022856280415241297 -0.00052692158540594395 0.0012535355539148442 0.00094338606663768598
leaf_weight=72 32 44 32 56 36 48 132 52 358 38 34 30 30 62
leaf_count=72 32 44 32 56 36 48 132 52 358 38 34 30 30 62
internal_value=2.00902e-06 -0.000221574 4.47113e-05 2.92794e-05 0.000375336 3.64016e-06 -6.65974e-05 5.33123e-05 -4.35476e-05 0.000372342 0.000729508 0.00109932 0.000375027 0.000377498
internal_weight=1056 168 888 136 92 856 722 590 538 180 132 94 60 134
internal_count=1056 168 888 136 92 856 722 590 538 180 132 94 60 134
is_linear=0
shrinkage=0.035


Tree=199
num_leaves=15
num_cat=0
split_feature=14 12 9 9 5 3 0 3 0 4 6 14 4 9
split_gain=0.00843442 0.0549475 0.0418556 0.0566987 0.0590485 0.0332189 0.0589636 0.0516085 0.0443983 0.0357038 0.0469563 0.040042 0.0324013 0.045623
threshold=244.50000000000003 2.5000000000000004 27.500000000000004 42.500000000000007 5.6713284405899751 3.8714263916015628 5.9278283691406264 2.9466650390625007 3.6700170898437503 0.071798706054687467 23.913159179687515 223.50000000000003 -0.45061889648437492 19.500000000000004
decision_type=2 2 2 2 2 2 2 2 2 2 2 2 2 2
left_child=5 -2 12 4 -4 6 7 8 -1 11 -11 -7 13 -3
right_child=1 2 3 -5 -6 9 -8 -9 -10 10 -12 -13 -14 -15
leaf_value=-3.3606034955817839e-06 -0.001060483202029565 0.001442344491078984 0.0022808480293800438 -0.00036617004858271687 0.00026644539575927949 -0.00012768034703185551 0.0015149955792003312 -0.00098400571237077872 0.0012351265402072674 -0.00079890519572654753 0.00097023841721238574 -0.0018283407638373321 -0.00059460501075205474 -0.00043534571356758535
leaf_weight=530 36 30 40 30 32 30 30 60 36 38 32 38 64 30
leaf_count=530 36 30 40 30 32 30 30 60 36 38 32 38 64 30
internal_value=2.12661e-06 0.000173557 0.000377708 0.000895551 0.00141696 -5.4735e-05 4.95721e-05 -2.5257e-05 7.94841e-05 -0.000544196 1.43319e-05 -0.00110313 -5.5714e-05 0.000519741
internal_weight=1056 262 226 102 72 794 656 626 566 138 70 68 124 60
internal_count=1056 262 226 102 72 794 656 626 566 138 70 68 124 60
is_linear=0
shrinkage=0.035


Tree=200
num_leaves=15
num_cat=0
split_feature=4 4 6 12 1 3 0 3 5 2 0 12 12 1
split_gain=0.00822017 0.0309526 0.029411 0.0188643 0.0269673 0.0274836 0.0780847 0.0442745 0.0453371 0.0347185 0.0204984 0.0206961 0.0407254 0.034963
threshold=2.1786743164062505 1.7839965820312502 19.968591308593805 21.500000000000004 1.1561633300781253 4.7901159667968765 4.8884436035156265 6.104230957031251 8.0457780530162513 5.7483507667214324 3.7544836425781249 1.5000000000000002 3.5000000000000004 -4.467105712890624
decision_type=2 2 2 2 2 2 2 2 2 2 2 2 2 2
left_child=1 3 -2 4 5 6 10 -7 -9 -8 11 -1 -13 -14
right_child=2 -3 -4 -5 -6 7 9 8 -10 -11 -12 12 13 -15
leaf_value=-0.00071864278831829641 0.00043202461854283082 0.00091666524701513891 -0.00089537939998384311 0.00056667582690351993 -0.00067688495980408516 -0.0012521038354092386 0.00039197645150125033 0.0010862171763005792 -0.00064541977084776262 0.0020818119550676784 -0.00075452119732455532 0.0010392009058850817 -0.00053438300115916633 0.00015796805961911008
leaf_weight=40 34 44 46 62 76 50 30 30 42 30 42 48 116 366
leaf_count=40 34 44 46 62 76 50 30 30 42 30 42 48 116 366
internal_value=2.15215e-06 3.03705e-05 -0.000334455 -1.33451e-05 -5.58848e-05 5.10738e-06 9.31964e-05 -0.000473782 8.59524e-05 0.00127679 -2.66235e-05 2.94617e-05 8.84118e-05 -1.01755e-05
internal_weight=1056 976 80 932 870 794 672 122 72 60 612 570 530 482
internal_count=1056 976 80 932 870 794 672 122 72 60 612 570 530 482
is_linear=0
shrinkage=0.035


Tree=201
num_leaves=15
num_cat=0
split_feature=3 3 2 3 14 0 6 3 14 14 9 6 9 0
split_gain=0.00804162 0.0137456 0.0338689 0.0279029 0.0189923 0.0252127 0.0193323 0.0402393 0.0254951 0.0289758 0.0446655 0.0899755 0.0844331 0.0700162
threshold=-8.1217163085937489 -6.8683569335937493 12.082513461815015 -6.2088854980468744 6.5000000000000009 -9.1272839355468722 -5.6933886718749696 -4.2976367187499989 26.500000000000004 220.50000000000003 4.5000000000000009 30.971118164062549 8.5000000000000018 3.5911218261718756
decision_type=2 2 2 2 2 2 2 2 2 2 2 2 2 2
left_child=-1 2 -2 -3 -5 -6 7 -7 -8 -10 13 12 -12 -11
right_child=1 3 -4 4 5 6 8 -9 9 10 11 -13 -14 -15
leaf_value=0.00050209521469169946 -0.0012061236484441908 0.0010039475159069032 0.00027942801027644524 -0.00078323058386319509 0.00098038150361389863 -0.0012323047232854626 0.00054124099525341876 0.00022348627152496195 -0.00049877913388413357 -0.00024272736161947252 -0.0015196050494662762 -0.0012622980495962113 0.00030332364742438638 0.0020963864933582956
leaf_weight=36 36 32 36 36 30 44 104 46 134 30 32 62 368 30
leaf_count=36 36 32 36 36 30 44 104 46 134 30 32 62 368 30
internal_value=2.1559e-06 -1.64371e-05 -0.000475871 1.9385e-05 -1.71225e-05 1.59233e-05 -2.03379e-05 -0.000499551 3.75732e-05 -4.3679e-05 7.46053e-05 -4.3586e-05 0.000150655 0.000956727
internal_weight=1056 1020 72 948 916 880 850 90 760 656 522 462 400 60
internal_count=1056 1020 72 948 916 880 850 90 760 656 522 462 400 60
is_linear=0
shrinkage=0.035


Tree=202
num_leaves=15
num_cat=0
split_feature=5 2 4 3 3 9 3 4 1 6 6 4 4 6
split_gain=0.00779423 0.0115366 0.0248858 0.0329478 0.0180042 0.0435767 0.02794 0.0165052 0.0484955 0.0411931 0.0313027 0.0458117 0.040906 0.020207
threshold=9.9445691596651216 12.392525841660268 -4.108149414062499 -7.3626525878906239 6.104230957031251 23.500000000000004 5.1253540039062502 -1.9468054199218747 -2.8989123535156245 6.9108593750000304 -0.48882812499999767 -2.6452575683593742 -2.9290539550781243 26.74694824218756
decision_type=2 2 2 2 2 2 2 2 2 2 2 2 2 2
left_child=1 2 -1 -4 6 -6 7 9 -9 10 11 -5 -12 -10
right_child=-2 -3 3 4 5 -7 -8 8 13 -11 12 -13 -14 -15
leaf_value=-0.00088255284537904356 -0.00044357395528451258 0.00054061050133896065 0.0011348218557395741 -0.0013746108208142686 0.0014231917018289954 -0.00035850372429469164 -0.0010662064470670885 0.0012523587519535796 -0.00010253903579963095 -0.0014457909361772182 0.0011789239446322124 0.00028866706260790426 -0.0004892242755931875 0.00043080759398641399
leaf_weight=36 44 48 30 38 32 32 30 38 484 30 40 40 30 104
leaf_count=36 44 48 30 38 32 32 30 38 484 30 40 40 30 104
internal_value=2.02655e-06 2.22372e-05 -4.63979e-06 3.12419e-05 -8.06592e-06 0.000548476 -5.19841e-05 -1.15882e-05 7.31305e-05 -0.000307034 -6.00052e-05 -0.000535755 0.000470273 -7.06503e-06
internal_weight=1056 1012 964 928 898 64 834 804 626 178 148 78 70 588
internal_count=1056 1012 964 928 898 64 834 804 626 178 148 78 70 588
is_linear=0
shrinkage=0.035


Tree=203
num_leaves=15
num_cat=0
split_feature=4 4 6 12 1 14 4 1 4 6 0 12 12 0
split_gain=0.00758216 0.0287584 0.0268427 0.0174679 0.0249467 0.0382218 0.0236486 0.0249657 0.0581 0.0288777 0.0225742 0.0363528 0.0329723 0.0308933
threshold=2.1786743164062505 1.7839965820312502 19.968591308593805 21.500000000000004 0.78097900390624997 230.50000000000003 0.3724841308593751 -0.068603515624999931 -0.24397949218749998 34.138171386718803 6.8726867675781262 19.500000000000004 17.500000000000004 3.7727233886718756
decision_type=2 2 2 2 2 2 2 2 2 2 2 2 2 2
left_child=1 3 -2 4 6 -6 7 8 9 10 11 12 13 -1
right_child=2 -3 -4 -5 5 -7 -8 -9 -10 -11 -12 -13 -14 -15
leaf_value=4.2328466427043072e-05 0.00041099816248687507 0.00088336643729670201 -0.00085716857685383732 0.00054506634467543346 0.00012156779624939222 -0.0011459079708438368 0.00077117003813327763 -0.00051122211290930862 0.0012260509097571533 -0.0010315254682320622 0.00092194633138888106 -0.0010774434626862211 0.00089752306053414953 -0.0010051738420856725
leaf_weight=372 34 44 46 62 56 58 46 110 46 32 30 36 48 36
leaf_count=372 34 44 46 62 56 58 46 110 46 32 30 36 48 36
internal_value=1.96133e-06 2.90626e-05 -0.000321319 -1.30745e-05 -5.4009e-05 -0.000531927 1.92714e-05 -3.14726e-05 5.78877e-05 -4.31691e-05 2.11256e-05 -3.73127e-05 4.91493e-05 -5.45506e-05
internal_weight=1056 976 80 932 870 114 756 710 600 554 522 492 456 408
internal_count=1056 976 80 932 870 114 756 710 600 554 522 492 456 408
is_linear=0
shrinkage=0.035


Tree=204
num_leaves=15
num_cat=0
split_feature=5 5 5 2 14 14 3 0 3 5 0 1 9 2
split_gain=0.00774805 0.0105055 0.0330717 0.0339403 0.0317047 0.0321843 0.0422028 0.0493469 0.0373588 0.0213164 0.0625594 0.0382766 0.0292091 0.0332314
threshold=9.9445691596651216 6.3104385568881289 6.006336267938468 9.7592692728541852 248.50000000000003 223.50000000000003 -6.0190417480468748 -10.322578124999998 6.5411779785156261 4.471312615556819 6.1866674804687509 -2.0487084960937496 16.500000000000004 7.5496758718408019
decision_type=2 2 2 2 2 2 2 2 2 2 2 2 2 2
left_child=1 2 3 9 5 6 7 -3 -7 10 11 -1 -11 -14
right_child=-2 4 -4 -5 -6 8 -8 -9 -10 12 -12 -13 13 -15
leaf_value=0.0011455700734222774 -0.00044237299652709425 0.00058722544145658269 -0.00099604339717188854 0.0011286141757227597 0.0010502492506803602 0.00026540671896327697 0.0011958088785784481 -0.0010350075508467854 -0.0014142287739977134 -0.0010383120842581979 0.0014903298897358281 -0.000107983027722666 -0.00072125761420466011 0.00034231230286402737
leaf_weight=30 44 52 40 30 44 30 44 38 32 52 34 440 58 88
leaf_count=30 44 52 40 30 44 30 44 38 32 52 34 440 58 88
internal_value=1.90536e-06 2.20562e-05 -4.09209e-05 1.38434e-05 0.000223297 2.89208e-05 0.000333214 -0.000105327 -0.000618606 -3.68673e-05 8.41534e-05 -2.34539e-05 -0.000342681 -8.42388e-05
internal_weight=1056 1012 772 732 240 196 134 90 62 702 504 470 198 146
internal_count=1056 1012 772 732 240 196 134 90 62 702 504 470 198 146
is_linear=0
shrinkage=0.035


Tree=205
num_leaves=15
num_cat=0
split_feature=5 5 5 5 12 4 9 6 12 6 0 4 9 3
split_gain=0.0077949 0.0308359 0.0230504 0.046854 0.0341882 0.0281967 0.0217825 0.0212133 0.0211083 0.0473108 0.121809 0.0283672 0.0278441 0.0382423
threshold=2.3146569184999031 1.9598571922080108 3.5467523187566203 3.9331703228826291 19.500000000000004 1.1337780761718752 13.500000000000002 20.166278076171924 7.5000000000000009 3.8278027343750414 8.1428344726562525 2.1786743164062505 31.500000000000004 -4.6786376953124993
decision_type=2 2 2 2 2 2 2 2 2 2 2 2 2 2
left_child=1 7 4 5 6 -4 -2 -1 9 -5 -11 12 -10 -14
right_child=2 -3 3 8 -6 -7 -8 -9 11 10 -12 -13 13 -15
leaf_value=0.00035568021683906817 0.00052345988468479611 0.0010420623654499651 0.0014845540242580078 0.00011500951434788511 -0.0012088781223839921 9.889686275581721e-05 -0.00038401028247079182 -0.00053548611089354386 1.6436073930867962e-05 -0.00222518766542304 0.00058323577585671219 -0.00088495594879906794 0.00010768069038426297 0.001596185713941749
leaf_weight=70 44 40 40 106 44 32 108 58 322 42 32 32 52 34
leaf_count=70 44 40 40 106 44 32 108 58 322 42 32 32 52 34
internal_value=1.93463e-06 0.000219097 -3.95501e-05 5.55775e-05 -0.000372578 0.000888024 -0.000117935 -5.01553e-05 -4.36382e-05 -0.000360754 -0.00102735 8.71363e-05 0.000167324 0.000719062
internal_weight=1056 168 888 692 196 72 152 128 620 180 74 440 408 86
internal_count=1056 168 888 692 196 72 152 128 620 180 74 440 408 86
is_linear=0
shrinkage=0.035


Tree=206
num_leaves=15
num_cat=0
split_feature=6 3 4 2 3 6 0 4 4 1 6 5 1 0
split_gain=0.00798554 0.0139465 0.0121543 0.0289882 0.0206001 0.0211737 0.0306844 0.0252383 0.0266705 0.0575884 0.0240809 0.0332438 0.0204918 0.0292911
threshold=-8.0885839843749903 -4.3619445800781245 -4.108149414062499 12.911643132941416 -7.3626525878906239 -5.9449218749999764 -8.9638830566406238 -2.9290539550781243 -1.9942260742187499 -2.2222827148437498 33.524414062500036 7.5424476286332256 2.3428942871093752 1.7540344238281251
decision_type=2 2 2 2 2 2 2 2 2 2 2 2 2 2
left_child=1 -1 3 -2 -4 -6 -7 -8 -9 -10 11 12 13 -11
right_child=2 -3 4 -5 5 6 7 8 9 10 -12 -13 -14 -15
leaf_value=-0.00068055648175336866 -0.0010382284255174455 0.00023655826152903234 0.00082179408326434598 0.00035812045786502386 0.00088406405671883172 -0.0007983662273181836 0.00086407766546471988 -0.00071938719987821092 0.0014664889618699604 0.00029664429554352811 0.0007113374486988715 -0.00099991471906171444 0.00058888539008876254 -0.00026954261587922327
leaf_weight=50 38 32 40 32 32 54 42 56 32 168 50 42 62 326
leaf_count=50 38 32 40 32 32 54 42 56 32 168 50 42 62 326
internal_value=1.91222e-06 -0.000325547 3.00913e-05 -0.000407681 6.48147e-05 2.79524e-05 -7.01608e-06 4.98168e-05 1.13507e-06 6.24078e-05 -1.12284e-05 -7.38134e-05 -5.22908e-07 -7.65735e-05
internal_weight=1056 82 974 70 904 864 832 778 736 680 648 598 556 494
internal_count=1056 82 974 70 904 864 832 778 736 680 648 598 556 494
is_linear=0
shrinkage=0.035


Tree=207
num_leaves=15
num_cat=0
split_feature=6 9 6 5 5 6 2 12 5 5 3 6 12 0
split_gain=0.00745911 0.0130312 0.011549 0.0167232 0.037179 0.0333535 0.0224885 0.0182074 0.0210403 0.0785181 0.047413 0.0373849 0.0299819 0.044011
threshold=-8.0885839843749903 32.500000000000007 -5.9620019531249673 2.3146569184999031 1.9598571922080108 18.582482910156276 3.4975490524471247 22.500000000000004 4.0766030316945061 3.7498373395589462 2.9606372070312506 5.5080957031250373 7.5000000000000009 8.1428344726562525
decision_type=2 2 2 2 2 2 2 2 2 2 2 2 2 2
left_child=1 -1 -2 4 5 -4 -5 8 9 10 11 -8 13 -10
right_child=2 -3 3 6 -6 -7 7 -9 12 -11 -12 -13 -14 -15
leaf_value=-0.00064086741908626964 0.00062736440970758475 0.0002558410566780367 0.00076819598572910766 -0.00065733410930261024 0.0012908694045128007 -0.00046852066932307726 -0.00055146789406471444 -0.00079130216659156283 -0.00088842872748786002 0.0016104385900215005 -0.0008107839839843412 0.00091239887218266228 8.0724446179769789e-05 0.00057308783087030269
leaf_weight=52 36 30 42 68 36 66 30 32 100 44 58 64 366 32
leaf_count=52 36 30 42 68 36 66 30 32 100 44 58 64 366 32
internal_value=1.95922e-06 -0.000314523 2.91934e-05 4.94993e-06 0.000349276 1.76474e-05 -5.82177e-05 -4.50457e-07 3.81844e-05 0.000343457 -3.94525e-05 0.000443452 -8.28563e-05 -0.000530856
internal_weight=1056 82 974 938 144 108 794 726 694 196 152 94 498 132
internal_count=1056 82 974 938 144 108 794 726 694 196 152 94 498 132
is_linear=0
shrinkage=0.035


Tree=208
num_leaves=15
num_cat=0
split_feature=0 0 0 4 12 9 0 6 12 0 6 1 2 12
split_gain=0.00762137 0.0322497 0.0283964 0.0278915 0.0291834 0.019305 0.0407459 0.0428625 0.0356923 0.0450514 0.0346065 0.0575192 0.0374865 0.0291145
threshold=7.0042211914062511 7.8823730468750002 6.2138659667968765 0.071798706054687467 15.500000000000002 8.5000000000000018 3.8202893066406252 26.633569335937555 5.5000000000000009 -8.8114990234374968 -0.48882812499999767 -0.28112792968749994 3.2946706327259618 7.5000000000000009
decision_type=2 2 2 2 2 2 2 2 2 2 2 2 2 2
left_child=2 -2 5 -3 -5 -1 7 8 9 -7 -11 -12 -13 -10
right_child=1 3 -4 4 -6 6 -8 -9 13 10 11 12 -14 -15
leaf_value=0.00037894980240868312 -0.001176912425822486 -0.00067874282077157308 0.00088982143352673725 0.0008611136070023099 -0.0003914944216912294 -0.00055270992661826321 -0.0006584159306252421 0.00098419224232741361 -0.00086040858118442557 -0.00020313992432784291 0.0021434271453634008 -0.00050204872291942598 0.0011966644846688724 -8.834309014654556e-05
leaf_weight=134 32 44 44 56 36 48 120 52 74 38 34 30 30 284
leaf_count=134 32 44 44 56 36 48 120 52 74 38 34 30 30 284
internal_value=1.97733e-06 -0.000212761 4.29903e-05 2.78669e-05 0.000373062 -3.15647e-06 -7.61342e-05 4.41203e-05 -5.00503e-05 0.000349615 0.000681086 0.00103532 0.000358511 -0.000251825
internal_weight=1056 168 888 136 92 844 710 590 538 180 132 94 60 358
internal_count=1056 168 888 136 92 844 710 590 538 180 132 94 60 358
is_linear=0
shrinkage=0.035


Tree=209
num_leaves=15
num_cat=0
split_feature=5 5 5 2 14 14 3 0 3 5 0 1 9 2
split_gain=0.00739537 0.0106557 0.0293346 0.0325976 0.028776 0.030323 0.0377819 0.0462896 0.0358743 0.0189143 0.0594153 0.0342118 0.0264327 0.0305174
threshold=9.9445691596651216 6.3104385568881289 6.006336267938468 9.7592692728541852 248.50000000000003 223.50000000000003 -6.0190417480468748 -10.322578124999998 6.5411779785156261 4.471312615556819 6.1866674804687509 -2.0487084960937496 16.500000000000004 7.5496758718408019
decision_type=2 2 2 2 2 2 2 2 2 2 2 2 2 2
left_child=1 2 3 9 5 6 7 -3 -7 10 11 -1 -11 -14
right_child=-2 4 -4 -5 -6 8 -8 -9 -10 12 -12 -13 13 -15
leaf_value=0.0010745935448358069 -0.00043205227854702138 0.00058926005216091185 -0.00094127951723445833 0.001102350126620877 0.0010122080886693491 0.00027581174170336457 0.0011504193582653028 -0.0009818117243121378 -0.0013694051065078171 -0.0009896517666816687 0.001444566011325353 -0.0001105432709467227 -0.00069245786028235062 0.00032676064997536335
leaf_weight=30 44 52 40 30 44 30 44 38 32 52 34 440 58 88
leaf_count=30 44 52 40 30 44 30 44 38 32 52 34 440 58 88
internal_value=1.99691e-06 2.16836e-05 -4.1741e-05 9.84501e-06 0.000224358 3.90559e-05 0.000334315 -8.10046e-05 -0.000589591 -3.98423e-05 7.41724e-05 -3.06634e-05 -0.000327901 -8.20204e-05
internal_weight=1056 1012 772 732 240 196 134 90 62 702 504 470 198 146
internal_count=1056 1012 772 732 240 196 134 90 62 702 504 470 198 146
is_linear=0
shrinkage=0.035


Tree=210
num_leaves=15
num_cat=0
split_feature=0 0 4 4 0 9 0 6 12 0 5 6 1 2
split_gain=0.00717299 0.0307366 0.0264378 0.0276265 0.0262067 0.0175506 0.0297642 0.0398039 0.0333639 0.0420144 0.0328304 0.0327246 0.0533417 0.0350627
threshold=7.0042211914062511 7.8823730468750002 0.071798706054687467 2.1786743164062505 6.3736755371093761 8.5000000000000018 3.8202893066406252 26.633569335937555 5.5000000000000009 -8.8114990234374968 3.7498373395589462 -0.48882812499999767 -0.28112792968749994 3.2946706327259618
decision_type=2 2 2 2 2 2 2 2 2 2 2 2 2 2
left_child=4 -2 -3 -4 5 -1 7 8 9 -7 -8 -11 -13 -14
right_child=1 2 3 -5 -6 6 10 -9 -10 11 -12 12 13 -15
leaf_value=0.00036875079170867512 -0.0011475656287289254 -0.00065937884703959327 0.00083948785628810345 -0.00037929187305149088 0.00099477569611361341 -0.0005334994585253299 -0.00098578160080251128 0.000948134889063281 -0.00024360564717325261 -0.0002016793226648588 0.00012688794087807766 0.0020696409951132312 -0.00048194806884566794 0.0011610261121677468
leaf_weight=134 32 44 56 36 32 48 78 52 358 38 54 34 30 30
leaf_count=134 32 44 56 36 32 48 78 52 358 38 54 34 30 30
internal_value=2.02354e-06 -0.000206303 2.85926e-05 0.000364651 4.18116e-05 3.95103e-06 -6.45858e-05 4.22241e-05 -4.85233e-05 0.000337887 -0.000535499 0.000657988 0.00100247 0.000350492
internal_weight=1056 168 136 92 888 856 722 590 538 180 132 132 94 60
internal_count=1056 168 136 92 888 856 722 590 538 180 132 132 94 60
is_linear=0
shrinkage=0.035


Tree=211
num_leaves=15
num_cat=0
split_feature=4 4 6 12 1 3 0 6 1 2 1 0 12 12
split_gain=0.0069226 0.0269655 0.0263911 0.0173875 0.0232853 0.0231782 0.0724274 0.0406193 0.0577306 0.0289092 0.018083 0.0172849 0.0183221 0.0342634
threshold=2.1786743164062505 1.7839965820312502 19.968591308593805 21.500000000000004 1.1561633300781253 4.7901159667968765 4.8884436035156265 28.489849853515668 -1.3706701660156246 5.7483507667214324 1.4060034179687502 3.7544836425781249 1.5000000000000002 5.5000000000000009
decision_type=2 2 2 2 2 2 2 2 2 2 2 2 2 2
left_child=1 3 -2 4 5 6 11 -7 -9 -8 -6 12 -1 -14
right_child=2 -3 -4 -5 10 7 9 8 -10 -11 -12 -13 13 -15
leaf_value=-0.00068379721446641879 0.00041886719270324752 0.00085521632404972651 -0.00083830686048827377 0.00054402443564868016 -0.0011777681897173784 -0.0012909519918585749 0.0004118382386877784 -0.0011382129221601646 0.00075125794893560497 0.0019593305907619654 -0.00010573955320675548 -0.00069986964906010242 0.00062576505205255348 -6.7554212185674478e-05
leaf_weight=40 34 44 46 62 36 42 30 30 50 30 40 42 108 422
leaf_count=40 34 44 46 62 36 42 30 30 50 30 40 42 108 422
internal_value=2.07683e-06 2.79722e-05 -0.000306823 -1.28299e-05 -5.36705e-05 3.00947e-06 8.39092e-05 -0.000436768 3.22268e-05 0.00122383 -0.000630721 -3.147e-05 2.00554e-05 7.55473e-05
internal_weight=1056 976 80 932 870 794 672 122 80 60 76 612 570 530
internal_count=1056 976 80 932 870 794 672 122 80 60 76 612 570 530
is_linear=0
shrinkage=0.035


Tree=212
num_leaves=15
num_cat=0
split_feature=14 12 9 9 2 3 0 3 0 4 6 14 4 9
split_gain=0.00685218 0.0475149 0.0363141 0.0494102 0.0508047 0.0269361 0.047954 0.0426079 0.0401211 0.0293944 0.0394383 0.032449 0.0265965 0.0394863
threshold=244.50000000000003 2.5000000000000004 27.500000000000004 42.500000000000007 9.6326069991702443 3.8714263916015628 5.9278283691406264 2.9466650390625007 3.6700170898437503 0.071798706054687467 23.913159179687515 223.50000000000003 -0.45061889648437492 19.500000000000004
decision_type=2 2 2 2 2 2 2 2 2 2 2 2 2 2
left_child=5 -2 12 4 -4 6 7 8 -1 11 -11 -7 13 -3
right_child=1 2 3 -5 -6 9 -8 -9 -10 10 -12 -13 -14 -15
leaf_value=-6.4032231449872559e-06 -0.00099098713218298052 0.0013228181673275686 0.0021168278029654176 -0.00034875666233347152 0.00024823987722972081 -0.00011879153200425209 0.0013661994840367699 -0.00089397438974570377 0.0011709056813943837 -0.0007287423400121043 0.00089260539818871408 -0.0016500328735128279 -0.00054540820258173919 -0.0004233965541425278
leaf_weight=530 36 30 40 30 32 30 30 60 36 38 32 38 64 30
leaf_count=530 36 30 40 30 32 30 30 60 36 38 32 38 64 30
internal_value=1.9753e-06 0.000156491 0.000346365 0.000828718 0.0013155 -4.92762e-05 4.46503e-05 -2.2832e-05 7.23379e-05 -0.000490027 1.66512e-05 -0.000997181 -5.72655e-05 0.000464218
internal_weight=1056 262 226 102 72 794 656 626 566 138 70 68 124 60
internal_count=1056 262 226 102 72 794 656 626 566 138 70 68 124 60
is_linear=0
shrinkage=0.035


Tree=213
num_leaves=15
num_cat=0
split_feature=3 3 2 3 14 0 6 3 14 14 1 4 9 6
split_gain=0.00679821 0.013357 0.0303971 0.0286076 0.016596 0.0237144 0.0180404 0.034389 0.020856 0.026786 0.0374476 0.0480237 0.0374348 0.0770006
threshold=-8.1217163085937489 -6.8683569335937493 12.082513461815015 -6.2088854980468744 6.5000000000000009 -9.1272839355468722 -5.6933886718749696 -4.2976367187499989 26.500000000000004 220.50000000000003 0.50189331054687514 -0.61644287109374984 4.5000000000000009 30.971118164062549
decision_type=2 2 2 2 2 2 2 2 2 2 2 2 2 2
left_child=-1 2 -2 -3 -5 -6 7 -7 -8 10 11 -10 -11 -14
right_child=1 3 -4 4 5 6 8 -9 9 12 -12 -13 13 -15
leaf_value=0.00046166586182631652 -0.0011596375871359718 0.0010171308406108225 0.00024829058138972247 -0.00073289909255292622 0.00094950333848828458 -0.0011612019119986697 0.00049046502584253247 0.00018525434007945783 -0.00029029327722074577 0.00088270711490035729 0.0004375937939912547 -0.0019537242379374224 0.00014657280201078464 -0.0011605305860393855
leaf_weight=36 36 32 36 36 30 44 104 46 66 60 38 30 400 62
leaf_count=36 36 32 36 36 30 44 104 46 66 60 38 30 400 62
internal_value=1.99953e-06 -1.50957e-05 -0.000467989 2.02141e-05 -1.67528e-05 1.41396e-05 -2.10247e-05 -0.000483947 3.49214e-05 -3.85702e-05 -0.000476142 -0.000839379 7.51453e-05 -3.30855e-05
internal_weight=1056 1020 72 948 916 880 850 90 760 656 134 96 522 462
internal_count=1056 1020 72 948 916 880 850 90 760 656 134 96 522 462
is_linear=0
shrinkage=0.035


Tree=214
num_leaves=15
num_cat=0
split_feature=5 5 5 2 14 14 3 0 3 5 0 1 2 5
split_gain=0.00700454 0.0107522 0.0274045 0.0296343 0.0263727 0.0265596 0.0356693 0.0424847 0.0320232 0.0169623 0.0526202 0.0320305 0.0248515 0.0443694
threshold=9.9445691596651216 6.3104385568881289 6.006336267938468 9.7592692728541852 248.50000000000003 223.50000000000003 -6.0190417480468748 -10.322578124999998 6.5411779785156261 4.471312615556819 6.1866674804687509 -2.0487084960937496 5.3359762529413128 3.6064620874712814
decision_type=2 2 2 2 2 2 2 2 2 2 2 2 2 2
left_child=1 2 3 9 5 6 7 -3 -7 10 11 -1 13 -13
right_child=-2 4 -4 -5 -6 8 -8 -9 -10 -11 -12 12 -14 -15
leaf_value=0.0010385481891262316 -0.00042060297443126534 0.00056198114022629826 -0.00091216962639009583 0.0010488087238445588 0.00097882482181929566 0.00027543214695469943 0.0011162694613828892 -0.00094314810784999282 -0.0012783197117096281 -0.00031301627007051142 0.0013574017414874917 -0.00011164141734029912 -0.00072366982499849717 0.0012505649957120113
leaf_weight=30 44 52 40 30 44 30 44 38 32 198 34 344 66 30
leaf_count=30 44 52 40 30 44 30 44 38 32 198 34 344 66 30
internal_value=1.8211e-06 2.09807e-05 -4.27285e-05 7.13792e-06 0.000224572 4.70728e-05 0.000323305 -8.02059e-05 -0.000541391 -4.0231e-05 6.77482e-05 -3.09022e-05 -0.000108189 3.69721e-06
internal_weight=1056 1012 772 732 240 196 134 90 62 702 504 470 440 374
internal_count=1056 1012 772 732 240 196 134 90 62 702 504 470 440 374
is_linear=0
shrinkage=0.035


Tree=215
num_leaves=15
num_cat=0
split_feature=4 6 4 12 1 0 12 4 4 4 9 12 9 4
split_gain=0.00660723 0.0251225 0.024494 0.0161839 0.0229452 0.0206338 0.0653771 0.0601233 0.0188981 0.0388932 0.0355892 0.0331573 0.0208038 0.0558682
threshold=2.1786743164062505 19.968591308593805 1.7839965820312502 21.500000000000004 1.1561633300781253 7.404912109375001 14.500000000000002 0.77317993164062515 -0.028666992187499997 -0.15821044921874997 40.500000000000007 19.500000000000004 18.500000000000004 -2.3804833984374998
decision_type=2 2 2 2 2 2 2 2 2 2 2 2 2 2
left_child=2 -2 3 4 5 7 -7 8 9 11 -10 12 13 -1
right_child=1 -3 -4 -5 -6 6 -8 -9 10 -11 -12 -13 -14 -15
leaf_value=-0.00038648659043246883 0.00040822132844671921 -0.00081837670759947901 0.00081567282653059411 0.00052559469401785468 -0.00062386365147689608 -0.0016454990490132738 0.00030087662903287521 0.0015032912275123904 -0.00081367474502644658 0.0012614332861267032 0.00057300749875139451 -0.00099154657670097609 -7.317297599664312e-05 0.00093397566632899868
leaf_weight=64 34 46 44 62 76 34 50 32 78 30 30 36 344 96
leaf_count=64 34 46 44 62 76 34 50 32 78 30 30 36 344 96
internal_value=1.95091e-06 -0.000299831 2.72497e-05 -1.16389e-05 -5.10422e-05 5.21674e-06 -0.000506888 6.70575e-05 -4.95146e-06 7.58579e-05 -0.00042507 5.58096e-06 8.0442e-05 0.00040754
internal_weight=1056 80 976 932 870 794 84 710 678 570 108 540 504 160
internal_count=1056 80 976 932 870 794 84 710 678 570 108 540 504 160
is_linear=0
shrinkage=0.035


Tree=216
num_leaves=15
num_cat=0
split_feature=3 3 2 3 4 1 14 14 9 6 4 3 0 5
split_gain=0.00646256 0.0127035 0.0279431 0.0270891 0.0157551 0.0354974 0.0213828 0.0571164 0.0707816 0.0410567 0.0645697 0.0398771 0.0587197 0.039493
threshold=-8.1217163085937489 -6.8683569335937493 12.082513461815015 -6.2088854980468744 -3.0280285644531246 -4.042467041015624 220.50000000000003 227.50000000000003 32.500000000000007 21.62699584960939 -0.028666992187499997 3.0105322265625003 3.0294555664062504 3.1586683036563588
decision_type=2 2 2 2 2 2 2 2 2 2 2 2 2 2
left_child=-1 2 -2 -3 -5 -6 11 8 -8 -9 -11 12 -7 -12
right_child=1 3 -4 4 5 6 7 9 -10 10 13 -13 -14 -15
leaf_value=0.00045012174350344332 -0.0011194689645229741 0.00098981054766815826 0.00023069636012415257 -0.00052891403602830806 0.00076830847496037484 -0.00028982642432820286 0.00015900199414075665 0.00026381427534033719 0.0022156060082852494 0.00023808628280443992 -0.00023148113365702256 -0.0010694278680509137 0.0013250579990562983 -0.001596631436819852
leaf_weight=36 36 32 36 66 70 198 58 206 30 92 46 60 30 60
leaf_count=36 36 32 36 66 70 198 58 206 30 92 46 60 30 60
internal_value=1.94676e-06 -1.47211e-05 -0.000456397 1.97141e-05 -1.62583e-05 2.4696e-05 -4.38327e-05 9.63375e-05 0.000893772 -8.09083e-05 -0.000438611 -0.000282303 -6.76671e-05 -0.00101947
internal_weight=1056 1020 72 948 916 850 780 492 88 404 198 288 228 106
internal_count=1056 1020 72 948 916 850 780 492 88 404 198 288 228 106
is_linear=0
shrinkage=0.035


Tree=217
num_leaves=15
num_cat=0
split_feature=5 5 5 2 14 14 3 0 3 5 0 1 9 2
split_gain=0.0065669 0.0110089 0.0251383 0.0266948 0.0243268 0.0245713 0.0344774 0.0388975 0.0292578 0.0154764 0.0483857 0.0299234 0.0237354 0.0268012
threshold=9.9445691596651216 6.3104385568881289 6.006336267938468 9.7592692728541852 248.50000000000003 223.50000000000003 -6.0190417480468748 -10.322578124999998 6.5411779785156261 4.471312615556819 6.1866674804687509 -2.0487084960937496 16.500000000000004 7.5496758718408019
decision_type=2 2 2 2 2 2 2 2 2 2 2 2 2 2
left_child=1 2 3 9 5 6 7 -3 -7 10 11 -1 -11 -14
right_child=-2 4 -4 -5 -6 8 -8 -9 -10 12 -12 -13 13 -15
leaf_value=0.0010011570927065351 -0.00040701715852660333 0.00053921632160415403 -0.00087662961954871818 0.00099251916948560402 0.0009509902840189804 0.00027021321784559404 0.0011011526034891848 -0.00090096308276770292 -0.0012146380448522156 -0.0009287051793028325 0.0012987311030479357 -0.00010722309609510826 -0.00064094175976060807 0.00031417249240136397
leaf_weight=30 44 52 40 30 44 30 44 38 32 52 34 440 58 88
leaf_count=30 44 52 40 30 44 30 44 38 32 52 34 440 58 88
internal_value=1.99803e-06 2.0549e-05 -4.39149e-05 3.85326e-06 0.000226557 5.59662e-05 0.00032156 -7.52265e-05 -0.00051017 -4.1097e-05 6.20528e-05 -3.2533e-05 -0.000301655 -6.87904e-05
internal_weight=1056 1012 772 732 240 196 134 90 62 702 504 470 198 146
internal_count=1056 1012 772 732 240 196 134 90 62 702 504 470 198 146
is_linear=0
shrinkage=0.035


Tree=218
num_leaves=15
num_cat=0
split_feature=14 6 2 9 14 1 9 14 12 9 3 3 14 3
split_gain=0.00664298 0.0438651 0.0607381 0.0891993 0.043088 0.0697487 0.0561594 0.024532 0.0723292 0.0635728 0.0344946 0.0632268 0.0370067 0.0331693
threshold=251.50000000000003 21.62699584960939 9.7471732038036905 17.500000000000004 244.50000000000003 -0.19066894531249992 26.500000000000004 231.50000000000003 8.5000000000000018 9.5000000000000018 4.061536865234376 3.4956616210937499 223.50000000000003 2.8708850097656251
decision_type=2 2 2 2 2 2 2 2 2 2 2 2 2 2
left_child=4 2 3 -2 7 -6 -7 10 -9 -10 11 13 -12 -1
right_child=1 -3 -4 -5 5 6 -8 8 9 -11 12 -13 -14 -15
leaf_value=0.00013208533019326663 -0.00048969909893154797 -0.0011496230460364711 -0.00092084421053930949 0.0017747360430869529 0.001957851349725388 -0.0010326898908533623 0.0010101737861302408 -0.0014431786966451912 -0.00086051733621085699 0.00097084405292312476 6.3379536085348168e-05 0.001662502473773202 -0.0013134729702935807 -0.00099805336856447608
leaf_weight=494 40 42 42 42 34 30 32 54 40 50 52 30 42 32
leaf_count=494 40 42 42 42 34 30 32 54 40 50 52 30 42 32
internal_value=2.0202e-06 -0.000199878 0.000134951 0.000684774 4.00414e-05 0.000732474 2.03099e-05 -4.53085e-05 -0.000455314 0.000155893 4.66415e-05 0.000151937 -0.000566357 5.98116e-05
internal_weight=1056 166 124 82 890 96 62 794 144 90 650 556 94 526
internal_count=1056 166 124 82 890 96 62 794 144 90 650 556 94 526
is_linear=0
shrinkage=0.035


Tree=219
num_leaves=15
num_cat=0
split_feature=5 5 1 12 3 12 5 2 3 5 0 1 0 9
split_gain=0.00669805 0.00978474 0.0244308 0.0444079 0.0436412 0.0317192 0.0235081 0.0252263 0.0217254 0.0142606 0.0447198 0.0275606 0.0225837 0.0457152
threshold=9.9445691596651216 6.3104385568881289 -4.8155035400390611 7.5000000000000009 8.0567993164062521 15.500000000000002 6.006336267938468 9.7592692728541852 -6.8683569335937493 4.471312615556819 6.1866674804687509 -2.0487084960937496 3.7727233886718756 11.500000000000002
decision_type=2 2 2 2 2 2 2 2 2 2 2 2 2 2
left_child=1 6 3 -3 5 8 7 9 -4 10 11 -1 -13 -14
right_child=-2 2 4 -5 -6 -7 -8 -9 -10 -11 -12 12 13 -15
leaf_value=0.00096245089967851539 -0.00041117169078105421 -0.0012803408273612149 0.00046341763675788095 0.00028120345649202484 -0.00063501905598059246 -0.00012209539965624572 -0.0008453978141612122 0.00096713449125672933 0.0016797701054989983 -0.00028776753695128722 0.0012502654403862025 4.0761262115059561e-05 0.00041731016116500544 -0.0010735429183696397
leaf_weight=30 44 30 32 72 30 30 40 30 46 198 34 334 38 68
leaf_count=30 44 30 32 72 30 30 40 30 46 198 34 334 38 68
internal_value=1.90738e-06 2.06429e-05 0.000214858 -0.000193864 0.000515411 0.00084071 -4.0134e-05 6.05309e-06 0.00120481 -3.76496e-05 6.136e-05 -2.95792e-05 -0.000101267 -0.000541256
internal_weight=1056 1012 240 102 138 108 772 732 78 702 504 470 440 106
internal_count=1056 1012 240 102 138 108 772 732 78 702 504 470 440 106
is_linear=0
shrinkage=0.035


Tree=220
num_leaves=15
num_cat=0
split_feature=6 3 4 2 3 6 0 4 4 1 6 9 0 0
split_gain=0.00626047 0.0133705 0.0117737 0.0266007 0.0189003 0.0189582 0.0275061 0.0193112 0.0239173 0.0482869 0.0232236 0.028585 0.0848816 0.0222147
threshold=-8.1959863281249721 -4.4591284179687491 -4.108149414062499 12.911643132941416 -7.3626525878906239 -5.9620019531249673 -8.9638830566406238 -2.9290539550781243 -1.9942260742187499 -2.2222827148437498 33.524414062500036 8.5000000000000018 6.6526281738281261 3.1964636230468755
decision_type=2 2 2 2 2 2 2 2 2 2 2 2 2 2
left_child=1 -1 3 -2 -4 -6 -7 -8 -9 -10 11 12 13 -11
right_child=2 -3 4 -5 5 6 7 8 9 10 -12 -13 -14 -15
leaf_value=-0.00068598972586661835 -0.0010085339437355288 0.00021926379356753187 0.0007854213036868411 0.00032952180781114083 0.00083528673379024609 -0.00074320351890115686 0.00075906996437300801 -0.00067813093823196119 0.0013479248661657467 -0.00042060653398342163 0.00070454890136226406 5.3731311925219437e-05 -0.0019172989323009175 0.00071239260726877938
leaf_weight=44 38 34 40 32 32 56 42 56 32 46 50 482 36 36
leaf_count=44 38 34 40 32 32 56 42 56 32 46 50 482 36 36
internal_value=1.93371e-06 -0.000295775 2.62325e-05 -0.000404689 6.02698e-05 2.51239e-05 -7.8066e-06 4.67569e-05 4.27675e-06 6.21292e-05 -5.11205e-06 -6.63947e-05 -0.000549796 8.19263e-05
internal_weight=1056 78 978 70 908 868 836 780 738 682 650 600 118 82
internal_count=1056 78 978 70 908 868 836 780 738 682 650 600 118 82
is_linear=0
shrinkage=0.035


Tree=221
num_leaves=15
num_cat=0
split_feature=5 9 6 6 6 6 1 4 6 6 1 2 2 1
split_gain=0.00634807 0.00998941 0.0435698 0.0416253 0.0421822 0.0570231 0.048889 0.0369116 0.0363105 0.0340906 0.0214555 0.0287256 0.0293887 0.0449717
threshold=9.9445691596651216 7.5000000000000009 33.524414062500036 31.154895019531271 23.050061035156293 21.62699584960939 -1.6030529785156247 0.84627441406250015 20.713293457031288 23.192272949218793 -4.6527844238281242 2.9983372050628607 3.6446942422615844 2.2116467285156256
decision_type=2 2 2 2 2 2 2 2 2 2 2 2 2 2
left_child=1 2 9 4 5 8 -6 -8 10 -1 -3 -12 -13 -14
right_child=-2 3 -4 -5 6 -7 7 -9 -10 -11 11 12 13 -15
leaf_value=0.00046523150907710152 -0.00040025712393284982 0.00042344999858355358 0.0014283609072299442 -0.00090242399761219507 0.0015611090751675269 -0.0012058605446677226 -0.00029905362146382688 0.00087343539973517193 0.001150792548651225 -0.00062235512033728289 0.00046658761159051214 -0.0012122563706514868 -0.00032192391234178404 0.00098803176111282999
leaf_weight=80 44 90 30 60 40 50 78 54 30 60 72 36 298 34
leaf_count=80 44 90 30 60 40 50 78 54 30 60 72 36 298 34
internal_value=1.88544e-06 2.01249e-05 0.000263201 -2.94596e-05 3.9651e-05 -9.71704e-05 0.000520429 0.000186478 5.75885e-06 -3.0777e-06 -6.3137e-05 -0.000164132 -0.000289389 -0.000182659
internal_weight=1056 1012 170 842 782 610 172 132 560 140 530 440 368 332
internal_count=1056 1012 170 842 782 610 172 132 560 140 530 440 368 332
is_linear=0
shrinkage=0.035


Tree=222
num_leaves=15
num_cat=0
split_feature=4 1 3 0 6 0 12 0 1 4 2 5 2 6
split_gain=0.00645395 0.0240719 0.0402107 0.0434494 0.0207148 0.0195192 0.0556841 0.0319397 0.0253665 0.0322339 0.0302165 0.0243749 0.0470124 0.0253681
threshold=2.1786743164062505 1.3863769531250003 2.4823999023437509 5.4799365234375008 19.968591308593805 7.404912109375001 14.500000000000002 6.3764526367187502 0.11587646484375001 -0.43477416992187484 3.4369348084956672 3.6064620874712814 5.7905101173411415 6.9108593750000304
decision_type=2 2 2 2 2 2 2 2 2 2 2 2 2 2
left_child=1 5 -3 -4 -2 7 -7 8 9 11 -11 -1 -13 -14
right_child=4 2 3 -5 -6 6 -8 -9 -10 10 -12 12 13 -15
leaf_value=-0.00050944897231462304 0.00034756674476537025 0.0014777350168959757 -0.00091899442770227335 0.00087788038733004438 -0.00076682521712427847 -0.00146252513746731 0.00020485749918346604 0.0011108742532087491 -0.00043603641136946361 0.00020705587023809186 0.0015062093959496078 0.0012985037549596101 0.00012652388903873564 -0.00056213543134314627
leaf_weight=102 34 34 30 32 46 40 58 30 142 64 32 34 296 82
leaf_count=102 34 34 30 32 46 40 58 30 142 64 32 34 296 82
internal_value=1.97777e-06 2.69813e-05 0.000547332 6.87674e-06 -0.000296283 -3.08967e-05 -0.000491346 2.79129e-05 -1.81223e-05 8.02696e-05 0.000662008 -3.05268e-05 8.99297e-05 -2.50402e-05
internal_weight=1056 976 96 62 80 880 98 782 752 610 96 514 412 378
internal_count=1056 976 96 62 80 880 98 782 752 610 96 514 412 378
is_linear=0
shrinkage=0.035


Tree=223
num_leaves=15
num_cat=0
split_feature=0 0 1 1 2 4 0 1 3 5 0 1 0 0
split_gain=0.00612847 0.0375941 0.0300677 0.043552 0.0199198 0.0331479 0.0273453 0.0344084 0.017105 0.0190866 0.0394508 0.0354237 0.0228104 0.0870088
threshold=-9.8958050537109337 -9.2298266601562506 -5.9568359374999993 -4.8155035400390611 9.6702697208257629 -2.9290539550781243 9.3699267578125021 -4.900080566406249 6.104230957031251 4.471312615556819 6.1866674804687509 -2.0393566894531245 7.9812548828125012 6.1866674804687509
decision_type=2 2 2 2 2 2 2 2 2 2 2 2 2 2
left_child=2 -2 -1 -4 5 -3 7 -6 9 10 11 -7 13 -11
right_child=1 4 3 -5 6 8 -8 -9 -10 12 -12 -13 -14 -15
leaf_value=0.00066731650063047712 0.00096483501548063949 0.0011502627934896737 -0.0013077263841051205 0.0003284430968511111 -0.00011340596616112938 0.0011144519565641532 8.9962152705993511e-05 -0.0016952061117969125 0.00072293430796554808 -0.00010842417645623904 0.0011924013328583291 -9.1654158942136837e-05 0.00042865415243431934 -0.0021445690377731811
leaf_weight=30 48 30 44 34 34 30 66 32 36 132 34 438 38 30
leaf_count=30 48 30 44 34 34 30 66 32 36 132 34 438 38 30
internal_value=2.07404e-06 3.0707e-05 -0.000245248 -0.000604143 -2.1142e-05 4.74443e-05 -0.000414942 -0.000907642 -3.73376e-07 -3.94145e-05 7.59148e-05 -9.92631e-06 -0.000326777 -0.000507043
internal_weight=1056 948 108 78 900 768 132 66 738 702 502 468 200 162
internal_count=1056 948 108 78 900 768 132 66 738 702 502 468 200 162
is_linear=0
shrinkage=0.035


Tree=224
num_leaves=15
num_cat=0
split_feature=5 5 5 9 6 6 14 14 1 14 12 9 3 3
split_gain=0.00616265 0.0377259 0.0279264 0.0214397 0.0137028 0.0281839 0.0112563 0.0448707 0.05428 0.0329323 0.0659617 0.0449204 0.0374967 0.0497508
threshold=2.4304416892019098 2.1100928574269608 2.6876273534776476 28.500000000000004 2.3065039062500152 23.350524902343782 251.50000000000003 244.50000000000003 -0.19066894531249992 231.50000000000003 8.5000000000000018 9.5000000000000018 4.061536865234376 3.4956616210937499
decision_type=2 2 2 2 2 2 2 2 2 2 2 2 2 2
left_child=1 3 -2 4 -1 -6 7 9 -9 12 -11 -12 13 -4
right_child=2 -3 6 -5 5 -7 -8 8 -10 10 11 -13 -14 -15
leaf_value=0.0008621068541651767 -0.00096440652219921747 0.0012388409386210912 0.0001093802437277889 -0.0005819196049786366 -0.00072961787090582012 0.00071760674160032073 -0.00029394133920812658 0.0018990782313459719 8.2959314615716457e-05 -0.0016820360768664009 -0.00083696186340401061 0.00086733166642079598 -0.00054805085386760771 0.0015452122135684477
leaf_weight=30 36 32 394 56 32 30 128 32 50 40 34 38 94 30
leaf_count=30 36 32 394 56 32 30 128 32 50 40 34 38 94 30
internal_value=2.08073e-06 0.000187435 -3.63459e-05 -5.33834e-05 0.000273871 -2.88061e-05 5.62444e-06 6.01515e-05 0.00082003 -4.10354e-05 -0.000579674 6.16573e-05 7.72086e-05 0.00021775
internal_weight=1056 180 876 148 92 62 840 712 82 630 112 72 518 424
internal_count=1056 180 876 148 92 62 840 712 82 630 112 72 518 424
is_linear=0
shrinkage=0.035


Tree=225
num_leaves=15
num_cat=0
split_feature=5 9 6 6 6 6 1 6 4 6 1 2 2 1
split_gain=0.00618195 0.00908937 0.0394896 0.038672 0.0371072 0.0523052 0.0437841 0.0341946 0.0336791 0.0307771 0.0200264 0.0273488 0.0272801 0.0413085
threshold=9.9445691596651216 7.5000000000000009 33.524414062500036 31.154895019531271 23.050061035156293 21.62699584960939 -1.6030529785156247 20.713293457031288 0.84627441406250015 23.192272949218793 -4.6527844238281242 2.9983372050628607 3.6446942422615844 2.2116467285156256
decision_type=2 2 2 2 2 2 2 2 2 2 2 2 2 2
left_child=1 2 9 4 5 7 -6 10 -8 -1 -3 -12 -13 -14
right_child=-2 3 -4 -5 6 -7 8 -9 -10 -11 11 12 13 -15
leaf_value=0.00044340969833883275 -0.00039472707799375164 0.00041286739586370383 0.0013612458652687567 -0.00086861018717671317 0.001475190034058566 -0.0011507406584524479 -0.00028935831404305646 0.0011208188208183857 0.00083057850730256183 -0.00058997152719624164 0.00046056541935163178 -0.0011661611007232416 -0.00030769405038821184 0.00094776942342933695
leaf_weight=80 44 90 30 60 40 50 78 30 54 60 72 36 298 34
leaf_count=80 44 90 30 60 40 50 78 30 54 60 72 36 298 34
internal_value=2.11943e-06 2.01181e-05 0.000251984 -2.71818e-05 3.94291e-05 -8.89041e-05 0.000490355 9.66051e-06 0.000174356 -1.53971e-06 -5.72124e-05 -0.000154798 -0.000277034 -0.000174217
internal_weight=1056 1012 170 842 782 610 172 560 132 140 530 440 368 332
internal_count=1056 1012 170 842 782 610 172 560 132 140 530 440 368 332
is_linear=0
shrinkage=0.035


Tree=226
num_leaves=15
num_cat=0
split_feature=4 4 6 12 1 4 4 14 1 1 0 14 3 0
split_gain=0.00637946 0.0234741 0.018415 0.0136987 0.0196364 0.0194227 0.0171035 0.0163485 0.0746733 0.0529783 0.0540941 0.0359093 0.0429136 0.0298361
threshold=2.1786743164062505 1.7839965820312502 19.968591308593805 21.500000000000004 1.1561633300781253 0.77317993164062515 0.49418334960937504 220.50000000000003 -3.9839343261718749 -3.426548461914062 -7.7712524414062498 231.50000000000003 4.3125854492187514 3.3058105468750001
decision_type=2 2 2 2 2 2 2 2 2 2 2 2 2 2
left_child=1 3 -2 4 5 6 7 9 -9 10 -1 12 -10 -11
right_child=2 -3 -4 -5 -6 -7 -8 8 11 13 -12 -13 -14 -15
leaf_value=-1.8606785874353815e-06 0.00031329811081781781 0.00079888924131291399 -0.00073780208365254428 0.00048325104143259528 -0.00057717968388878483 0.00071955965104280044 -0.00082875317804791853 -0.0010427699383804933 0.0016618969121598641 -0.0003224120776079112 0.0015728661492698849 0.00013517324955179415 9.6167218041955506e-05 -0.0013614804095215568
leaf_weight=162 34 44 46 62 76 42 30 50 48 156 30 196 38 42
leaf_count=162 34 44 46 62 76 42 30 50 48 156 30 196 38 42
internal_value=2.19644e-06 2.70548e-05 -0.000294339 -1.10164e-05 -4.72676e-05 4.77719e-06 -3.69469e-05 -1.8479e-06 0.000178089 -0.000155152 0.000257869 0.000400373 0.000987972 -0.000554231
internal_weight=1056 976 80 932 870 794 752 722 332 390 192 282 86 198
internal_count=1056 976 80 932 870 794 752 722 332 390 192 282 86 198
is_linear=0
shrinkage=0.035


Tree=227
num_leaves=15
num_cat=0
split_feature=6 4 6 0 14 0 13 14 3 0 0 9 9 14
split_gain=0.00617479 0.0120915 0.0259676 0.017712 0.0309544 0.0248532 0.0747445 0.0181806 0.0444478 0.0487532 0.0378668 0.0587448 0.0782962 0.0562557
threshold=-8.0885839843749903 -4.108149414062499 3.1955859375000277 -10.322578124999998 6.5000000000000009 -8.7795837402343722 4.5000000000000009 220.50000000000003 3.0105322265625003 3.0294555664062504 -2.0511364746093745 31.500000000000004 4.5000000000000009 230.50000000000003
decision_type=2 2 2 2 2 2 2 2 2 2 2 2 2 2
left_child=-1 2 -2 -3 -5 6 -6 8 9 -7 -9 12 -12 -13
right_child=1 3 -4 4 5 7 -8 10 -10 -11 11 13 -14 -15
leaf_value=-0.00028577076678629968 0.00017662448131886777 0.00087039376481698135 -0.0011535781387283352 -0.00091939104652556127 0.0018514533966986671 -0.00021048697825150426 -0.00026792759397418803 0.00097667637401047678 -0.0010423982466126027 0.0012845343706430869 0.00092456262922998341 0.0018621844984762208 -0.00049945773937067799 0.00022069281860442264
leaf_weight=82 40 30 30 38 34 160 46 56 60 30 56 32 256 106
leaf_count=82 40 30 30 38 34 160 46 56 60 30 56 32 256 106
internal_value=2.1797e-06 2.69579e-05 -0.00040967 6.15973e-05 3.19116e-05 7.72436e-05 0.000655998 1.44306e-05 -0.000228661 3.64907e-05 0.000134962 2.63576e-05 -0.000239603 0.000622494
internal_weight=1056 974 70 904 874 836 80 756 250 190 506 450 312 138
internal_count=1056 974 70 904 874 836 80 756 250 190 506 450 312 138
is_linear=0
shrinkage=0.035


Tree=228
num_leaves=15
num_cat=0
split_feature=0 0 9 2 2 0 0 1 5 2 0 5 5 5
split_gain=0.00638169 0.0334693 0.02803 0.0215551 0.0311228 0.0318312 0.0288804 0.0322357 0.0275396 0.0249773 0.0570507 0.0218809 0.0590766 0.0402401
threshold=-9.8958050537109337 -9.1272839355468722 32.500000000000007 9.6702697208257629 9.2123810299665738 -7.573590087890623 9.3699267578125021 -4.900080566406249 6.1931722120904453 8.2445205240322679 6.5768981933593773 3.6064620874712814 3.8792359332190602 3.3319275396965664
decision_type=2 2 2 2 2 2 2 2 2 2 2 2 2 2
left_child=2 -2 -1 4 5 -3 7 -5 9 10 11 13 -13 -7
right_child=1 3 -4 6 -6 8 -8 -9 -10 -11 -12 12 -14 -15
leaf_value=0.00010525103667941948 0.00087780653414045926 -0.00099360097276267453 -0.0011225945960677565 -0.00016936838825452416 0.00089543014034861707 2.425951396148638e-05 7.5297862477942981e-05 -0.001752168563034502 0.00096282104583224294 0.00079867491644770123 -0.0013094901477840419 0.0015305786131939387 1.2218802263747865e-05 -0.00099075930549588523
leaf_weight=78 52 36 30 32 48 328 66 30 36 42 40 38 146 54
leaf_count=78 52 36 30 32 48 328 66 30 36 42 40 38 146 54
internal_value=2.35404e-06 3.15721e-05 -0.000250027 -1.93853e-05 5.10385e-05 -7.57878e-06 -0.000436213 -0.000966061 4.70626e-05 -6.61884e-06 -6.48749e-05 2.73849e-05 0.000338879 -0.000123638
internal_weight=1056 948 108 896 768 720 128 62 684 648 606 566 184 382
internal_count=1056 948 108 896 768 720 128 62 684 648 606 566 184 382
is_linear=0
shrinkage=0.035


Tree=229
num_leaves=15
num_cat=0
split_feature=4 1 3 0 0 12 0 1 4 5 2 6 9 9
split_gain=0.00624738 0.0217762 0.0378346 0.0391896 0.0180155 0.0503776 0.0287974 0.0219488 0.0440887 0.0199141 0.0424853 0.0245544 0.039189 0.0218245
threshold=2.1786743164062505 1.3863769531250003 2.4823999023437509 5.4799365234375008 7.404912109375001 14.500000000000002 6.3764526367187502 1.0000000180025095e-35 -0.43477416992187484 3.6064620874712814 5.7905101173411415 6.9108593750000304 29.500000000000004 8.5000000000000018
decision_type=2 2 2 2 2 2 2 2 2 2 2 2 2 2
left_child=1 4 -3 -4 6 -6 7 8 9 -1 -11 13 -13 -12
right_child=-2 2 3 -5 5 -7 -8 -9 -10 10 11 12 -14 -15
leaf_value=-0.00046497731798844346 -0.00029124740176130002 0.0014242110168884716 -0.00088128731178585453 0.00082523114883395693 -0.0013943366468690027 0.00019168522107065658 0.0010565534810302781 -0.00036293282414357408 0.00089787789604997678 0.0012299305529935131 0.00088157462699746251 3.5053863711827609e-05 -0.001520367920966237 2.9159535629332825e-06
leaf_weight=100 80 34 30 32 40 58 30 170 70 34 38 52 30 258
leaf_count=100 80 34 30 32 40 58 30 170 70 34 38 52 30 258
internal_value=2.2018e-06 2.68014e-05 0.000521717 -2.23961e-06 -2.825e-05 -0.00047061 2.82456e-05 -1.5471e-05 8.69166e-05 -2.70193e-05 8.10139e-05 -2.82572e-05 -0.000556653 0.000120876
internal_weight=1056 976 96 62 880 98 782 752 582 512 412 378 82 296
internal_count=1056 976 96 62 880 98 782 752 582 512 412 378 82 296
is_linear=0
shrinkage=0.035


Tree=230
num_leaves=15
num_cat=0
split_feature=14 12 9 9 2 6 1 3 14 14 12 9 12 6
split_gain=0.0060263 0.0376493 0.0313743 0.0405229 0.0417755 0.0198686 0.0229003 0.0192594 0.0272545 0.0209495 0.0681814 0.0471621 0.0225623 0.0517077
threshold=244.50000000000003 2.5000000000000004 26.500000000000004 42.500000000000007 9.6326069991702443 11.621181640625055 -0.19066894531249992 4.9468554687500008 223.50000000000003 231.50000000000003 8.5000000000000018 9.5000000000000018 3.5000000000000004 -0.48882812499999767
decision_type=2 2 2 2 2 2 2 2 2 2 2 2 2 2
left_child=7 -2 5 4 -4 -3 -7 9 -9 12 -11 -12 13 -1
right_child=1 2 3 -5 -6 6 -8 8 -10 10 11 -13 -14 -15
leaf_value=-0.00025514465626329187 -0.00087439986622867818 0.00049652490871781284 0.0018781959875460335 -0.00033585299045626018 0.00025426113110274621 0.00014429198733220498 -0.0010662278077668615 0.00010111508295123809 -0.001237579462613212 -0.0013157377115203418 -0.0006914264925495338 0.0010467331973565955 -8.0746946973557643e-07 0.0013147173617067489
leaf_weight=48 36 44 42 30 36 40 34 36 36 54 32 42 494 52
leaf_count=48 36 44 42 30 36 40 34 36 36 54 32 42 494 52
internal_value=2.23258e-06 0.000147137 0.000316103 0.000741411 0.00115378 -7.90316e-05 -0.000425315 -4.58319e-05 -0.00058359 9.25891e-06 -0.000393335 0.000296681 9.70419e-05 0.000570956
internal_weight=1056 262 226 108 78 118 74 794 72 722 128 74 594 100
internal_count=1056 262 226 108 78 118 74 794 72 722 128 74 594 100
is_linear=0
shrinkage=0.035


Tree=231
num_leaves=15
num_cat=0
split_feature=5 5 5 9 6 6 14 14 1 14 9 12 4 0
split_gain=0.00601299 0.0333671 0.0252295 0.0204075 0.0128347 0.0251372 0.0106842 0.0408038 0.0491068 0.0270153 0.0570928 0.0360434 0.041999 0.087969
threshold=2.4304416892019098 2.1100928574269608 2.6876273534776476 28.500000000000004 2.3065039062500152 23.350524902343782 251.50000000000003 244.50000000000003 -0.19066894531249992 231.50000000000003 39.500000000000007 19.500000000000004 0.071798706054687467 6.1866674804687509
decision_type=2 2 2 2 2 2 2 2 2 2 2 2 2 2
left_child=1 3 -2 4 -1 -6 7 9 -9 11 -11 12 13 -4
right_child=2 -3 6 -5 5 -7 -8 8 -10 10 -12 -13 -14 -15
leaf_value=0.00084701928197318933 -0.00091794888001076253 0.0011739923472872335 0.00023519404386314447 -0.00055716389940714398 -0.00067777092513792662 0.00068897456883860292 -0.00028779369909534585 0.0018081543218645762 8.066656224680348e-05 -3.6949328714399601e-05 -0.0017810135045147038 -0.00058738022524901386 0.00089992233940089752 -0.0014365030429987452
leaf_weight=30 36 32 310 56 32 30 128 32 50 82 30 84 82 42
leaf_count=30 36 32 310 56 32 30 128 32 50 82 30 84 82 42
internal_value=2.11862e-06 0.000185208 -3.58386e-05 -4.13861e-05 0.00027774 -1.55785e-05 4.05669e-06 5.71834e-05 0.000781808 -3.93085e-05 -0.000527159 6.77946e-05 0.000196715 2.87413e-05
internal_weight=1056 180 876 148 92 62 840 712 82 630 112 518 434 352
internal_count=1056 180 876 148 92 62 840 712 82 630 112 518 434 352
is_linear=0
shrinkage=0.035


Tree=232
num_leaves=15
num_cat=0
split_feature=0 0 1 1 2 4 0 1 3 5 1 9 2 0
split_gain=0.00590518 0.0322298 0.0274272 0.0413372 0.0187665 0.029859 0.0242511 0.0269595 0.0165461 0.017329 0.0449746 0.0276327 0.0253036 0.022809
threshold=-9.8958050537109337 -9.2298266601562506 -5.9568359374999993 -4.8155035400390611 9.6702697208257629 -2.9290539550781243 9.3699267578125021 -4.900080566406249 6.104230957031251 4.5591822915997833 -2.0784216308593746 24.500000000000004 7.5496758718408019 6.1866674804687509
decision_type=2 2 2 2 2 2 2 2 2 2 2 2 2 2
left_child=2 -2 -1 -4 5 -3 7 -6 9 10 -7 -11 -13 -12
right_child=1 4 3 -5 6 8 -8 -9 -10 11 13 12 -14 -15
leaf_value=0.00063100236097398017 0.00089503309121355423 0.0010953471153692363 -0.0012689602869131308 0.00032488158925035457 -0.00015738543899108969 0.0013386052718851716 7.5603368390789812e-05 -0.0015615471419946785 0.00071465772345522731 -0.00083861555844793516 -8.9456528221489869e-05 -0.00061556409295669505 0.00046804890829607213 0.00074531945992599847
leaf_weight=30 48 30 44 34 34 30 66 32 36 74 450 42 64 42
leaf_count=30 48 30 44 34 34 30 66 32 36 74 450 42 64 42
internal_value=2.00817e-06 3.01147e-05 -0.000240767 -0.000583455 -1.78965e-05 4.86686e-05 -0.00040013 -0.000864095 3.27526e-06 -3.51325e-05 6.71662e-05 -0.000329277 3.52445e-05 -1.54662e-05
internal_weight=1056 948 108 78 900 768 132 66 738 702 522 180 106 492
internal_count=1056 948 108 78 900 768 132 66 738 702 522 180 106 492
is_linear=0
shrinkage=0.035


Tree=233
num_leaves=15
num_cat=0
split_feature=0 3 9 5 3 5 3 1 4 0 12 12 1 1
split_gain=0.00585085 0.0293766 0.0807259 0.0549766 0.024001 0.0465102 0.0243316 0.0183953 0.0229374 0.0183745 0.0167244 0.027015 0.0155387 0.0423763
threshold=6.5768981933593773 6.104230957031251 30.500000000000004 8.0457780530162513 3.5908276367187502 4.4477705206164844 3.0832641601562503 1.4314440917968752 2.0054772949218753 3.6441577148437498 1.5000000000000002 3.5000000000000004 -4.467105712890624 -3.7041113281249998
decision_type=2 2 2 2 2 2 2 2 2 2 2 2 2 2
left_child=4 2 -2 -3 6 -6 7 9 -9 10 -1 -12 -13 -14
right_child=1 3 -4 -5 5 -7 -8 8 -10 -11 11 12 13 -15
leaf_value=-0.00064792532325637614 -0.0020448726447648371 0.0012088912197699151 0.00014054564518543582 -0.00043246129460092035 0.001652893357386347 -2.9938010702608156e-05 -0.00076751031539170082 0.0012153097216094681 6.7842329929893226e-05 -0.00080396730129400076 0.00082083596899442822 -0.00035448401598437665 0.00088717213903197157 -7.2019998233482043e-05
leaf_weight=42 30 40 58 60 30 54 48 32 58 34 50 124 66 330
leaf_count=42 30 40 58 60 30 54 48 32 58 34 50 124 66 330
internal_value=2.05413e-06 -0.000173907 -0.000633369 0.00023491 4.04777e-05 0.000595536 -2.03568e-05 3.03185e-05 0.000493381 -3.55185e-05 9.65283e-06 6.0202e-05 -1.58006e-05 9.15002e-05
internal_weight=1056 188 88 100 868 84 784 736 90 646 612 570 520 396
internal_count=1056 188 88 100 868 84 784 736 90 646 612 570 520 396
is_linear=0
shrinkage=0.035


Tree=234
num_leaves=15
num_cat=0
split_feature=5 4 0 2 2 2 2 3 2 12 14 6 5 5
split_gain=0.00586333 0.0259081 0.0325568 0.0170011 0.0128851 0.0200796 0.024606 0.051154 0.0230887 0.015346 0.0419653 0.026983 0.0243306 0.0595082
threshold=2.3146569184999031 0.57763916015625016 1.1423962402343752 3.4975490524471247 3.9605260582974107 4.4146601584948773 5.3359762529413128 2.8708850097656251 5.7271288174225363 7.5000000000000009 230.50000000000003 17.848352050781276 4.5591822915997833 5.0120914293231902
decision_type=2 2 2 2 2 2 2 2 2 2 2 2 2 2
left_child=1 2 -1 -2 -5 -6 7 -7 -8 10 -10 -12 -11 -14
right_child=3 -3 -4 4 5 6 8 -9 9 12 11 -13 13 -15
leaf_value=-0.00044484126186648083 -0.00054191944776559129 0.0010876658856432187 0.00063956722355214886 0.00056847777923394469 -0.00082963500128244052 0.0014725595195704956 -0.00080698757450156113 -0.00035693643562909635 0.00013736606944197169 0.00075247339897032371 -0.00023157294751926155 -0.0016018748218711053 -0.0014298636089370121 0.00014969794183192185
leaf_weight=84 72 30 54 46 34 38 44 34 124 62 36 34 30 334
leaf_count=84 72 30 54 46 34 38 44 34 124 62 36 34 30 334
internal_value=2.03783e-06 0.000190381 -1.74327e-05 -3.39424e-05 1.20946e-05 -2.25306e-05 1.69015e-05 0.000622333 -5.04195e-05 5.69458e-06 -0.000250812 -0.000923156 0.000123134 1.24122e-05
internal_weight=1056 168 138 888 816 770 736 72 664 620 194 70 426 364
internal_count=1056 168 138 888 816 770 736 72 664 620 194 70 426 364
is_linear=0
shrinkage=0.035


Tree=235
num_leaves=15
num_cat=0
split_feature=0 0 1 14 2 2 0 0 1 5 2 0 5 5
split_gain=0.00554228 0.0301027 0.0261084 0.0403364 0.0186159 0.0285585 0.0281401 0.0262317 0.0273207 0.0244306 0.0225708 0.0510753 0.0188799 0.0531905
threshold=-9.8958050537109337 -9.1272839355468722 -5.9568359374999993 16.500000000000004 9.6702697208257629 9.2123810299665738 -7.573590087890623 9.3699267578125021 -4.900080566406249 6.1931722120904453 8.2445205240322679 6.5768981933593773 3.6064620874712814 3.8792359332190602
decision_type=2 2 2 2 2 2 2 2 2 2 2 2 2 2
left_child=2 -2 -1 -4 5 6 -3 8 -6 10 11 12 -8 -14
right_child=1 4 3 -5 7 -7 9 -9 -10 -11 -12 -13 13 -15
leaf_value=0.00061717899526474444 0.00083164738739099084 -0.00093700437446578267 0.00010362033492128831 -0.0014820381499970718 -0.00017667811973403922 0.00085508421878039375 -0.00011742567015043431 8.0652139098246538e-05 -0.0016354392373614248 0.00090398730273208417 0.00075644044781008485 -0.0012420864395486812 0.0014429751616553404 2.3702738311643575e-06
leaf_weight=30 52 36 46 32 32 48 382 66 30 36 42 40 38 146
leaf_count=30 52 36 46 32 32 48 382 66 30 36 42 40 38 146
internal_value=1.87151e-06 2.91009e-05 -0.000233325 -0.000567694 -1.92239e-05 4.62255e-05 -9.91766e-06 -0.000406591 -0.00091158 4.14659e-05 -9.086e-06 -6.44561e-05 2.28492e-05 0.000312203
internal_weight=1056 948 108 78 896 768 720 128 62 684 648 606 566 184
internal_count=1056 948 108 78 896 768 720 128 62 684 648 606 566 184
is_linear=0
shrinkage=0.035


Tree=236
num_leaves=15
num_cat=0
split_feature=4 4 6 5 9 6 6 4 14 14 0 6 14 1
split_gain=0.00578179 0.0199085 0.0172303 0.0118643 0.0147931 0.0321388 0.033465 0.0299716 0.050156 0.035717 0.0617424 0.0485756 0.0343866 0.0327051
threshold=2.1786743164062505 1.7839965820312502 19.968591308593805 9.9445691596651216 7.5000000000000009 31.154895019531271 28.414001464843782 0.97827575683593759 230.50000000000003 224.50000000000003 -8.7979418945312489 17.767199707031299 231.50000000000003 -0.085264892578124932
decision_type=2 2 2 2 2 2 2 2 2 2 2 2 2 2
left_child=1 3 -2 4 -1 6 7 9 -9 11 -11 -6 -12 -14
right_child=2 -3 -4 -5 5 -7 -8 8 -10 10 12 -13 13 -15
leaf_value=0.0003160000217882576 0.00030710620555206942 0.00073627308284377932 -0.00070951034348884924 -0.0006326216257164359 -1.5615428463694078e-05 -0.00081416830875006728 0.00092988654343492314 0.00018980777906836012 -0.0015995726557938678 -0.00062979193753562876 0.0017518494667456254 -0.0012177595450642306 0.00097040219641860109 -9.8527272626490556e-05
leaf_weight=162 34 44 46 34 290 60 44 38 36 54 30 46 72 66
leaf_count=162 34 44 46 34 290 60 44 38 36 54 30 46 72 66
internal_value=1.80623e-06 2.5472e-05 -0.000280496 -9.58983e-06 1.53528e-05 -5.14994e-05 1.83951e-05 -4.77963e-05 -0.000699887 4.08725e-05 0.000383485 -0.000186427 0.000712759 0.000465071
internal_weight=1056 976 80 932 898 736 676 632 74 558 222 336 168 138
internal_count=1056 976 80 932 898 736 676 632 74 558 222 336 168 138
is_linear=0
shrinkage=0.035


Tree=237
num_leaves=15
num_cat=0
split_feature=3 5 9 5 3 5 14 2 2 2 0 2 0 5
split_gain=0.00580411 0.0124545 0.0406047 0.0331419 0.0156726 0.0200851 0.0246291 0.0143507 0.0222496 0.0214058 0.0258864 0.020826 0.0489401 0.0205973
threshold=-8.1217163085937489 8.3509648833353811 7.5000000000000009 9.2004549635350106 6.104230957031251 7.4628794951405917 6.5000000000000009 10.146801411221455 9.6702697208257629 9.1817690459532262 -7.573590087890623 8.2445205240322679 6.5768981933593773 3.6064620874712814
decision_type=2 2 2 2 2 2 2 2 2 2 2 2 2 2
left_child=-1 4 -3 -4 5 6 -2 8 9 10 -8 12 13 -12
right_child=1 2 3 -5 -6 -7 7 -9 -10 -11 11 -13 -14 -15
leaf_value=0.0004264394684210665 -0.00089799214302911439 -0.0014140481237700443 -0.00063482429672914915 0.0008473909444486103 0.00061678672520569164 0.00065839166008607633 -0.0010097033955389634 0.0006066131589151073 -0.00078945854218150297 0.00086190195377318618 -0.00010885980691010328 0.00074525133182760332 -0.0011956767605928085 0.0003414797676862478
leaf_weight=36 38 30 36 34 50 50 30 42 44 32 366 42 40 186
leaf_count=36 38 30 36 34 50 50 30 42 44 32 366 42 40 186
internal_value=1.70885e-06 -1.40868e-05 -0.000381047 8.86493e-05 2.65402e-05 -8.71887e-06 -5.08993e-05 -7.55043e-06 -4.39495e-05 5.30742e-06 -3.84386e-05 1.0551e-05 -4.39068e-05 4.357e-05
internal_weight=1056 1020 100 70 920 870 820 782 740 696 664 634 592 552
internal_count=1056 1020 100 70 920 870 820 782 740 696 664 634 592 552
is_linear=0
shrinkage=0.035


Tree=238
num_leaves=15
num_cat=0
split_feature=5 5 5 9 6 6 14 14 5 14 12 9 12 14
split_gain=0.00583351 0.030055 0.0227631 0.0185127 0.0127466 0.0233253 0.00980567 0.0361054 0.0456361 0.0241924 0.0520862 0.0385031 0.033561 0.0383059
threshold=2.4304416892019098 2.1100928574269608 2.6876273534776476 28.500000000000004 2.3065039062500152 23.350524902343782 251.50000000000003 244.50000000000003 8.239219963309365 231.50000000000003 8.5000000000000018 9.5000000000000018 19.500000000000004 224.50000000000003
decision_type=2 2 2 2 2 2 2 2 2 2 2 2 2 2
left_child=1 3 -2 4 -1 -6 7 9 -9 12 -11 -12 13 -4
right_child=2 -3 6 -5 5 -7 -8 8 -10 10 11 -13 -14 -15
leaf_value=0.00083798161993399857 -0.00087368331884423063 0.0011203389203942875 4.9168708968599899e-05 -0.00052453084840792523 -0.0006591600085855189 0.00065741725542466166 -0.00027748929211632528 0.001550521796598332 -7.7564387492285198e-05 -0.0014790329395327718 -0.00076226002122792942 0.00081566251428012043 -0.00056860873572965598 0.000964798709841985
leaf_weight=30 36 32 370 56 32 30 128 40 42 40 34 38 84 64
leaf_count=30 36 32 370 56 32 30 128 40 42 40 34 38 84 64
internal_value=1.58643e-06 0.000181923 -3.57991e-05 -3.32098e-05 0.000270652 -2.14701e-05 2.10018e-06 5.29999e-05 0.000734632 -3.77644e-05 -0.000499423 7.00695e-05 6.35906e-05 0.000187999
internal_weight=1056 180 876 148 92 62 840 712 82 630 112 72 518 434
internal_count=1056 180 876 148 92 62 840 712 82 630 112 72 518 434
is_linear=0
shrinkage=0.035


Tree=239
num_leaves=15
num_cat=0
split_feature=4 4 12 12 1 3 0 14 6 1 0 1 2 0
split_gain=0.00600888 0.0186564 0.0162042 0.0116922 0.0172864 0.0193027 0.0634164 0.0647215 0.0346705 0.0390599 0.0234675 0.0153287 0.0330808 0.0439911
threshold=2.1786743164062505 1.7839965820312502 13.500000000000002 21.500000000000004 1.1561633300781253 4.7901159667968765 4.7611389160156259 224.50000000000003 28.489849853515668 -1.3706701660156246 3.7544836425781249 -4.8155035400390611 10.396420969439424 -8.7979418945312489
decision_type=2 2 2 2 2 2 2 2 2 2 2 2 2 2
left_child=1 3 -2 4 5 6 10 -8 -7 -10 11 -1 13 -13
right_child=2 -3 -4 -5 -6 8 7 -9 9 -11 -12 12 -14 -15
leaf_value=-0.00033935544191351631 0.00025760164539525779 0.00071379441013762158 -0.00072300221636871129 0.0004483950921667202 -0.00053892438476069431 -0.0011834199360402473 -0.00014159509668388638 0.0020001015611487674 -0.00092422832563897838 0.00062998171081814626 -0.00090122931303792742 -0.0010919249962607865 0.0010012852959967544 0.00012895861175422853
leaf_weight=114 36 44 44 62 76 42 30 38 30 50 34 38 44 374
leaf_count=114 36 44 44 62 76 42 30 38 30 50 34 38 44 374
internal_value=1.58209e-06 2.57087e-05 -0.00028621 -8.23496e-06 -4.17302e-05 7.09467e-06 8.09111e-05 0.00107819 -0.000394248 3.88261e-05 -3.45527e-05 2.01142e-05 0.000111071 1.16218e-05
internal_weight=1056 976 80 932 870 794 672 68 122 80 604 570 456 412
internal_count=1056 976 80 932 870 794 672 68 122 80 604 570 456 412
is_linear=0
shrinkage=0.035


Tree=240
num_leaves=15
num_cat=0
split_feature=6 6 6 12 9 2 6 4 1 1 0 5 12 1
split_gain=0.00567334 0.0396422 0.0312275 0.023557 0.0277212 0.0216316 0.0334569 0.0492265 0.0540222 0.02915 0.0230965 0.0151355 0.0237645 0.0255949
threshold=21.62699584960939 23.050061035156293 20.713293457031288 10.500000000000002 43.500000000000007 10.146801411221455 28.414001464843782 -1.2698767089843748 -0.82602539062499991 1.3625976562500002 3.4718469238281249 1.4362618689157067 7.5000000000000009 -4.7285971069335933
decision_type=2 2 2 2 2 2 2 2 2 2 2 2 2 2
left_child=2 -2 11 4 -3 6 9 -8 -9 -5 -10 -1 13 -13
right_child=1 3 -4 5 -6 -7 7 8 10 -11 -12 12 -14 -15
leaf_value=0.00061959523388751506 -0.00098488714222589322 0.0010431459922200213 0.0010967064433669508 -0.0010824804844160099 -0.00027761480896856485 -0.00089898739540091672 -0.00073023691842344742 0.0019390704094257674 -0.00051830995560521844 0.00019473939220188187 0.00074477477727486992 0.00039008673349464387 0.00015382722495263344 -0.00046827785741998106
leaf_weight=44 52 50 32 48 30 36 36 30 30 38 38 52 336 204
leaf_count=44 52 50 32 48 30 36 36 30 30 38 38 52 336 204
internal_value=1.48281e-06 -0.00010465 6.32574e-05 3.65984e-05 0.00055317 -0.000127867 5.27871e-06 0.000349311 0.000752553 -0.000526528 0.000188644 7.985e-06 -3.94056e-05 -0.00029225
internal_weight=1056 388 668 336 80 256 220 134 98 86 68 636 592 256
internal_count=1056 388 668 336 80 256 220 134 98 86 68 636 592 256
is_linear=0
shrinkage=0.035


Tree=241
num_leaves=15
num_cat=0
split_feature=4 4 6 5 9 6 6 4 14 4 6 1 6 6
split_gain=0.00542663 0.0174986 0.0159312 0.011068 0.0138709 0.0302138 0.0294969 0.026502 0.0449575 0.0357512 0.0263459 0.0232471 0.0320801 0.0224415
threshold=2.1786743164062505 1.7839965820312502 19.968591308593805 9.9445691596651216 7.5000000000000009 31.154895019531271 28.414001464843782 0.97827575683593759 230.50000000000003 0.60371948242187512 33.524414062500036 -4.900080566406249 -0.6509277343749601 -8.8124609374999618
decision_type=2 2 2 2 2 2 2 2 2 2 2 2 2 2
left_child=1 3 -2 4 10 6 7 9 -9 11 -1 12 -6 -13
right_child=2 -3 -4 -5 5 -7 -8 8 -10 -11 -12 13 -14 -15
leaf_value=8.699099111118583e-05 0.00029312252839897864 0.00069083348807433384 -0.0006844776880461723 -0.00061019292230614364 -0.00016994713653366493 -0.00078855616180413979 0.00087442926085635054 0.000185409601777792 -0.0015084702620209245 0.00097476000078882948 0.0012079726579759154 -0.00082239400756617008 0.0012802407021970592 -4.825999464411709e-05
leaf_weight=132 34 44 46 34 38 60 44 38 36 44 30 50 34 392
leaf_count=132 34 44 46 34 38 60 44 38 36 44 30 50 34 392
internal_value=1.51171e-06 2.44396e-05 -0.000271982 -8.43301e-06 1.56561e-05 -4.90805e-05 1.86859e-05 -4.34616e-05 -0.000656651 3.99122e-05 0.00030678 -4.35817e-05 0.000530956 -0.000139142
internal_weight=1056 976 80 932 898 736 676 632 74 558 162 514 72 442
internal_count=1056 976 80 932 898 736 676 632 74 558 162 514 72 442
is_linear=0
shrinkage=0.035


Tree=242
num_leaves=15
num_cat=0
split_feature=6 4 14 12 6 6 14 3 6 9 3 5 12 6
split_gain=0.00537616 0.0380313 0.0449548 0.048334 0.0413088 0.040748 0.0350654 0.0349704 0.0290042 0.0219166 0.0191973 0.0142695 0.0217641 0.0245871
threshold=21.62699584960939 -3.6601348876953121 251.50000000000003 10.500000000000002 27.838793945312521 30.971118164062549 223.50000000000003 2.7873400878906254 20.713293457031288 25.500000000000004 2.9005383300781253 1.4362618689157067 7.5000000000000009 16.742321777343793
decision_type=2 2 2 2 2 2 2 2 2 2 2 2 2 2
left_child=8 -2 3 7 10 -6 -7 -3 11 -8 -5 -1 -13 -14
right_child=1 2 -4 4 5 6 9 -9 -10 -11 -12 12 13 -15
leaf_value=0.00060223943098326748 -0.0012578343513814617 0.0016336277729255687 -0.0010470274219121414 -0.000125108015636215 0.0011554635656405784 0.00070028839718648485 4.4046983485586113e-05 0.00024715768667098523 0.0010576387068003362 -0.0012510250745639069 -0.0011760688304435463 -0.00027959960289081209 4.7142104799812631e-05 0.0010399640929159325
leaf_weight=44 30 36 42 38 40 36 30 56 32 32 48 256 304 32
leaf_count=44 30 36 42 38 40 36 30 56 32 32 48 256 304 32
internal_value=1.52241e-06 -0.000101794 1.53087e-06 0.000146605 -0.000131826 0.000242965 -0.000145144 0.000812904 6.16572e-05 -0.000642584 -0.000725088 8.38649e-06 -3.76304e-05 0.000147291
internal_weight=1056 388 358 316 224 138 98 92 668 62 86 636 592 336
internal_count=1056 388 358 316 224 138 98 92 668 62 86 636 592 336
is_linear=0
shrinkage=0.035


Tree=243
num_leaves=15
num_cat=0
split_feature=14 12 9 9 5 6 1 3 14 3 3 0 3 0
split_gain=0.00534451 0.029132 0.0277116 0.0362668 0.0368901 0.0189343 0.0185646 0.0176907 0.0224282 0.0158736 0.0305762 0.0333714 0.0306502 0.0331746
threshold=244.50000000000003 2.5000000000000004 26.500000000000004 42.500000000000007 5.6713284405899751 11.621181640625055 -0.19066894531249992 4.9468554687500008 223.50000000000003 4.5495703125000011 3.8714263916015628 5.9278283691406264 2.9466650390625007 3.6700170898437503
decision_type=2 2 2 2 2 2 2 2 2 2 2 2 2 2
left_child=7 -2 5 4 -4 -3 -7 9 -9 10 11 12 13 -1
right_child=1 2 3 -5 -6 6 -8 8 -10 -11 -12 -13 -14 -15
leaf_value=-1.733301723441783e-05 -0.00076068614655492933 0.00047741237016769291 0.0017572178131972165 -0.00033206820586201508 0.00023170957910463729 9.2013487010262902e-05 -0.00099937520389933843 6.3496768309146559e-05 -0.0011522613163603972 0.00077122733400756269 -0.00099134397561245259 0.001132211271324195 -0.0007653580149992429 0.0010531796670473247
leaf_weight=530 36 44 42 30 36 40 34 36 36 30 36 30 60 36
leaf_count=530 36 44 42 30 36 40 34 36 36 30 36 30 60 36
internal_value=1.56115e-06 0.000138024 0.000286598 0.000686331 0.00107653 -8.45998e-05 -0.000422539 -4.37018e-05 -0.000559095 9.09728e-06 -2.60704e-05 2.97541e-05 -2.65168e-05 5.42248e-05
internal_weight=1056 262 226 108 78 118 74 794 72 722 692 656 626 566
internal_count=1056 262 226 108 78 118 74 794 72 722 692 656 626 566
is_linear=0
shrinkage=0.035


Tree=244
num_leaves=15
num_cat=0
split_feature=0 0 1 1 2 4 0 1 9 2 1 6 1 12
split_gain=0.00528055 0.0283546 0.024853 0.0371249 0.0147239 0.0266526 0.0233115 0.0233679 0.012809 0.0501815 0.0203931 0.014774 0.0367357 0.0564828
threshold=-9.8958050537109337 -9.1272839355468722 -5.9568359374999993 -4.8155035400390611 9.6702697208257629 -2.9290539550781243 9.3699267578125021 -4.900080566406249 7.5000000000000009 6.9260599967229277 -3.6536511230468744 19.401159667968788 -1.5054248046874998 5.5000000000000009
decision_type=2 2 2 2 2 2 2 2 2 2 2 2 2 2
left_child=2 -2 -1 -4 5 -3 7 -6 9 -7 -10 -12 -13 -14
right_child=1 4 3 -5 6 8 -8 -9 10 -11 11 12 13 -15
leaf_value=0.00060178504829309541 0.00080701953082569641 0.0010283176420080055 -0.0012038861986666631 0.00030661407211179421 -0.00015996596728013281 -0.00011970154993005882 9.551043627331691e-05 -0.0015088078880944524 -0.00087587054670924174 0.0014662273200776647 -0.00021213515900881524 0.0011629466989573926 0.00075846591047931818 -0.00030944472927304449
leaf_weight=30 52 30 44 34 32 86 66 30 34 32 262 36 84 204
leaf_count=30 52 30 44 34 32 86 66 30 34 32 262 36 84 204
internal_value=1.54357e-06 2.81228e-05 -0.000228032 -0.000554258 -1.87778e-05 3.94332e-05 -0.000363277 -0.000839386 -3.43595e-06 0.00032765 -6.73e-05 -1.75668e-05 0.000140106 5.11191e-06
internal_weight=1056 948 108 78 896 768 128 62 738 118 620 586 324 288
internal_count=1056 948 108 78 896 768 128 62 738 118 620 586 324 288
is_linear=0
shrinkage=0.035


Tree=245
num_leaves=15
num_cat=0
split_feature=0 6 9 3 0 9 9 0 6 12 5 5 6 3
split_gain=0.00531859 0.0241014 0.058846 0.0337021 0.017867 0.0116938 0.024835 0.0221507 0.0305055 0.030466 0.0335284 0.0259086 0.025976 0.0246154
threshold=7.0042211914062511 19.552307128906282 36.500000000000007 6.7144641113281258 6.3736755371093761 8.5000000000000018 3.5000000000000004 3.8202893066406252 26.633569335937555 5.5000000000000009 6.006336267938468 2.931476534325745 -0.48882812499999767 3.3318981933593759
decision_type=2 2 2 2 2 2 2 2 2 2 2 2 2 2
left_child=4 -2 3 -3 5 6 -1 8 9 10 11 -7 -13 -9
right_child=1 2 -4 -5 -6 7 -8 13 -10 -11 -12 12 -14 -15
leaf_value=-0.00013994661403656308 -0.00077263284052605749 -0.001266944434960351 0.0013921020460111323 0.00016143696178914981 0.00082273014167131978 9.6476317258373682e-05 0.00080436712160917526 -0.00089782859817205468 0.00083385318573736761 -0.00022511104195058985 -0.00049352498077180076 0.00025446678817388603 0.0016228068050986623 5.1979434647364546e-05
leaf_weight=72 54 30 30 54 32 66 62 70 52 358 44 30 40 62
leaf_count=72 54 30 30 54 32 66 62 70 52 358 44 30 40 62
internal_value=1.61109e-06 -0.000177776 0.000112461 -0.000366299 3.58724e-05 4.60796e-06 0.000302378 -5.13395e-05 4.07891e-05 -3.86684e-05 0.000330544 0.000600444 0.00105973 -0.000457589
internal_weight=1056 168 114 84 888 856 134 722 590 538 180 136 70 132
internal_count=1056 168 114 84 888 856 134 722 590 538 180 136 70 132
is_linear=0
shrinkage=0.035


Tree=246
num_leaves=15
num_cat=0
split_feature=6 6 6 1 1 14 14 9 12 9 1 5 1 4
split_gain=0.00558092 0.0368277 0.0256955 0.0204955 0.037939 0.0190201 0.0476187 0.0261902 0.0230912 0.0253819 0.0208915 0.0136108 0.0207809 0.034646
threshold=21.62699584960939 23.050061035156293 20.713293457031288 -3.456898193359375 -2.0487084960937496 227.50000000000003 220.50000000000003 22.500000000000004 15.500000000000002 28.500000000000004 -0.085264892578124932 1.4362618689157067 -3.456898193359375 -2.1520373535156243
decision_type=2 2 2 2 2 2 2 2 2 2 2 2 2 2
left_child=2 -2 11 -3 -5 6 -6 -8 10 -10 -7 -1 13 -13
right_child=1 3 -4 4 5 8 7 -9 9 -11 -12 12 -14 -15
leaf_value=0.00059279096908816751 -0.00095197298908951118 -0.00073370095019192005 0.0010004269175217762 0.0012683026092054207 -0.0005329523211011016 0.00054262159872450874 0.0016582426311651944 0.00026425514968363324 -0.0014604108267303674 -8.190888378723887e-05 -0.00047687385858311747 3.6718884521878169e-05 -0.00020410815988896049 0.0011872884522094148
leaf_weight=44 52 36 32 30 44 54 30 36 30 34 42 206 350 36
leaf_count=44 52 36 32 30 44 54 30 36 30 34 42 206 350 36
internal_value=1.70318e-06 -0.000103562 6.29721e-05 3.25952e-05 0.000128801 -6.20534e-06 0.00034455 0.000928021 -0.000248627 -0.000752756 9.59629e-05 1.28163e-05 -3.21407e-05 0.000216207
internal_weight=1056 388 668 336 300 270 110 66 160 64 96 636 592 242
internal_count=1056 388 668 336 300 270 110 66 160 64 96 636 592 242
is_linear=0
shrinkage=0.035


Tree=247
num_leaves=15
num_cat=0
split_feature=6 14 4 12 4 5 4 14 14 6 12 5 12 2
split_gain=0.00522063 0.0352942 0.0432046 0.0436913 0.0353874 0.0442586 0.0334531 0.0411691 0.033369 0.0240229 0.014758 0.0127076 0.0201102 0.024103
threshold=21.62699584960939 251.50000000000003 -3.6601348876953121 10.500000000000002 -0.65274169921874969 6.1931722120904453 -0.15352172851562498 227.50000000000003 224.50000000000003 20.713293457031288 15.500000000000002 1.4362618689157067 7.5000000000000009 10.087883450980362
decision_type=2 2 2 2 2 2 2 2 2 2 2 2 2 2
left_child=9 2 -2 8 5 -5 -6 -8 -4 11 -9 -1 13 -13
right_child=1 -3 3 4 6 -7 7 10 -10 -11 -12 12 -14 -15
leaf_value=0.00057294534116922682 -0.0012073659537963977 -0.0010337180535928137 8.6972484132275e-06 -0.00021606706976181949 -0.0013980859985595624 0.0014863458604668269 0.00093230549457075547 -5.3822457921341997e-06 0.0013428911212961087 0.00096747167258734099 -0.00091308983733492477 -0.00046249300896230737 0.00014683994258535334 0.00030609959662850842
leaf_weight=44 30 42 40 44 32 30 30 38 52 32 50 190 336 66
leaf_count=44 30 42 40 44 32 30 30 38 52 32 50 190 336 66
internal_value=1.78309e-06 -0.000100028 1.85993e-05 0.00014185 -0.00012289 0.000495052 -0.000430244 -0.000148852 0.000775334 6.10411e-05 -0.000529955 1.25447e-05 -3.08956e-05 -0.000263503
internal_weight=1056 388 346 316 224 74 150 118 92 668 88 636 592 256
internal_count=1056 388 346 316 224 74 150 118 92 668 88 636 592 256
is_linear=0
shrinkage=0.035


Tree=248
num_leaves=15
num_cat=0
split_feature=6 6 9 1 6 12 9 9 2 3 6 1 1 4
split_gain=0.0054503 0.00944396 0.0354162 0.0210073 0.0151966 0.034707 0.0733332 0.0404762 0.031794 0.0382908 0.0224645 0.0122453 0.0387023 0.0326045
threshold=34.138171386718803 28.414001464843782 27.500000000000004 -1.0779211425781248 21.62699584960939 6.5000000000000009 34.500000000000007 8.5000000000000018 5.7576172909013854 2.7873400878906254 20.713293457031288 -3.456898193359375 -2.8694750976562493 -2.1520373535156243
decision_type=2 2 2 2 2 2 2 2 2 2 2 2 2 2
left_child=1 4 3 -3 10 -6 7 -7 9 -9 11 13 -13 -1
right_child=-2 2 -4 -5 5 6 -8 8 -10 -11 -12 12 -14 -15
leaf_value=3.3073178316884038e-05 -0.00038897588113589646 -0.00078296562815214417 0.0010536314679241818 0.00030924704203412321 0.00063178135974643142 -0.0010664409014862033 -0.001767251440129864 0.00055715069989673797 0.0011864661949221047 -0.0010505792462527099 0.00093560201338464951 -0.0011700807321252987 4.6585583121567554e-06 0.0011491995413885699
leaf_weight=206 40 34 46 52 40 36 40 40 30 30 32 36 358 36
leaf_count=206 40 34 46 52 40 36 40 40 30 30 32 36 358 36
internal_value=1.75558e-06 1.78727e-05 0.000291693 -0.000130539 -2.35807e-05 -0.000277366 -0.000488767 -9.258e-05 0.000272046 -0.00014192 5.90646e-05 1.21674e-05 -0.000108045 0.000207167
internal_weight=1056 1016 132 86 884 216 176 136 100 70 668 636 394 242
internal_count=1056 1016 132 86 884 216 176 136 100 70 668 636 394 242
is_linear=0
shrinkage=0.035


Tree=249
num_leaves=15
num_cat=0
split_feature=14 14 1 9 6 2 9 3 14 14 12 9 12 6
split_gain=0.00539991 0.0287589 0.0466672 0.0367998 0.0353367 0.0466652 0.06556 0.0164131 0.0182315 0.0146024 0.0622622 0.0402227 0.0183643 0.0397544
threshold=244.50000000000003 251.50000000000003 -0.19066894531249992 26.500000000000004 21.62699584960939 9.7471732038036905 17.500000000000004 4.9468554687500008 223.50000000000003 231.50000000000003 8.5000000000000018 9.5000000000000018 3.5000000000000004 -0.48882812499999767
decision_type=2 2 2 2 2 2 2 2 2 2 2 2 2 2
left_child=7 2 -2 -4 5 6 -3 9 -9 12 -11 -12 13 -1
right_child=1 4 3 -5 -6 -7 -8 8 -10 10 11 -13 -14 -15
leaf_value=-0.00021670854581170716 0.0016168797683955443 -0.00036788588001703226 -0.00082133693646028409 0.00083236564841011873 -0.00099296006841045306 -0.00076659633751577621 0.0015749916168120268 2.2903814556469263e-05 -0.0010749881445601781 -0.0012108684910344893 -0.00058522027454968996 0.0010210340718152691 -7.9251164451336321e-06 0.0011599936816276536
leaf_weight=48 34 40 30 32 42 42 42 36 36 54 32 42 494 52
leaf_count=48 34 40 30 32 42 42 42 36 36 54 32 42 494 52
internal_value=1.66995e-06 0.000138838 0.000614544 3.15258e-05 -0.00014031 0.000159668 0.000641053 -4.38272e-05 -0.00054026 7.03418e-06 -0.000329082 0.000329316 8.03245e-05 0.000507885
internal_weight=1056 262 96 62 166 124 82 794 72 722 128 74 594 100
internal_count=1056 262 96 62 166 124 82 794 72 722 128 74 594 100
is_linear=0
shrinkage=0.035


Tree=250
num_leaves=15
num_cat=0
split_feature=3 3 3 5 3 14 4 2 6 2 4 4 2 2
split_gain=0.00560631 0.025269 0.0275331 0.0087317 0.036214 0.0249802 0.0210463 0.0239813 0.0112219 0.0219828 0.0162461 0.02699 0.0236606 0.0367661
threshold=8.0567993164062521 6.104230957031251 5.1969824218750009 7.4628794951405917 -6.9397595214843744 6.5000000000000009 -3.8836267089843743 12.828976214164005 -8.8124609374999618 10.146801411221455 -1.9468054199218747 -2.5959179687499998 8.2445205240322679 7.2484390154821039
decision_type=2 2 2 2 2 2 2 2 2 2 2 2 2 2
left_child=1 2 3 5 6 -1 7 -5 -7 10 11 -10 13 -12
right_child=-2 -3 -4 4 -6 8 -8 -9 9 -11 12 -13 -14 -15
leaf_value=-0.00087774467101189662 -0.00033293928346869636 0.00082226284410116151 -0.00099570003505933171 -0.0010758697126327795 0.0013068913293022889 -0.00045721056987531485 0.00058568508259486407 0.00026749108918011193 3.5422497152467266e-05 0.00085444493408431304 0.00010058250879580549 -0.0012053709699060113 0.00085852526102826244 -0.00095542545229281223
leaf_weight=38 56 44 32 32 30 54 38 30 58 38 490 32 42 42
leaf_count=38 56 44 32 32 30 54 38 30 58 38 490 32 42 42
internal_value=1.62365e-06 2.09863e-05 -1.75321e-05 1.84212e-05 0.000282031 -2.53393e-05 -4.5024e-05 -0.00043781 1.97094e-05 5.75902e-05 9.55814e-06 -0.000422362 7.85121e-05 1.39473e-05
internal_weight=1056 1000 956 924 130 794 100 62 756 702 664 90 574 532
internal_count=1056 1000 956 924 130 794 100 62 756 702 664 90 574 532
is_linear=0
shrinkage=0.035


Tree=251
num_leaves=15
num_cat=0
split_feature=0 6 9 1 0 9 9 0 3 1 12 6 6 6
split_gain=0.00525001 0.0211923 0.0524339 0.0291177 0.0172567 0.0121031 0.0228397 0.0193743 0.0272213 0.0334331 0.0432631 0.0315134 0.0375273 0.0352442
threshold=7.0042211914062511 19.552307128906282 36.500000000000007 -0.82602539062499991 6.3736755371093761 8.5000000000000018 3.5000000000000004 3.8202893066406252 1.16421630859375 -0.10350036621093749 4.5000000000000009 19.622485351562549 -0.48882812499999767 23.913159179687515
decision_type=2 2 2 2 2 2 2 2 2 2 2 2 2 2
left_child=4 -2 3 -3 5 6 -1 8 11 -10 -11 12 -7 -13
right_child=1 2 -4 -5 -6 7 -8 -9 9 10 -12 13 -14 -15
leaf_value=-0.00011685163196415415 -0.0007344895467394963 0.00049708269238180947 0.0013036328733596748 -0.00083099420982762245 0.00080883820561746911 -0.00025751405490154867 0.0007890705800446086 -0.00043204214857628842 0.0014215933755793446 0.0012158490357978735 -0.00033145962608008023 -0.0013286451033006114 0.000447214933255627 9.3491251987870786e-05
leaf_weight=72 54 30 30 54 32 214 62 132 32 30 70 46 160 38
leaf_count=72 54 30 30 54 32 214 62 132 32 30 70 46 160 38
internal_value=1.4961e-06 -0.000176731 9.55795e-05 -0.000356152 3.5536e-05 4.80952e-06 0.000307746 -5.2109e-05 3.40654e-05 0.000472957 0.000147471 -9.39338e-05 4.47494e-05 -0.000698085
internal_weight=1056 168 114 84 888 856 134 722 590 132 100 458 374 84
internal_count=1056 168 114 84 888 856 134 722 590 132 100 458 374 84
is_linear=0
shrinkage=0.035


Tree=252
num_leaves=15
num_cat=0
split_feature=5 14 12 9 6 6 3 3 3 4 1 4 14 9
split_gain=0.00545557 0.00722761 0.0300205 0.0193253 0.0438916 0.0396233 0.0164957 0.0332969 0.0326916 0.0238102 0.023705 0.0233689 0.0221657 0.0182837
threshold=9.9445691596651216 244.50000000000003 2.5000000000000004 9.5000000000000018 21.62699584960939 17.496447753906299 4.061536865234376 3.5988659667968759 3.140958862304688 0.071798706054687467 1.4714013671875004 1.2214453125000002 223.50000000000003 44.500000000000007
decision_type=2 2 2 2 2 2 2 2 2 2 2 2 2 2
left_child=1 6 -3 -4 5 -5 7 8 10 12 13 -11 -8 -1
right_child=-2 2 3 4 -6 -7 9 -9 -10 11 -12 -13 -14 -15
leaf_value=-7.8962279416381031e-05 -0.0003711905316879933 -0.00071925435652175158 0.0010902846175465837 0.00017576667964106516 -0.00061451302663044786 0.0016281925248767949 -0.00012602892755239736 0.0011402013918632293 -0.00087573518699500714 0.00077760099637089305 0.00072827259928528987 -0.0005226871061636808 -0.0014078808561163514 0.00070027380872488725
leaf_weight=472 44 36 34 84 54 30 30 30 48 30 56 34 36 38
leaf_count=472 44 36 34 84 54 30 30 30 48 30 56 34 36 38
internal_value=1.61211e-06 1.85211e-05 0.00018635 0.000353214 0.000192973 0.000579466 -3.34324e-05 3.95082e-05 -1.77989e-05 -0.000389893 5.77863e-05 9.19166e-05 -0.000846065 -1.83929e-05
internal_weight=1056 1012 238 202 168 114 774 644 614 130 566 64 66 510
internal_count=1056 1012 238 202 168 114 774 644 614 130 566 64 66 510
is_linear=0
shrinkage=0.035


Tree=253
num_leaves=15
num_cat=0
split_feature=2 5 5 5 2 9 9 14 14 14 9 3 3 3
split_gain=0.00513843 0.0264795 0.0114473 0.0241286 0.0163352 0.0110587 0.0124455 0.0481955 0.0188184 0.0426692 0.0645604 0.0319294 0.0374758 0.050293
threshold=1.2438305977683608 1.5569756823207259 1.9598571922080108 2.2690773700049482 3.2777030126010636 45.500000000000007 39.500000000000007 231.50000000000003 251.50000000000003 238.50000000000003 25.500000000000004 2.9606372070312506 2.2160278320312505 -2.5087683105468748
decision_type=2 2 2 2 2 2 2 2 2 2 2 2 2 2
left_child=-1 -2 -3 -4 -5 6 8 -8 9 11 -11 12 13 -6
right_child=1 2 3 4 5 -7 7 -9 -10 10 -12 -13 -14 -15
leaf_value=-0.00032463643670780588 0.00092611977773853339 -0.00059549783253896752 0.00087296662643845935 -0.00064221222659107302 0.00019508968162376228 0.00062728212524876552 0.00035024945333134389 -0.0011328750370236007 -0.00038519849787255889 7.2502232001473511e-05 0.0019620357017023104 -0.00040598719631088905 0.0011344259703235532 -0.0012724150503072452
leaf_weight=54 36 38 36 48 268 32 54 50 108 58 34 168 42 30
leaf_count=54 36 38 36 48 268 32 54 50 108 58 34 168 42 30
internal_value=1.65654e-06 1.98528e-05 -1.57648e-05 9.20389e-06 -2.75314e-05 8.86229e-06 -1.69903e-05 -0.000370713 3.58668e-05 0.000112686 0.000797696 -1.40121e-05 0.000180911 3.98564e-05
internal_weight=1056 1002 966 928 892 844 812 104 708 600 92 508 340 298
internal_count=1056 1002 966 928 892 844 812 104 708 600 92 508 340 298
is_linear=0
shrinkage=0.035


Tree=254
num_leaves=15
num_cat=0
split_feature=5 9 6 6 6 6 1 6 1 14 3 4 14 4
split_gain=0.00528247 0.00709026 0.0250486 0.0243742 0.0240676 0.0226143 0.0180677 0.0285125 0.0232925 0.0168907 0.0541107 0.0393426 0.0499697 0.0364465
threshold=9.9445691596651216 7.5000000000000009 31.154895019531271 33.524414062500036 27.838793945312521 23.192272949218793 -4.900080566406249 -0.6509277343749601 -4.467105712890624 224.50000000000003 2.9606372070312506 0.97827575683593759 231.50000000000003 1.7839965820312502
decision_type=2 2 2 2 2 2 2 2 2 2 2 2 2 2
left_child=1 3 4 5 6 -1 7 -3 -8 10 -10 12 -11 -13
right_child=-2 2 -4 -5 -6 -7 8 -9 9 11 -12 13 -14 -15
leaf_value=0.00040464603682133801 -0.0003651508892032681 -0.00016550280425872189 -0.00070063605672687366 0.001094612405904627 0.00072937168282805954 -0.00048117683107604185 -0.00082416862261501002 0.0012014647164970585 -2.583455369151327e-05 0.0016029952014918979 -0.001412518787328736 -0.0011422925400653516 0.00018621884715685157 9.425605403852058e-05
leaf_weight=80 44 38 60 30 54 60 46 34 250 36 38 42 158 86
leaf_count=80 44 38 60 30 54 60 46 34 250 36 38 42 158 86
internal_value=1.68999e-06 1.83283e-05 -2.34487e-05 0.000223114 3.01643e-05 2.35775e-05 -2.35562e-05 0.000495035 -8.18065e-05 -2.33146e-05 -0.00021728 0.00015044 0.0004628 -0.000322818
internal_weight=1056 1012 842 170 782 140 728 72 656 610 288 322 194 128
internal_count=1056 1012 842 170 782 140 728 72 656 610 288 322 194 128
is_linear=0
shrinkage=0.035


Tree=255
num_leaves=15
num_cat=0
split_feature=3 3 3 5 3 5 4 2 2 2 1 6 1 0
split_gain=0.00519218 0.0243936 0.0253302 0.00738224 0.0347499 0.0241193 0.0212296 0.0162742 0.0196557 0.021402 0.0141493 0.0123089 0.0229281 0.0100733
threshold=8.0567993164062521 6.104230957031251 5.1969824218750009 7.4628794951405917 -7.0007629394531241 6.6800228100532104 -3.8836267089843743 10.087883450980362 9.6702697208257629 9.2123810299665738 -3.0360595703124997 29.506176757812543 -0.59299804687499991 6.1866674804687509
decision_type=2 2 2 2 2 2 2 2 2 2 2 2 2 2
left_child=1 2 3 5 6 7 -5 8 9 10 -1 13 -13 -12
right_child=-2 -3 -4 4 -6 -7 -8 -9 -10 -11 11 12 -14 -15
leaf_value=-0.00053152766220834259 -0.00032032528106356044 0.00080755231765341834 -0.00095578817321973701 -0.00050147431077251288 0.0011868188582593575 -0.00093540434588623397 0.00053977981758362157 0.0007658471987473176 -0.00081496185259311471 0.00090786996275710413 -8.6942163736302046e-05 0.0011577247124114366 -0.00012373878396924979 0.00033388591247075522
leaf_weight=58 56 44 32 58 34 32 38 32 34 30 462 30 36 80
leaf_count=58 56 44 32 58 34 32 38 32 34 30 462 30 36 80
internal_value=1.64382e-06 2.02775e-05 -1.75672e-05 1.69195e-05 0.000259305 -2.33176e-05 -8.67068e-05 1.73337e-05 -1.74807e-05 2.37003e-05 -1.87261e-05 3.17748e-05 0.000475663 -2.38282e-05
internal_weight=1056 1000 956 924 130 794 96 762 730 696 666 608 66 542
internal_count=1056 1000 956 924 130 794 96 762 730 696 666 608 66 542
is_linear=0
shrinkage=0.035


Tree=256
num_leaves=15
num_cat=0
split_feature=0 0 9 5 2 4 9 4 1 14 3 0 9 0
split_gain=0.00498074 0.0248277 0.0223394 0.0130523 0.0129669 0.022871 0.0204285 0.0361735 0.0493576 0.0120333 0.0364196 0.036516 0.0308266 0.0259209
threshold=-9.8958050537109337 -9.2298266601562506 32.500000000000007 8.9054185133819992 9.6702697208257629 -2.9290539550781243 6.5000000000000009 -1.9248181152343748 -4.900080566406249 220.50000000000003 3.0105322265625003 3.0294555664062504 4.5000000000000009 -2.0511364746093745
decision_type=2 2 2 2 2 2 2 2 2 2 2 2 2 2
left_child=2 -2 3 -1 5 -3 -6 8 -8 10 11 -7 -11 -14
right_child=1 4 -4 -5 6 9 7 -9 -10 12 -12 -13 13 -15
leaf_value=-0.00038191883300130847 0.00078661990815307955 0.0009567317528671993 -0.0010002681105197554 0.00050409985708897286 -0.0011041623289565906 -0.0001451383385483496 0.00036629172085667961 0.00068079451038846118 -0.0015900440974417054 0.00090219135383247503 -0.0009737156825758576 0.0011188187688003382 0.00080776883897752585 -9.5035143556528712e-05
leaf_weight=36 48 30 30 42 30 222 30 42 30 52 54 30 42 338
leaf_count=36 48 30 30 42 30 222 30 42 30 52 54 30 42 338
internal_value=1.68086e-06 2.74942e-05 -0.000221283 9.58435e-05 -1.46469e-05 4.06841e-05 -0.000332375 -8.85107e-05 -0.000631614 9.61281e-07 -0.000166353 1.29575e-05 0.000119696 8.45518e-06
internal_weight=1056 948 108 78 900 768 132 102 60 738 306 252 432 380
internal_count=1056 948 108 78 900 768 132 102 60 738 306 252 432 380
is_linear=0
shrinkage=0.035


Tree=257
num_leaves=15
num_cat=0
split_feature=5 14 12 9 6 6 3 0 3 0 4 4 1 14
split_gain=0.00498419 0.00650332 0.0271781 0.01763 0.0405882 0.035907 0.0141093 0.0312355 0.0250006 0.027868 0.0208752 0.0187322 0.0253009 0.017245
threshold=9.9445691596651216 244.50000000000003 2.5000000000000004 9.5000000000000018 21.62699584960939 17.496447753906299 3.8714263916015628 5.9278283691406264 2.9466650390625007 3.6700170898437503 1.1696789550781252 0.071798706054687467 1.6061743164062501 223.50000000000003
decision_type=2 2 2 2 2 2 2 2 2 2 2 2 2 2
left_child=1 6 -3 -4 5 -5 7 8 9 10 -1 13 -13 -8
right_child=-2 2 3 4 -6 -7 11 -9 -10 -11 -12 12 -14 -15
leaf_value=5.7869088204128318e-05 -0.00035465632571646461 -0.00068462490200641032 0.001039787355338275 0.00017009064182909857 -0.00059367975776694951 0.0015528225738944458 -0.00011224703681364191 0.0011041908382321709 -0.00068385449771378795 0.00097204862768290033 -0.00073937591887608353 0.00061730115752046315 -0.00068914512220999316 -0.0012305261299625273
leaf_weight=468 44 36 34 84 54 30 30 30 60 36 42 40 30 38
leaf_count=468 44 36 34 84 54 30 30 30 60 36 42 40 30 38
internal_value=1.67715e-06 1.78389e-05 0.000177036 0.000335806 0.000182777 0.000554467 -3.14433e-05 3.84622e-05 -1.77553e-05 5.76711e-05 -1.04181e-05 -0.000349564 5.38056e-05 -0.000754471
internal_weight=1056 1012 238 202 168 114 774 636 606 546 510 138 70 68
internal_count=1056 1012 238 202 168 114 774 636 606 546 510 138 70 68
is_linear=0
shrinkage=0.035


Tree=258
num_leaves=15
num_cat=0
split_feature=2 5 5 5 2 9 5 9 9 9 4 6 6 6
split_gain=0.00490683 0.0244157 0.0105645 0.0214446 0.0149963 0.0108061 0.0121042 0.0334711 0.0400104 0.0210276 0.0309147 0.0182408 0.014552 0.0172893
threshold=1.2438305977683608 1.5569756823207259 1.9598571922080108 2.2690773700049482 3.2777030126010636 45.500000000000007 8.3509648833353811 7.5000000000000009 29.500000000000004 7.5000000000000009 -0.65274169921874969 31.154895019531271 -8.8124609374999618 -5.0975683593749741
decision_type=2 2 2 2 2 2 2 2 2 2 2 2 2 2
left_child=-1 -2 -3 -4 -5 6 9 -8 -9 10 -6 12 -11 -14
right_child=1 2 3 4 5 -7 7 8 -10 11 -12 -13 13 -15
leaf_value=-0.00031720801729534287 0.0008896619759463265 -0.00057170499882340672 0.00082351631987349775 -0.0006143739856546745 0.0010417870856652936 0.00062075951214851416 -0.0013092291326029226 0.00049368453571250115 -0.0010143813903914635 -0.00053532513871754484 -0.00011800586369645316 -0.00076455519424052925 0.00078709800258940587 9.7426364424394597e-06
leaf_weight=54 36 38 36 48 56 32 30 64 30 52 54 38 36 452
leaf_count=54 36 38 36 48 56 32 30 64 30 52 54 38 36 452
internal_value=1.64663e-06 1.94281e-05 -1.47741e-05 9.21164e-06 -2.54215e-05 9.4467e-06 -1.61105e-05 -0.000331527 1.28099e-06 4.1534e-05 0.000480494 -4.33739e-05 1.00098e-05 7.00671e-05
internal_weight=1056 1002 966 928 892 844 812 124 94 688 110 578 540 488
internal_count=1056 1002 966 928 892 844 812 124 94 688 110 578 540 488
is_linear=0
shrinkage=0.035


Tree=259
num_leaves=15
num_cat=0
split_feature=2 5 5 5 2 9 9 14 14 14 9 3 3 3
split_gain=0.00458001 0.0228264 0.00987152 0.0200491 0.0140019 0.0101087 0.0114906 0.0452582 0.0177531 0.0382334 0.0600963 0.0256244 0.0334426 0.0460227
threshold=1.2438305977683608 1.5569756823207259 1.9598571922080108 2.2690773700049482 3.2777030126010636 45.500000000000007 39.500000000000007 231.50000000000003 251.50000000000003 238.50000000000003 27.500000000000004 2.9606372070312506 2.2160278320312505 -2.5087683105468748
decision_type=2 2 2 2 2 2 2 2 2 2 2 2 2 2
left_child=-1 -2 -3 -4 -5 6 8 -8 9 11 -11 12 13 -6
right_child=1 2 3 4 5 -7 7 -9 -10 10 -12 -13 -14 -15
leaf_value=-0.00030650223416159864 0.00086016264316736185 -0.00055269579967898608 0.0007962102395188261 -0.00059373102425015539 0.00017973706691528033 0.00060031095918555591 0.0003429960999892501 -0.0010941553717342548 -0.00037385518588052948 0.00011843161195770336 0.0019902243995602478 -0.00036136851860860863 0.0010651352830262279 -0.0012240726346499288
leaf_weight=54 36 38 36 48 268 32 54 50 108 62 30 168 42 30
leaf_count=54 36 38 36 48 268 32 54 50 108 62 30 168 42 30
internal_value=1.55072e-06 1.87299e-05 -1.43403e-05 8.84563e-06 -2.46416e-05 9.05082e-06 -1.56678e-05 -0.00035555 3.51193e-05 0.000109732 0.000758157 -1.02118e-05 0.0001644 3.11956e-05
internal_weight=1056 1002 966 928 892 844 812 104 708 600 92 508 340 298
internal_count=1056 1002 966 928 892 844 812 104 708 600 92 508 340 298
is_linear=0
shrinkage=0.035


Tree=260
num_leaves=15
num_cat=0
split_feature=0 0 1 14 2 9 5 9 0 6 1 9 4 2
split_gain=0.00472894 0.0229809 0.0221032 0.0354665 0.0132479 0.0199953 0.0137862 0.0237481 0.0118265 0.0403112 0.0169267 0.0244229 0.0304664 0.0287205
threshold=-9.8958050537109337 -9.1272839355468722 -5.9568359374999993 16.500000000000004 10.304540217413438 25.500000000000004 6.1931722120904453 23.500000000000004 6.5768981933593773 19.804882812500043 2.3428942871093752 9.5000000000000018 1.6932531738281253 4.7277073348031875
decision_type=2 2 2 2 2 2 2 2 2 2 2 2 2 2
left_child=2 -2 -1 -4 6 -6 8 -8 10 -10 11 13 -13 -3
right_child=1 4 3 -5 5 -7 7 -9 9 -11 -12 12 -14 -15
leaf_value=0.00056692049389312166 0.00072795861959565192 -9.1413687071602412e-05 0.00010583222757607776 -0.0013807133096099065 -0.0011219024419551716 7.6577171605190665e-05 0.0010136539412567138 -0.00011910632150829771 -0.001393878276940086 0.00019056046105526132 0.00070250726925830044 -4.7429160789368747e-05 -0.0010771995355600284 0.0010479030615757579
leaf_weight=30 52 56 46 32 30 36 42 46 30 50 40 480 36 50
leaf_count=30 52 56 46 32 30 36 42 46 30 50 40 480 36 50
internal_value=1.59217e-06 2.67446e-05 -0.000215662 -0.000523304 -1.54815e-05 -0.000485161 2.2943e-05 0.000432041 -2.66064e-05 -0.000423109 2.24395e-05 -2.34062e-05 -0.000123155 0.000455453
internal_weight=1056 948 108 78 896 66 830 88 742 80 662 622 516 106
internal_count=1056 948 108 78 896 66 830 88 742 80 662 622 516 106
is_linear=0
shrinkage=0.035


Tree=261
num_leaves=15
num_cat=0
split_feature=4 14 1 4 14 2 2 3 0 14 9 0 14 9
split_gain=0.00473534 0.0282005 0.0207051 0.0267347 0.0195803 0.0580937 0.0402653 0.0341587 0.038396 0.0298825 0.0420843 0.0252325 0.0542504 0.041631
threshold=-3.0280285644531246 220.50000000000003 -4.042467041015624 -2.3804833984374998 220.50000000000003 8.5326964557411333 7.7406013319623996 3.0105322265625003 3.0294555664062504 227.50000000000003 32.500000000000007 -2.0511364746093745 234.50000000000003 26.500000000000004
decision_type=2 2 2 2 2 2 2 2 2 2 2 2 2 2
left_child=1 -1 3 -2 5 6 7 8 -4 10 -6 -11 -13 -14
right_child=2 -3 4 -5 9 -7 -8 -9 -10 11 -12 12 13 -15
leaf_value=0.00011763563562426224 1.4203347805464135e-05 -0.00083250219371014595 -0.00027076396134716787 0.0013577221622836078 0.00012721828638556569 -0.0016511243159766311 0.00098469292696934559 -0.0012041006298233313 0.0010547058795691555 0.00059844820565194828 0.0017132217962944197 -0.0012228048900578871 -0.00028448923601706371 0.00054577004158135598
leaf_weight=130 42 52 162 30 58 30 36 36 30 68 30 46 186 120
leaf_count=130 42 52 162 30 58 30 36 36 30 68 30 46 186 120
internal_value=1.48353e-06 -0.000159931 3.53845e-05 0.000595568 -1.62628e-05 -0.000242663 -7.13992e-05 -0.000245263 -5.49211e-05 0.000115202 0.000693958 -8.77557e-06 -0.000128798 4.25324e-05
internal_weight=1056 182 874 72 802 294 264 228 192 508 88 420 352 306
internal_count=1056 182 874 72 802 294 264 228 192 508 88 420 352 306
is_linear=0
shrinkage=0.035


Tree=262
num_leaves=15
num_cat=0
split_feature=14 14 1 9 6 2 9 9 12 3 6 14 2 3
split_gain=0.00456906 0.0231104 0.0399659 0.0310928 0.0289301 0.0411452 0.0540794 0.0128787 0.0367083 0.0378895 0.0619831 0.0834573 0.0371697 0.0377561
threshold=244.50000000000003 251.50000000000003 -0.19066894531249992 26.500000000000004 21.62699584960939 9.7471732038036905 17.500000000000004 28.500000000000004 1.5000000000000002 4.3125854492187514 25.666259765625032 230.50000000000003 6.5287000521205965 -5.068864746093749
decision_type=2 2 2 2 2 2 2 2 2 2 2 2 2 2
left_child=7 2 -2 -4 5 6 -3 -1 -9 10 11 12 -10 -14
right_child=1 4 3 -5 -6 -7 -8 8 9 -11 -12 -13 13 -15
leaf_value=7.06495444902112e-05 0.0014816717222371763 -0.00031626558843224004 -0.00076848239116600336 0.0007515678917073221 -0.00089411511253935968 -0.00072095942605136028 0.0014488825543825939 0.00086870956719127101 -0.00062027665635419865 -0.0012454485676425976 0.0012704267025219452 -0.0018648274756330801 -9.0804289745089297e-05 0.0014039339090868453
leaf_weight=490 34 40 30 32 42 42 42 32 72 46 30 36 58 30
leaf_count=490 34 40 30 32 42 42 42 32 72 46 30 36 58 30
internal_value=1.50093e-06 0.000127676 0.000554103 1.50292e-05 -0.000122593 0.000148774 0.000600806 -4.03498e-05 -0.000218556 -0.000351877 -0.000160669 -0.000390335 -3.96472e-05 0.00043864
internal_weight=1056 262 96 62 166 124 82 794 304 272 226 196 160 88
internal_count=1056 262 96 62 166 124 82 794 304 272 226 196 160 88
is_linear=0
shrinkage=0.035


Tree=263
num_leaves=15
num_cat=0
split_feature=5 9 6 6 6 6 6 1 4 13 6 2 3 0
split_gain=0.00486454 0.006575 0.0209967 0.0214703 0.0199419 0.0235779 0.0366312 0.0290789 0.0240011 0.0213871 0.0442058 0.0208487 0.0257664 0.0255984
threshold=9.9445691596651216 7.5000000000000009 33.524414062500036 23.192272949218793 31.154895019531271 23.050061035156293 21.62699584960939 -2.0487084960937496 0.84627441406250015 8.5000000000000018 17.496447753906299 9.7592692728541852 -5.6679101562499996 -10.429553222656248
decision_type=2 2 2 2 2 2 2 2 2 2 2 2 2 2
left_child=1 2 3 -1 5 6 9 -7 -9 11 -11 -3 13 -13
right_child=-2 4 -4 -5 -6 7 -8 8 -10 10 -12 12 -14 -15
leaf_value=0.0004005857763908486 -0.00035053032876812329 -0.00028479203478907171 0.0010235488001490013 -0.00046255146048121876 -0.00062698899605874751 0.0012410039421344042 -0.00096581077517140124 -0.00023335771831625609 0.00070271930308081216 -2.9853873724089779e-05 0.0012358133837309046 0.00043725767551222822 0.0010814601358930197 -0.00084095089637685309
leaf_weight=80 44 292 30 60 60 36 50 82 54 114 46 46 32 30
leaf_count=80 44 292 30 60 60 36 50 82 54 114 46 46 32 30
internal_value=1.49965e-06 1.74665e-05 0.000214671 2.93651e-05 -2.27635e-05 2.50777e-05 -7.72017e-05 0.000384531 0.000143118 5.29309e-06 0.00034479 -0.000131545 0.000280433 -7.59238e-05
internal_weight=1056 1012 170 140 842 782 610 172 136 560 160 400 108 76
internal_count=1056 1012 170 140 842 782 610 172 136 560 160 400 108 76
is_linear=0
shrinkage=0.035


Tree=264
num_leaves=15
num_cat=0
split_feature=4 4 5 14 14 6 1 9 9 9 12 0 2 9
split_gain=0.00521138 0.0404554 0.0240269 0.020681 0.0418816 0.0368362 0.0383825 0.0317849 0.0353177 0.0275244 0.0157631 0.0147982 0.0155567 0.0196185
threshold=-1.9942260742187499 -1.7176623535156248 5.3487980616718067 220.50000000000003 227.50000000000003 21.62699584960939 1.8385339355468753 4.5000000000000009 16.500000000000004 32.500000000000007 2.5000000000000004 7.0042211914062511 3.3524865355979414 23.500000000000004
decision_type=2 2 2 2 2 2 2 2 2 2 2 2 2 2
left_child=2 -2 -1 7 9 -6 11 -3 -9 -5 -4 12 13 -7
right_child=1 3 10 4 5 6 -8 8 -10 -11 -12 -13 -14 -15
leaf_value=-0.001027535219982383 0.001230960447322586 -0.0012904074714515446 -0.00072058461442151499 0.00033976029637791541 0.00031716556848853847 0.00027252328975775625 -0.0014754907349743009 0.00063665310723771311 -0.00036534896289595057 0.0016432146611623467 8.3432963336945706e-05 -0.00072949024691479293 0.00049398899057888671 -0.0008715855462166171
leaf_weight=30 32 30 32 56 190 36 30 56 166 30 244 38 52 34
leaf_count=30 32 30 32 56 190 36 30 56 166 30 244 38 52 34
internal_value=1.60116e-06 5.1264e-05 -0.000119664 -4.58629e-06 0.000133427 -2.57731e-05 -0.000368443 -0.000258842 -0.000109164 0.000821466 -1.42999e-05 -0.000145219 4.55985e-05 -0.000291961
internal_weight=1056 750 306 718 466 380 190 252 222 86 276 160 122 70
internal_count=1056 750 306 718 466 380 190 252 222 86 276 160 122 70
is_linear=0
shrinkage=0.035


Tree=265
num_leaves=15
num_cat=0
split_feature=4 4 5 14 14 3 14 9 9 3 0 0 9 9
split_gain=0.00487636 0.0378397 0.02247 0.0192871 0.0391869 0.0347165 0.0434879 0.0356741 0.0474106 0.0302483 0.0329414 0.0267342 0.0323936 0.0257625
threshold=-1.9942260742187499 -1.7176623535156248 5.3487980616718067 220.50000000000003 227.50000000000003 -1.7338720703124999 234.50000000000003 26.500000000000004 34.500000000000007 3.0105322265625003 2.9916357421875008 7.0042211914062511 11.500000000000002 32.500000000000007
decision_type=2 2 2 2 2 2 2 2 2 2 2 2 2 2
left_child=2 -2 -1 9 13 -6 -7 11 -9 10 -3 12 -8 -5
right_child=1 3 -4 4 5 6 7 8 -10 -11 -12 -13 -14 -15
leaf_value=-0.00099381923100736467 0.0011904111928101083 -0.00023748361143285972 -1.3959817100997191e-05 0.00032827873805594025 0.001042650528389084 -0.0010844849132525269 0.00068086757150013003 0.0014159090755592016 -3.3991568533038898e-05 -0.00095222315305426466 0.00098781781029813956 -0.0010489643289474772 -0.00041397570443223229 0.0015892966757382967
leaf_weight=30 32 166 276 56 32 48 48 42 74 56 30 40 96 30
leaf_count=30 32 166 276 56 32 48 48 42 74 56 30 40 96 30
internal_value=1.44834e-06 4.94886e-05 -0.000115854 -4.52582e-06 0.000128755 -2.52362e-05 -0.00012883 3.02447e-05 0.000506073 -0.000250063 -4.18539e-05 -0.00027195 -4.47003e-05 0.000794292
internal_weight=1056 750 306 718 466 380 348 300 116 252 196 184 144 86
internal_count=1056 750 306 718 466 380 348 300 116 252 196 184 144 86
is_linear=0
shrinkage=0.035


Tree=266
num_leaves=15
num_cat=0
split_feature=5 4 1 0 5 6 2 12 2 9 0 12 14 5
split_gain=0.00510542 0.0272589 0.0266123 0.050059 0.021306 0.0202425 0.00827735 0.0389605 0.0164412 0.0138331 0.0148217 0.0119887 0.0308465 0.0221796
threshold=2.4427094457394012 0.65822631835937506 -0.068603515624999931 1.1423962402343752 2.6876273534776476 15.601080322265661 5.3359762529413128 4.5000000000000009 5.7271288174225363 10.500000000000002 3.6441577148437498 7.5000000000000009 230.50000000000003 4.5591822915997833
decision_type=2 2 2 2 2 2 2 2 2 2 2 2 2 2
left_child=1 2 3 -1 -2 -4 7 -6 -8 -9 -11 12 -10 -13
right_child=4 -3 5 -5 6 -7 8 9 11 10 -12 13 -14 -15
leaf_value=-0.0003308848964419061 -0.00089281883437840467 0.00097762349710319558 7.840165720457056e-05 0.001460697118418466 0.0010652439185590387 -0.0010928273855978134 -0.00069421480882145108 0.00036242391299456364 9.8022367941060423e-05 4.7269324883624605e-05 -0.00088487954031351331 0.0006963350505247946 -0.00081142967356451364 -1.0134265509203758e-05
leaf_weight=46 32 38 34 30 46 36 44 48 124 46 36 62 70 364
leaf_count=46 32 38 34 30 46 36 44 48 124 46 36 62 70 364
internal_value=1.56017e-06 0.000168063 -5.30078e-05 0.000395639 -3.38777e-05 -0.000537569 8.86831e-07 0.000212901 -5.57803e-05 -0.000100267 -0.000373292 -8.38556e-06 -0.000235062 9.54586e-05
internal_weight=1056 184 146 76 872 70 840 176 664 130 82 620 194 426
internal_count=1056 184 146 76 872 70 840 176 664 130 82 620 194 426
is_linear=0
shrinkage=0.035


Tree=267
num_leaves=15
num_cat=0
split_feature=5 4 1 0 5 6 2 12 2 6 3 0 12 14
split_gain=0.0047784 0.0254687 0.0248923 0.0468145 0.0199248 0.0189226 0.00772639 0.0363976 0.0153592 0.013624 0.0141428 0.0254873 0.0111899 0.0287802
threshold=2.4427094457394012 0.65822631835937506 -0.068603515624999931 1.1423962402343752 2.6876273534776476 15.601080322265661 5.3359762529413128 4.5000000000000009 5.7271288174225363 30.297113037109401 2.8708850097656251 0.2591369628906251 7.5000000000000009 230.50000000000003
decision_type=2 2 2 2 2 2 2 2 2 2 2 2 2 2
left_child=1 2 3 -1 -2 -4 7 -6 -8 10 11 -9 13 -10
right_child=4 -3 5 -5 6 -7 8 9 12 -11 -12 -13 -14 -15
leaf_value=-0.00031978647414992642 -0.00086340832692204626 0.00094511751060781545 7.5810048413889794e-05 0.0014127680191995751 0.0010295138352178887 -0.0010565915288354615 -0.00067097369968035744 -0.00064178651635302239 9.4646032836559862e-05 0.00048703754781551355 -0.00088644158026641789 0.00071577027094463122 9.222982581300938e-05 -0.00078381853758603237
leaf_weight=46 32 38 34 30 46 36 44 34 124 34 32 30 426 70
leaf_count=46 32 38 34 30 46 36 44 34 124 34 32 30 426 70
internal_value=1.51012e-06 0.000162593 -5.10979e-05 0.000382805 -3.2774e-05 -0.000519741 8.44866e-07 0.000205682 -5.39038e-05 -9.70101e-05 -0.000309578 -3.02524e-06 -8.09513e-06 -0.000227089
internal_weight=1056 184 146 76 872 70 840 176 664 130 96 64 620 194
internal_count=1056 184 146 76 872 70 840 176 664 130 96 64 620 194
is_linear=0
shrinkage=0.035


Tree=268
num_leaves=15
num_cat=0
split_feature=4 14 1 4 9 14 2 2 2 14 9 0 14 9
split_gain=0.00478752 0.025226 0.0187397 0.0243759 0.0163831 0.015808 0.0548131 0.0359776 0.0326844 0.0230586 0.0341642 0.0223019 0.0443878 0.0381447
threshold=-3.0280285644531246 220.50000000000003 -4.042467041015624 -2.3804833984374998 14.500000000000002 220.50000000000003 8.5326964557411333 7.7406013319623996 6.2007286407812261 227.50000000000003 32.500000000000007 -2.0511364746093745 234.50000000000003 26.500000000000004
decision_type=2 2 2 2 2 2 2 2 2 2 2 2 2 2
left_child=1 4 3 -2 -1 6 7 8 -4 10 -7 -11 -13 -14
right_child=2 -3 5 -5 -6 9 -8 -9 -10 11 -12 12 13 -15
leaf_value=-0.00049330451058631299 1.333859675055878e-05 -0.00079694022304600506 -2.360990088277504e-05 0.0012962068515480498 0.00035284268524884147 0.00010270992753309353 -0.0015851170913083481 0.00094727720402021853 -0.0011246408997831168 0.00056643469861592172 0.0015311994453441004 -0.0011068520034314133 -0.00027530229273287798 0.00051942934452214472
leaf_weight=38 42 52 190 30 92 58 30 36 38 68 30 46 186 120
leaf_count=38 42 52 190 30 92 58 30 36 38 68 30 46 186 120
internal_value=1.43279e-06 -0.000160868 3.55201e-05 0.000568453 0.000101781 -1.36193e-05 -0.000217047 -5.08354e-05 -0.000215299 0.000104502 0.0006129 -4.41924e-06 -0.000117275 3.77063e-05
internal_weight=1056 182 874 72 130 802 294 264 228 508 88 420 352 306
internal_count=1056 182 874 72 130 802 294 264 228 508 88 420 352 306
is_linear=0
shrinkage=0.035


Tree=269
num_leaves=15
num_cat=0
split_feature=5 4 1 0 5 6 2 12 2 9 0 12 14 6
split_gain=0.00484663 0.0239952 0.0229968 0.0437328 0.0183355 0.0173092 0.00735756 0.0337275 0.0143484 0.0129828 0.0137106 0.0111115 0.0266771 0.0211585
threshold=2.4427094457394012 0.65822631835937506 -0.068603515624999931 1.1423962402343752 2.6876273534776476 15.601080322265661 5.3359762529413128 4.5000000000000009 5.7271288174225363 10.500000000000002 3.6441577148437498 7.5000000000000009 230.50000000000003 17.848352050781276
decision_type=2 2 2 2 2 2 2 2 2 2 2 2 2 2
left_child=1 2 3 -1 -2 -4 7 -6 -8 -9 -11 12 -10 -14
right_child=4 -3 5 -5 6 -7 8 9 11 10 -12 -13 13 -15
leaf_value=-0.00030608506059555418 -0.00082996756945623719 0.0009231425920079346 7.5063347115550031e-05 0.0013685445013356912 0.00099203097109239039 -0.0010078573244850545 -0.00065073807300549292 0.00035575437385123226 8.1638717694861257e-05 4.7457853167240201e-05 -0.00084899669081144242 8.9944824058475894e-05 -0.0001550393250267677 -0.0013648078114622171
leaf_weight=46 32 38 34 30 46 36 44 48 124 46 36 426 36 34
leaf_count=46 32 38 34 30 46 36 44 48 124 46 36 426 36 34
internal_value=1.37759e-06 0.000163606 -4.38848e-05 0.000373094 -3.31502e-05 -0.000494393 -8.95909e-07 0.000198996 -5.43178e-05 -9.23953e-05 -0.000356951 -1.00349e-05 -0.000228256 -0.00076423
internal_weight=1056 184 146 76 872 70 840 176 664 130 82 620 194 70
internal_count=1056 184 146 76 872 70 840 176 664 130 82 620 194 70
is_linear=0
shrinkage=0.035


Tree=270
num_leaves=15
num_cat=0
split_feature=5 9 6 6 6 6 9 1 6 6 6 1 2 6
split_gain=0.00479129 0.00755487 0.0191636 0.0208294 0.018863 0.0202849 0.0262832 0.0144549 0.0266503 0.0198941 0.0277266 0.0434422 0.012629 0.022936
threshold=9.9445691596651216 7.5000000000000009 33.524414062500036 23.192272949218793 31.154895019531271 26.74694824218756 27.500000000000004 -4.900080566406249 -0.6509277343749601 -8.8124609374999618 -5.8332714843749889 -4.467105712890624 2.9983372050628607 20.166278076171924
decision_type=2 2 2 2 2 2 2 2 2 2 2 2 2 2
left_child=1 2 3 -1 5 7 -7 8 -3 -9 -11 -12 13 -13
right_child=-2 4 -4 -5 -6 6 -8 9 -10 10 11 12 -14 -15
leaf_value=0.00041646444937924108 -0.00034812098448088841 -0.00020906435648794286 0.0010013096501643305 -0.00043374989109232106 -0.00061367347122042359 -1.6886640175168092e-05 0.001328043045514278 -0.00074560061483750298 0.0011107027195470843 0.00085869811115844646 -0.0012711638088674388 0.00090798779964683016 -9.0143711366832215e-05 -0.00022876748039076729
leaf_weight=80 44 38 30 60 60 40 30 50 34 38 34 44 434 40
leaf_count=80 44 38 30 60 60 40 30 50 34 38 34 44 434 40
internal_value=1.248e-06 1.70946e-05 0.000228485 5.11098e-05 -2.60255e-05 2.0513e-05 0.000580391 -3.60027e-05 0.000427334 -8.9297e-05 -3.1347e-05 -9.5497e-05 -1.37374e-05 0.000373944
internal_weight=1056 1012 170 140 842 782 70 712 72 640 590 552 518 84
internal_count=1056 1012 170 140 842 782 70 712 72 640 590 552 518 84
is_linear=0
shrinkage=0.035


Tree=271
num_leaves=15
num_cat=0
split_feature=1 2 0 0 0 5 3 0 6 5 5 2 9 14
split_gain=0.00509092 0.0248793 0.0318649 0.0209052 0.0143656 0.0128436 0.034739 0.0168787 0.0298682 0.0195111 0.0355249 0.0258477 0.0183556 0.0205177
threshold=-4.8155035400390611 12.214715735837521 -9.7046984863281214 -9.7780944824218725 -8.7979418945312489 8.1057341806347587 6.104230957031251 6.5768981933593773 19.804882812500043 3.6064620874712814 3.8792359332190602 4.8292949375194016 8.5000000000000018 237.50000000000003
decision_type=2 2 2 2 2 2 2 2 2 2 2 2 2 2
left_child=1 2 -1 -2 -5 6 7 9 -9 11 -11 -6 -12 -14
right_child=3 -3 -4 4 5 -7 -8 8 -10 10 12 -13 13 -15
leaf_value=-0.0014420008118395345 0.00077607893482887797 0.00037394024190846192 -5.5398203102382034e-05 -0.00058188883157563401 2.8436632404147092e-05 -0.00049291297911959538 0.0010443047415659144 -0.0012989786750404165 4.8735962955106523e-05 0.0012616082075983287 0.0008799078451770852 -0.00078501588221115538 -0.00021661193121735159 0.00058188705851703335
leaf_weight=30 42 56 56 48 328 52 40 30 54 38 32 54 144 52
leaf_count=30 42 56 56 48 328 52 40 30 54 38 32 54 144 52
internal_value=1.31455e-06 -0.000192143 -0.000560876 3.17242e-05 -5.82162e-06 2.90634e-05 6.54052e-05 9.21369e-06 -0.000451606 7.01553e-05 0.000299171 -9.00438e-05 0.000129189 -1.02748e-06
internal_weight=1056 142 86 914 872 824 772 732 84 648 266 382 228 196
internal_count=1056 142 86 914 872 824 772 732 84 648 266 382 228 196
is_linear=0
shrinkage=0.035


Tree=272
num_leaves=15
num_cat=0
split_feature=1 2 2 0 0 5 3 3 14 3 2 0 4 2
split_gain=0.00476898 0.0232525 0.0302372 0.0195293 0.0134186 0.0119948 0.0324596 0.0162361 0.0361589 0.0244799 0.0195959 0.0206796 0.02546 0.0248844
threshold=-4.8155035400390611 12.214715735837521 11.139147712254887 -9.7780944824218725 -8.7979418945312489 8.1057341806347587 6.104230957031251 3.8042053222656258 224.50000000000003 3.4956616210937499 9.2123810299665738 -7.573590087890623 -1.7538073730468746 5.5573084367518932
decision_type=2 2 2 2 2 2 2 2 2 2 2 2 2 2
left_child=1 2 -1 -2 -5 6 7 9 -9 10 11 -6 -13 -14
right_child=3 -3 -4 4 5 -7 -8 8 -10 -11 -12 12 13 -15
leaf_value=-2.6637811788532421e-05 0.00075015084493564 0.00036130364205495553 -0.0013600800904425663 -0.00056233735776040701 -0.00083677189505477958 -0.00047629997178403385 0.0010094945827343813 -0.0011621712021058722 6.9934441952765073e-05 0.00099750310675624562 0.00075855374064606935 0.00098694312267980436 9.3492328191199781e-05 -0.00054287662141352022
leaf_weight=54 42 56 32 48 34 52 40 42 86 32 40 30 376 92
leaf_count=54 42 56 32 48 34 52 40 42 86 32 40 30 376 92
internal_value=1.27662e-06 -0.000185964 -0.000542437 3.07091e-05 -5.58026e-06 2.81353e-05 6.32557e-05 8.9389e-06 -0.00034601 8.50536e-05 3.07097e-05 -2.66515e-05 3.17838e-05 -3.33836e-05
internal_weight=1056 142 86 914 872 824 772 732 128 604 572 532 498 468
internal_count=1056 142 86 914 872 824 772 732 128 604 572 532 498 468
is_linear=0
shrinkage=0.035


Tree=273
num_leaves=15
num_cat=0
split_feature=0 0 9 2 0 4 1 4 6 3 3 9 0 5
split_gain=0.00474309 0.0219275 0.0197375 0.012334 0.0215542 0.0207245 0.0144294 0.0113937 0.0293092 0.0177909 0.0238066 0.0218643 0.0157121 0.0310833
threshold=-9.8958050537109337 -9.1272839355468722 32.500000000000007 9.6702697208257629 9.3699267578125021 -2.9290539550781243 -4.900080566406249 -1.2698767089843748 33.629473876953178 -3.3523034667968745 -4.2976367187499989 24.500000000000004 6.6526281738281261 3.6064620874712814
decision_type=2 2 2 2 2 2 2 2 2 2 2 2 2 2
left_child=2 -2 -1 5 6 -3 -5 9 12 10 11 -7 13 -9
right_child=1 3 -4 4 -6 7 -8 8 -10 -11 -12 -13 -14 -15
leaf_value=8.1935348480328694e-05 0.00071138001866293736 0.00091045427653625678 -0.00094851624719012768 -0.00024524661958875028 0.00011052816181344338 -0.00086756574574489308 -0.00131544021613081 -6.5747414509602226e-05 0.0010673471963930164 -0.00095023277011932819 0.00069472920906264344 0.00027963246296470366 -0.00043264001008841061 0.00060886390234777047
leaf_weight=78 52 30 30 32 66 46 30 370 32 34 34 34 82 106
leaf_count=78 52 30 30 32 66 46 30 370 32 34 34 34 82 106
internal_value=1.23592e-06 2.64266e-05 -0.000216343 -1.4821e-05 -0.000330127 3.84511e-05 -0.000788007 6.38908e-07 6.96745e-05 -0.00027183 -5.66046e-05 -0.000385078 8.85268e-06 8.64001e-05
internal_weight=1056 948 108 896 128 768 62 738 590 148 114 80 558 476
internal_count=1056 948 108 896 128 768 62 738 590 148 114 80 558 476
is_linear=0
shrinkage=0.035


Tree=274
num_leaves=15
num_cat=0
split_feature=6 6 9 1 6 1 4 1 4 6 6 14 9 6
split_gain=0.00487669 0.00767158 0.0286434 0.0183027 0.0136826 0.0142642 0.0223698 0.0100789 0.0330438 0.0874954 0.0532155 0.0175576 0.0231547 0.0415955
threshold=34.138171386718803 28.414001464843782 27.500000000000004 -1.0779211425781248 26.544775390625038 -5.7384851074218739 -3.9751757812499995 -3.456898193359375 -2.6452575683593742 -0.48882812499999767 -8.1959863281249721 224.50000000000003 15.500000000000002 17.114831542968776
decision_type=2 2 2 2 2 2 2 2 2 2 2 2 2 2
left_child=1 4 3 -3 5 -1 -7 8 9 -8 -10 12 -9 -14
right_child=-2 2 -4 -5 -6 6 7 11 10 -11 -12 -13 13 -15
leaf_value=0.00058593270300189037 -0.00036842922020393119 -0.00072559540071071959 0.00094842410707011982 0.000293829531806464 -0.0005833633918256965 -0.00087601835973651358 -0.0016689174766361249 0.0002549882498849337 -0.00011811793494202637 0.00047507949958577064 0.0018934506495133976 0.00012161210647896014 -0.00014942742039784207 -0.0013136289082243682
leaf_weight=48 40 34 46 52 48 34 30 74 32 84 30 316 138 50
leaf_count=48 40 34 46 52 48 34 30 74 32 84 30 316 138 50
internal_value=1.16881e-06 1.64152e-05 0.000263207 -0.00011653 -2.09471e-05 1.266e-05 -2.36551e-05 1.69962e-05 0.000247336 -0.000108177 0.000883975 -5.37531e-05 -0.000264581 -0.000469624
internal_weight=1056 1016 132 86 884 836 788 754 176 114 62 578 262 188
internal_count=1056 1016 132 86 884 836 788 754 176 114 62 578 262 188
is_linear=0
shrinkage=0.035


Tree=275
num_leaves=15
num_cat=0
split_feature=5 9 6 6 9 6 6 1 6 6 6 1 12 1
split_gain=0.00465649 0.00662509 0.0189797 0.0182501 0.0232001 0.0172817 0.0199905 0.0137497 0.0250864 0.0167262 0.0257244 0.0392066 0.0122841 0.0314438
threshold=9.9445691596651216 7.5000000000000009 31.154895019531271 26.74694824218756 27.500000000000004 33.524414062500036 23.192272949218793 -4.900080566406249 -0.6509277343749601 -8.8124609374999618 -5.8332714843749889 -4.467105712890624 9.5000000000000018 -0.57254516601562488
decision_type=2 2 2 2 2 2 2 2 2 2 2 2 2 2
left_child=1 5 3 7 -5 6 -1 8 -3 -9 -11 -12 13 -13
right_child=-2 2 -4 4 -6 -7 -8 9 -10 10 11 12 -14 -15
leaf_value=0.00040418826744227285 -0.00034337235777891933 -0.00019650063087465244 -0.00061317772449617617 -7.5520690491733461e-06 0.0012564425817413395 0.00094851319994631927 -0.00042871783320386447 -0.00068442718322890323 0.0010841800884615321 0.00082780098594230377 -0.0012081793692454491 0.00070760661740981354 -0.00020940500783581231 -9.081035550227373e-05
leaf_weight=80 44 38 60 40 30 30 60 50 34 38 34 82 222 214
leaf_count=80 44 38 60 40 30 30 60 50 34 38 34 82 222 214
internal_value=1.04651e-06 1.6669e-05 -2.37121e-05 2.29643e-05 0.000554014 0.000214624 4.62178e-05 -3.06512e-05 0.000421222 -8.26409e-05 -2.95021e-05 -9.12947e-05 -1.36208e-05 0.000133637
internal_weight=1056 1012 842 782 70 170 140 712 72 640 590 552 518 296
internal_count=1056 1012 842 782 70 170 140 712 72 640 590 552 518 296
is_linear=0
shrinkage=0.035


Tree=276
num_leaves=15
num_cat=0
split_feature=6 6 9 1 6 1 4 1 4 6 6 14 4 6
split_gain=0.00470006 0.00723855 0.0260724 0.0173748 0.0130092 0.013153 0.0212445 0.00968422 0.0309519 0.0803288 0.0482728 0.0168424 0.0226073 0.0380871
threshold=34.138171386718803 28.414001464843782 27.500000000000004 -1.0779211425781248 26.544775390625038 -5.7384851074218739 -3.9751757812499995 -3.456898193359375 -2.6452575683593742 -0.48882812499999767 -8.1959863281249721 224.50000000000003 1.0358825683593753 17.114831542968776
decision_type=2 2 2 2 2 2 2 2 2 2 2 2 2 2
left_child=1 4 3 -3 5 -1 -7 8 9 -8 -10 12 13 -9
right_child=-2 2 -4 -5 -6 6 7 11 10 -11 -12 -13 -14 -15
leaf_value=0.00056303999642259449 -0.00036173714169611539 -0.0007001293047303787 0.00090952063022996309 0.00029304970605860745 -0.00056862157656578356 -0.00085297145868632167 -0.0015965510880778311 -0.00018674256176988519 -9.6163692651316532e-05 0.00045775347889460586 0.0018206141058180949 0.00011969265371641636 0.00035589390749699869 -0.0013696882207129117
leaf_weight=48 40 34 46 52 48 34 30 166 32 84 30 316 56 40
leaf_count=48 40 34 46 52 48 34 30 166 32 84 30 316 56 40
internal_value=1.10559e-06 1.60734e-05 0.000255799 -0.000106591 -2.02194e-05 1.25498e-05 -2.23231e-05 1.72906e-05 0.000243074 -0.000101059 0.00085922 -5.20613e-05 -0.000258552 -0.000427402
internal_weight=1056 1016 132 86 884 836 788 754 176 114 62 578 262 206
internal_count=1056 1016 132 86 884 836 788 754 176 114 62 578 262 206
is_linear=0
shrinkage=0.035


Tree=277
num_leaves=15
num_cat=0
split_feature=4 4 5 14 14 6 1 9 9 9 2 2 0 9
split_gain=0.00468775 0.0354114 0.0225465 0.0151943 0.0345617 0.0361921 0.033564 0.0297138 0.0280232 0.0198443 0.014825 0.0268369 0.0278093 0.0190859
threshold=-1.9942260742187499 -1.7176623535156248 5.3487980616718067 220.50000000000003 227.50000000000003 21.62699584960939 1.8385339355468753 4.5000000000000009 16.500000000000004 32.500000000000007 9.6702697208257629 10.40739413109298 -9.8958050537109337 32.500000000000007
decision_type=2 2 2 2 2 2 2 2 2 2 2 2 2 2
left_child=2 -2 -1 7 9 -6 -7 -3 -9 -5 -4 -12 13 -13
right_child=1 3 10 4 5 6 -8 8 -10 -11 11 12 -14 -15
leaf_value=-0.00099347943034445063 0.0011517951936077546 -0.0012193478498920742 0.00048637048022571658 0.00032831415792943208 0.0003095050304155696 -0.00016099112012459867 -0.0014055063240084565 0.00058645808543399754 -0.00030600043106460367 0.0014376389672906954 -0.00069775982344354929 0.00011344749912705784 0.00084242025562359605 -0.00090309641000203562
leaf_weight=30 32 30 56 56 190 160 30 56 166 30 70 76 44 30
leaf_count=30 32 30 56 56 190 160 30 56 166 30 70 76 44 30
internal_value=9.86637e-07 4.80895e-05 -0.000114024 -4.16356e-06 0.000114134 -3.04497e-05 -0.000370087 -0.000222097 -7.76496e-05 0.000739167 -1.19715e-05 -0.000142061 0.000123034 -0.00018565
internal_weight=1056 750 306 718 466 380 190 252 222 86 276 220 150 106
internal_count=1056 750 306 718 466 380 190 252 222 86 276 220 150 106
is_linear=0
shrinkage=0.035


Tree=278
num_leaves=15
num_cat=0
split_feature=5 2 4 3 14 1 4 4 4 14 9 0 9 14
split_gain=0.00449794 0.00794305 0.0182343 0.0115832 0.0156756 0.00995978 0.0244207 0.0319684 0.025172 0.0164635 0.0325788 0.0326529 0.0569486 0.0262538
threshold=9.4311241281218656 12.392525841660268 -4.108149414062499 -6.6901733398437493 6.5000000000000009 -4.6527844238281242 -1.9942260742187499 -1.7176623535156248 -2.5959179687499998 220.50000000000003 4.5000000000000009 -2.0511364746093745 30.500000000000004 230.50000000000003
decision_type=2 2 2 2 2 2 2 2 2 2 2 2 2 2
left_child=1 2 -1 -4 -5 -6 8 -8 -7 -9 -11 -12 -13 -14
right_child=-2 -3 3 4 5 6 7 9 -10 10 11 12 13 -15
leaf_value=-0.00075376213128421164 -0.00029874703181999865 0.00048939609999251851 0.00052593879937409881 -0.00066205320501467213 0.00050987540754940722 2.5898344783027742e-05 0.0011138536754023176 -0.00022058785474976452 -0.0011997105834307151 0.00091370487734319136 0.0010933323274366559 -0.00040404378057900706 0.0013904664335996132 0.00022320784886791978
leaf_weight=36 56 40 52 40 48 42 32 236 38 56 30 226 30 94
leaf_count=36 56 40 52 40 48 42 32 236 38 56 30 226 30 94
internal_value=9.23641e-07 1.8268e-05 -2.33898e-06 2.8502e-05 -2.29729e-06 3.09333e-05 3.87575e-07 6.67897e-05 -0.000571328 1.37723e-05 0.000141056 2.3004e-05 -7.44293e-05 0.000523197
internal_weight=1056 1000 960 924 872 832 784 704 80 672 436 380 350 124
internal_count=1056 1000 960 924 872 832 784 704 80 672 436 380 350 124
is_linear=0
shrinkage=0.035


Tree=279
num_leaves=15
num_cat=0
split_feature=5 5 9 5 6 2 12 2 6 3 0 5 12 5
split_gain=0.00456597 0.0188851 0.0155697 0.0114661 0.010133 0.00697017 0.0294856 0.0140542 0.012096 0.0122429 0.023735 0.0109413 0.0564977 0.0229125
threshold=2.3324485834258648 2.007871677387294 28.500000000000004 2.6876273534776476 2.3065039062500152 5.3359762529413128 4.5000000000000009 5.7271288174225363 30.297113037109401 2.8708850097656251 0.2591369628906251 4.5591822915997833 16.500000000000004 4.9459184328880861
decision_type=2 2 2 2 2 2 2 2 2 2 2 2 2 2
left_child=1 2 4 -2 -1 6 -5 -7 9 10 -8 12 -9 -13
right_child=3 -3 -4 5 -6 7 8 11 -10 -11 -12 13 -14 -15
leaf_value=0.00077811082525158792 -0.00056916788240019033 0.00090490193115436027 -0.00045746384251256603 0.00093437508472002059 -7.5965726864524194e-06 -0.00064391920985856462 -0.00061174376958256791 -0.00048213765118917869 0.00047043486167644411 -0.00081680289147805212 0.00069831664623052356 -0.0007876378546003254 0.0011365358878930028 4.4308045644202608e-07
leaf_weight=30 44 32 56 46 54 44 34 52 34 32 30 48 50 470
leaf_count=30 44 32 56 46 54 44 34 52 34 32 30 48 50 470
internal_value=1.07305e-06 0.000164988 -1.44983e-05 -3.11203e-05 0.000284583 -1.65189e-06 0.000192909 -5.36466e-05 -7.96385e-05 -0.000280081 4.89935e-06 -9.82046e-06 0.000317927 -7.53322e-05
internal_weight=1056 172 140 884 84 840 176 664 130 96 64 620 102 518
internal_count=1056 172 140 884 84 840 176 664 130 96 64 620 102 518
is_linear=0
shrinkage=0.035


Tree=280
num_leaves=15
num_cat=0
split_feature=6 6 9 1 6 1 4 0 2 1 0 2 12 5
split_gain=0.00445767 0.00639594 0.0240545 0.0160635 0.0119736 0.0123523 0.0205677 0.0116417 0.0195565 0.0246855 0.0213467 0.0147238 0.0182213 0.0240289
threshold=34.138171386718803 28.414001464843782 27.500000000000004 -1.0779211425781248 26.544775390625038 -5.9568359374999993 -4.108149414062499 -10.322578124999998 11.139147712254887 -4.6527844238281242 -8.7979418945312489 9.4555970302210586 20.500000000000004 4.4778790173890473
decision_type=2 2 2 2 2 2 2 2 2 2 2 2 2 2
left_child=1 4 3 -3 5 -1 -7 -8 9 -9 -11 12 -12 -14
right_child=-2 2 -4 -5 -6 6 7 8 -10 10 11 -13 13 -15
leaf_value=0.00062953554286842097 -0.00035229129221988844 -0.00067762642871659615 0.00086892379224688438 0.0002773834220554111 -0.00054458927748491986 -0.00083388658989861145 0.0006756122285150924 0.00082042954255998871 -0.00075898264494026087 -0.00067191867587098394 8.9035732281152359e-05 0.00072884682077629915 -5.2189799778930411e-05 -0.0012225768925054582
leaf_weight=36 40 34 46 52 48 34 30 44 38 54 470 34 66 30
leaf_count=36 40 34 46 52 48 34 30 44 38 54 470 34 66 30
internal_value=1.07166e-06 1.56484e-05 0.000240989 -0.000106998 -1.84678e-05 1.29678e-05 -1.62785e-05 2.20893e-05 -6.3076e-06 3.67204e-05 -1.83467e-05 4.25116e-05 -1.13821e-06 -0.000435422
internal_weight=1056 1016 132 86 884 836 800 766 736 698 654 600 566 96
internal_count=1056 1016 132 86 884 836 800 766 736 698 654 600 566 96
is_linear=0
shrinkage=0.035


Tree=281
num_leaves=15
num_cat=0
split_feature=1 2 0 0 0 5 3 3 14 3 2 0 2 2
split_gain=0.00450771 0.0207285 0.0271673 0.0173513 0.0123989 0.010679 0.0290355 0.0152925 0.0301536 0.022197 0.0165528 0.0194235 0.023918 0.0257913
threshold=-4.8155035400390611 12.214715735837521 -9.7046984863281214 -9.7780944824218725 -8.7979418945312489 8.1057341806347587 6.104230957031251 3.8042053222656258 234.50000000000003 3.4956616210937499 9.2123810299665738 -7.573590087890623 7.6135564512491642 5.5573084367518932
decision_type=2 2 2 2 2 2 2 2 2 2 2 2 2 2
left_child=1 2 -1 -2 -5 6 7 9 -9 10 11 -6 13 -13
right_child=3 -3 -4 4 5 -7 -8 8 -10 -11 -12 12 -14 -15
leaf_value=-0.0013311795824665752 0.00070772099545468917 0.00033575379517499426 -5.0869027588211389e-05 -0.00053981252423254775 -0.00080622077337466191 -0.00044818621468342224 0.0009558578677630673 -0.00087676916726195495 0.00018486636335557493 0.00095227732843555075 0.0007005944371727917 9.6582381722495685e-05 0.00093175007838427158 -0.00056236837522657067
leaf_weight=30 42 56 56 48 34 52 40 62 66 32 40 378 32 88
leaf_count=30 42 56 56 48 34 52 40 62 66 32 40 378 32 88
internal_value=9.6638e-07 -0.000181072 -0.000517593 2.95817e-05 -4.6257e-06 2.77818e-05 6.09171e-05 9.54195e-06 -0.000334941 8.34094e-05 3.16527e-05 -2.10792e-05 3.55353e-05 -2.97262e-05
internal_weight=1056 142 86 914 872 824 772 732 128 604 572 532 498 466
internal_count=1056 142 86 914 872 824 772 732 128 604 572 532 498 466
is_linear=0
shrinkage=0.035


Tree=282
num_leaves=15
num_cat=0
split_feature=4 14 1 4 9 5 14 2 2 2 14 9 6 4
split_gain=0.0043494 0.0245932 0.0165208 0.0203242 0.0120637 0.0115389 0.0108553 0.0489051 0.0323105 0.0277914 0.0201168 0.025368 0.0201843 0.0385405
threshold=-3.0280285644531246 220.50000000000003 -4.042467041015624 -2.3804833984374998 14.500000000000002 7.9457924188651949 220.50000000000003 8.5326964557411333 7.7406013319623996 6.2007286407812261 227.50000000000003 32.500000000000007 21.62699584960939 -0.028666992187499997
decision_type=2 2 2 2 2 2 2 2 2 2 2 2 2 2
left_child=1 4 3 -2 -1 -6 7 8 9 -4 11 -8 -12 -14
right_child=2 -3 6 -5 5 -7 10 -9 -10 -11 12 -13 13 -15
leaf_value=-0.00040551868494367231 2.6260571427304637e-05 -0.0007818109384539572 -3.91257131468592e-06 0.0011983670313020413 0.00083590229651342874 2.7879151066959061e-05 0.00011926829286433835 -0.0014734739583218471 0.00092120467525857856 -0.0010189883216771705 0.00021612985848663483 0.0013515246208589816 0.00023871946725973563 -0.00072131051541334651
leaf_weight=38 42 52 190 30 32 60 58 30 36 38 218 30 96 106
leaf_count=38 42 52 190 30 32 60 58 30 36 38 218 30 96 106
internal_value=9.49101e-07 -0.000153746 3.34401e-05 0.000533827 0.000105518 0.000320736 -1.26986e-05 -0.000181271 -2.44548e-05 -0.000180482 8.51891e-05 0.000560054 -1.64892e-05 -0.000267191
internal_weight=1056 182 874 72 130 92 802 294 264 228 508 88 420 202
internal_count=1056 182 874 72 130 92 802 294 264 228 508 88 420 202
is_linear=0
shrinkage=0.035


Tree=283
num_leaves=15
num_cat=0
split_feature=1 2 0 0 0 5 3 3 14 3 1 0 3 12
split_gain=0.00420094 0.0194232 0.0255128 0.0164451 0.0117138 0.00977797 0.0269824 0.0146704 0.0288128 0.0203209 0.0154645 0.0318567 0.0169152 0.0152226
threshold=-4.8155035400390611 12.214715735837521 -9.7046984863281214 -9.7780944824218725 -8.7979418945312489 8.1057341806347587 6.104230957031251 3.8042053222656258 234.50000000000003 3.4956616210937499 2.3428942871093752 3.6441577148437498 2.9606372070312506 15.500000000000002
decision_type=2 2 2 2 2 2 2 2 2 2 2 2 2 2
left_child=1 2 -1 -2 -5 6 7 9 -9 10 11 -6 -13 -10
right_child=3 -3 -4 4 5 -7 -8 8 13 -11 -12 12 -14 -15
leaf_value=-0.0012889631424422988 0.00068876938514718367 0.0003254948303144594 -4.8290310208765983e-05 -0.00052491592821897947 0.00011010245657575353 -0.00042867402952281365 0.00092120020029445491 -0.00085808583993525651 -0.00038882780572748745 0.00091264644973253954 0.00067835422310357299 -0.00017229690285728734 -0.0010968454001968812 0.00064899677476588349
leaf_weight=30 42 56 56 48 434 52 40 62 30 32 40 56 42 36
leaf_count=30 42 56 56 48 434 52 40 62 30 32 40 56 42 36
internal_value=9.50957e-07 -0.000174784 -0.000500542 2.85754e-05 -4.7263e-06 2.67736e-05 5.84799e-05 8.95505e-06 -0.000328447 8.13055e-05 3.1779e-05 -1.91943e-05 -0.000582544 0.000179697
internal_weight=1056 142 86 914 872 824 772 732 128 604 572 532 98 66
internal_count=1056 142 86 914 872 824 772 732 128 604 572 532 98 66
is_linear=0
shrinkage=0.035


Tree=284
num_leaves=15
num_cat=0
split_feature=0 0 9 4 4 4 4 4 6 5 9 12 14 5
split_gain=0.0041705 0.0196827 0.0168596 0.0109408 0.0142657 0.0156076 0.0197736 0.0148478 0.012522 0.0146677 0.0402204 0.0265128 0.0198904 0.0154782
threshold=-9.8958050537109337 -9.1272839355468722 32.500000000000007 -3.1100036621093743 -2.8682885742187496 -1.9942260742187499 -1.7176623535156248 -2.4915612792968744 33.524414062500036 4.5591822915997833 25.500000000000004 13.500000000000002 238.50000000000003 4.3577437180638832
decision_type=2 2 2 2 2 2 2 2 2 2 2 2 2 2
left_child=2 -2 -1 -3 -5 7 -7 -6 9 13 11 -11 -12 -8
right_child=1 3 -4 4 5 6 8 -9 -10 10 12 -13 -14 -15
leaf_value=7.2609976788953645e-05 0.00067345220584819033 -0.00050734583432830943 -0.00087981626133114342 0.00074060065664525619 4.0492419263019286e-05 0.00088523219324997636 -3.5816433368706247e-06 -0.0009803239262347282 0.00053040742590674205 -0.00020935530796551202 -0.00042017897581293561 -0.0015917430723723222 0.00060481009013948594 0.00076917355715790223
leaf_weight=78 52 50 30 30 32 30 480 36 48 32 40 36 50 32
leaf_count=78 52 50 30 30 32 30 480 36 48 32 40 36 50 32
internal_value=8.83184e-07 2.4505e-05 -0.000203139 -1.45731e-05 1.56784e-05 -1.27187e-05 3.39622e-05 -0.000512508 -3.96637e-06 -4.37145e-05 -0.000336261 -0.000965776 0.000150028 4.75205e-05
internal_weight=1056 948 108 896 846 816 748 68 718 670 158 68 90 512
internal_count=1056 948 108 896 846 816 748 68 718 670 158 68 90 512
is_linear=0
shrinkage=0.035


Tree=285
num_leaves=15
num_cat=0
split_feature=6 6 1 6 9 14 0 3 9 6 5 5 4 4
split_gain=0.00429536 0.00606397 0.0213579 0.00762635 0.0264358 0.033434 0.026467 0.0573787 0.0859837 0.0189091 0.0106102 0.0173416 0.0359811 0.0196514
threshold=34.138171386718803 29.506176757812543 -0.24802978515624993 21.62699584960939 8.5000000000000018 251.50000000000003 6.2319494628906265 2.9005383300781253 23.500000000000004 20.713293457031288 1.3602423580304321 2.9222562626619051 1.1696789550781252 1.5571594238281252
decision_type=2 2 2 2 2 2 2 2 2 2 2 2 2 2
left_child=1 3 -3 9 -5 6 7 8 -6 10 -1 12 -12 -13
right_child=-2 2 -4 4 5 -7 -8 -9 -10 -11 11 13 -14 -15
leaf_value=0.00055813513327666441 -0.00034603561223169288 0.00070785873872629412 -0.0003314681132239154 -0.00095606262197675703 0.0014453727219939619 -0.00087223065538141384 0.00085046954521372016 -0.0012092382050928124 -0.00080839671251803683 0.00085341430943705805 -2.5329827111074175e-05 -2.7202640146872283e-05 -0.0013708917579274653 0.00061468300288063755
leaf_weight=38 40 56 40 42 44 42 52 36 36 32 86 414 32 66
leaf_count=38 40 56 40 42 44 42 52 36 36 32 86 414 32 66
internal_value=8.34039e-07 1.51433e-05 0.000276879 -1.27096e-05 -0.000175994 -1.24329e-05 0.000210249 -8.62965e-05 0.000436196 4.92303e-05 6.21976e-06 -3.05953e-05 -0.000406995 6.3241e-05
internal_weight=1056 1016 96 920 252 210 168 116 80 668 636 598 118 480
internal_count=1056 1016 96 920 252 210 168 116 80 668 636 598 118 480
is_linear=0
shrinkage=0.035


Tree=286
num_leaves=15
num_cat=0
split_feature=5 9 6 6 6 1 4 6 6 6 1 1 0 0
split_gain=0.0042232 0.00746019 0.0183382 0.0169945 0.0297927 0.0245402 0.0173956 0.0163835 0.0157987 0.0186629 0.0143409 0.0134239 0.0164423 0.0160378
threshold=9.9445691596651216 7.5000000000000009 31.154895019531271 23.050061035156293 21.62699584960939 -2.0487084960937496 0.61302001953125007 20.713293457031288 33.524414062500036 23.192272949218793 -0.085264892578124932 -4.6527844238281242 -8.7979418945312489 -9.8338378906249986
decision_type=2 2 2 2 2 2 2 2 2 2 2 2 2 2
left_child=1 8 3 4 7 -5 10 11 9 -1 -7 13 -13 -3
right_child=-2 2 -4 5 -6 6 -8 -9 -10 -11 -12 12 -14 -15
leaf_value=0.00040999910701208233 -0.00032725892987598305 -4.1381474657100628e-05 -0.00060663845424114107 0.0011104627707237869 -0.00086954257513123328 0.00022193255703314209 0.00055179730098461736 0.00077536450990010062 0.00092746103508034149 -0.00039484890006978308 -0.00070694593876396549 -0.00065864240158892561 -3.5182021991128444e-05 0.00089569448750760226
leaf_weight=80 44 54 60 36 50 40 58 30 30 60 38 58 382 36
leaf_count=80 44 54 60 36 50 40 58 30 30 60 38 58 382 36
internal_value=7.44182e-07 1.56225e-05 -2.72237e-05 1.86668e-05 -6.81601e-05 0.000323843 0.000102545 6.23176e-06 0.000225686 6.43612e-05 -0.000236958 -4.00553e-05 -0.000119974 0.000344772
internal_weight=1056 1012 842 782 610 172 136 560 170 140 78 530 440 90
internal_count=1056 1012 842 782 610 172 136 560 170 140 78 530 440 90
is_linear=0
shrinkage=0.035


Tree=287
num_leaves=15
num_cat=0
split_feature=0 0 4 4 1 4 4 12 4 4 14 6 12 3
split_gain=0.00426087 0.0169815 0.0173755 0.0199396 0.0138505 0.0165318 0.0156267 0.0306818 0.0171796 0.0283412 0.0135366 0.0123507 0.0121543 0.0236659
threshold=7.0042211914062511 7.8823730468750002 0.071798706054687467 2.1786743164062505 2.3428942871093752 1.6932531738281253 0.60371948242187512 16.500000000000004 -0.028666992187499997 -0.15821044921874997 227.50000000000003 17.767199707031299 19.500000000000004 -4.7261535644531234
decision_type=2 2 2 2 2 2 2 2 2 2 2 2 2 2
left_child=4 -2 -3 -4 5 6 8 10 9 12 -8 -10 -1 -14
right_child=1 2 3 -5 -6 -7 7 -9 11 -11 -12 -13 13 -15
leaf_value=5.2535342466532025e-05 -0.00085938586769557083 -0.00054267947233039085 0.00069113219903525107 -0.00034374805182635197 0.00063689981759208346 -0.0006606515393617554 -0.00047997207183571951 0.0012628490672796035 0.00010549180723661694 0.0010605318444231672 0.00049385810063754703 -0.00072644696488912981 0.00028634245993624277 -0.00095045137241620329
leaf_weight=504 32 44 56 36 42 42 34 34 32 30 32 64 32 42
leaf_count=504 32 44 56 36 42 42 34 34 32 30 32 64 32 42
internal_value=8.00988e-07 -0.00015976 1.49274e-05 0.000287481 3.14681e-05 -2.00627e-08 3.60442e-05 0.000440929 -2.2554e-05 4.66159e-05 -7.17381e-06 -0.000452641 -9.48506e-06 -0.000422161
internal_weight=1056 168 136 92 888 846 804 100 704 608 66 96 578 74
internal_count=1056 168 136 92 888 846 804 100 704 608 66 96 578 74
is_linear=0
shrinkage=0.035


Tree=288
num_leaves=15
num_cat=0
split_feature=1 2 12 0 0 5 2 2 5 3 12 2 0 1
split_gain=0.00412235 0.0192145 0.02367 0.0152004 0.0109387 0.00982183 0.0259772 0.0107122 0.0242153 0.0131574 0.0120219 0.0285104 0.0155922 0.0513833
threshold=-4.8155035400390611 12.214715735837521 12.500000000000002 -9.7780944824218725 -8.7979418945312489 8.1057341806347587 9.4044066083536588 8.9517865566674235 6.1931722120904453 4.7901159667968765 22.500000000000004 8.3041369193072985 0.061181640625000012 2.3428942871093752
decision_type=2 2 2 2 2 2 2 2 2 2 2 2 2 2
left_child=1 2 -1 -2 -5 6 7 8 9 10 11 12 -6 -14
right_child=3 -3 -4 4 5 -7 -8 -9 -10 -11 -12 -13 13 -15
leaf_value=-0.001220766400493791 0.00066285740215045583 0.00032426410917180658 -4.0316575759788978e-05 -0.00050656521278433513 -0.00023184537436978336 -0.00042990660234526907 0.00084691047004980657 -0.00053647950369243821 0.00097944267850834875 -0.00053003274076790724 -0.00059954847743296457 0.0010609178251573159 1.6700396670460862e-05 0.0014496626138262561
leaf_weight=32 42 56 54 48 196 52 46 40 30 52 32 32 312 32
leaf_count=32 42 56 54 48 196 52 46 40 30 52 32 32 312 32
internal_value=7.74697e-07 -0.000173309 -0.000497316 2.81398e-05 -3.87829e-06 2.65601e-05 5.8338e-05 6.18391e-06 3.92936e-05 -6.54733e-06 4.01215e-05 7.78716e-05 1.59171e-05 0.000157608
internal_weight=1056 142 86 914 872 824 772 726 686 656 604 572 540 344
internal_count=1056 142 86 914 872 824 772 726 686 656 604 572 540 344
is_linear=0
shrinkage=0.035


Tree=289
num_leaves=15
num_cat=0
split_feature=6 6 9 1 6 1 4 1 9 3 14 12 3 4
split_gain=0.00422054 0.00597086 0.0221142 0.0128678 0.010417 0.0119097 0.0186113 0.00884095 0.0102642 0.0267227 0.018743 0.0344973 0.0435679 0.0233444
threshold=34.138171386718803 28.414001464843782 26.500000000000004 -1.0779211425781248 26.544775390625038 -5.7384851074218739 -3.8836267089843743 -4.6527844238281242 8.5000000000000018 3.9926232910156254 224.50000000000003 1.5000000000000002 2.9606372070312506 0.97827575683593759
decision_type=2 2 2 2 2 2 2 2 2 2 2 2 2 2
left_child=1 4 3 -3 5 -1 -7 -8 9 -9 11 -10 -13 -12
right_child=-2 2 -4 -5 -6 6 7 8 10 -11 13 12 -14 -15
leaf_value=0.00053520272785390261 -0.00034300526342121888 -0.00069686480587733974 0.00074790181801855115 0.00021058799658324766 -0.00050868133028270676 -0.00075742119644201021 0.00042494490812532604 0.00079949815339205095 0.00077903675215887185 -0.00044860654811867902 0.00036057490720547026 -0.00023567189953259038 -0.0016190564402495512 -0.00024709496524715532
leaf_weight=48 40 30 56 46 48 38 58 54 32 32 190 226 30 128
leaf_count=48 40 30 56 46 48 38 58 54 32 32 190 226 30 128
internal_value=8.29974e-07 1.50141e-05 0.000232738 -0.000156301 -1.79487e-05 1.13742e-05 -2.18083e-05 1.7378e-05 -1.79084e-05 0.000335446 -6.89929e-05 -0.000272606 -0.000409081 0.000115963
internal_weight=1056 1016 132 76 884 836 788 750 692 86 606 288 256 318
internal_count=1056 1016 132 76 884 836 788 750 692 86 606 288 256 318
is_linear=0
shrinkage=0.035


Tree=290
num_leaves=15
num_cat=0
split_feature=4 4 5 2 2 0 9 6 5 1 4 0 5 5
split_gain=0.00426787 0.0285722 0.0192013 0.0138069 0.0238213 0.026062 0.0165168 0.0114717 0.0136284 0.0362882 0.0316192 0.0151161 0.01409 0.012927
threshold=-1.9942260742187499 -1.7176623535156248 5.3487980616718067 9.6326069991702443 10.40739413109298 -9.8958050537109337 32.500000000000007 33.524414062500036 4.5591822915997833 0.711634521484375 2.1786743164062505 6.6526281738281261 4.3577437180638832 3.9331703228826291
decision_type=2 2 2 2 2 2 2 2 2 2 2 2 2 2
left_child=2 -2 -1 -4 -5 6 -6 8 12 11 -11 -10 13 -3
right_child=1 7 3 4 5 -7 -8 -9 9 10 -12 -13 -14 -15
leaf_value=-0.00092060340604803068 0.0010370896684060642 5.986463581335356e-05 0.00047686341946246108 -0.00065168877995912798 9.4262540384452463e-05 0.00081097502023508056 -0.00085158063249764389 0.00051020117455191215 -0.00039778043949179574 0.00099724107721057306 -0.00041838841978460552 -0.0013626037788991299 0.00073714889524340195 -0.00054530301760924741
leaf_weight=30 32 434 54 72 76 44 30 48 50 34 40 34 32 46
leaf_count=30 32 434 54 72 76 44 30 48 50 34 40 34 32 46
internal_value=7.34853e-07 4.56791e-05 -0.000109004 -1.47981e-05 -0.000137581 0.000114518 -0.000184242 -1.26444e-06 -3.93162e-05 -0.000321312 0.000241163 -0.000810911 4.86177e-05 -1.52622e-07
internal_weight=1056 750 306 276 222 150 106 718 670 158 74 84 512 480
internal_count=1056 750 306 276 222 150 106 718 670 158 74 84 512 480
is_linear=0
shrinkage=0.035


Tree=291
num_leaves=15
num_cat=0
split_feature=4 4 0 3 14 1 4 4 4 14 14 6 6 0
split_gain=0.0044494 0.0088222 0.0129833 0.00941763 0.0148323 0.0107493 0.0200488 0.0264936 0.0235742 0.0112497 0.0308111 0.0300399 0.0301115 0.0228548
threshold=-4.8278881835937488 -4.3547717285156242 -10.850284423828123 -6.6901733398437493 6.5000000000000009 -4.6527844238281242 -1.9942260742187499 -1.7176623535156248 -2.5959179687499998 220.50000000000003 227.50000000000003 21.62699584960939 24.542877197265657 6.3538525390625011
decision_type=2 2 2 2 2 2 2 2 2 2 2 2 2 2
left_child=-1 -2 -3 -4 -5 -6 8 -8 -7 13 -11 -12 -13 -9
right_child=1 2 3 4 5 6 7 9 -10 10 11 12 -14 -15
leaf_value=-0.00040575173550678307 0.00058535723080240139 -0.00065762801318972693 0.00046842677374385222 -0.00064971487265817513 0.00048403406781666309 4.8665663661350582e-05 0.0010029267291675377 -5.7639734768512291e-05 -0.0011363609819163686 0.00069230512591854105 0.00027542270500210481 -0.0010100080291428233 -5.4523261358768015e-05 -0.0010637149668218627
leaf_weight=30 30 34 52 40 56 42 32 206 38 86 190 56 134 30
leaf_count=30 30 34 52 40 56 42 32 206 38 86 190 56 134 30
internal_value=6.81059e-07 1.33313e-05 -5.03689e-06 1.93442e-05 -7.28865e-06 2.36706e-05 -9.10932e-06 4.87499e-05 -0.000528209 2.52903e-06 0.000102155 -3.43311e-05 -0.000343727 -0.000193395
internal_weight=1056 1026 996 962 910 870 814 734 80 702 466 380 190 236
internal_count=1056 1026 996 962 910 870 814 734 80 702 466 380 190 236
is_linear=0
shrinkage=0.035


Tree=292
num_leaves=15
num_cat=0
split_feature=6 3 1 3 6 1 0 0 0 6 5 0 3 1
split_gain=0.00448326 0.00605903 0.0299011 0.0188778 0.006876 0.0123279 0.00572794 0.021593 0.034092 0.0124513 0.0282674 0.0412868 0.0284186 0.0140596
threshold=34.138171386718803 6.104230957031251 -0.19066894531249992 5.1969824218750009 29.506176757812543 -0.59299804687499991 7.9812548828125012 6.6988464355468755 5.8264404296875005 19.622485351562549 3.8792359332190602 1.2710070800781252 2.3647595214843755 1.2486083984375003
decision_type=2 2 2 2 2 2 2 2 2 2 2 2 2 2
left_child=1 3 -3 4 6 -6 7 8 9 -1 11 -11 13 -13
right_child=-2 2 -4 -5 5 -7 -8 -9 -10 10 -12 12 -14 -15
leaf_value=6.1104270857725859e-05 -0.00035381541473422358 0.0010893312148854261 -0.0002962836639331231 -0.00084463603280710237 0.00083179002860561018 -9.2940520767833263e-05 0.00043769441450850166 -0.00091711801258497882 0.0011293372717045714 -0.00082335382045130258 -0.00090245366441862038 0.00029040646772955371 -0.00016809904835503808 0.0013699283883238423
leaf_weight=510 40 32 42 30 32 36 32 30 30 54 58 30 70 30
leaf_count=510 40 32 42 30 32 36 32 30 30 54 58 30 70 30
internal_value=5.59418e-07 1.51789e-05 0.0003158 -9.05579e-06 2.02185e-05 0.000353559 -7.41068e-06 -2.59841e-05 1.0455e-05 -3.70584e-05 -0.000242735 -2.73131e-05 0.000310815 0.000856947
internal_weight=1056 1016 74 942 912 68 844 812 782 752 242 184 130 60
internal_count=1056 1016 74 942 912 68 844 812 782 752 242 184 130 60
is_linear=0
shrinkage=0.035


Tree=293
num_leaves=15
num_cat=0
split_feature=4 14 1 4 5 5 14 2 2 3 0 9 0 6
split_gain=0.00420161 0.0228957 0.0150683 0.0193575 0.0123842 0.0178459 0.0100923 0.0443678 0.0295833 0.0244611 0.0269033 0.0197779 0.0305752 0.0296871
threshold=-3.0280285644531246 220.50000000000003 -4.042467041015624 -2.3804833984374998 7.4975469255976206 8.2106324483292088 220.50000000000003 8.5326964557411333 7.8427750167590871 3.0105322265625003 3.0294555664062504 4.5000000000000009 3.5911218261718756 31.591949462890657
decision_type=2 2 2 2 2 2 2 2 2 2 2 2 2 2
left_child=1 4 3 -2 -1 -6 7 8 9 10 -4 12 -8 -13
right_child=2 -3 6 -5 5 -7 11 -9 -10 -11 -12 13 -14 -15
leaf_value=-0.00043786635622382168 1.5551930965474724e-05 -0.00075743887463532807 -0.00017899486241827511 0.0011589442132844852 0.00098399049698855395 -2.74846199670609e-05 -0.00012596303517057095 -0.001404878977846238 0.00097412871427877696 -0.00097330355434678507 0.00092724028444081353 0.00010178268826650619 0.0014216387009969367 -0.00080253914413715394
leaf_weight=36 42 52 168 30 30 64 30 30 30 36 30 400 30 48
leaf_count=36 42 52 168 30 30 64 30 30 30 36 30 400 30 48
internal_value=5.93491e-07 -0.000151451 3.25283e-05 0.000510412 9.87484e-05 0.000309101 -1.15369e-05 -0.000174078 -2.47025e-05 -0.000159928 -3.78719e-06 8.28457e-05 0.000668736 1.75485e-06
internal_weight=1056 182 874 72 130 94 802 294 264 234 198 508 60 448
internal_count=1056 182 874 72 130 94 802 294 264 234 198 508 60 448
is_linear=0
shrinkage=0.035


Tree=294
num_leaves=15
num_cat=0
split_feature=1 14 6 1 0 0 5 2 0 3 4 1 6 3
split_gain=0.00413735 0.0189077 0.0173111 0.0372341 0.014723 0.0104312 0.00883062 0.0247547 0.0104886 0.0114094 0.0214379 0.0178525 0.0299929 0.0153067
threshold=-4.8155035400390611 26.500000000000004 -0.48882812499999767 -5.7384851074218739 -9.7780944824218725 -8.7979418945312489 8.1057341806347587 9.4044066083536588 -7.573590087890623 -4.0833764648437496 -1.2698767089843748 -0.42638580322265623 0.79844726562501489 2.2777148437500006
decision_type=2 2 2 2 2 2 2 2 2 2 2 2 2 2
left_child=1 2 3 -1 -2 -6 7 8 -7 -10 -11 12 -12 -14
right_child=4 -3 -4 -5 5 6 -8 -9 9 10 11 -13 13 -15
leaf_value=0.00049006536192609926 0.0006527155566304415 -0.00082060802550404334 0.00069905648371786815 -0.0010872673175692719 -0.0004943528736708686 -0.00047358782881369387 -0.00040656915488566654 0.00082617995118804783 0.00049476479097539864 -0.00069821631731465457 -0.00037335518166690924 -4.5459413452135782e-05 0.0013748828412773197 0.00039633641189774845
leaf_weight=38 42 38 34 32 48 50 52 46 60 48 38 446 32 52
leaf_count=38 42 38 34 32 48 50 52 46 60 48 38 446 32 52
internal_value=6.306e-07 -0.000173769 7.35996e-05 -0.000241173 2.80458e-05 -3.4663e-06 2.62568e-05 5.63861e-05 5.47554e-06 4.22017e-05 -3.33763e-06 5.76283e-05 0.000429145 0.000792421
internal_weight=1056 142 104 70 914 872 824 772 726 676 616 568 122 84
internal_count=1056 142 104 70 914 872 824 772 726 676 616 568 122 84
is_linear=0
shrinkage=0.035


Tree=295
num_leaves=15
num_cat=0
split_feature=0 0 1 14 4 4 4 1 4 6 6 6 1 0
split_gain=0.00435296 0.0180858 0.0146186 0.0277612 0.00951799 0.0127868 0.0132142 0.0160323 0.0131689 0.0112524 0.0145188 0.0147759 0.0101027 0.0191724
threshold=-9.8958050537109337 -9.1272839355468722 -5.9568359374999993 16.500000000000004 -3.1100036621093743 -2.8682885742187496 -1.9942260742187499 -2.8989123535156245 -2.4915612792968744 33.159680175781297 31.591949462890657 28.414001464843782 -1.0491113281249997 -2.0511364746093745
decision_type=2 2 2 2 2 2 2 2 2 2 2 2 2 2
left_child=2 -2 -1 -4 -3 -6 8 -8 -7 10 11 12 -9 -14
right_child=1 4 3 -5 5 6 7 9 -10 -11 -12 -13 13 -15
leaf_value=0.00042965262131474448 0.000646842507067723 -0.00047230069221069039 9.8829404619209542e-05 -0.0012161755912444173 0.0007018458582751919 4.8924087485134169e-05 0.00069599330270042029 -0.00039130436807151156 -0.00091183370302468059 0.00045945237181450497 -0.00075342270740828322 0.00053189465885225226 0.00077911102018939961 -6.0992298554166078e-05
leaf_weight=30 52 50 46 32 30 32 40 94 36 56 32 54 34 438
leaf_count=30 52 50 46 32 30 32 40 94 36 56 32 54 34 438
internal_value=6.43896e-07 2.47774e-05 -0.000207793 -0.000457577 -1.26848e-05 1.55291e-05 -1.13575e-05 3.15945e-05 -0.000471232 -7.797e-06 -4.92112e-05 -1.05591e-05 -6.40032e-05 2.55567e-06
internal_weight=1056 948 108 78 896 846 816 748 68 708 652 620 566 472
internal_count=1056 948 108 78 896 846 816 748 68 708 652 620 566 472
is_linear=0
shrinkage=0.035


Tree=296
num_leaves=15
num_cat=0
split_feature=6 3 1 3 6 1 0 4 6 3 5 4 14 3
split_gain=0.00418391 0.0058226 0.0279297 0.0174666 0.00704549 0.0114735 0.00571515 0.0368359 0.0120164 0.0261512 0.0272473 0.0294971 0.0410563 0.0391162
threshold=34.138171386718803 6.104230957031251 -0.19066894531249992 5.1969824218750009 29.506176757812543 -0.59299804687499991 6.1866674804687509 1.0797607421875002 19.622485351562549 1.0000000180025095e-35 3.8792359332190602 0.7632849121093751 237.50000000000003 2.3647595214843755
decision_type=2 2 2 2 2 2 2 2 2 2 2 2 2 2
left_child=1 3 -3 4 6 -6 8 -8 -1 -10 11 12 -11 -13
right_child=-2 2 -4 -5 5 -7 7 -9 9 10 -12 13 -14 -15
leaf_value=5.7714671853713407e-05 -0.00034167947613847598 0.0010570230178863689 -0.00028223369014581707 -0.00081271492372252401 0.0008178864453175801 -7.4880158078342084e-05 0.0011562765008934282 -0.00032751388713502547 -0.00082360246573122886 -0.00090697770750266518 -0.00091443629620377638 0.0014701482557460336 0.0006452487384376582 -0.00018060789647279308
leaf_weight=514 40 32 42 30 32 36 32 50 66 48 32 36 34 32
leaf_count=514 40 32 42 30 32 36 32 50 66 48 32 36 34 32
internal_value=6.6017e-07 1.47829e-05 0.00030948 -8.97405e-06 1.91853e-05 0.00035661 -8.77934e-06 0.00026527 -3.88874e-05 -0.000237963 -1.89446e-05 0.000181612 -0.000263333 0.000710357
internal_weight=1056 1016 74 942 912 68 844 82 762 248 182 150 82 68
internal_count=1056 1016 74 942 912 68 844 82 762 248 182 150 82 68
is_linear=0
shrinkage=0.035


Tree=297
num_leaves=15
num_cat=0
split_feature=0 0 9 2 0 4 1 9 2 1 1 0 0 1
split_gain=0.00401768 0.0170398 0.0140905 0.00923791 0.0183846 0.0167459 0.0134904 0.00948126 0.0305629 0.0187819 0.0122683 0.0096993 0.0214853 0.017117
threshold=-9.8958050537109337 -9.1272839355468722 32.500000000000007 9.6702697208257629 9.3699267578125021 -2.9290539550781243 -4.900080566406249 7.5000000000000009 6.9260599967229277 -3.6536511230468744 -0.5050561523437499 7.404912109375001 6.2138659667968765 1.3863769531250003
decision_type=2 2 2 2 2 2 2 2 2 2 2 2 2 2
left_child=2 -2 -1 5 6 -3 -5 8 10 -9 -7 12 -11 -13
right_child=1 3 -4 4 -6 7 -8 9 -10 11 -12 13 -14 -15
leaf_value=5.283550205376742e-05 0.00062766611502781792 0.00081744415660068637 -0.00081813300152134628 -0.00018733776907217418 0.00012108874362585245 -0.00058840986899346781 -0.0012176340636506212 -0.00083130372613797801 0.001172909505899845 -1.9238167261081289e-05 0.00025467089792073242 -0.00089532056554545358 0.00084498445056133771 0.00021148925387024067
leaf_weight=78 52 30 30 32 66 32 30 34 32 484 54 36 36 30
leaf_count=78 52 30 30 32 66 32 30 34 32 484 54 36 36 30
internal_value=6.72766e-07 2.38581e-05 -0.000199577 -1.25042e-05 -0.000285383 3.35987e-05 -0.00070834 -3.88165e-07 0.000284455 -5.53405e-05 -6.52769e-05 -7.64433e-06 4.36009e-05 -0.000400802
internal_weight=1056 948 108 896 128 768 62 738 118 620 86 586 520 66
internal_count=1056 948 108 896 128 768 62 738 118 620 86 586 520 66
is_linear=0
shrinkage=0.035


Tree=298
num_leaves=15
num_cat=0
split_feature=6 9 0 0 1 14 6 6 4 6 9 0 0 0
split_gain=0.00399946 0.00569195 0.0205757 0.0173144 0.0404155 0.0181497 0.0179508 0.0169322 0.0158684 0.0214909 0.0349394 0.0175311 0.014439 0.0138564
threshold=34.138171386718803 20.500000000000004 6.6526281738281261 1.2710070800781252 -0.10350036621093749 231.50000000000003 -0.48882812499999767 19.909820556640685 0.17051513671874999 21.62699584960939 40.500000000000007 6.2319494628906265 5.2135534667968759 -10.731301269531249
decision_type=2 2 2 2 2 2 2 2 2 2 2 2 2 2
left_child=1 2 12 5 -5 6 -3 -7 -6 10 -10 -11 -1 -8
right_child=-2 3 -4 4 8 7 13 -9 9 11 -12 -13 -14 -15
leaf_value=-5.9541091289429464e-05 -0.00033408910589059819 -0.00015169684120067091 -0.00069443662012606084 0.0010063119864611913 -0.00065952323707546502 -8.8646056882962822e-05 -0.00013076968901657438 -0.0010350193694466726 0.0013829175972043435 -0.00076707233247457472 -0.00015155320722107338 0.00028529912800877359 0.00064241291039797942 0.00078275184237281803
leaf_weight=348 40 146 56 70 32 56 30 38 34 36 36 38 38 58
leaf_count=348 40 146 56 70 32 56 30 38 34 36 36 38 38 58
internal_value=6.1916e-07 1.44271e-05 -7.97752e-05 8.69913e-05 0.000307742 -7.9433e-05 8.61413e-05 -0.000484815 2.17159e-05 0.000180063 0.000611472 -0.000233379 1.25184e-05 0.000475339
internal_weight=1056 1016 442 574 246 328 234 94 176 144 70 74 386 88
internal_count=1056 1016 442 574 246 328 234 94 176 144 70 74 386 88
is_linear=0
shrinkage=0.035


Tree=299
num_leaves=15
num_cat=0
split_feature=1 14 6 1 0 0 5 2 0 3 4 1 6 9
split_gain=0.00390655 0.0175267 0.0156993 0.0348129 0.014815 0.00997839 0.00876797 0.0235678 0.00979621 0.0109198 0.0195942 0.0172905 0.0193341 0.00910597
threshold=-4.8155035400390611 26.500000000000004 -0.48882812499999767 -5.7384851074218739 -9.7780944824218725 -8.7979418945312489 8.1057341806347587 9.4044066083536588 -7.573590087890623 -4.0833764648437496 -1.2698767089843748 -0.60249633789062484 0.79844726562501489 13.500000000000002
decision_type=2 2 2 2 2 2 2 2 2 2 2 2 2 2
left_child=1 2 3 -1 -2 -6 7 8 -7 -10 -11 12 -12 -13
right_child=4 -3 -4 -5 5 6 -8 -9 9 10 11 13 -14 -15
leaf_value=0.00047654829924977099 0.00065385743025465426 -0.00079162888540304282 0.00066496310311574942 -0.0010485936943201953 -0.00048448198580881586 -0.00045792571855529863 -0.00040657781289795553 0.0008058417034771993 0.00048329674677299942 -0.00066832521776668727 -0.00023998643865809301 0.00018940292499874804 0.00081839030127880648 -0.00013752554082135184
leaf_weight=38 42 38 34 32 48 50 52 46 60 48 30 152 64 322
leaf_count=38 42 38 34 32 48 50 52 46 60 48 30 152 64 322
internal_value=5.993e-07 -0.000168866 6.93247e-05 -0.00023042 2.72389e-05 -4.36949e-06 2.47036e-05 5.47292e-05 5.0549e-06 4.05488e-05 -4.00047e-06 5.42877e-05 0.000482648 -3.23324e-05
internal_weight=1056 142 104 70 914 872 824 772 726 676 616 568 94 474
internal_count=1056 142 104 70 914 872 824 772 726 676 616 568 94 474
is_linear=0
shrinkage=0.035


end of trees

feature_importances:
gfs_temperature_2m=643
origin_lead_hours=471
target_local_day_of_year=443
gfs_wind_v_100m=430
gfs_wind_v_10m=423
gfs_wind_u_100m=409
gfs_wind_speed_100m=351
gfs_wind_speed_10m=344
target_local_hour=339
gfs_wind_u_10m=332
target_local_month=15

parameters:
[boosting: gbdt]
[objective: regression]
[metric: l2]
[tree_learner: serial]
[device_type: cpu]
[data_sample_strategy: bagging]
[data: ]
[valid: ]
[num_iterations: 300]
[learning_rate: 0.035]
[num_leaves: 15]
[num_threads: 2]
[seed: 42]
[deterministic: 0]
[force_col_wise: 0]
[force_row_wise: 0]
[histogram_pool_size: -1]
[max_depth: -1]
[min_data_in_leaf: 30]
[min_sum_hessian_in_leaf: 0.001]
[bagging_fraction: 1]
[pos_bagging_fraction: 1]
[neg_bagging_fraction: 1]
[bagging_freq: 0]
[bagging_seed: 400]
[bagging_by_query: 0]
[feature_fraction: 1]
[feature_fraction_bynode: 1]
[feature_fraction_seed: 30056]
[extra_trees: 0]
[extra_seed: 12879]
[early_stopping_round: 0]
[early_stopping_min_delta: 0]
[first_metric_only: 0]
[max_delta_step: 0]
[lambda_l1: 0]
[lambda_l2: 2]
[linear_lambda: 0]
[min_gain_to_split: 0]
[drop_rate: 0.1]
[max_drop: 50]
[skip_drop: 0.5]
[xgboost_dart_mode: 0]
[uniform_drop: 0]
[drop_seed: 17869]
[top_rate: 0.2]
[other_rate: 0.1]
[min_data_per_group: 100]
[max_cat_threshold: 32]
[cat_l2: 10]
[cat_smooth: 10]
[max_cat_to_onehot: 4]
[top_k: 20]
[monotone_constraints: ]
[monotone_constraints_method: basic]
[monotone_penalty: 0]
[feature_contri: ]
[forcedsplits_filename: ]
[refit_decay_rate: 0.9]
[cegb_tradeoff: 1]
[cegb_penalty_split: 0]
[cegb_penalty_feature_lazy: ]
[cegb_penalty_feature_coupled: ]
[path_smooth: 0]
[interaction_constraints: ]
[verbosity: -1]
[saved_feature_importance_type: 0]
[use_quantized_grad: 0]
[num_grad_quant_bins: 4]
[quant_train_renew_leaf: 0]
[stochastic_rounding: 1]
[linear_tree: 0]
[max_bin: 255]
[max_bin_by_feature: ]
[min_data_in_bin: 3]
[bin_construct_sample_cnt: 200000]
[data_random_seed: 175]
[is_enable_sparse: 1]
[enable_bundle: 1]
[use_missing: 1]
[zero_as_missing: 0]
[feature_pre_filter: 1]
[pre_partition: 0]
[two_round: 0]
[header: 0]
[label_column: ]
[weight_column: ]
[group_column: ]
[ignore_column: ]
[categorical_feature: ]
[forcedbins_filename: ]
[precise_float_parser: 0]
[parser_config_file: ]
[objective_seed: 16083]
[num_class: 1]
[is_unbalance: 0]
[scale_pos_weight: 1]
[sigmoid: 1]
[boost_from_average: 1]
[reg_sqrt: 0]
[alpha: 0.9]
[fair_c: 1]
[poisson_max_delta_step: 0.7]
[tweedie_variance_power: 1.5]
[lambdarank_truncation_level: 30]
[lambdarank_norm: 1]
[label_gain: ]
[lambdarank_position_bias_regularization: 0]
[eval_at: ]
[multi_error_top_k: 1]
[auc_mu_weights: ]
[num_machines: 1]
[local_listen_port: 12400]
[time_out: 120]
[machine_list_filename: ]
[machines: ]
[gpu_platform_id: -1]
[gpu_device_id: -1]
[gpu_device_id_list: ]
[gpu_use_dp: 0]
[num_gpu: 1]

end of parameters

pandas_categorical:[]
